season,game_id,period,clock,outcome,in_l2m_window,n_fouls_same_clock,foul_desc
2019-20,0021900001,1,2:44,support,False,1,Powell OFF.Foul (P1) (E.Dalen)
2019-20,0021900001,3,2:39,support,False,1,Williams L.B.FOUL (P3.PN) (J.Tiven)
2019-20,0021900002,1,4:56,support,False,1,Howard P.FOUL (P1.T3) (K.Fitzgerald)
2019-20,0021900007,4,4:57,stands,False,1,Silva S.FOUL (P4.PN) (K.Lane)
2019-20,0021900008,3,11:16,stands,False,1,Embiid P.FOUL (P2.T1) (S.Wright)
2019-20,0021900009,3,6:57,support,False,1,Smith S.FOUL (P4.T3) (K.Mauer)
2019-20,0021900012,3,10:03,overturn,False,1,Booker T.FOUL (P1.T1) (B.Spooner)
2019-20,0021900013,4,0:15,support,True,1,Hood P.FOUL (P4.PN) (R.Acosta)
2019-20,0021900015,1,7:24,overturn,False,1,Antetokounmpo Offensive Charge Foul (P2) (T.Ford)
2019-20,0021900015,1,2:11,overturn,False,0,
2019-20,0021900016,2,2:23,support,False,1,Looney S.FOUL (P3.PN) (R.Acosta)
2019-20,0021900017,2,0:00,overturn,False,0,
2019-20,0021900017,4,1:31,stands,True,1,Anunoby Offensive Charge Foul (P5.T3) (E.Malloy)
2019-20,0021900018,3,5:54,support,False,1,Williams S.FOUL (P3.PN) (K.Mauer)
2019-20,0021900019,4,8:58,support,False,1,Randle P.FOUL (P4.T2) (E.Scott)
2019-20,0021900021,4,8:28,support,False,1,Wright S.FOUL (P3.T2) (J.Williams)
2019-20,0021900024,4,6:24,support,False,0,
2019-20,0021900024,4,3:19,overturn,False,0,
2019-20,0021900026,4,5:54,overturn,False,0,
2019-20,0021900027,2,8:26,support,False,1,Drummond P.FOUL (P3.T1) (J.Goldenberg)
2019-20,0021900028,4,6:10,support,False,1,Fournier Offensive Charge Foul (P1.T3) (G.Petraitis)
2019-20,0021900029,3,6:17,stands,False,1,Hayward P.FOUL (P4.T4) (N.Sago)
2019-20,0021900030,4,5:45,support,False,0,
2019-20,0021900033,4,3:17,overturn,False,1,Aldridge OFF.Foul (P3) (M.Kogut)
2019-20,0021900034,2,4:00,overturn,False,0,
2019-20,0021900035,3,3:37,support,False,1,Booker S.FOUL (P4.T2) (D.Guthrie)
2019-20,0021900035,4,0:33,support,True,1,Leonard P.FOUL (P5.PN) (T.Maddox)
2019-20,0021900038,4,0:08,overturn,True,0,
2019-20,0021900040,2,2:59,stands,False,1,Davis OFF.Foul (P1) (J.Goble)
2019-20,0021900041,2,0:36,overturn,False,0,
2019-20,0021900042,4,10:18,support,False,1,Randle OFF.Foul (P3) (M.Myers)
2019-20,0021900043,2,3:19,support,False,1,Simmons OFF.Foul (P2) (R.Mott)
2019-20,0021900043,3,6:30,overturn,False,0,
2019-20,0021900044,3,1:20,support,False,1,Siakam Offensive Charge Foul (P2.T2) (N.Green)
2019-20,0021900045,2,4:07,support,False,1,Tucker S.FOUL (P3.T4) (S.Wright)
2019-20,0021900047,3,8:16,overturn,False,1,Ingram OFF.Foul (P1) (P.Fraher)
2019-20,0021900049,3,11:43,support,False,1,Conley S.FOUL (P4.T1) (B.Taylor)
2019-20,0021900050,3,10:47,overturn,False,0,
2019-20,0021900052,4,8:23,support,False,1,Fernando S.FOUL (P2.T3) (R.Acosta)
2019-20,0021900055,3,3:14,overturn,False,0,
2019-20,0021900057,4,6:01,stands,False,1,Harris Offensive Charge Foul (P5.PN) (S.Twardoski)
2019-20,0021900058,2,0:01,support,False,1,Smart S.FOUL (P1.PN) (M.Davis)
2019-20,0021900059,2,0:29,overturn,False,1,Lamb Offensive Charge Foul (P3) (B.Spooner)
2019-20,0021900059,4,10:20,overturn,False,0,
2019-20,0021900060,4,5:36,support,False,0,
2019-20,0021900061,2,6:15,stands,False,1,Bertans P.FOUL (P3.T3) (J.Goldenberg)
2019-20,0021900061,4,0:08,stands,True,0,
2019-20,0021900065,4,3:32,stands,False,0,
2019-20,0021900066,2,3:21,overturn,False,1,Wallace S.FOUL (P1.T1) (T.Brothers)
2019-20,0021900072,4,3:36,overturn,False,0,
2019-20,0021900077,2,7:52,support,False,0,
2019-20,0021900079,2,4:19,stands,False,1,Vucevic S.FOUL (P1.PN) (B.Forte)
2019-20,0021900082,4,1:41,support,True,1,Siakam S.FOUL (P6.PN) (J.Goble)
2019-20,0021900084,4,0:10,overturn,True,1,Hezonja P.FOUL (P4.PN) (J.Goble)
2019-20,0021900085,4,10:37,stands,False,1,A. Holiday P.FOUL (P1.T3) (S.Wright)
2019-20,0021900087,2,6:34,overturn,False,1,Holmes Offensive Charge Foul (P1.T4) (M.Davis)
2019-20,0021900090,4,3:04,overturn,False,0,
2019-20,0021900091,3,9:44,overturn,False,0,
2019-20,0021900093,4,2:17,stands,False,1,McLemore S.FOUL (P2.PN) (B.Forte)
2019-20,0021900094,2,0:00,overturn,False,1,Bell S.FOUL (P1.PN) (B.Nansel)
2019-20,0021900095,4,2:33,stands,False,1,Booker P.FOUL (P5.PN) (C.Kirkland)
2019-20,0021900102,4,8:07,support,False,1,Craig S.FOUL (P5.T2) (J.Capers)
2019-20,0021900103,4,6:36,stands,False,1,Knox II S.FOUL (P1.T3) (B.Barnaky)
2019-20,0021900106,3,6:50,support,False,1,Lowry S.FOUL (P3.T2) (M.Smith)
2019-20,0021900107,4,8:10,overturn,False,0,
2019-20,0021900108,3,9:26,support,False,0,
2019-20,0021900109,3,8:30,overturn,False,0,
2019-20,0021900110,4,9:59,support,False,1,Bradley S.FOUL (P3.T2) (J.Goldenberg)
2019-20,0021900111,4,7:18,support,False,1,Williams OFF.Foul (P3) (C.Kirkland)
2019-20,0021900111,4,2:27,support,False,1,Bledsoe Offensive Charge Foul (P5) (C.Kirkland)
2019-20,0021900114,3,3:51,support,False,1,Butler S.FOUL (P3.T4) (J.Goldenberg)
2019-20,0021900116,2,8:06,overturn,False,0,
2019-20,0021900117,1,6:52,overturn,False,0,
2019-20,0021900118,4,8:27,support,False,1,McRae OFF.Foul (P3) (B.Taylor)
2019-20,0021900118,4,6:02,stands,False,0,
2019-20,0021900119,3,9:06,support,False,1,Fox S.FOUL (P1.T2) (J.Orr)
2019-20,0021900120,4,10:36,stands,False,1,Lee L.B.FOUL (P2.T1) (J.Butler)
2019-20,0021900120,5,0:09,stands,True,1,Okogie Personal Take Foul (P5.T2) (T.Brothers)
2019-20,0021900121,4,6:22,stands,False,1,Hart S.FOUL (P2.PN) (B.Forte)
2019-20,0021900122,2,4:24,overturn,False,0,
2019-20,0021900122,2,3:10,overturn,False,1,Kleber P.FOUL (P1.PN) (C.Blair)
2019-20,0021900123,4,4:21,stands,False,1,Jokic P.FOUL (P4.T2) (E.Malloy)
2019-20,0021900123,4,1:16,support,True,1,Embiid P.FOUL (P5.T2) (E.Malloy)
2019-20,0021900124,4,0:53,support,True,1,Antetokounmpo S.FOUL (P6.PN) (J.Williams)
2019-20,0021900125,4,3:29,stands,False,1,Little S.FOUL (P3.PN) (S.Twardoski)
2019-20,0021900127,3,0:07,stands,False,1,Williams OFF.Foul (P3) (S.Wright)
2019-20,0021900129,2,7:21,support,False,1,Arcidiacono S.FOUL (P2.T3) (B.Barnaky)
2019-20,0021900131,4,1:16,overturn,True,1,Burks P.FOUL (P3.PN) (J.Capers)
2019-20,0021900136,3,3:09,support,False,0,
2019-20,0021900136,4,10:43,support,False,1,Trier OFF.Foul (P1) (B.Nansel)
2019-20,0021900137,1,3:29,support,False,1,Kaminsky S.FOUL (P1.T3) (G.Petraitis)
2019-20,0021900138,4,4:07,stands,False,1,Bembry P.FOUL (P3.PN) (M.Boland)
2019-20,0021900138,4,1:09,overturn,True,0,
2019-20,0021900139,3,11:39,stands,False,1,Green S.FOUL (P1.T1) (L.Richardson)
2019-20,0021900139,3,7:36,overturn,False,0,
2019-20,0021900140,4,11:31,overturn,False,1,Covington S.FOUL (P3.T1) (T.Brown)
2019-20,0021900140,4,0:09,support,True,1,Graham S.FOUL (P5.PN) (E.Dalen)
2019-20,0021900142,4,8:11,stands,False,1,McLemore S.FOUL (P1.T4) (C.Washington)
2019-20,0021900143,4,0:09,overturn,True,0,
2019-20,0021900144,2,3:54,support,False,1,Cauley-Stein S.FOUL (P2.T2) (S.Wright)
2019-20,0021900146,4,9:44,overturn,False,0,
2019-20,0021900148,4,7:18,stands,False,1,Maker S.FOUL (P1.T4) (N.Buchert)
2019-20,0021900149,2,1:11,support,False,1,Morris Sr. Offensive Charge Foul (P2.PN) (J.Orr)
2019-20,0021900152,4,0:16,overturn,True,0,
2019-20,0021900153,4,0:38,support,True,1,Bogdanovic L.B.FOUL (P2.PN) (K.Lane)
2019-20,0021900156,2,6:29,overturn,False,1,Wagner S.FOUL (P2.T4) (B.Barnaky)
2019-20,0021900157,2,9:50,overturn,False,0,
2019-20,0021900158,4,9:33,stands,False,2,Aldridge S.FOUL (P3.T3) (M.Lindsay) || Graham T.FOUL (P0.T0) (B.Taylor)
2019-20,0021900159,3,5:02,overturn,False,0,
2019-20,0021900162,4,8:36,overturn,False,0,
2019-20,0021900169,3,3:42,support,False,1,Warren Offensive Charge Foul (P5) (N.Buchert)
2019-20,0021900169,4,4:40,overturn,False,1,Harden S.FOUL (P4.T4) (N.Buchert)
2019-20,0021900171,1,5:08,overturn,False,1,Layman Offensive Charge Foul (P1.T4) (M.Davis)
2019-20,0021900171,3,0:42,support,False,1,Okogie S.FOUL (P2.T4) (D.Taylor)
2019-20,0021900172,4,4:38,overturn,False,0,
2019-20,0021900173,3,8:24,overturn,False,0,
2019-20,0021900181,4,0:37,support,True,1,DeRozan L.B.FOUL (P5.PN) (J.Goldenberg)
2019-20,0021900184,4,0:13,support,True,1,Smart L.B.FOUL (P3.PN) (S.Twardoski)
2019-20,0021900185,4,7:01,stands,False,1,Bertans S.FOUL (P2.T2) (J.Capers)
2019-20,0021900189,3,4:48,support,False,1,Robinson S.FOUL (P3.PN) (J.Williams)
2019-20,0021900189,3,0:00,overturn,False,1,Barrett S.FOUL (P2.PN) (C.Washington)
2019-20,0021900190,3,3:10,overturn,False,0,
2019-20,0021900191,3,0:25,support,False,1,Hollis-Jefferson P.FOUL (P4.PN) (T.Brown)
2019-20,0021900193,3,9:08,support,False,1,Westbrook S.FOUL (P4.T2) (J.Schroeder)
2019-20,0021900195,2,4:39,overturn,False,0,
2019-20,0021900197,4,0:07,overturn,True,0,
2019-20,0021900198,2,2:07,stands,False,1,Cauley-Stein S.FOUL (P1.PN) (N.Sago)
2019-20,0021900200,3,8:32,overturn,False,0,
2019-20,0021900204,4,1:01,support,True,1,Parker P.FOUL (P6.PN) (R.Acosta)
2019-20,0021900205,4,4:02,overturn,False,0,
2019-20,0021900207,3,6:15,overturn,False,0,
2019-20,0021900207,3,1:11,support,False,1,Hollis-Jefferson S.FOUL (P1.PN) (M.Ayotte)
2019-20,0021900208,2,1:58,overturn,False,1,Powell OFF.Foul (P1) (E.Malloy)
2019-20,0021900211,4,7:29,support,False,0,
2019-20,0021900212,4,2:39,support,False,1,Brown S.FOUL (P5.PN) (N.Buchert)
2019-20,0021900219,4,1:00,support,True,1,Arcidiacono P.FOUL (P3.PN) (S.Foster)
2019-20,0021900220,2,4:26,stands,False,0,
2019-20,0021900220,4,9:32,support,False,1,Diallo S.FOUL (P3.T1) (M.Ervin)
2019-20,0021900221,3,8:35,overturn,False,0,
2019-20,0021900223,4,0:04,overturn,True,0,
2019-20,0021900226,3,0:37,overturn,False,0,
2019-20,0021900229,4,2:24,stands,False,1,Randle S.FOUL (P4.T3) (J.Capers)
2019-20,0021900234,4,7:55,overturn,False,0,
2019-20,0021900235,3,10:04,overturn,False,1,House Jr. L.B.FOUL (P3.T1) (S.Wright)
2019-20,0021900236,4,4:54,overturn,False,0,
2019-20,0021900241,4,6:03,overturn,False,1,Fultz OFF.Foul (P2) (T.Ford)
2019-20,0021900243,4,11:25,overturn,False,0,
2019-20,0021900244,3,9:25,overturn,False,1,Wanamaker S.FOUL (P4.T1) (M.Myers)
2019-20,0021900246,2,4:23,overturn,False,1,Simmons OFF.Foul (P1) (J.Goble)
2019-20,0021900246,4,4:39,support,False,0,
2019-20,0021900247,1,10:00,overturn,False,1,Hood S.FOUL (P2.T2) (J.Sterling)
2019-20,0021900248,2,7:12,support,False,2,Bledsoe OFF.Foul (P3) (Z.Zarba) || 
2019-20,0021900253,4,9:23,overturn,False,1,Claxton OFF.Foul (P2) (J.Capers)
2019-20,0021900253,4,8:56,overturn,False,0,
2019-20,0021900254,1,7:56,support,False,1,Washington S.FOUL (P3.T4) (K.Lane)
2019-20,0021900256,4,6:43,support,False,1,McDermott S.FOUL (P2.T4) (S.Corbin)
2019-20,0021900257,3,7:25,overturn,False,0,
2019-20,0021900257,4,1:16,overturn,True,0,
2019-20,0021900260,4,7:01,overturn,False,0,
2019-20,0021900262,4,8:08,overturn,False,1,Towns Offensive Charge Foul (P5.T1) (N.Green)
2019-20,0021900263,2,5:44,overturn,False,0,
2019-20,0021900264,4,1:22,support,True,1,Caldwell-Pope S.FOUL (P2.PN) (D.Taylor)
2019-20,0021900267,3,8:56,overturn,False,0,
2019-20,0021900267,4,5:42,stands,False,1,Williams OFF.Foul (P1) (J.DeRosa)
2019-20,0021900269,2,7:53,overturn,False,0,
2019-20,0021900269,4,3:33,support,False,1,Birch Offensive Charge Foul (P6.PN) (M.Smith)
2019-20,0021900271,1,10:50,overturn,False,0,
2019-20,0021900273,3,0:47,support,False,1,Spellman S.FOUL (P1.PN) (E.Lewis)
2019-20,0021900275,3,6:43,support,False,1,Okafor S.FOUL (P3.T2) (J.Goble)
2019-20,0021900277,3,10:28,overturn,False,0,
2019-20,0021900278,4,9:34,support,False,1,Young S.FOUL (P4.T2) (C.Kirkland)
2019-20,0021900278,4,0:54,stands,True,1,McCollum S.FOUL (P3.T4) (C.Kirkland)
2019-20,0021900279,4,9:15,stands,False,1,Wagner S.FOUL (P4.T3) (P.Ransom)
2019-20,0021900280,4,0:34,support,True,1,Holmes S.FOUL (P5.PN) (L.Wood)
2019-20,0021900281,4,3:20,overturn,False,0,
2019-20,0021900284,4,0:29,support,True,1,Dinwiddie S.FOUL (P2.PN) (S.Twardoski)
2019-20,0021900285,4,1:09,overturn,True,0,
2019-20,0021900288,2,8:20,overturn,False,0,
2019-20,0021900288,2,5:12,overturn,False,0,
2019-20,0021900293,1,7:30,overturn,False,0,
2019-20,0021900293,4,10:41,overturn,False,1,Bridges S.FOUL (P3.T1) (D.Guthrie)
2019-20,0021900294,2,5:43,overturn,False,1,O'Neale OFF.Foul (P2) (B.Taylor)
2019-20,0021900295,1,4:22,overturn,False,0,
2019-20,0021900297,3,7:35,overturn,False,0,
2019-20,0021900299,1,8:32,stands,False,0,
2019-20,0021900300,4,3:22,overturn,False,0,
2019-20,0021900301,4,0:38,support,True,1,Gasol S.FOUL (P3.PN) (M.Kogut)
2019-20,0021900302,3,0:28,support,False,1,Hart S.FOUL (P2.PN) (T.Brothers)
2019-20,0021900303,4,0:00,support,True,1,Harden OFF.Foul (P2) (K.Scott)
2019-20,0021900304,3,1:13,support,False,1,Plumlee S.FOUL (P4.T3) (J.Williams)
2019-20,0021900307,3,1:59,stands,False,2,Morris P.FOUL (P2.PN) (P.Fraher) || Drummond T.FOUL (P2.PN) (S.Twardoski)
2019-20,0021900308,3,3:07,overturn,False,0,
2019-20,0021900309,4,7:41,support,False,1,Allen L.B.FOUL (P2.T3) (N.Buchert)
2019-20,0021900309,4,7:29,support,False,0,
2019-20,0021900310,4,3:14,overturn,False,0,
2019-20,0021900312,3,0:34,stands,False,0,
2019-20,0021900314,2,8:08,support,False,1,Gobert S.FOUL (P3.T2) (J.Goble)
2019-20,0021900316,4,8:06,stands,False,1,Wagner S.FOUL (P4.PN) (S.Wright)
2019-20,0021900318,4,1:14,overturn,True,1,VanVleet OFF.Foul (P3) (P.Fraher)
2019-20,0021900321,4,3:52,overturn,False,0,
2019-20,0021900323,3,7:20,overturn,False,0,
2019-20,0021900326,4,5:35,overturn,False,0,
2019-20,0021900328,4,0:37,support,True,1,Barnes OFF.Foul (P1) (J.DeRosa)
2019-20,0021900328,4,0:15,overturn,True,0,
2019-20,0021900329,2,6:49,overturn,False,0,
2019-20,0021900336,4,6:44,support,False,1,Jones S.FOUL (P5.T3) (J.DeRosa)
2019-20,0021900338,4,0:23,support,True,1,Ibaka P.FOUL (P6.PN) (M.Smith)
2019-20,0021900340,4,8:49,overturn,False,0,
2019-20,0021900346,3,0:44,support,False,1,Harden OFF.Foul (P2) (M.Ervin)
2019-20,0021900346,3,0:32,support,False,1,Ariza P.FOUL (P4.PN) (M.Myers)
2019-20,0021900347,4,0:50,support,True,1,Bledsoe S.FOUL (P1.PN) (M.Lindsay)
2019-20,0021900348,3,3:42,support,False,1,Drummond OFF.Foul (P4) (E.Lewis)
2019-20,0021900349,1,6:21,overturn,False,0,
2019-20,0021900350,3,6:29,stands,False,1,Gobert Offensive Charge Foul (P3.T3) (S.Wright)
2019-20,0021900350,3,0:08,stands,False,1,Dort S.FOUL (P3.PN) (A.Moyer-Gleich)
2019-20,0021900352,1,7:30,overturn,False,1,Beal OFF.Foul (P2) (E.Lewis)
2019-20,0021900352,4,8:07,support,False,1,Beal S.FOUL (P3.T2) (E.Lewis)
2019-20,0021900357,4,4:50,support,False,1,A. Holiday S.FOUL (P1.T2) (P.Fraher)
2019-20,0021900358,1,8:07,overturn,False,0,
2019-20,0021900361,4,11:43,overturn,False,1,Hunter P.FOUL (P1.T1) (R.Mott)
2019-20,0021900362,4,0:48,overturn,True,0,
2019-20,0021900365,4,11:05,overturn,False,1,Gilgeous-Alexander OFF.Foul (P3) (A.Nagy)
2019-20,0021900366,4,0:12,support,True,1,Barrett S.FOUL (P5.T4) (A.Moyer-Gleich)
2019-20,0021900366,5,3:21,stands,False,1,Chriss S.FOUL (P2.T2) (S.Wall)
2019-20,0021900367,2,1:46,overturn,False,0,
2019-20,0021900373,2,1:43,overturn,False,0,
2019-20,0021900376,3,7:19,stands,False,1,G. Antetokounmpo OFF.Foul (P4) (L.Wood)
2019-20,0021900377,4,1:42,stands,True,1,Harrell S.FOUL (P5.PN) (A.Smith)
2019-20,0021900378,4,2:39,overturn,False,1,Knox II L.B.FOUL (P2.T4) (B.Adams)
2019-20,0021900379,4,7:40,stands,False,1,Russell S.FOUL (P5.T4) (T.Ford)
2019-20,0021900380,3,2:51,support,False,1,Baynes S.FOUL (P4.PN) (M.Davis)
2019-20,0021900381,4,8:32,overturn,False,1,Prince S.FOUL (P4.T2) (J.Williams)
2019-20,0021900384,4,2:15,overturn,False,1,Butler P.FOUL (P1.T3) (M.Lindsay)
2019-20,0021900385,3,0:18,stands,False,1,Ilyasova P.FOUL (P2.PN) (E.Dalen)
2019-20,0021900386,3,8:18,overturn,False,0,
2019-20,0021900388,4,8:06,stands,False,1,Bamba S.FOUL (P1.T1) (G.Petraitis)
2019-20,0021900389,3,4:04,overturn,False,0,
2019-20,0021900390,4,0:56,overturn,True,0,
2019-20,0021900390,4,0:19,support,True,1,Davis S.FOUL (P5.PN) (T.Brown)
2019-20,0021900393,3,2:22,overturn,False,0,
2019-20,0021900396,3,0:51,overturn,False,1,Gay L.B.FOUL (P2.PN) (T.Washington)
2019-20,0021900399,3,8:54,overturn,False,0,
2019-20,0021900399,4,1:22,stands,True,1,Carter Jr. L.B.FOUL (P1.T2) (C.Washington)
2019-20,0021900400,4,0:26,support,True,1,Baynes S.FOUL (P6.T2) (J.Tiven)
2019-20,0021900401,4,3:26,overturn,False,0,
2019-20,0021900403,3,6:41,overturn,False,0,
2019-20,0021900405,4,3:52,support,False,1,Isaac L.B.FOUL (P2.T3) (Z.Zarba)
2019-20,0021900407,4,0:41,support,True,1,Williams S.FOUL (P5.PN) (C.Blair)
2019-20,0021900408,1,2:47,overturn,False,0,
2019-20,0021900410,3,0:00,overturn,False,0,
2019-20,0021900410,4,0:33,stands,True,1,Embiid S.FOUL (P2.T4) (N.Buchert)
2019-20,0021900415,4,0:33,support,True,1,Lee P.FOUL (P5.PN) (Z.Zarba)
2019-20,0021900418,4,1:33,support,True,1,Murray S.FOUL (P1.PN) (N.Green)
2019-20,0021900422,2,9:03,overturn,False,1,Brown P.FOUL (P1.T2) (J.Goldenberg)
2019-20,0021900424,4,4:31,overturn,False,0,
2019-20,0021900425,4,9:34,overturn,False,0,
2019-20,0021900427,4,3:37,support,False,1,Jokic P.FOUL (P4.T2) (K.Lane)
2019-20,0021900428,1,1:02,support,False,1,Isaac Offensive Charge Foul (P2.T3) (B.Nansel)
2019-20,0021900429,4,0:38,support,True,1,Green S.FOUL (P3.PN) (R.Mott)
2019-20,0021900431,3,5:59,overturn,False,1,Dinwiddie P.FOUL (P4.T3) (M.Kogut)
2019-20,0021900432,4,4:21,overturn,False,0,
2019-20,0021900433,4,8:35,overturn,False,1,Bertans OFF.Foul (P4) (J.Williams)
2019-20,0021900434,4,6:39,overturn,False,1,Middleton S.FOUL (P3.T3) (C.Kirkland)
2019-20,0021900435,4,4:54,overturn,False,0,
2019-20,0021900436,2,11:47,overturn,False,1,Shamet OFF.Foul (P1) (T.Brown)
2019-20,0021900436,3,10:02,overturn,False,0,
2019-20,0021900437,2,7:49,support,False,1,Harden Offensive Charge Foul (P1) (K.Lane)
2019-20,0021900439,4,3:20,stands,False,1,Boucher S.FOUL (P1.PN) (J.Goldenberg)
2019-20,0021900442,4,5:35,overturn,False,1,Harrell OFF.Foul (P2) (M.Ayotte)
2019-20,0021900443,3,7:10,overturn,False,0,
2019-20,0021900443,3,3:30,overturn,False,0,
2019-20,0021900447,4,2:32,overturn,False,1,Payton S.FOUL (P4.PN) (M.Myers)
2019-20,0021900448,2,6:21,stands,False,1,Fournier Offensive Charge Foul (P1.T1) (B.Forte)
2019-20,0021900449,4,5:26,stands,False,0,
2019-20,0021900453,4,6:41,support,False,1,Joseph S.FOUL (P5.T2) (M.Davis)
2019-20,0021900455,4,8:52,overturn,False,0,
2019-20,0021900460,1,4:48,overturn,False,1,Smith S.FOUL (P2.T3) (J.Goble)
2019-20,0021900461,2,9:13,support,False,1,Kurucs S.FOUL (P2.T1) (J.Goble)
2019-20,0021900466,3,0:30,overturn,False,1,Porter Jr. Offensive Charge Foul (P3.PN) (K.Fitzgerald)
2019-20,0021900470,4,3:34,overturn,False,0,
2019-20,0021900473,1,3:57,overturn,False,1,Brown Offensive Charge Foul (P2.T3) (M.Kogut)
2019-20,0021900475,2,1:53,overturn,False,0,
2019-20,0021900475,4,0:01,support,True,1,Dragic P.FOUL (P3.PN) (M.Ervin)
2019-20,0021900476,3,5:20,stands,False,1,Morris Sr. S.FOUL (P5.T4) (B.Taylor)
2019-20,0021900479,4,7:53,support,False,1,Garland S.FOUL (P4.T3) (D.Richardson)
2019-20,0021900481,4,5:27,overturn,False,0,
2019-20,0021900483,2,9:38,overturn,False,1,Saric L.B.FOUL (P2.T1) (M.Ayotte)
2019-20,0021900483,3,2:14,support,False,1,C. Johnson S.FOUL (P1.T3) (D.Taylor)
2019-20,0021900484,2,8:34,stands,False,1,Tolliver S.FOUL (P1.T2) (M.Myers)
2019-20,0021900484,4,5:45,stands,False,1,Caruso P.FOUL (P3.T3) (M.Myers)
2019-20,0021900485,4,10:23,support,False,1,Shamet S.FOUL (P1.T2) (J.Capers)
2019-20,0021900486,3,2:07,support,False,1,Boucher S.FOUL (P2.PN) (B.Kennedy)
2019-20,0021900489,4,1:54,support,True,1,Hield S.FOUL (P2.PN) (B.Forte)
2019-20,0021900491,2,8:54,overturn,False,0,
2019-20,0021900492,4,8:15,stands,False,1,Mathews S.FOUL (P3.T2) (S.Jelks)
2019-20,0021900499,4,2:49,overturn,False,0,
2019-20,0021900500,3,0:28,overturn,False,0,
2019-20,0021900501,4,8:24,overturn,False,0,
2019-20,0021900502,3,7:33,stands,False,1,Chriss OFF.Foul (P2) (S.Wright)
2019-20,0021900502,3,3:47,overturn,False,0,
2019-20,0021900506,3,0:26,stands,False,1,Reid S.FOUL (P3.PN) (J.Capers)
2019-20,0021900506,4,4:35,support,False,1,B. Lopez S.FOUL (P3.T3) (P.Ransom)
2019-20,0021900507,4,4:59,stands,False,1,Ayton Offensive Charge Foul (P4) (M.Dagher)
2019-20,0021900508,4,5:17,stands,False,1,Porter Jr. S.FOUL (P4.T3) (T.Brown)
2019-20,0021900509,3,3:45,support,False,1,Jokic S.FOUL (P4.T4) (M.Ayotte)
2019-20,0021900512,1,0:00,support,False,1,Chriss S.FOUL (P2.PN) (J.DeRosa)
2019-20,0021900517,3,7:42,overturn,False,1,Hunter P.FOUL (P4.T2) (S.Twardoski)
2019-20,0021900517,4,4:48,support,False,1,Hayward S.FOUL (P1.T3) (M.Boland)
2019-20,0021900521,4,1:53,overturn,True,1,Baynes P.FOUL (P5.T3) (B.Kennedy)
2019-20,0021900524,3,8:54,overturn,False,4,Lowry FLAGRANT.FOUL.TYPE1 (P2.T3) (E.Scott) || Lowry T.FOUL (P2.T3) (K.Fitzgerald) || Lowry AWAY.FROM.PLAY.FOUL (P3.T4) (K.Fitzgerald) || Allen T.FOUL (P2.T1) (G.Petraitis)
2019-20,0021900525,2,3:56,support,False,2,Gobert S.FOUL (P2.T1) (T.Brothers) || Iwundu T.FOUL (P2.T1) (T.Brothers)
2019-20,0021900525,3,7:58,overturn,False,0,
2019-20,0021900533,3,0:14,overturn,False,1,Holiday Offensive Charge Foul (P2.PN) (N.Buchert)
2019-20,0021900534,4,7:06,support,False,1,George OFF.Foul (P6) (B.Taylor)
2019-20,0021900535,4,4:13,overturn,False,0,
2019-20,0021900538,3,6:04,overturn,False,0,
2019-20,0021900541,4,5:22,overturn,False,0,
2019-20,0021900543,3,8:44,support,False,1,Collins S.FOUL (P4.T2) (T.Brothers)
2019-20,0021900547,4,9:00,overturn,False,1,Bowman OFF.Foul (P3) (J.Goldenberg)
2019-20,0021900548,1,2:40,overturn,False,0,
2019-20,0021900548,4,10:42,stands,False,1,Doumbouya Offensive Charge Foul (P3.T2) (N.Sago)
2019-20,0021900550,4,6:15,support,False,1,Schroder S.FOUL (P1.T1) (S.Foster)
2019-20,0021900555,3,1:39,support,False,1,Zeller OFF.Foul (P3) (B.Kennedy)
2019-20,0021900560,3,5:06,stands,False,1,Hutchison S.FOUL (P2.PN) (J.Capers)
2019-20,0021900562,4,1:06,support,True,1,Burks P.FOUL (P5.PN) (K.Mauer)
2019-20,0021900563,2,2:02,stands,False,1,Snell S.FOUL (P3.PN) (J.Williams)
2019-20,0021900565,4,6:10,support,False,1,Teague S.FOUL (P3.PN) (G.Petraitis)
2019-20,0021900567,2,3:44,stands,False,1,Bonga P.FOUL (P2.PN) (J.Tiven)
2019-20,0021900567,3,0:04,stands,False,1,Crabbe Offensive Charge Foul (P2.PN) (J.Orr)
2019-20,0021900569,3,7:48,overturn,False,0,
2019-20,0021900571,4,3:42,support,False,1,Brooks S.FOUL (P2.T4) (E.Dalen)
2019-20,0021900572,4,9:50,support,False,1,
2019-20,0021900572,4,6:16,stands,False,1,Doncic P.FOUL (P3.PN) (B.Forte)
2019-20,0021900573,2,5:46,support,False,1,Baynes S.FOUL (P2.PN) (A.Moyer-Gleich)
2019-20,0021900579,4,6:32,stands,False,1,Maker S.FOUL (P2.T3) (M.Ayotte)
2019-20,0021900583,2,0:02,support,False,1,Anthony Offensive Charge Foul (P2) (N.Sago)
2019-20,0021900584,4,0:21,stands,True,1,Bullock S.FOUL (P5.T4) (S.Twardoski)
2019-20,0021900586,3,9:14,stands,False,1,Allen OFF.Foul (P3) (E.Lewis)
2019-20,0021900587,2,3:12,overturn,False,0,
2019-20,0021900589,4,2:41,stands,False,1,Harrell OFF.Foul (P3) (N.Buchert)
2019-20,0021900591,2,10:55,stands,False,1,Jackson Offensive Charge Foul (P1.T1) (K.Fitzgerald)
2019-20,0021900592,3,9:47,overturn,False,0,
2019-20,0021900596,2,1:43,overturn,False,0,
2019-20,0021900598,1,6:49,support,False,1,Booker P.FOUL (P2.T3) (B.Adair)
2019-20,0021900603,2,7:54,overturn,False,0,
2019-20,0021900604,1,8:34,overturn,False,0,
2019-20,0021900605,3,8:43,stands,False,1,Allen S.FOUL (P4.T1) (T.Ford)
2019-20,0021900606,3,2:59,stands,False,2,Mills S.FOUL (P1.T3) (P.Ransom) || Butler T.FOUL (P1.T1) (K.Mauer)
2019-20,0021900607,4,1:08,overturn,True,0,
2019-20,0021900608,2,7:51,overturn,False,0,
2019-20,0021900608,4,0:37,overturn,True,0,
2019-20,0021900609,3,9:07,support,False,1,Lowry S.FOUL (P3.T2) (E.Dalen)
2019-20,0021900612,4,0:27,support,True,1,Bjelica P.FOUL (P4.PN) (D.Taylor)
2019-20,0021900616,3,3:17,support,False,1,Moore S.FOUL (P2.PN) (M.Boland)
2019-20,0021900616,5,1:19,stands,True,1,Gobert S.FOUL (P6.PN) (M.Kogut)
2019-20,0021900619,4,4:59,overturn,False,1,Wiggins S.FOUL (P4.T2) (C.Kirkland)
2019-20,0021900622,3,11:06,stands,False,1,Love S.FOUL (P1.T1) (J.Orr)
2019-20,0021900624,4,1:20,support,True,1,Aldridge S.FOUL (P5.PN) (L.Wood)
2019-20,0021900625,4,3:09,overturn,False,0,
2019-20,0021900626,4,5:52,stands,False,1,Favors S.FOUL (P3.T4) (T.Washington)
2019-20,0021900627,1,7:48,overturn,False,1,Antetokounmpo Offensive Charge Foul (P2.T3) (J.Tiven)
2019-20,0021900628,4,1:16,support,True,1,Rubio P.FOUL (P1.PN) (A.Smith)
2019-20,0021900631,4,0:20,overturn,True,0,
2019-20,0021900635,1,3:15,support,False,1,Dort S.FOUL (P1.T3) (E.Lewis)
2019-20,0021900635,4,4:42,overturn,False,0,
2019-20,0021900637,4,1:28,support,True,1,DeRozan P.FOUL (P4.T3) (C.Washington)
2019-20,0021900639,3,1:24,overturn,False,0,
2019-20,0021900640,4,5:48,overturn,False,0,
2019-20,0021900640,4,3:05,support,False,0,
2019-20,0021900642,3,1:43,support,False,1,Iwundu S.FOUL (P2.PN) (M.Kogut)
2019-20,0021900645,2,1:05,support,False,1,Gallinari Offensive Charge Foul (P1.PN) (P.Ransom)
2019-20,0021900645,4,6:53,overturn,False,0,
2019-20,0021900647,4,9:58,overturn,False,1,Hutchison Offensive Charge Foul (P3.T3) (L.Holtkamp)
2019-20,0021900647,4,5:55,support,False,1,Hutchison S.FOUL (P4.T4) (L.Holtkamp)
2019-20,0021900648,4,6:05,stands,False,1,Howard S.FOUL (P5.PN) (G.Petraitis)
2019-20,0021900650,4,0:06,support,True,1,Belinelli P.FOUL (P2.PN) (J.Goble)
2019-20,0021900652,2,4:15,stands,False,1,Lee S.FOUL (P2.PN) (B.Forte)
2019-20,0021900652,4,0:25,support,True,1,Trent Jr. S.FOUL (P2.T1) (B.Forte)
2019-20,0021900656,4,3:40,support,False,1,Hunter P.FOUL (P3.PN) (M.Kogut)
2019-20,0021900656,4,0:31,support,True,1,Patterson S.FOUL (P1.PN) (M.Davis)
2019-20,0021900658,5,0:09,stands,True,1,Payton II P.FOUL (P3.PN) (J.Schroeder)
2019-20,0021900660,4,2:30,overturn,False,1,Korkmaz P.FOUL (P4.PN) (L.Wood)
2019-20,0021900664,3,6:20,overturn,False,0,
2019-20,0021900667,2,0:39,overturn,False,0,
2019-20,0021900668,2,5:22,support,False,1,Anthony S.FOUL (P3.T3) (J.Goble)
2019-20,0021900672,3,5:44,overturn,False,1,Randle Offensive Charge Foul (P2.T4) (T.Brothers)
2019-20,0021900675,4,5:33,overturn,False,0,
2019-20,0021900677,4,6:35,overturn,False,1,Hunter Offensive Charge Foul (P4.T3) (J.Goble)
2019-20,0021900678,4,4:18,support,False,1,Booker P.FOUL (P4.PN) (A.Moyer-Gleich)
2019-20,0021900679,4,1:23,overturn,True,0,
2019-20,0021900680,4,8:13,overturn,False,0,
2019-20,0021900681,4,5:52,stands,False,1,Allen S.FOUL (P4.T2) (M.Kogut)
2019-20,0021900683,4,0:34,overturn,True,1,Covington P.FOUL (P5.PN) (J.DeRosa)
2019-20,0021900685,3,8:45,overturn,False,0,
2019-20,0021900687,4,9:37,overturn,False,0,
2019-20,0021900688,4,7:56,overturn,False,0,
2019-20,0021900688,4,6:55,overturn,False,0,
2019-20,0021900689,3,8:09,overturn,False,1,Birch S.FOUL (P3.T2) (L.Richardson)
2019-20,0021900691,4,5:45,support,False,1,Ball S.FOUL (P2.T4) (D.Guthrie)
2019-20,0021900696,3,5:31,overturn,False,2,Fox T.FOUL (P2.T4) (M.Kogut) || Napier P.FOUL (P2.PN) (M.Kogut)
2019-20,0021900696,5,0:07,support,True,1,Covington P.FOUL (P6.PN) (S.Foster)
2019-20,0021900697,2,5:56,support,False,1,Schroder Offensive Charge Foul (P1.T3) (K.Lane)
2019-20,0021900697,4,1:21,overturn,True,0,
2019-20,0021900698,1,4:19,overturn,False,1,Bogdanovic Offensive Charge Foul (P2.PN) (T.Washington)
2019-20,0021900699,4,1:56,overturn,True,1,Morris Sr. OFF.Foul (P4) (S.Wright)
2019-20,0021900701,4,7:18,support,False,1,Williams S.FOUL (P5.T3) (L.Holtkamp)
2019-20,0021900702,3,7:31,stands,False,1,Green S.FOUL (P3.T2) (S.Foster)
2019-20,0021900703,3,3:15,stands,False,1,VanVleet S.FOUL (P2.PN) (M.Smith)
2019-20,0021900706,2,0:59,stands,False,1,Hardaway Jr. OFF.Foul (P2) (D.Guthrie)
2019-20,0021900708,5,0:44,support,True,1,LaVine S.FOUL (P2.PN) (K.Fitzgerald)
2019-20,0021900709,1,9:36,overturn,False,0,
2019-20,0021900710,3,7:54,stands,False,0,
2019-20,0021900712,2,3:23,overturn,False,1,Westbrook OFF.Foul (P2) (M.Ayotte)
2019-20,0021900712,4,2:48,support,False,1,McLemore S.FOUL (P4.PN) (M.Davis)
2019-20,0021900714,4,1:28,support,True,1,Siakam OFF.Foul (P4) (D.Richardson)
2019-20,0021900717,3,6:28,support,False,1,Walker S.FOUL (P2.T3) (M.Kogut)
2019-20,0021900718,4,1:55,support,True,1,Craig S.FOUL (P2.PN) (T.Ford)
2019-20,0021900719,4,6:09,overturn,False,0,
2019-20,0021900722,3,5:43,support,False,1,Westbrook S.FOUL (P3.T2) (E.Malloy)
2019-20,0021900725,4,7:39,overturn,False,0,
2019-20,0021900725,4,2:57,support,False,1,Rubio L.B.FOUL (P3.T3) (J.Orr)
2019-20,0021900726,3,1:20,stands,False,1,Swanigan S.FOUL (P4.PN) (D.Collins)
2019-20,0021900727,2,11:26,stands,False,1,Wiggins OFF.Foul (P3) (T.Ford)
2019-20,0021900729,1,3:32,support,False,1,Vucevic S.FOUL (P1.T3) (N.Buchert)
2019-20,0021900735,3,0:31,overturn,False,0,
2019-20,0021900736,3,6:15,overturn,False,0,
2019-20,0021900737,3,5:47,overturn,False,0,
2019-20,0021900740,4,7:15,overturn,False,1,Young S.FOUL (P6.T3) (M.Ayotte)
2019-20,0021900743,4,3:31,overturn,False,0,
2019-20,0021900745,3,3:40,support,False,1,Williams Offensive Charge Foul (P2.T3) (N.Buchert)
2019-20,0021900746,3,6:52,support,False,1,Rubio S.FOUL (P4.T4) (K.Fitzgerald)
2019-20,0021900746,3,0:14,overturn,False,0,
2019-20,0021900749,4,1:09,support,True,1,Martin S.FOUL (P2.PN) (K.Cutler)
2019-20,0021900750,4,7:10,overturn,False,0,
2019-20,0021900752,4,5:13,support,False,1,Tucker S.FOUL (P4.T3) (S.Corbin)
2019-20,0021900755,4,1:22,overturn,True,0,
2019-20,0021900758,3,3:24,stands,False,0,
2019-20,0021900759,3,0:34,support,False,1,Teague OFF.Foul (P3) (J.Schroeder)
2019-20,0021900760,4,3:42,overturn,False,2,Sexton P.FOUL (P3.T3) (T.Ford) || Schroder T.FOUL (P0.T3) (C.Kirkland)
2019-20,0021900762,4,1:40,support,True,1,Ingles Offensive Charge Foul (P2.PN) (J.Van Duyne)
2019-20,0021900768,3,1:41,support,False,1,Covington P.FOUL (P4.PN) (B.Forte)
2019-20,0021900768,4,3:20,support,False,1,Davis S.FOUL (P3.PN) (S.Twardoski)
2019-20,0021900771,2,0:53,stands,False,1,Williams S.FOUL (P3.T3) (E.Lewis)
2019-20,0021900772,4,11:15,overturn,False,0,
2019-20,0021900772,4,5:27,stands,False,1,Oladipo P.FOUL (P2.T3) (B.Taylor)
2019-20,0021900773,4,4:14,support,False,1,Dort P.FOUL (P3.PN) (M.Myers)
2019-20,0021900775,3,1:21,support,False,1,Hield Offensive Charge Foul (P4.T4) (P.Fraher)
2019-20,0021900775,4,3:53,support,False,1,Robinson S.FOUL (P3.T2) (C.Blair)
2019-20,0021900777,4,8:11,support,False,1,Bamba S.FOUL (P2.T4) (J.Williams)
2019-20,0021900778,4,7:56,overturn,False,1,Bridges OFF.Foul (P2) (D.Guthrie)
2019-20,0021900781,4,0:22,support,True,1,Chandler S.FOUL (P4.PN) (D.Taylor)
2019-20,0021900783,4,6:20,overturn,False,0,
2019-20,0021900784,4,3:50,stands,False,1,Harris S.FOUL (P1.PN) (B.Kennedy)
2019-20,0021900786,4,6:46,support,False,1,Wanamaker S.FOUL (P3.T3) (T.Brown)
2019-20,0021900788,2,2:00,overturn,False,0,
2019-20,0021900790,2,10:59,support,False,1,McLemore P.FOUL (P1.T1) (S.Wright)
2019-20,0021900792,3,0:00,overturn,False,1,Dragic L.B.FOUL (P2.PN) (E.Malloy)
2019-20,0021900792,4,0:56,overturn,True,0,
2019-20,0021900794,1,6:51,overturn,False,0,
2019-20,0021900794,4,5:55,support,False,1,McConnell P.FOUL (P4.T2) (J.Van Duyne)
2019-20,0021900796,4,8:20,overturn,False,0,
2019-20,0021900797,4,1:10,stands,True,1,Bjelica P.FOUL (P3.PN) (B.Kennedy)
2019-20,0021900800,4,3:43,stands,False,1,Crowder S.FOUL (P2.T4) (M.Ayotte)
2019-20,0021900801,4,6:12,support,False,1,Bridges P.FOUL (P4.PN) (E.Scott)
2019-20,0021900802,4,2:37,support,False,1,Morris Sr. OFF.Foul (P3) (B.Taylor)
2019-20,0021900806,3,0:30,overturn,False,1,Williams S.FOUL (P1.PN) (J.Tiven)
2019-20,0021900807,1,7:08,overturn,False,1,Drummond OFF.Foul (P2) (B.Kennedy)
2019-20,0021900809,1,4:54,support,False,0,
2019-20,0021900809,3,2:28,support,False,1,Lowry P.FOUL (P4.PN) (K.Scott)
2019-20,0021900811,4,10:03,support,False,1,Portis P.FOUL (P4.PN) (M.Kogut)
2019-20,0021900812,4,5:24,overturn,False,0,
2019-20,0021900813,2,3:16,overturn,False,0,
2019-20,0021900814,4,1:26,stands,True,1,Cauley-Stein L.B.FOUL (P1.PN) (E.Malloy)
2019-20,0021900816,2,5:32,stands,False,1,Bogdanovic S.FOUL (P2.T3) (G.Petraitis)
2019-20,0021900817,4,10:05,support,False,1,Craig S.FOUL (P4.T3) (M.Ayotte)
2019-20,0021900818,4,0:10,stands,True,1,Leonard Offensive Charge Foul (P2.T4) (S.Foster)
2019-20,0021900820,3,5:56,overturn,False,1,Maker S.FOUL (P3.T3) (B.Barnaky)
2019-20,0021900821,3,4:05,support,False,1,Butler Offensive Charge Foul (P1.T4) (C.Kirkland)
2019-20,0021900821,3,0:07,support,False,1,Young S.FOUL (P2.PN) (C.Kirkland)
2019-20,0021900822,4,4:14,stands,False,1,Richardson S.FOUL (P5.T3) (J.Goble)
2019-20,0021900823,4,0:40,support,True,1,White S.FOUL (P3.PN) (L.Wood)
2019-20,0021900824,4,1:40,overturn,True,0,
2019-20,0021900825,3,6:28,stands,False,1,Lee S.FOUL (P3.T3) (J.DeRosa)
2019-20,0021900825,3,3:04,overturn,False,0,
2019-20,0021900827,2,4:11,overturn,False,0,
2019-20,0021900828,1,2:38,overturn,False,1,Robinson S.FOUL (P1.T3) (S.Foster)
2019-20,0021900828,4,9:33,stands,False,1,Robinson P.FOUL (P5.T1) (S.Foster)
2019-20,0021900829,4,5:13,support,False,1,VanVleet OFF.Foul (P4) (S.Wall)
2019-20,0021900831,4,7:26,overturn,False,0,
2019-20,0021900836,4,5:05,support,False,1,Ca. Martin S.FOUL (P1.T4) (S.Wright)
2019-20,0021900838,2,6:07,overturn,False,0,
2019-20,0021900842,4,0:37,stands,True,1,Brown S.FOUL (P4.PN) (T.Brown)
2019-20,0021900843,3,3:33,overturn,False,1,Sampson S.FOUL (P2.T4) (S.Twardoski)
2019-20,0021900844,2,6:54,support,False,1,Reid S.FOUL (P3.T1) (K.Mauer)
2019-20,0021900849,3,9:48,support,False,1,Drummond P.FOUL (P3.T1) (J.Schroeder)
2019-20,0021900851,3,9:17,stands,False,1,G. Antetokounmpo P.FOUL (P4.T3) (M.Boland)
2019-20,0021900851,3,5:11,support,False,1,Beal Offensive Charge Foul (P4) (M.Boland)
2019-20,0021900858,3,1:13,support,False,1,Lowry P.FOUL (P2.PN) (J.DeRosa)
2019-20,0021900860,1,6:22,overturn,False,1,Knight P.FOUL (P1.T2) (N.Sago)
2019-20,0021900860,2,3:57,stands,False,1,Wood OFF.Foul (P3) (G.Petraitis)
2019-20,0021900863,4,3:34,overturn,False,0,
2019-20,0021900863,4,2:19,stands,False,1,Paschall S.FOUL (P4.T2) (M.Davis)
2019-20,0021900864,2,4:17,overturn,False,0,
2019-20,0021900865,4,6:56,support,False,1,Dellavedova S.FOUL (P1.T1) (M.Boland)
2019-20,0021900866,2,8:43,overturn,False,1,Wagner S.FOUL (P2.T3) (J.Goble)
2019-20,0021900867,4,7:08,overturn,False,0,
2019-20,0021900868,4,0:28,overturn,True,1,Okogie P.FOUL (P4.PN) (S.Corbin)
2019-20,0021900869,4,2:06,overturn,False,1,Walker IV Offensive Charge Foul (P4.T4) (N.Buchert)
2019-20,0021900870,1,8:45,support,False,1,Tucker OFF.Foul (P1) (K.Fitzgerald)
2019-20,0021900871,3,6:43,overturn,False,0,
2019-20,0021900874,2,10:36,support,False,1,Sabonis Offensive Charge Foul (P3) (D.Guthrie)
2019-20,0021900875,4,0:45,support,True,1,Bogdanovic L.B.FOUL (P5.PN) (N.Green)
2019-20,0021900877,3,7:19,overturn,False,1,Reid P.FOUL (P3.T1) (A.Smith)
2019-20,0021900879,4,3:20,support,False,1,Lowry P.FOUL (P5.T4) (M.Davis)
2019-20,0021900884,2,2:51,support,False,0,
2019-20,0021900885,3,3:49,stands,False,1,Bogdanovic S.FOUL (P3.PN) (T.Washington)
2019-20,0021900890,4,4:48,support,False,1,Warren Offensive Charge Foul (P2) (C.Kirkland)
2019-20,0021900892,5,1:27,stands,True,1,Tucker P.FOUL (P4.T1) (D.Guthrie)
2019-20,0021900893,4,3:05,overturn,False,0,
2019-20,0021900894,4,7:35,overturn,False,1,Johnson S.FOUL (P2.T3) (N.Buchert)
2019-20,0021900895,4,4:27,support,False,1,Ca. Martin S.FOUL (P3.T4) (B.Kennedy)
2019-20,0021900897,4,5:36,stands,False,0,
2019-20,0021900898,3,8:39,support,False,1,Harris S.FOUL (P3.T1) (R.Acosta)
2019-20,0021900898,3,7:01,support,False,1,Siakam Offensive Charge Foul (P4.T4) (T.Maddox)
2019-20,0021900901,4,5:29,overturn,False,0,
2019-20,0021900902,1,10:37,stands,False,1,Osman P.FOUL (P1.T1) (M.Ervin)
2019-20,0021900903,4,2:45,overturn,False,1,Harkless Offensive Charge Foul (P4.T3) (B.Barnaky)
2019-20,0021900907,3,11:06,overturn,False,1,Lee S.FOUL (P3.T1) (J.Williams)
2019-20,0021900908,3,7:35,overturn,False,0,
2019-20,0021900909,3,1:37,support,False,1,Hernangomez S.FOUL (P1.PN) (M.Kogut)
2019-20,0021900909,4,9:09,support,False,1,White Offensive Charge Foul (P3) (J.Goldenberg)
2019-20,0021900912,4,10:22,overturn,False,0,
2019-20,0021900912,4,5:42,overturn,False,0,
2019-20,0021900913,4,3:46,overturn,False,1,Millsap S.FOUL (P5.PN) (K.Fitzgerald)
2019-20,0021900914,4,3:34,support,False,1,Siakam OFF.Foul (P3) (L.Richardson)
2019-20,0021900919,2,2:51,overturn,False,0,
2019-20,0021900921,3,7:14,stands,False,1,Barrett S.FOUL (P4.T3) (S.Wright)
2019-20,0021900925,2,9:50,overturn,False,1,Swanigan P.FOUL (P3.T3) (P.Fraher)
2019-20,0021900926,2,0:57,support,False,1,Jokic L.B.FOUL (P3.PN) (C.Washington)
2019-20,0021900926,4,4:33,support,False,1,Co. Martin P.FOUL (P3.T4) (C.Washington)
2019-20,0021900927,4,9:55,support,False,1,Harrell S.FOUL (P1.T2) (M.Davis)
2019-20,0021900929,2,4:46,overturn,False,0,
2019-20,0021900931,1,1:57,overturn,False,1,Mills OFF.Foul (P1) (J.Capers)
2019-20,0021900933,2,10:43,support,False,1,Clarkson Offensive Charge Foul (P1.T1) (K.Mauer)
2019-20,0021900933,3,1:36,overturn,False,0,
2019-20,0021900936,2,1:50,overturn,False,1,Adebayo OFF.Foul (P1) (B.Kennedy)
2019-20,0021900938,2,3:00,stands,False,1,Baynes OFF.Foul (P2) (J.Tiven)
2019-20,0021900938,4,6:47,support,False,1,Lillard P.FOUL (P1.T3) (J.Tiven)
2019-20,0021900942,4,5:32,support,False,1,Thompson P.FOUL (P3.T3) (T.Brown)
2019-20,0021900946,3,4:20,stands,False,1,Prince S.FOUL (P1.T4) (J.Williams)
2019-20,0021900947,4,7:39,stands,False,1,Nowell S.FOUL (P2.T3) (N.Sago)
2019-20,0021900948,4,3:35,support,False,1,Davis S.FOUL (P5.PN) (B.Barnaky)
2019-20,0021900949,4,5:25,overturn,False,1,Noel OFF.Foul (P5) (E.Lewis)
2019-20,0021900950,4,2:46,overturn,False,0,
2019-20,0021900951,2,8:19,overturn,False,0,
2019-20,0021900951,4,6:59,support,False,1,Mathews P.FOUL (P4.T2) (K.Mauer)
2019-20,0021900954,1,3:38,overturn,False,0,
2019-20,0021900956,3,5:15,support,False,1,Lowry OFF.Foul (P4) (D.Richardson)
2019-20,0021900957,3,7:33,stands,False,1,McDaniels S.FOUL (P2.T2) (S.Wright)
2019-20,0021900957,5,0:01,overturn,True,1,Rozier OFF.Foul (P1) (S.Wright)
2019-20,0021900958,4,3:47,stands,False,1,Murray P.FOUL (P3.T4) (L.Wood)
2019-20,0021900959,4,6:42,overturn,False,0,
2019-20,0021900961,4,1:13,overturn,True,0,
2019-20,0021900963,2,2:56,overturn,False,0,
2019-20,0021900964,3,7:13,stands,False,1,Vucevic S.FOUL (P2.T3) (T.Ford)
2019-20,0021900965,2,2:06,overturn,False,0,
2019-20,0021900968,3,2:03,overturn,False,1,Davis S.FOUL (P3.T2) (S.Foster)
2019-20,0021900969,5,0:19,support,True,1,Graham Personal Take Foul (P4.PN) (L.Wood)
2019-20,0021900970,4,1:11,overturn,True,0,
2019-20,0021900971,1,8:22,support,False,1,Milton S.FOUL (P1.T2) (B.Kennedy)
2019-20,0021901232,1,7:08,stands,False,1,Leonard Offensive Charge Foul (P2.T4) (S.Foster)
2019-20,0021901232,4,3:51,stands,False,0,
2019-20,0021901233,4,9:53,overturn,False,0,
2019-20,0021901234,2,5:53,overturn,False,1,Allen S.FOUL (P2.T3) (B.Kennedy)
2019-20,0021901236,2,3:11,support,False,1,Wanamaker S.FOUL (P3.PN) (K.Scott)
2019-20,0021901238,3,4:01,overturn,False,0,
2019-20,0021901238,5,0:28,support,True,1,Doncic Offensive Charge Foul (P6.PN) (M.Davis)
2019-20,0021901242,3,10:35,overturn,False,0,
2019-20,0021901243,2,7:09,overturn,False,0,
2019-20,0021901244,4,2:23,support,False,1,Robinson S.FOUL (P2.PN) (K.Cutler)
2019-20,0021901245,4,5:19,overturn,False,0,
2019-20,0021901245,4,0:06,stands,True,1,Theis L.B.FOUL (P5.T4) (M.Davis)
2019-20,0021901247,1,5:04,overturn,False,1,Augustin S.FOUL (P1.T4) (E.Malloy)
2019-20,0021901248,2,3:33,stands,False,1,Harden OFF.Foul (P4) (A.Smith)
2019-20,0021901249,4,1:01,overturn,True,1,Finney-Smith S.FOUL (P3.PN) (P.Fraher)
2019-20,0021901250,3,4:07,support,False,1,Lowry OFF.Foul (P4) (D.Guthrie)
2019-20,0021901251,3,6:51,stands,False,1,Gilgeous-Alexander S.FOUL (P5.PN) (M.Smith)
2019-20,0021901254,3,0:46,support,False,1,Simmons S.FOUL (P5.PN) (J.Williams)
2019-20,0021901254,4,3:18,support,False,1,Poeltl S.FOUL (P4.T3) (M.Lindsay)
2019-20,0021901255,4,5:35,overturn,False,1,Niang OFF.Foul (P4) (E.Lewis)
2019-20,0021901257,2,7:29,overturn,False,1,Barnes P.FOUL (P3.T4) (T.Ford)
2019-20,0021901259,4,10:01,stands,False,1,J. Holiday S.FOUL (P1.T2) (B.Barnaky)
2019-20,0021901260,4,3:46,overturn,False,0,
2019-20,0021901260,4,0:21,support,True,2,Robinson S.FOUL (P3.PN) (K.Lane) || Tatum T.FOUL (P5.T0) (K.Lane)
2019-20,0021901261,4,5:33,overturn,False,1,Covington S.FOUL (P1.PN) (K.Fitzgerald)
2019-20,0021901263,4,9:35,overturn,False,0,
2019-20,0021901264,2,0:36,overturn,False,1,Jokic OFF.Foul (P2) (E.Malloy)
2019-20,0021901265,2,2:40,overturn,False,0,
2019-20,0021901266,4,4:17,stands,False,1,Gasol S.FOUL (P2.PN) (M.Smith)
2019-20,0021901267,1,1:30,support,False,1,Tatum S.FOUL (P3.PN) (S.Corbin)
2019-20,0021901268,4,10:10,support,False,1,Holmes S.FOUL (P3.T1) (M.Lindsay)
2019-20,0021901268,4,9:16,support,False,1,Redick S.FOUL (P2.T1) (M.Lindsay)
2019-20,0021901269,4,10:48,support,False,1,Antetokounmpo OFF.Foul (P5) (T.Ford)
2019-20,0021901269,4,8:30,support,False,1,Adebayo OFF.Foul (P5) (T.Ford)
2019-20,0021901271,1,2:53,overturn,False,0,
2019-20,0021901272,4,11:33,overturn,False,0,
2019-20,0021901273,2,4:53,overturn,False,0,
2019-20,0021901273,3,7:30,support,False,1,Tucker S.FOUL (P2.T3) (T.Maddox)
2019-20,0021901274,4,10:33,support,False,1,Eubanks S.FOUL (P2.T2) (P.Fraher)
2019-20,0021901279,2,6:37,overturn,False,0,
2019-20,0021901281,3,6:33,support,False,1,Jokic S.FOUL (P3.T3) (M.Davis)
2019-20,0021901284,1,1:37,overturn,False,1,Antetokounmpo OFF.Foul (P1) (J.DeRosa)
2019-20,0021901284,4,0:21,overturn,True,1,Middleton S.FOUL (P2.PN) (S.Corbin)
2019-20,0021901286,3,0:07,overturn,False,1,Ibaka T.FOUL (P2.PN) (G.Petraitis)
2019-20,0021901287,4,10:48,stands,False,1,Poeltl S.FOUL (P5.T1) (B.Forte)
2019-20,0021901289,3,1:03,overturn,False,0,
2019-20,0021901290,4,6:23,overturn,False,0,
2019-20,0021901291,3,4:01,overturn,False,0,
2019-20,0021901291,4,1:54,support,True,1,Harris S.FOUL (P6.PN) (T.Brothers)
2019-20,0021901293,4,3:01,stands,False,1,Wright S.FOUL (P2.PN) (M.Lindsay)
2019-20,0021901296,4,0:04,stands,True,1,Kuzma S.FOUL (P2.PN) (S.Corbin)
2019-20,0021901300,4,3:42,support,False,1,Lillard P.FOUL (P2.PN) (B.Taylor)
2019-20,0021901300,4,1:18,support,True,1,Porzingis OFF.Foul (P6) (M.Kogut)
2019-20,0021901303,2,8:50,support,False,2,G. Antetokounmpo Offensive Charge Foul (P1) (B.Forte) || G. Antetokounmpo FLAGRANT.FOUL.TYPE2 (P2.T2) (B.Forte)
2019-20,0021901305,4,7:47,support,False,1,Miller S.FOUL (P1.T4) (D.Guthrie)
2019-20,0021901309,3,3:25,support,False,1,Temple L.B.FOUL (P2.PN) (J.Orr)
2019-20,0021901311,4,8:15,overturn,False,1,Tolliver OFF.Foul (P1) (M.Boland)
2019-20,0021901312,3,4:23,support,False,0,
2019-20,0021901312,4,0:32,overturn,True,0,
2019-20,0021901313,2,11:32,support,False,1,Bridges S.FOUL (P2.T1) (Z.Zarba)
2019-20,0021901316,3,7:03,support,False,0,
2019-20,0021901317,3,2:02,overturn,False,0,
2019-20,0021901317,4,6:47,overturn,False,1,Mann P.FOUL (P4.T1) (N.Buchert)
2019-20,0031900001,4,0:00,overturn,True,21,Embiid S.FOUL (P2.T1) (E.Lewis) || Embiid S.FOUL (P3.PN) (M.Davis) || Paul P.FOUL (P3.T1) (E.Lewis) || Paul P.FOUL (P4.PN) (M.Davis) || Booker S.FOUL (P1.PN) (C.Kirkland) || Davis P.FOUL (P2.PN) (C.Kirkland) || Siakam P.FOUL (P3.PN) (E.Lewis) || Siakam P.FOUL (P4.PN) (M.Davis) || Lowry P.FOUL (P1.PN) (E.Lewis) || Harden S.FOUL (P1.PN) (C.Kirkland) || Leonard Offensive Charge Foul (P2.PN) (C.Kirkland) || Lowry S.FOUL (P2.PN) (C.Kirkland) || Davis S.FOUL (P3.PN) (M.Davis) || Harden P.FOUL (P2.PN) (M.Davis) || Harden P.FOUL (P3.PN) (E.Lewis) || Antetokounmpo P.FOUL (P4.PN) (C.Kirkland) || Harden S.FOUL (P4.PN) (M.Davis) || Harden OFF.Foul (P5) (M.Davis) || Lowry Offensive Charge Foul (P3.PN) (C.Kirkland) || James P.FOUL (P1.PN) (E.Lewis) || Lowry P.FOUL (P4.PN) (E.Lewis)
2019-20,0031900001,4,0:00,support,True,21,Embiid S.FOUL (P2.T1) (E.Lewis) || Embiid S.FOUL (P3.PN) (M.Davis) || Paul P.FOUL (P3.T1) (E.Lewis) || Paul P.FOUL (P4.PN) (M.Davis) || Booker S.FOUL (P1.PN) (C.Kirkland) || Davis P.FOUL (P2.PN) (C.Kirkland) || Siakam P.FOUL (P3.PN) (E.Lewis) || Siakam P.FOUL (P4.PN) (M.Davis) || Lowry P.FOUL (P1.PN) (E.Lewis) || Harden S.FOUL (P1.PN) (C.Kirkland) || Leonard Offensive Charge Foul (P2.PN) (C.Kirkland) || Lowry S.FOUL (P2.PN) (C.Kirkland) || Davis S.FOUL (P3.PN) (M.Davis) || Harden P.FOUL (P2.PN) (M.Davis) || Harden P.FOUL (P3.PN) (E.Lewis) || Antetokounmpo P.FOUL (P4.PN) (C.Kirkland) || Harden S.FOUL (P4.PN) (M.Davis) || Harden OFF.Foul (P5) (M.Davis) || Lowry Offensive Charge Foul (P3.PN) (C.Kirkland) || James P.FOUL (P1.PN) (E.Lewis) || Lowry P.FOUL (P4.PN) (E.Lewis)
2019-20,0041900102,2,10:53,support,False,1,Antetokounmpo OFF.Foul (P2) (D.Guthrie)
2019-20,0041900104,3,4:23,support,False,1,Fultz L.B.FOUL (P4.PN) (C.Kirkland)
2019-20,0041900105,2,10:27,overturn,False,1,B. Lopez Offensive Charge Foul (P2) (T.Brothers)
2019-20,0041900111,2,5:07,support,False,1,Temple P.FOUL (P3.T3) (J.Goble)
2019-20,0041900112,2,5:20,overturn,False,1,Anunoby P.FOUL (P1.T3) (K.Fitzgerald)
2019-20,0041900112,4,6:21,support,False,1,Johnson S.FOUL (P3.T4) (S.Corbin)
2019-20,0041900122,1,6:39,overturn,False,1,Smart OFF.Foul (P1) (J.Goble)
2019-20,0041900123,3,9:32,overturn,False,0,
2019-20,0041900123,4,3:12,support,False,1,Theis P.FOUL (P5.T4) (S.Foster)
2019-20,0041900124,4,0:44,overturn,True,1,Horford L.B.FOUL (P4.T4) (K.Fitzgerald)
2019-20,0041900133,3,0:43,overturn,False,1,Olynyk L.B.FOUL (P2.PN) (T.Brothers)
2019-20,0041900133,4,8:10,support,False,1,Robinson S.FOUL (P5.T1) (T.Maddox)
2019-20,0041900134,3,0:37,overturn,False,1,Warren OFF.Foul (P3) (M.Davis)
2019-20,0041900134,4,10:13,support,False,0,
2019-20,0041900141,2,10:32,support,False,1,Anthony S.FOUL (P1.T2) (M.Davis)
2019-20,0041900141,4,10:00,overturn,False,1,Whiteside Offensive Charge Foul (P4.T1) (M.Davis)
2019-20,0041900143,4,0:50,support,True,1,Caruso S.FOUL (P4.PN) (M.Ayotte)
2019-20,0041900144,3,3:31,overturn,False,1,Morris L.B.FOUL (P5.PN) (R.Mott)
2019-20,0041900145,3,9:37,stands,False,1,Whiteside L.B.FOUL (P5.T4) (C.Blair)
2019-20,0041900151,3,3:17,overturn,False,0,
2019-20,0041900152,4,2:36,support,False,1,Morris Sr. S.FOUL (P4.PN) (S.Foster)
2019-20,0041900153,4,4:17,stands,False,1,Shamet OFF.Foul (P3) (T.Brown)
2019-20,0041900154,2,7:29,support,False,1,George P.FOUL (P2.T4) (Z.Zarba)
2019-20,0041900155,3,6:42,support,False,3,George S.FOUL (P4.T4) (P.Fraher) ||  || 
2019-20,0041900156,3,2:35,overturn,False,0,
2019-20,0041900163,3,8:29,overturn,False,0,
2019-20,0041900171,4,7:40,support,False,1,Covington S.FOUL (P5.PN) (J.Capers)
2019-20,0041900172,2,3:57,overturn,False,0,
2019-20,0041900172,3,7:08,support,False,0,
2019-20,0041900174,4,2:52,overturn,False,1,Gallinari OFF.Foul (P1) (T.Brothers)
2019-20,0041900176,4,0:13,support,True,1,Covington S.FOUL (P3.PN) (K.Scott)
2019-20,0041900177,4,3:16,stands,False,1,Gordon Offensive Charge Foul (P2.PN) (P.Fraher)
2019-20,0041900202,1,9:11,support,False,1,Adebayo S.FOUL (P1.T2) (K.Scott)
2019-20,0041900202,3,9:22,overturn,False,1,Butler P.FOUL (P2.T1) (S.Wright)
2019-20,0041900204,5,0:45,support,True,1,Adebayo S.FOUL (P1.T2) (T.Ford)
2019-20,0041900205,4,4:25,overturn,False,0,
2019-20,0041900205,4,2:16,support,False,1,B. Lopez S.FOUL (P4.PN) (R.Mott)
2019-20,0041900211,1,4:15,stands,False,2,Siakam S.FOUL (P3.PN) (J.Williams) || 
2019-20,0041900212,3,2:46,overturn,False,1,Smart L.B.FOUL (P3.PN) (Z.Zarba)
2019-20,0041900213,2,7:44,support,False,1,Siakam Offensive Charge Foul (P3.T1) (R.Mott)
2019-20,0041900214,4,2:53,overturn,False,0,
2019-20,0041900216,6,3:07,overturn,False,0,
2019-20,0041900217,4,0:35,stands,True,1,Lowry S.FOUL (P6.PN) (S.Foster)
2019-20,0041900221,4,7:15,support,False,1,Davis S.FOUL (P2.PN) (K.Fitzgerald)
2019-20,0041900222,1,5:32,support,False,1,Harden Offensive Charge Foul (P1.T3) (C.Blair)
2019-20,0041900222,3,0:53,overturn,False,1,Westbrook L.B.FOUL (P5.PN) (S.Foster)
2019-20,0041900224,1,1:00,support,False,1,Green P.FOUL (P1.PN) (T.Brown)
2019-20,0041900224,4,7:42,support,False,1,James S.FOUL (P2.T3) (T.Brown)
2019-20,0041900225,2,6:20,stands,False,1,Davis Offensive Charge Foul (P2.T3) (J.Goble)
2019-20,0041900231,4,7:58,support,False,1,Plumlee S.FOUL (P4.T2) (E.Lewis)
2019-20,0041900234,4,7:57,overturn,False,0,
2019-20,0041900301,4,6:17,overturn,False,0,
2019-20,0041900301,5,1:27,stands,True,1,Walker P.FOUL (P4.T3) (K.Fitzgerald)
2019-20,0041900302,3,9:43,stands,False,1,Dragic S.FOUL (P1.T1) (T.Brown)
2019-20,0041900302,4,11:24,overturn,False,0,
2019-20,0041900303,4,9:13,overturn,False,1,Hayward OFF.Foul (P2) (E.Lewis)
2019-20,0041900304,2,1:59,support,False,1,Hayward S.FOUL (P2.T4) (S.Foster)
2019-20,0041900304,4,0:29,overturn,True,0,
2019-20,0041900305,2,3:05,support,False,1,Walker S.FOUL (P3.PN) (J.Goble)
2019-20,0041900305,4,4:27,support,False,1,Dragic Offensive Charge Foul (P6.PN) (J.Goble)
2019-20,0041900311,2,6:25,support,False,1,Murray S.FOUL (P2.PN) (T.Brothers)
2019-20,0041900314,4,5:34,support,False,1,James P.FOUL (P2.T4) (D.Guthrie)
2019-20,0041900314,4,0:59,support,True,1,Grant P.FOUL (P4.PN) (D.Guthrie)
2019-20,0041900401,2,3:28,overturn,False,0,
2019-20,0041900402,1,3:53,support,False,1,Rondo S.FOUL (P1.T2) (J.Capers)
2019-20,0041900404,2,1:40,overturn,False,0,
2019-20,0041900405,4,9:05,support,False,1,James Offensive Charge Foul (P1.T4) (K.Fitzgerald)
2019-20,0051900111,4,8:31,support,False,1,Nurkic Offensive Charge Foul (P4.T2) (P.Fraher)
2020-21,0012000005,2,4:11,overturn,False,1,Anthony OFF.Foul (P1) (B.Spooner)
2020-21,0012000009,2,10:37,overturn,False,1,DiVincenzo Offensive Charge Foul (P1.T1) (J.Goldenberg)
2020-21,0012000009,3,3:28,stands,False,1,Antetokounmpo Offensive Charge Foul (P4.T4) (J.Goldenberg)
2020-21,0012000010,4,1:03,support,True,1,Cook S.FOUL (P1.PN) (K.Mauer)
2020-21,0012000010,4,0:05,support,True,1,Konchar S.FOUL (P2.T4) (E.Scott)
2020-21,0012000011,3,0:10,overturn,False,1,Campazzo P.FOUL (P2.PN) (A.Smith)
2020-21,0012000013,4,0:33,support,True,1,Clark P.FOUL (P2.PN) (S.Wall)
2020-21,0012000015,4,3:40,overturn,False,0,
2020-21,0012000017,3,0:04,overturn,False,1,Blevins S.FOUL (P1.PN) (K.Cutler)
2020-21,0012000020,3,8:15,support,False,1,Anunoby S.FOUL (P4.T4) (B.Taylor)
2020-21,0012000020,4,4:57,support,False,1,Martin S.FOUL (P1.PN) (B.Taylor)
2020-21,0012000022,3,8:25,support,False,1,Antetokounmpo Offensive Charge Foul (P2.T3) (J.Goldenberg)
2020-21,0012000023,4,6:42,support,False,0,
2020-21,0012000023,4,4:51,support,False,1,Edwards Offensive Charge Foul (P2.PN) (M.Ervin)
2020-21,0012000026,2,4:56,support,False,1,Wall P.FOUL (P3.PN) (D.Guthrie)
2020-21,0012000026,4,6:35,support,False,2,Jones P.FOUL (P2.T4) (B.Schwab) || Grant T.FOUL (P0.T2) (D.Guthrie)
2020-21,0012000028,4,0:43,overturn,True,1,Wade FLAGRANT.FOUL.TYPE1 (P5.PN) (G.Petraitis)
2020-21,0012000031,3,5:01,support,False,1,Bridges S.FOUL (P4.T3) (L.Wood)
2020-21,0012000032,2,3:03,overturn,False,0,
2020-21,0012000036,3,8:32,support,False,1,Towns P.FOUL (P5.T4) (J.Van Duyne)
2020-21,0012000037,2,7:23,overturn,False,0,
2020-21,0012000038,3,6:04,overturn,False,1,Wiggins OFF.Foul (P4) (S.Twardoski)
2020-21,0012000039,2,4:31,overturn,False,2,Personal || Offensive
2020-21,0012000041,2,2:22,overturn,False,1,Nesmith OFF.Foul (P1) (J.Goldenberg)
2020-21,0012000043,3,9:03,overturn,False,1,Hart P.FOUL (P4.T3) (E.Lewis)
2020-21,0012000045,4,2:08,stands,False,1,Kanter L.B.FOUL (P6.T2) (K.Lane)
2020-21,0012000046,2,1:54,overturn,False,0,
2020-21,0022000002,2,0:52,overturn,False,1,Ibaka S.FOUL (P2.PN) (K.Fitzgerald)
2020-21,0022000002,3,4:32,overturn,False,0,
2020-21,0022000004,3,1:10,stands,False,1,Carter P.FOUL (P2.PN) (E.Dalen)
2020-21,0022000004,4,11:21,support,False,1,Brunson S.FOUL (P2.T1) (M.Smith)
2020-21,0022000007,4,7:08,support,False,1,Smart P.FOUL (P5.T3) (J.Tiven)
2020-21,0022000008,4,3:18,stands,False,1,Finney-Smith S.FOUL (P4.T4) (S.Foster)
2020-21,0022000010,4,0:23,overturn,True,0,
2020-21,0022000011,1,0:02,support,False,1,McConnell S.FOUL (P1.T3) (S.Twardoski)
2020-21,0022000012,4,8:11,overturn,False,0,
2020-21,0022000013,2,5:57,stands,False,1,Bryant OFF.Foul (P3) (M.Ervin)
2020-21,0022000014,4,1:16,stands,True,1,Powell S.FOUL (P4.PN) (B.Barnaky)
2020-21,0022000015,3,10:30,overturn,False,1,LaVine OFF.Foul (P5) (S.Jelks)
2020-21,0022000017,4,1:25,support,True,1,Anderson P.FOUL (P3.T4) (R.Hussey)
2020-21,0022000019,4,1:36,stands,True,1,Murray OFF.Foul (P6) (T.Brown)
2020-21,0022000020,1,11:30,stands,False,1,Lillard S.FOUL (P1.T1) (K.Mauer)
2020-21,0022000026,2,5:29,support,False,1,Carter Jr. S.FOUL (P1.PN) (T.Brothers)
2020-21,0022000027,3,9:53,support,False,1,Lowry S.FOUL (P4.T1) (C.Washington)
2020-21,0022000029,4,0:32,stands,True,1,Tucker L.B.FOUL (P3.PN) (J.Butler)
2020-21,0022000030,4,7:35,stands,False,1,Ayton S.FOUL (P5.T1) (N.Buchert)
2020-21,0022000032,2,0:49,overturn,False,1,Bridges S.FOUL (P2.T4) (S.Wright)
2020-21,0022000033,2,2:56,overturn,False,0,
2020-21,0022000033,3,0:13,stands,False,1,Lopez OFF.Foul (P1) (B.Taylor)
2020-21,0022000034,4,3:06,stands,False,2,DeRozan S.FOUL (P4.T4) (A.Smith) || DeRozan T.FOUL (P4.T4) (A.Smith)
2020-21,0022000038,4,0:46,support,True,1,Carter Jr. S.FOUL (P3.PN) (T.Brothers)
2020-21,0022000039,3,4:00,overturn,False,1,Payne S.FOUL (P4.PN) (B.Adair)
2020-21,0022000042,5,0:08,stands,True,2,Green L.B.FOUL (P2.T1) (C.Kirkland) || LeVert Personal Take Foul (P4.PN) (C.Kirkland)
2020-21,0022000046,4,6:51,overturn,False,0,
2020-21,0022000047,4,8:07,overturn,False,0,
2020-21,0022000049,3,4:22,overturn,False,1,Simmons OFF.Foul (P1) (S.Jelks)
2020-21,0022000052,4,7:39,overturn,False,0,
2020-21,0022000053,2,1:02,overturn,False,1,Alexander-Walker S.FOUL (P3.PN) (M.Ayotte)
2020-21,0022000059,4,3:40,overturn,False,0,
2020-21,0022000061,2,10:03,stands,False,1,Zubac S.FOUL (P1.T1) (N.Buchert)
2020-21,0022000062,3,10:25,overturn,False,0,
2020-21,0022000062,3,2:55,overturn,False,0,
2020-21,0022000065,4,10:40,overturn,False,0,
2020-21,0022000067,1,11:07,stands,False,1,Dort S.FOUL (P1.T1) (J.Goble)
2020-21,0022000068,3,5:57,stands,False,1,Booker OFF.Foul (P3) (K.Lane)
2020-21,0022000069,4,10:19,overturn,False,1,Clarke OFF.Foul (P2) (A.Moyer-Gleich)
2020-21,0022000070,3,3:33,stands,False,1,Brown OFF.Foul (P2) (J.Capers)
2020-21,0022000071,3,2:07,stands,False,1,Dragic S.FOUL (P4.PN) (D.Richardson)
2020-21,0022000076,3,2:01,support,False,1,Jokic OFF.Foul (P5) (J.Williams)
2020-21,0022000076,4,0:31,overturn,True,0,
2020-21,0022000077,4,0:20,support,True,1,Batum P.FOUL (P5.PN) (B.Kennedy)
2020-21,0022000079,3,5:39,overturn,False,1,Bagley III Offensive Charge Foul (P3.T3) (M.Davis)
2020-21,0022000079,4,5:44,overturn,False,0,
2020-21,0022000081,4,9:37,support,False,1,Muscala S.FOUL (P1.T2) (K.Scott)
2020-21,0022000082,4,5:01,overturn,False,0,
2020-21,0022000084,3,5:25,stands,False,1,Ball S.FOUL (P2.T2) (L.Richardson)
2020-21,0022000084,4,2:04,overturn,False,1,Williamson Offensive Charge Foul (P2.PN) (J.Sterling)
2020-21,0022000085,4,2:28,overturn,False,0,
2020-21,0022000087,4,8:27,overturn,False,0,
2020-21,0022000088,1,9:02,overturn,False,0,
2020-21,0022000090,4,3:18,support,False,1,Kleber S.FOUL (P3.PN) (J.Goble)
2020-21,0022000091,4,3:31,support,False,1,Ibaka S.FOUL (P5.PN) (D.Richardson)
2020-21,0022000092,1,5:54,support,False,1,Nurkic Offensive Charge Foul (P1.PN) (M.Dagher)
2020-21,0022000093,4,9:09,overturn,False,0,
2020-21,0022000095,4,3:52,support,False,1,Collins L.B.FOUL (P2.PN) (P.Ransom)
2020-21,0022000098,4,3:45,stands,False,1,Tucker P.FOUL (P3.T2) (J.Goble)
2020-21,0022000098,4,1:08,support,True,1,Richardson S.FOUL (P5.PN) (J.Sterling)
2020-21,0022000100,1,4:35,stands,False,1,Oladipo P.FOUL (P1.T4) (T.Ford)
2020-21,0022000103,3,0:24,overturn,False,0,
2020-21,0022000104,3,0:03,overturn,False,1,Russell OFF.Foul (P2) (N.Buchert)
2020-21,0022000105,2,2:00,overturn,False,1,Walker IV Offensive Charge Foul (P2.T3) (M.Ayotte)
2020-21,0022000106,4,3:34,stands,False,1,Nurkic S.FOUL (P4.T3) (D.Collins)
2020-21,0022000107,4,1:42,stands,True,1,Tucker P.FOUL (P5.T4) (B.Taylor)
2020-21,0022000110,4,3:24,support,False,1,Collins L.B.FOUL (P4.T4) (K.Scott)
2020-21,0022000112,4,0:56,overturn,True,0,
2020-21,0022000116,2,2:56,support,False,1,Paschall S.FOUL (P1.PN) (N.Buchert)
2020-21,0022000117,4,10:15,support,False,1,Bagley III S.FOUL (P1.T1) (J.Van Duyne)
2020-21,0022000119,4,0:33,overturn,True,0,
2020-21,0022000120,1,0:03,overturn,False,1,Brunson OFF.Foul (P1) (A.Moyer-Gleich)
2020-21,0022000121,4,2:35,support,False,0,
2020-21,0022000123,3,0:47,stands,False,0,
2020-21,0022000125,4,11:43,overturn,False,0,
2020-21,0022000130,3,2:30,overturn,False,1,Zubac OFF.Foul (P2) (N.Buchert)
2020-21,0022000130,3,1:30,overturn,False,0,
2020-21,0022000132,2,9:14,overturn,False,0,
2020-21,0022000135,2,5:45,overturn,False,0,
2020-21,0022000135,4,0:56,overturn,True,0,
2020-21,0022000136,4,5:14,support,False,1,Wagner S.FOUL (P6.PN) (J.DeRosa)
2020-21,0022000139,4,10:21,overturn,False,0,
2020-21,0022000140,3,4:30,overturn,False,0,
2020-21,0022000140,3,4:22,overturn,False,0,
2020-21,0022000142,4,1:15,overturn,True,0,
2020-21,0022000143,4,4:06,overturn,False,0,
2020-21,0022000144,4,11:44,overturn,False,0,
2020-21,0022000145,4,3:53,overturn,False,0,
2020-21,0022000146,4,4:14,overturn,False,0,
2020-21,0022000148,4,0:04,support,True,1,Lowry P.FOUL (P4.PN) (J.Williams)
2020-21,0022000150,4,2:05,stands,False,1,Valanciunas S.FOUL (P4.T2) (G.Petraitis)
2020-21,0022000151,3,8:02,overturn,False,1,G. Antetokounmpo P.FOUL (P3.T3) (J.Capers)
2020-21,0022000152,4,4:42,support,False,0,
2020-21,0022000155,4,7:11,stands,False,1,Siakam S.FOUL (P4.T2) (N.Buchert)
2020-21,0022000156,4,10:50,overturn,False,0,
2020-21,0022000157,2,8:21,support,False,1,Simmons OFF.Foul (P2) (M.Davis)
2020-21,0022000157,4,0:07,support,True,1,Olynyk P.FOUL (P3.T4) (M.Davis)
2020-21,0022000158,4,2:00,stands,True,1,Barton OFF.Foul (P1) (J.Sterling)
2020-21,0022000160,3,2:58,support,False,0,
2020-21,0022000161,3,11:41,stands,False,1,Tucker S.FOUL (P2.T1) (D.Scott)
2020-21,0022000163,4,2:24,overturn,False,0,
2020-21,0022000163,4,0:22,overturn,True,0,
2020-21,0022000169,4,0:52,overturn,True,0,
2020-21,0022000172,4,3:40,overturn,False,1,Beverley L.B.FOUL (P3.T3) (L.Richardson)
2020-21,0022000173,3,11:34,overturn,False,0,
2020-21,0022000177,2,4:19,stands,False,1,Murray S.FOUL (P2.PN) (B.Taylor)
2020-21,0022000178,4,10:44,overturn,False,1,Lillard Offensive Charge Foul (P2) (B.Forte)
2020-21,0022000178,4,6:24,support,False,0,
2020-21,0022000179,4,1:23,stands,True,1,Bey S.FOUL (P2.PN) (J.Goble)
2020-21,0022000180,2,0:26,overturn,False,1,Anthony OFF.Foul (P2) (K.Scott)
2020-21,0022000187,4,3:22,overturn,False,2,Kuzma OFF.Foul (P1) (D.Guthrie) || Ingram T.FOUL (P2.T3) (J.Goble)
2020-21,0022000189,4,8:11,support,False,1,McLemore S.FOUL (P2.T2) (K.Lane)
2020-21,0022000189,4,7:54,support,False,1,Walker IV S.FOUL (P3.T2) (D.Mosher)
2020-21,0022000190,4,0:08,overturn,True,2,Brown L.B.FOUL (P5.PN) (D.Richardson) || Vucevic Personal Take Foul (P4.PN) (D.Richardson)
2020-21,0022000191,4,5:35,stands,False,1,Boucher S.FOUL (P5.T1) (S.Mehta)
2020-21,0022000192,4,3:41,overturn,False,1,Dragic OFF.Foul (P2) (S.Corbin)
2020-21,0022000194,4,2:53,stands,False,1,Sabonis S.FOUL (P5.T4) (B.Taylor)
2020-21,0022000196,4,8:58,support,False,1,Bullock S.FOUL (P2.PN) (N.Green)
2020-21,0022000197,4,10:28,stands,False,1,Dellavedova S.FOUL (P3.T1) (T.Brown)
2020-21,0022000197,4,0:38,stands,True,1,Mathews S.FOUL (P5.PN) (T.Brown)
2020-21,0022000198,3,2:29,stands,False,1,Arcidiacono Offensive Charge Foul (P2.PN) (B.Nansel)
2020-21,0022000200,4,3:43,overturn,False,0,
2020-21,0022000200,4,0:22,support,True,1,Dozier S.FOUL (P2.PN) (T.Brothers)
2020-21,0022000201,2,4:22,overturn,False,0,
2020-21,0022000209,4,10:31,overturn,False,0,
2020-21,0022000210,1,8:21,overturn,False,1,Baynes S.FOUL (P1.T1) (K.Scott)
2020-21,0022000212,3,11:33,overturn,False,0,
2020-21,0022000212,3,4:31,stands,False,1,Schroder P.FOUL (P3.T3) (G.Petraitis)
2020-21,0022000216,4,0:01,overturn,True,1,Sexton P.FOUL (P4.PN) (S.Mehta)
2020-21,0022000218,4,3:28,support,False,1,Theis P.FOUL (P4.PN) (D.Richardson)
2020-21,0022000219,4,4:28,overturn,False,0,
2020-21,0022000221,4,2:14,overturn,False,0,
2020-21,0022000222,2,8:47,support,False,1,Cousins S.FOUL (P1.T1) (J.Tiven)
2020-21,0022000222,2,5:25,overturn,False,0,
2020-21,0022000225,1,4:09,overturn,False,1,Nurkic OFF.Foul (P2) (E.Malloy)
2020-21,0022000226,4,10:17,overturn,False,1,G. Antetokounmpo Offensive Charge Foul (P4) (S.Foster)
2020-21,0022000227,3,7:46,stands,False,1,Ball S.FOUL (P2.T2) (T.Ford)
2020-21,0022000230,4,5:14,support,False,1,Nwaba S.FOUL (P3.T4) (B.Schwab)
2020-21,0022000235,4,3:47,stands,False,1,Teague S.FOUL (P2.PN) (D.Taylor)
2020-21,0022000238,4,3:59,overturn,False,1,Booker OFF.Foul (P2) (J.Capers)
2020-21,0022000238,4,3:22,stands,False,1,Booker S.FOUL (P3.T3) (J.Capers)
2020-21,0022000239,3,9:09,support,False,1,Beverley S.FOUL (P2.T2) (J.Van Duyne)
2020-21,0022000240,3,9:50,overturn,False,0,
2020-21,0022000241,3,2:41,overturn,False,0,
2020-21,0022000241,4,0:55,support,True,1,Bagley III P.FOUL (P6.PN) (J.Goble)
2020-21,0022000242,4,9:37,overturn,False,0,
2020-21,0022000244,2,6:25,overturn,False,0,
2020-21,0022000245,2,3:46,overturn,False,0,
2020-21,0022000245,3,4:21,support,False,1,LaVine S.FOUL (P4.T4) (B.Barnaky)
2020-21,0022000248,2,5:30,stands,False,1,Jokic OFF.Foul (P2) (S.Foster)
2020-21,0022000248,4,8:16,overturn,False,0,
2020-21,0022000249,2,7:38,overturn,False,0,
2020-21,0022000250,3,11:20,support,False,1,Walker S.FOUL (P2.T1) (L.Richardson)
2020-21,0022000251,4,11:01,stands,False,1,Muscala S.FOUL (P2.T2) (J.Capers)
2020-21,0022000254,4,7:57,overturn,False,1,Collins S.FOUL (P4.T2) (B.Taylor)
2020-21,0022000256,4,1:33,support,True,1,Simons S.FOUL (P3.PN) (T.Brothers)
2020-21,0022000258,3,10:32,overturn,False,0,
2020-21,0022000258,4,3:02,support,False,1,Lowry P.FOUL (P4.PN) (K.Fitzgerald)
2020-21,0022000259,4,1:45,support,True,1,Anthony P.FOUL (P5.PN) (N.Sago)
2020-21,0022000261,3,7:01,stands,False,1,Allen S.FOUL (P2.PN) (T.Ford)
2020-21,0022000261,4,9:26,overturn,False,0,
2020-21,0022000262,3,2:17,stands,False,1,Nesmith Offensive Charge Foul (P1.T4) (B.Nansel)
2020-21,0022000263,4,3:19,stands,False,1,Davis S.FOUL (P5.T3) (B.Taylor)
2020-21,0022000264,2,0:29,overturn,False,1,Poeltl S.FOUL (P1.PN) (K.Mauer)
2020-21,0022000267,4,0:20,overturn,True,0,
2020-21,0022000269,4,6:26,overturn,False,1,Mathews S.FOUL (P3.PN) (J.Capers)
2020-21,0022000273,1,3:15,support,False,1,Birch S.FOUL (P1.PN) (M.Dagher)
2020-21,0022000273,4,9:10,support,False,1,Haliburton S.FOUL (P1.T1) (M.Dagher)
2020-21,0022000274,4,10:51,stands,False,1,Young S.FOUL (P2.T1) (J.Conley)
2020-21,0022000277,4,4:48,overturn,False,1,Baynes S.FOUL (P6.PN) (R.Mott)
2020-21,0022000282,3,9:27,stands,False,1,Richardson S.FOUL (P1.T2) (G.Petraitis)
2020-21,0022000283,4,1:01,stands,True,1,McLaughlin P.FOUL (P3.PN) (J.Van Duyne)
2020-21,0022000286,3,7:52,stands,False,1,Oubre Jr. S.FOUL (P2.T3) (D.Richardson)
2020-21,0022000286,3,3:56,stands,False,1,Moore P.FOUL (P1.T2) (D.Richardson)
2020-21,0022000288,3,7:31,overturn,False,1,McDermott Offensive Charge Foul (P3) (H.Workman)
2020-21,0022000290,4,5:08,support,False,2,Capela P.FOUL (P2.PN) (M.Ayotte) || Rondo T.FOUL (P3.PN) (M.Ayotte)
2020-21,0022000291,4,10:14,overturn,False,0,
2020-21,0022000291,4,3:08,support,False,1,Noel S.FOUL (P4.PN) (R.Acosta)
2020-21,0022000297,2,4:15,stands,False,1,Ingles OFF.Foul (P2) (T.Washington)
2020-21,0022000298,4,3:56,support,False,1,Kanter Offensive Charge Foul (P2.T4) (D.Mosher)
2020-21,0022000299,4,6:25,overturn,False,1,Zeller S.FOUL (P2.T3) (D.Guthrie)
2020-21,0022000301,2,0:05,stands,False,1,Guy S.FOUL (P1.PN) (T.Brothers)
2020-21,0022000305,3,6:07,stands,False,1,Wiseman S.FOUL (P2.T4) (B.Schwab)
2020-21,0022000306,2,9:52,support,False,2,Campazzo P.FOUL (P3.T2) (T.Brown) || Ingles T.FOUL (P0.T0) (T.Brown)
2020-21,0022000307,3,0:54,overturn,False,0,
2020-21,0022000308,4,4:43,overturn,False,1,Ibaka S.FOUL (P1.T1) (C.Washington)
2020-21,0022000310,4,8:21,support,False,1,Durant S.FOUL (P3.T3) (G.Petraitis)
2020-21,0022000312,4,11:08,stands,False,0,
2020-21,0022000313,4,4:03,support,False,1,Young T.FOUL (P1.T2) (M.Dagher)
2020-21,0022000317,4,9:26,stands,False,1,Lewis Jr. S.FOUL (P1.T1) (J.Capers)
2020-21,0022000317,4,5:57,support,False,1,Fox OFF.Foul (P3) (J.Conley)
2020-21,0022000318,4,8:51,stands,False,1,Pokusevski S.FOUL (P1.T1) (M.Ayotte)
2020-21,0022000319,4,3:14,stands,False,0,
2020-21,0022000323,4,8:25,support,False,1,Lowry S.FOUL (P1.T3) (G.Petraitis)
2020-21,0022000324,4,2:36,support,False,1,Morris Sr. S.FOUL (P2.T3) (J.Goble)
2020-21,0022000325,4,7:40,overturn,False,0,
2020-21,0022000328,4,6:12,stands,False,1,Drummond S.FOUL (P3.T3) (J.Tiven)
2020-21,0022000330,3,2:28,overturn,False,0,
2020-21,0022000334,3,11:15,overturn,False,0,
2020-21,0022000339,3,0:00,stands,False,1,Oubre Jr. S.FOUL (P2.PN) (K.Mauer)
2020-21,0022000340,2,5:37,overturn,False,0,
2020-21,0022000340,3,7:08,support,False,1,Morant S.FOUL (P2.T3) (R.Mott)
2020-21,0022000342,1,1:06,support,False,1,Gobert S.FOUL (P2.T4) (T.Washington)
2020-21,0022000345,3,9:06,overturn,False,0,
2020-21,0022000345,4,2:26,overturn,False,0,
2020-21,0022000346,2,11:44,overturn,False,0,
2020-21,0022000347,2,9:10,overturn,False,1,Beal OFF.Foul (P2) (L.Holtkamp)
2020-21,0022000349,3,2:10,overturn,False,0,
2020-21,0022000349,4,3:47,stands,False,1,Booker OFF.Foul (P5) (M.Myers)
2020-21,0022000350,4,2:26,stands,False,1,Kennard S.FOUL (P2.T3) (K.Fitzgerald)
2020-21,0022000352,3,4:55,stands,False,1,Haliburton S.FOUL (P1.T2) (S.Wall)
2020-21,0022000353,1,4:36,overturn,False,0,
2020-21,0022000354,4,4:22,stands,False,1,Simmons OFF.Foul (P3) (T.Maddox)
2020-21,0022000355,3,7:24,stands,False,1,Adams L.B.FOUL (P2.T3) (B.Barnaky)
2020-21,0022000356,4,9:31,support,False,1,Gallinari OFF.Foul (P4) (J.Williams)
2020-21,0022000358,4,10:09,support,False,1,Wall Offensive Charge Foul (P3.T1) (S.Mehta)
2020-21,0022000359,3,0:50,overturn,False,0,
2020-21,0022000360,2,2:42,overturn,False,0,
2020-21,0022000360,4,0:33,overturn,True,0,
2020-21,0022000361,2,1:06,overturn,False,2,J. Jackson OFF.Foul (P3) (T.Brown) || 
2020-21,0022000361,5,1:06,overturn,True,0,
2020-21,0022000362,4,3:33,overturn,False,0,
2020-21,0022000365,4,1:37,stands,True,1,Bridges S.FOUL (P2.T2) (C.Kirkland)
2020-21,0022000367,4,2:13,overturn,False,0,
2020-21,0022000368,2,10:17,overturn,False,1,Young S.FOUL (P2.T2) (B.Taylor)
2020-21,0022000369,4,5:51,overturn,False,1,Boucher Offensive Charge Foul (P2.T2) (K.Cutler)
2020-21,0022000370,4,4:25,overturn,False,1,Hardaway Jr. S.FOUL (P1.T4) (E.Malloy)
2020-21,0022000371,4,2:10,overturn,False,1,Mills S.FOUL (P4.T4) (J.Schroeder)
2020-21,0022000374,4,0:08,overturn,True,0,
2020-21,0022000374,5,0:34,stands,True,1,Gilgeous-Alexander Offensive Charge Foul (P2.T1) (K.Fitzgerald)
2020-21,0022000376,3,0:13,stands,False,1,Randle L.B.FOUL (P2.PN) (E.Scott)
2020-21,0022000377,4,8:31,overturn,False,1,Lewis Jr. S.FOUL (P3.T2) (Z.Zarba)
2020-21,0022000377,4,4:03,stands,False,0,
2020-21,0022000378,4,9:59,support,False,1,Johnson S.FOUL (P1.T1) (M.Ervin)
2020-21,0022000379,3,10:18,stands,False,1,Gobert S.FOUL (P2.T2) (T.Brown)
2020-21,0022000381,4,4:38,support,False,1,Barnes S.FOUL (P3.PN) (C.Washington)
2020-21,0022000382,4,4:54,overturn,False,0,
2020-21,0022000385,4,6:04,support,False,1,Temple S.FOUL (P3.PN) (H.Workman)
2020-21,0022000391,4,8:42,stands,False,1,Griffin P.FOUL (P2.T1) (L.Holtkamp)
2020-21,0022000391,4,6:06,stands,False,1,Sabonis S.FOUL (P5.T3) (K.Scott)
2020-21,0022000392,4,1:02,support,True,1,Adebayo OFF.Foul (P6) (E.Scott)
2020-21,0022000395,2,5:50,overturn,False,1,Biyombo T.FOUL (P0.T1) (J.Schroeder)
2020-21,0022000396,3,1:40,overturn,False,0,
2020-21,0022000398,4,8:34,stands,False,1,Boucher P.FOUL (P5.T3) (A.Moyer-Gleich)
2020-21,0022000401,1,3:59,support,False,1,Dort Offensive Charge Foul (P2.T2) (N.Green)
2020-21,0022000401,4,11:21,overturn,False,1,Muscala L.B.FOUL (P1.T1) (J.Williams)
2020-21,0022000403,4,5:51,overturn,False,0,
2020-21,0022000405,3,9:05,stands,False,1,Carter-Williams S.FOUL (P1.T2) (D.Collins)
2020-21,0022000406,4,7:55,stands,False,1,Embiid S.FOUL (P3.T1) (A.Smith)
2020-21,0022000407,3,5:55,support,False,1,Hill S.FOUL (P2.T3) (G.Petraitis)
2020-21,0022000408,4,3:49,overturn,False,1,Cousins S.FOUL (P3.T4) (T.Maddox)
2020-21,0022000411,4,1:22,stands,True,1,Covington S.FOUL (P3.PN) (S.Wall)
2020-21,0022000412,3,10:50,stands,False,1,Grant S.FOUL (P1.T2) (Z.Zarba)
2020-21,0022000412,4,0:16,stands,True,1,Theis P.FOUL (P4.PN) (S.Mehta)
2020-21,0022000413,4,6:22,support,False,1,Towns S.FOUL (P4.PN) (J.Van Duyne)
2020-21,0022000414,3,0:33,support,False,0,
2020-21,0022000415,3,6:44,stands,False,1,Middleton OFF.Foul (P4) (J.Schroeder)
2020-21,0022000418,4,9:39,overturn,False,0,
2020-21,0022000420,4,6:50,overturn,False,1,Turner S.FOUL (P5.T2) (B.Forte)
2020-21,0022000421,4,7:28,overturn,False,0,
2020-21,0022000422,4,9:16,stands,False,1,Gallinari S.FOUL (P4.T3) (B.Nansel)
2020-21,0022000424,3,11:28,overturn,False,0,
2020-21,0022000425,4,9:43,overturn,False,0,
2020-21,0022000428,4,10:22,stands,False,1,White S.FOUL (P5.T1) (T.Ford)
2020-21,0022000430,4,2:54,overturn,False,0,
2020-21,0022000432,3,6:46,stands,False,1,Horford S.FOUL (P2.T4) (S.Wright)
2020-21,0022000433,4,1:18,overturn,True,0,
2020-21,0022000435,1,5:01,stands,False,1,Allen S.FOUL (P1.T3) (P.Fraher)
2020-21,0022000436,2,3:03,overturn,False,0,
2020-21,0022000436,4,4:30,overturn,False,0,
2020-21,0022000437,3,7:02,overturn,False,0,
2020-21,0022000439,4,7:03,overturn,False,0,
2020-21,0022000439,4,0:22,support,True,0,
2020-21,0022000440,2,3:52,stands,False,1,Turner S.FOUL (P2.PN) (A.Smith)
2020-21,0022000441,3,4:31,stands,False,1,Lillard S.FOUL (P1.T4) (D.Taylor)
2020-21,0022000442,3,1:56,overturn,False,1,Cauley-Stein L.B.FOUL (P4.PN) (M.Davis)
2020-21,0022000443,4,4:59,overturn,False,0,
2020-21,0022000443,5,4:26,overturn,False,0,
2020-21,0022000445,4,4:24,overturn,False,0,
2020-21,0022000445,4,2:35,overturn,False,1,VanVleet P.FOUL (P4.PN) (S.Foster)
2020-21,0022000447,4,8:44,support,False,1,Adebayo OFF.Foul (P2) (S.Corbin)
2020-21,0022000449,2,1:35,overturn,False,0,
2020-21,0022000455,1,3:17,overturn,False,0,
2020-21,0022000456,1,3:35,overturn,False,0,
2020-21,0022000457,3,8:16,overturn,False,1,Leonard L.B.FOUL (P2.T3) (K.Scott)
2020-21,0022000457,4,6:43,stands,False,1,Leonard L.B.FOUL (P4.T3) (J.Williams)
2020-21,0022000458,2,2:25,stands,False,1,Bullock S.FOUL (P1.T4) (G.Petraitis)
2020-21,0022000460,4,5:35,stands,False,1,Carter Jr. Offensive Charge Foul (P4.PN) (S.Foster)
2020-21,0022000464,4,3:37,overturn,False,0,
2020-21,0022000465,2,6:02,overturn,False,0,
2020-21,0022000465,5,2:20,overturn,False,0,
2020-21,0022000466,2,0:36,stands,False,1,Okoro S.FOUL (P2.PN) (M.Kogut)
2020-21,0022000467,1,4:37,overturn,False,1,Plumlee S.FOUL (P1.T4) (B.Nansel)
2020-21,0022000467,2,3:49,support,False,0,
2020-21,0022000469,1,6:11,overturn,False,0,
2020-21,0022000471,2,6:42,overturn,False,1,Parker S.FOUL (P1.T4) (M.Ervin)
2020-21,0022000471,4,10:13,stands,False,1,Joseph S.FOUL (P2.T1) (N.Sago)
2020-21,0022000472,4,2:50,stands,False,1,Beverley OFF.Foul (P3) (J.Goldenberg)
2020-21,0022000473,2,7:36,support,False,1,Bitadze S.FOUL (P3.T3) (K.Fitzgerald)
2020-21,0022000475,4,10:19,stands,False,1,Diallo P.FOUL (P4.T1) (R.Acosta)
2020-21,0022000478,4,8:17,overturn,False,3,Zeller OFF.Foul (P4) (T.Ford) || Gobert T.FOUL (P3.T2) (T.Ford) || 
2020-21,0022000479,5,0:14,stands,True,1,Gasol P.FOUL (P6.T2) (J.Goldenberg)
2020-21,0022000480,2,8:38,overturn,False,0,
2020-21,0022000480,4,1:51,support,True,1,S. Hill P.FOUL (P4.PN) (J.DeRosa)
2020-21,0022000483,4,5:11,overturn,False,0,
2020-21,0022000483,4,0:59,support,True,1,Barrett S.FOUL (P4.PN) (M.Ervin)
2020-21,0022000487,2,1:17,overturn,False,0,
2020-21,0022000488,2,3:25,overturn,False,0,
2020-21,0022000489,4,0:19,support,True,1,Curry Offensive Charge Foul (P2) (T.Brothers)
2020-21,0022000491,2,4:10,overturn,False,0,
2020-21,0022000492,2,5:45,stands,False,1,Lowry S.FOUL (P2.T2) (G.Petraitis)
2020-21,0022000492,2,1:18,overturn,False,1,Siakam Offensive Charge Foul (P4.PN) (K.Fitzgerald)
2020-21,0022000496,3,8:55,overturn,False,1,Zeller P.FOUL (P1.T1) (S.Twardoski)
2020-21,0022000496,4,0:32,stands,True,1,Hayward S.FOUL (P2.PN) (S.Twardoski)
2020-21,0022000498,2,3:15,overturn,False,0,
2020-21,0022000500,3,9:06,stands,False,1,Fox S.FOUL (P1.T2) (S.Wright)
2020-21,0022000500,4,8:51,overturn,False,1,Joseph S.FOUL (P4.T1) (S.Wright)
2020-21,0022000504,4,5:15,stands,False,1,Holmes S.FOUL (P5.T4) (T.Brothers)
2020-21,0022000504,4,0:12,overturn,True,1,Hield S.FOUL (P3.PN) (T.Brothers)
2020-21,0022000505,1,1:12,overturn,False,1,Teague P.FOUL (P1.PN) (M.Lindsay)
2020-21,0022000505,4,9:35,overturn,False,0,
2020-21,0022000506,2,3:45,overturn,False,0,
2020-21,0022000509,4,7:42,overturn,False,0,
2020-21,0022000514,4,2:40,stands,False,1,Ingram S.FOUL (P4.PN) (H.Workman)
2020-21,0022000518,4,7:34,stands,False,1,Hartenstein S.FOUL (P2.T4) (J.Butler)
2020-21,0022000521,3,0:36,stands,False,1,Ntilikina S.FOUL (P2.PN) (T.Brothers)
2020-21,0022000522,4,8:28,stands,False,1,Snell S.FOUL (P3.T2) (J.Goble)
2020-21,0022000523,4,6:59,overturn,False,1,Baynes S.FOUL (P4.T4) (B.Barnaky)
2020-21,0022000525,3,3:09,overturn,False,0,
2020-21,0022000525,3,1:12,support,False,1,McLemore S.FOUL (P2.PN) (B.Adams)
2020-21,0022000526,3,1:05,stands,False,0,
2020-21,0022000527,2,3:02,stands,False,1,Schroder S.FOUL (P2.T3) (J.Van Duyne)
2020-21,0022000528,3,0:25,overturn,False,1,Monk Offensive Charge Foul (P2) (L.Holtkamp)
2020-21,0022000533,2,1:28,stands,False,1,Clarkson P.FOUL (P1.T4) (H.Workman)
2020-21,0022000537,4,1:33,overturn,True,0,
2020-21,0022000537,4,0:28,support,True,1,Tatum OFF.Foul (P1) (J.DeRosa)
2020-21,0022000539,4,4:20,stands,False,1,Plumlee S.FOUL (P4.PN) (M.Kogut)
2020-21,0022000541,2,5:42,overturn,False,0,
2020-21,0022000543,4,0:54,stands,True,1,Turner S.FOUL (P4.PN) (T.Brown)
2020-21,0022000544,4,3:28,overturn,False,1,Young S.FOUL (P2.T2) (K.Mauer)
2020-21,0022000545,2,2:16,support,False,0,
2020-21,0022000550,4,0:04,support,True,1,Green Offensive Charge Foul (P4.PN) (D.Richardson)
2020-21,0022000551,4,4:04,overturn,False,0,
2020-21,0022000552,3,3:25,stands,False,1,Lowry P.FOUL (P1.PN) (S.Foster)
2020-21,0022000554,3,3:39,stands,False,1,Leonard Offensive Charge Foul (P4.PN) (A.Smith)
2020-21,0022000555,4,1:01,stands,True,1,G. Antetokounmpo S.FOUL (P4.PN) (H.Workman)
2020-21,0022000556,1,1:11,overturn,False,1,Poeltl OFF.Foul (P2) (J.Capers)
2020-21,0022000558,2,9:43,stands,False,1,Covington Personal Take Foul (P1.T1) (J.Van Duyne)
2020-21,0022000560,4,11:24,stands,False,1,Nesmith P.FOUL (P3.T1) (J.Conley)
2020-21,0022000561,4,1:29,stands,True,1,Plumlee S.FOUL (P3.PN) (A.Nagy)
2020-21,0022000562,2,5:03,overturn,False,0,
2020-21,0022000562,3,5:54,stands,False,1,Clarke S.FOUL (P1.PN) (J.Goble)
2020-21,0022000564,4,9:14,stands,False,0,
2020-21,0022000565,2,10:54,overturn,False,0,
2020-21,0022000568,4,1:14,support,True,1,Mykhailiuk S.FOUL (P2.PN) (J.Goldenberg)
2020-21,0022000571,4,5:40,overturn,False,1,Olynyk S.FOUL (P3.T3) (C.Washington)
2020-21,0022000574,4,4:58,overturn,False,0,
2020-21,0022000575,4,3:33,overturn,False,1,Gilgeous-Alexander OFF.Foul (P4) (P.Ransom)
2020-21,0022000575,4,1:58,support,True,1,Pokusevski S.FOUL (P3.PN) (P.Ransom)
2020-21,0022000577,4,1:10,stands,True,1,Jones Jr. P.FOUL (P4.PN) (E.Malloy)
2020-21,0022000579,3,7:44,stands,False,1,Green S.FOUL (P1.T2) (T.Brown)
2020-21,0022000580,3,10:33,overturn,False,0,
2020-21,0022000584,4,3:12,stands,False,1,Porter Jr. S.FOUL (P3.T2) (T.Maddox)
2020-21,0022000586,3,0:53,support,False,1,Roby P.FOUL (P2.PN) (J.Tiven)
2020-21,0022000588,3,1:31,support,False,1,Watson P.FOUL (P2.PN) (N.Green)
2020-21,0022000590,4,6:23,stands,False,1,Fox S.FOUL (P5.T3) (S.Foster)
2020-21,0022000591,2,3:02,stands,False,1,Edwards OFF.Foul (P3) (J.Goble)
2020-21,0022000591,2,2:25,stands,False,1,Jones Jr. S.FOUL (P1.PN) (M.Lindsay)
2020-21,0022000592,4,6:07,overturn,False,0,
2020-21,0022000594,3,6:36,overturn,False,0,
2020-21,0022000598,1,2:45,stands,False,1,Smart S.FOUL (P2.PN) (A.Moyer-Gleich)
2020-21,0022000599,4,1:06,overturn,True,1,Covington OFF.Foul (P5) (T.Maddox)
2020-21,0022000603,3,1:58,stands,False,1,G. Antetokounmpo Offensive Charge Foul (P2) (S.Wright)
2020-21,0022000604,4,0:07,overturn,True,0,
2020-21,0022000606,3,3:56,overturn,False,1,Barton S.FOUL (P1.T3) (M.Smith)
2020-21,0022000609,3,2:35,stands,False,1,Brown S.FOUL (P1.T4) (K.Cutler)
2020-21,0022000610,4,10:59,overturn,False,0,
2020-21,0022000612,3,8:55,overturn,False,0,
2020-21,0022000613,3,1:20,overturn,False,0,
2020-21,0022000615,4,6:21,overturn,False,0,
2020-21,0022000616,4,9:11,stands,False,1,Plumlee S.FOUL (P5.T3) (T.Brown)
2020-21,0022000616,4,0:57,overturn,True,1,Grant S.FOUL (P3.PN) (T.Brown)
2020-21,0022000619,4,10:47,stands,False,1,Bjelica S.FOUL (P2.T2) (S.Wright)
2020-21,0022000622,4,7:23,stands,False,1,Patton S.FOUL (P2.T3) (J.Conley)
2020-21,0022000625,3,6:10,stands,False,1,Hardaway Jr. S.FOUL (P1.T2) (S.Twardoski)
2020-21,0022000625,3,0:56,overturn,False,0,
2020-21,0022000626,4,6:31,overturn,False,0,
2020-21,0022000628,4,3:15,stands,False,1,Booker S.FOUL (P3.PN) (D.Taylor)
2020-21,0022000629,4,10:39,overturn,False,1,Williamson Offensive Charge Foul (P1.T1) (D.Collins)
2020-21,0022000630,2,9:48,overturn,False,0,
2020-21,0022000630,2,1:45,overturn,False,1,Biyombo OFF.Foul (P3) (H.Workman)
2020-21,0022000631,2,1:41,stands,False,1,Haliburton P.FOUL (P1.T4) (A.Moyer-Gleich)
2020-21,0022000633,3,9:18,support,False,1,Harden S.FOUL (P4.T2) (M.Ervin)
2020-21,0022000634,4,1:25,stands,True,1,Powell S.FOUL (P4.PN) (M.Lindsay)
2020-21,0022000636,4,4:49,stands,False,1,Green P.FOUL (P3.T3) (J.Goble)
2020-21,0022000642,3,8:24,stands,False,1,Valanciunas S.FOUL (P2.T4) (J.Goble)
2020-21,0022000644,3,3:47,overturn,False,0,
2020-21,0022000645,3,9:34,overturn,False,1,Sabonis S.FOUL (P3.T2) (B.Nansel)
2020-21,0022000645,3,9:15,support,False,1,Sabonis OFF.Foul (P4) (L.Holtkamp)
2020-21,0022000648,4,2:18,overturn,False,1,Sexton OFF.Foul (P1) (N.Buchert)
2020-21,0022000652,4,5:31,overturn,False,0,
2020-21,0022000655,1,4:52,overturn,False,0,
2020-21,0022000655,3,0:39,overturn,False,0,
2020-21,0022000657,4,3:57,support,False,1,Wall P.FOUL (P2.T4) (J.Williams)
2020-21,0022000657,4,3:47,stands,False,1,Powell OFF.Foul (P3) (S.Jelks)
2020-21,0022000658,4,3:01,stands,False,1,Ojeleye S.FOUL (P1.T2) (H.Workman)
2020-21,0022000662,1,4:44,support,False,1,Noel S.FOUL (P2.PN) (C.Kirkland)
2020-21,0022000663,4,9:29,stands,False,1,Morris S.FOUL (P2.T1) (L.Holtkamp)
2020-21,0022000664,2,1:02,overturn,False,1,Robinson OFF.Foul (P2) (B.Kennedy)
2020-21,0022000666,4,0:16,overturn,True,0,
2020-21,0022000667,4,0:02,stands,True,2,J. Holiday S.FOUL (P4.PN) (B.Taylor) || Bey Personal Take Foul (P2.T4) (P.Ransom)
2020-21,0022000668,4,8:34,overturn,False,1,Green P.FOUL (P6.T4) (J.DeRosa)
2020-21,0022000669,3,0:10,stands,False,0,
2020-21,0022000669,4,1:21,stands,True,1,G. Antetokounmpo Offensive Charge Foul (P2) (K.Cutler)
2020-21,0022000674,3,10:31,overturn,False,0,
2020-21,0022000679,4,7:30,stands,False,1,Beal P.FOUL (P2.T4) (R.Acosta)
2020-21,0022000680,3,5:53,support,False,1,Mann P.FOUL (P3.T2) (L.Holtkamp)
2020-21,0022000680,4,3:06,overturn,False,0,
2020-21,0022000682,4,2:29,overturn,False,0,
2020-21,0022000683,3,5:06,overturn,False,0,
2020-21,0022000683,4,6:14,overturn,False,1,Griffin P.FOUL (P4.T4) (M.Myers)
2020-21,0022000685,4,8:44,support,False,1,DiVincenzo S.FOUL (P3.T2) (S.Wall)
2020-21,0022000686,3,1:56,overturn,False,1,Bridges S.FOUL (P2.PN) (L.Richardson)
2020-21,0022000689,3,8:55,overturn,False,1,Williamson Offensive Charge Foul (P2.T1) (J.Butler)
2020-21,0022000690,4,6:43,stands,False,1,Turner Offensive Charge Foul (P3) (E.Dalen)
2020-21,0022000691,3,10:11,stands,False,1,Morant P.FOUL (P2.T2) (A.Smith)
2020-21,0022000695,4,0:08,support,True,2,Lopez L.B.FOUL (P3.T2) (S.Wall) || Lopez T.FOUL (P3.T2) (S.Wall)
2020-21,0022000696,3,7:46,overturn,False,1,Wilson S.FOUL (P2.T3) (B.Barnaky)
2020-21,0022000697,2,7:47,overturn,False,0,
2020-21,0022000699,4,5:26,stands,False,0,
2020-21,0022000699,4,3:57,support,False,1,Kornet S.FOUL (P1.T2) (N.Green)
2020-21,0022000701,3,5:27,overturn,False,1,Simmons P.FOUL (P3.PN) (T.Brothers)
2020-21,0022000702,2,2:02,stands,False,1,Garland P.FOUL (P1.PN) (A.Moyer-Gleich)
2020-21,0022000702,4,0:53,support,True,1,Fox P.FOUL (P4.PN) (B.Kennedy)
2020-21,0022000704,4,3:29,stands,False,1,Covington S.FOUL (P5.PN) (R.Mott)
2020-21,0022000705,2,2:00,overturn,False,2,Young OFF.Foul (P1) (D.Mosher) || Young T.FOUL (P1.T1) (M.Davis)
2020-21,0022000706,2,9:07,overturn,False,0,
2020-21,0022000706,3,1:50,stands,False,1,Porter Jr. S.FOUL (P3.T4) (T.Maddox)
2020-21,0022000707,4,3:34,overturn,False,0,
2020-21,0022000708,3,11:03,overturn,False,0,
2020-21,0022000708,4,3:51,overturn,False,0,
2020-21,0022000711,4,3:42,stands,False,1,Siakam L.B.FOUL (P6.PN) (J.Butler)
2020-21,0022000712,4,1:37,stands,True,1,Clarke S.FOUL (P2.T4) (J.Sterling)
2020-21,0022000713,4,10:59,support,False,1,Bradley OFF.Foul (P3) (J.Goble)
2020-21,0022000714,2,1:19,overturn,False,1,White S.FOUL (P1.T4) (S.Wall)
2020-21,0022000715,3,8:44,overturn,False,0,
2020-21,0022000718,4,7:29,overturn,False,1,Washington OFF.Foul (P3) (R.Mott)
2020-21,0022000719,4,1:15,overturn,True,0,
2020-21,0022000720,4,5:17,stands,False,1,Randle S.FOUL (P1.T3) (M.Lindsay)
2020-21,0022000721,4,3:09,support,False,1,Bey P.FOUL (P6.PN) (S.Foster)
2020-21,0022000722,4,6:11,overturn,False,0,
2020-21,0022000723,3,5:11,stands,False,1,Wagner S.FOUL (P3.PN) (R.Acosta)
2020-21,0022000724,4,3:22,overturn,False,0,
2020-21,0022000729,2,10:29,overturn,False,1,G. Antetokounmpo OFF.Foul (P2) (T.Brothers)
2020-21,0022000730,3,8:00,overturn,False,0,
2020-21,0022000734,4,1:55,overturn,True,0,
2020-21,0022000734,5,3:47,overturn,False,1,Randle P.FOUL (P2.T1) (E.Dalen)
2020-21,0022000735,2,5:20,overturn,False,0,
2020-21,0022000735,4,0:39,support,True,1,Murray P.FOUL (P4.PN) (D.Scott)
2020-21,0022000737,3,1:10,overturn,False,1,Poole T.FOUL (P0.PN) (N.Buchert)
2020-21,0022000739,3,11:04,overturn,False,0,
2020-21,0022000741,3,4:37,overturn,False,1,Brooks OFF.Foul (P4) (B.Schwab)
2020-21,0022000741,4,4:27,support,False,1,Valanciunas S.FOUL (P5.T1) (D.Guthrie)
2020-21,0022000742,4,9:07,support,False,1,Iwundu Offensive Charge Foul (P1.T3) (C.Blair)
2020-21,0022000743,4,10:19,support,False,1,Gobert S.FOUL (P2.T2) (M.Davis)
2020-21,0022000746,4,6:30,overturn,False,1,Schroder OFF.Foul (P3) (L.Wood)
2020-21,0022000749,4,4:52,stands,False,1,Butler S.FOUL (P2.PN) (E.Lewis)
2020-21,0022000751,2,1:24,stands,False,1,Gay S.FOUL (P3.PN) (D.Taylor)
2020-21,0022000751,4,0:29,stands,True,1,Sumner S.FOUL (P4.PN) (T.Maddox)
2020-21,0022000756,2,6:17,support,False,1,George Offensive Charge Foul (P1.T4) (J.Van Duyne)
2020-21,0022000758,4,3:19,stands,False,1,Joe P.FOUL (P2.T3) (A.Nagy)
2020-21,0022000759,2,0:38,stands,False,1,Snell S.FOUL (P1.PN) (E.Scott)
2020-21,0022000761,3,2:37,support,False,1,Jokic S.FOUL (P3.T3) (M.Ayotte)
2020-21,0022000762,4,4:05,overturn,False,0,
2020-21,0022000763,3,11:27,overturn,False,1,Neto S.FOUL (P3.T2) (B.Forte)
2020-21,0022000763,3,7:53,overturn,False,0,
2020-21,0022000765,2,4:05,stands,False,1,Holmes S.FOUL (P1.PN) (D.Taylor)
2020-21,0022000765,3,1:47,overturn,False,0,
2020-21,0022000766,4,6:00,stands,False,1,Cook L.B.FOUL (P3.PN) (S.Mehta)
2020-21,0022000768,2,4:28,support,False,1,Olynyk S.FOUL (P3.T2) (M.Kogut)
2020-21,0022000768,4,2:17,overturn,False,0,
2020-21,0022000772,3,7:10,stands,False,2,Caldwell-Pope S.FOUL (P1.T2) (B.Forte) || Flynn T.FOUL (P0.T0) (K.Scott)
2020-21,0022000772,4,0:18,overturn,True,0,
2020-21,0022000774,4,2:08,stands,False,1,Green S.FOUL (P6.T4) (M.Davis)
2020-21,0022000776,4,7:27,support,False,1,Bitadze S.FOUL (P4.T1) (D.Scott)
2020-21,0022000778,1,1:50,stands,False,1,Brown Offensive Charge Foul (P1.PN) (S.Corbin)
2020-21,0022000778,3,5:34,stands,False,1,Payton S.FOUL (P3.T2) (S.Corbin)
2020-21,0022000779,1,4:23,overturn,False,1,Marshall S.FOUL (P1.T4) (J.Capers)
2020-21,0022000779,3,11:04,overturn,False,1,Durant P.FOUL (P1.T1) (K.Cutler)
2020-21,0022000781,3,8:10,overturn,False,0,
2020-21,0022000784,4,0:48,overturn,True,0,
2020-21,0022000786,4,5:44,stands,False,1,Holiday P.FOUL (P2.T4) (K.Mauer)
2020-21,0022000786,4,3:37,overturn,False,0,
2020-21,0022000787,1,0:07,overturn,False,0,
2020-21,0022000787,4,5:59,stands,False,1,Powell P.FOUL (P3.T3) (M.Smith)
2020-21,0022000788,4,3:17,overturn,False,1,Batum P.FOUL (P1.T3) (K.Lane)
2020-21,0022000790,4,6:41,stands,False,1,Lamb S.FOUL (P2.T2) (M.Dagher)
2020-21,0022000792,3,4:49,stands,False,2,Walker S.FOUL (P2.PN) (S.Corbin) || Walker T.FOUL (P2.PN) (S.Corbin)
2020-21,0022000793,4,9:03,overturn,False,1,Toppin S.FOUL (P1.T3) (C.Washington)
2020-21,0022000795,2,1:32,overturn,False,0,
2020-21,0022000799,2,8:02,overturn,False,1,Cousins S.FOUL (P2.T1) (S.Wright)
2020-21,0022000799,4,5:15,overturn,False,0,
2020-21,0022000805,4,6:27,overturn,False,0,
2020-21,0022000806,3,11:43,stands,False,0,
2020-21,0022000806,4,2:33,overturn,False,0,
2020-21,0022000809,2,0:45,overturn,False,0,
2020-21,0022000809,3,1:43,overturn,False,0,
2020-21,0022000811,3,5:38,stands,False,1,Sabonis S.FOUL (P4.T3) (N.Green)
2020-21,0022000812,4,3:24,overturn,False,0,
2020-21,0022000813,2,6:00,stands,False,1,Kennard S.FOUL (P3.T2) (S.Wright)
2020-21,0022000813,4,3:10,stands,False,0,
2020-21,0022000814,2,8:26,overturn,False,0,
2020-21,0022000814,4,7:53,overturn,False,0,
2020-21,0022000815,3,4:38,support,False,1,Barrett P.FOUL (P2.T3) (L.Richardson)
2020-21,0022000816,3,4:26,stands,False,1,Eubanks S.FOUL (P1.PN) (A.Nagy)
2020-21,0022000816,3,3:37,overturn,False,1,DeRozan OFF.Foul (P3) (B.Kennedy)
2020-21,0022000819,3,2:56,stands,False,1,Jones OFF.Foul (P1) (J.Butler)
2020-21,0022000826,3,5:18,overturn,False,0,
2020-21,0022000827,4,10:26,stands,False,1,Johnson S.FOUL (P3.T1) (K.Fitzgerald)
2020-21,0022000829,3,3:42,support,False,1,Zeller S.FOUL (P2.T4) (J.Schroeder)
2020-21,0022000830,4,1:04,stands,True,1,Johnson P.FOUL (P3.PN) (D.Guthrie)
2020-21,0022000833,1,2:32,overturn,False,0,
2020-21,0022000838,2,4:03,overturn,False,1,Robinson S.FOUL (P2.T3) (P.Fraher)
2020-21,0022000841,2,9:01,overturn,False,0,
2020-21,0022000841,4,5:59,overturn,False,0,
2020-21,0022000843,4,3:15,overturn,False,0,
2020-21,0022000844,4,1:06,overturn,True,0,
2020-21,0022000845,2,6:20,support,False,1,Jerome S.FOUL (P3.T4) (D.Taylor)
2020-21,0022000845,4,3:10,overturn,False,1,Dort S.FOUL (P4.T3) (K.Scott)
2020-21,0022000847,5,3:43,overturn,False,1,Williamson OFF.Foul (P5) (M.Lindsay)
2020-21,0022000847,5,0:01,support,True,1,Williamson S.FOUL (P6.T1) (M.Lindsay)
2020-21,0022000849,2,10:06,stands,False,1,Okeke P.FOUL (P1.T1) (B.Barnaky)
2020-21,0022000849,3,6:46,stands,False,1,Watson S.FOUL (P3.T4) (T.Maddox)
2020-21,0022000852,3,6:18,overturn,False,1,Nunn S.FOUL (P4.PN) (M.Ervin)
2020-21,0022000858,4,3:30,overturn,False,0,
2020-21,0022000862,5,0:30,stands,True,1,Ntilikina S.FOUL (P3.PN) (C.Blair)
2020-21,0022000864,3,10:00,overturn,False,0,
2020-21,0022000865,3,3:16,support,False,1,Pokusevski S.FOUL (P2.T3) (T.Washington)
2020-21,0022000865,4,0:33,stands,True,1,Boucher S.FOUL (P4.PN) (J.Sterling)
2020-21,0022000866,4,6:43,support,False,1,Powell S.FOUL (P2.T2) (J.Tiven)
2020-21,0022000868,4,5:42,stands,False,1,Prince S.FOUL (P2.T3) (K.Lane)
2020-21,0022000869,4,6:08,overturn,False,0,
2020-21,0022000873,3,6:38,overturn,False,0,
2020-21,0022000873,4,1:18,stands,True,1,Booker S.FOUL (P2.T3) (A.Moyer-Gleich)
2020-21,0022000874,5,1:40,overturn,True,1,Morant OFF.Foul (P1) (S.Corbin)
2020-21,0022000878,4,3:14,stands,False,1,Griffin S.FOUL (P4.PN) (L.Richardson)
2020-21,0022000879,2,0:01,support,False,1,Morris Sr. S.FOUL (P1.PN) (S.Foster)
2020-21,0022000879,3,2:58,overturn,False,0,
2020-21,0022000883,3,5:02,overturn,False,0,
2020-21,0022000884,4,5:39,support,False,1,Green P.FOUL (P4.T4) (C.Kirkland)
2020-21,0022000886,4,5:31,support,False,1,Rose S.FOUL (P5.T3) (M.Ayotte)
2020-21,0022000888,2,0:47,overturn,False,1,Adebayo Offensive Charge Foul (P1.T4) (J.Van Duyne)
2020-21,0022000890,1,1:57,support,False,1,Campazzo P.FOUL (P2.T3) (N.Buchert)
2020-21,0022000890,4,1:15,support,True,1,Nurkic S.FOUL (P2.T4) (N.Buchert)
2020-21,0022000892,4,2:51,support,False,1,Paul S.FOUL (P4.PN) (B.Adair)
2020-21,0022000893,3,9:24,overturn,False,0,
2020-21,0022000897,4,0:18,support,True,1,Schroder P.FOUL (P6.PN) (D.Richardson)
2020-21,0022000898,2,2:56,overturn,False,1,Butler OFF.Foul (P2) (M.Dagher)
2020-21,0022000898,2,2:02,overturn,False,0,
2020-21,0022000899,4,7:49,overturn,False,0,
2020-21,0022000900,2,10:47,overturn,False,1,Hartenstein P.FOUL (P1.T1) (E.Dalen)
2020-21,0022000903,4,3:07,stands,False,1,Campazzo S.FOUL (P4.PN) (M.Boland)
2020-21,0022000904,2,10:03,overturn,False,0,
2020-21,0022000904,4,8:08,support,False,1,VanVleet S.FOUL (P4.T4) (J.Van Duyne)
2020-21,0022000910,3,5:10,support,False,1,Jokic Offensive Charge Foul (P3.T2) (B.Nansel)
2020-21,0022000911,3,7:06,overturn,False,0,
2020-21,0022000912,4,5:12,stands,False,0,
2020-21,0022000917,2,5:00,overturn,False,1,Caruso S.FOUL (P1.T4) (M.Davis)
2020-21,0022000924,4,4:44,overturn,False,0,
2020-21,0022000928,4,3:26,support,False,1,Holiday Offensive Charge Foul (P4) (S.Wright)
2020-21,0022000930,4,1:42,support,True,1,Siakam Offensive Charge Foul (P3.T3) (R.Mott)
2020-21,0022000936,2,3:19,stands,False,1,Nesmith S.FOUL (P3.PN) (B.Taylor)
2020-21,0022000938,2,7:53,overturn,False,1,Poeltl S.FOUL (P3.T1) (R.Acosta)
2020-21,0022000938,4,0:21,stands,True,1,Poeltl S.FOUL (P4.PN) (K.Scott)
2020-21,0022000939,2,0:22,stands,False,1,McCollum S.FOUL (P3.PN) (M.Kallio)
2020-21,0022000946,3,4:21,stands,False,1,Green S.FOUL (P4.T4) (E.Dalen)
2020-21,0022000947,3,1:09,stands,False,1,Dort OFF.Foul (P3) (L.Richardson)
2020-21,0022000948,2,8:16,overturn,False,0,
2020-21,0022000948,4,5:00,support,False,1,Rivers S.FOUL (P3.T2) (A.Moyer-Gleich)
2020-21,0022000950,2,5:24,stands,False,1,Williams S.FOUL (P3.T3) (J.Butler)
2020-21,0022000950,5,0:31,overturn,True,0,
2020-21,0022000953,2,7:39,overturn,False,0,
2020-21,0022000958,1,2:26,overturn,False,0,
2020-21,0022000959,4,1:21,overturn,True,0,
2020-21,0022000961,4,6:21,stands,False,1,Jackson Jr. S.FOUL (P4.T4) (E.Malloy)
2020-21,0022000961,4,5:18,stands,False,1,Harris S.FOUL (P4.PN) (E.Scott)
2020-21,0022000962,2,0:11,overturn,False,0,
2020-21,0022000966,4,1:40,stands,True,1,Cousins S.FOUL (P3.PN) (J.Tiven)
2020-21,0022000968,4,3:30,support,False,1,Nurkic S.FOUL (P3.PN) (G.Petraitis)
2020-21,0022000970,2,1:36,overturn,False,1,Powell OFF.Foul (P2) (C.Washington)
2020-21,0022000970,4,7:48,stands,False,0,
2020-21,0022000972,3,5:47,stands,False,1,Maledon S.FOUL (P2.T3) (N.Green)
2020-21,0022000972,4,0:16,overturn,True,0,
2020-21,0022000973,5,2:18,overturn,False,0,
2020-21,0022000973,5,1:08,support,True,1,Johnson Offensive Charge Foul (P5.PN) (S.Wall)
2020-21,0022000975,1,8:15,overturn,False,0,
2020-21,0022000977,3,5:43,stands,False,1,Ball OFF.Foul (P2) (J.Van Duyne)
2020-21,0022000982,2,3:24,overturn,False,0,
2020-21,0022000984,4,0:09,stands,True,1,Biyombo S.FOUL (P3.PN) (M.Lindsay)
2020-21,0022000989,4,1:30,support,True,1,Siakam Offensive Charge Foul (P2.PN) (D.Collins)
2020-21,0022000992,3,3:34,stands,False,0,
2020-21,0022000993,3,3:59,overturn,False,0,
2020-21,0022000997,2,3:28,stands,False,1,VanVleet S.FOUL (P1.T4) (K.Fitzgerald)
2020-21,0022000997,5,0:45,overturn,True,2,Siakam S.FOUL (P3.T3) (G.Petraitis) || Birch L.B.FOUL (P4.PN) (K.Fitzgerald)
2020-21,0022000998,4,0:06,stands,True,1,Brunson S.FOUL (P4.PN) (B.Forte)
2020-21,0022001001,3,3:04,stands,False,1,Brown S.FOUL (P3.T3) (K.Scott)
2020-21,0022001002,3,6:11,overturn,False,0,
2020-21,0022001005,4,2:52,overturn,False,1,Dragic S.FOUL (P3.PN) (S.Corbin)
2020-21,0022001006,4,3:30,overturn,False,0,
2020-21,0022001008,2,10:09,stands,False,1,Niang S.FOUL (P3.T2) (T.Ford)
2020-21,0022001008,3,6:23,stands,False,2,Campazzo S.FOUL (P2.T3) (T.Ford) || 
2020-21,0022001009,1,4:15,stands,False,1,Randle S.FOUL (P1.PN) (E.Lewis)
2020-21,0022001010,1,0:12,support,False,1,Caruso S.FOUL (P2.PN) (R.Acosta)
2020-21,0022001012,3,11:08,overturn,False,1,Mathews OFF.Foul (P1) (T.Washington)
2020-21,0022001017,3,8:26,overturn,False,0,
2020-21,0022001024,1,0:21,overturn,False,0,
2020-21,0022001027,4,0:33,stands,True,1,J. Holiday S.FOUL (P2.PN) (M.Ayotte)
2020-21,0022001028,2,0:32,stands,False,2,Johnson S.FOUL (P1.T3) (B.Adair) || Johnson T.FOUL (P1.T3) (B.Adair)
2020-21,0022001029,4,8:47,overturn,False,1,Poeltl S.FOUL (P1.T3) (S.Wright)
2020-21,0022001031,4,3:47,stands,False,1,McCollum S.FOUL (P3.T3) (K.Scott)
2020-21,0022001034,3,7:36,overturn,False,0,
2020-21,0022001036,3,11:12,overturn,False,1,Griffin S.FOUL (P2.T1) (J.Van Duyne)
2020-21,0022001038,4,3:57,stands,False,1,Carter Jr. P.FOUL (P2.PN) (N.Buchert)
2020-21,0022001040,1,11:15,support,False,1,Pokusevski S.FOUL (P1.T1) (J.Butler)
2020-21,0022001041,3,3:13,overturn,False,0,
2020-21,0022001041,4,3:17,overturn,False,0,
2020-21,0022001045,1,0:27,overturn,False,1,Gobert S.FOUL (P1.PN) (J.Capers)
2020-21,0022001045,3,5:26,overturn,False,0,
2020-21,0022001046,4,2:57,support,False,1,Martin Jr. S.FOUL (P2.T4) (C.Blair)
2020-21,0022001047,4,8:40,support,False,1,Zubac S.FOUL (P3.T1) (B.Adams)
2020-21,0022001050,4,4:50,overturn,False,1,Joe P.FOUL (P1.T3) (T.Brothers)
2020-21,0022001051,3,2:44,support,False,1,Baynes S.FOUL (P2.T2) (J.Williams)
2020-21,0022001053,4,0:02,support,True,1,Powell S.FOUL (P2.PN) (D.Richardson)
2020-21,0022001056,3,9:40,support,False,1,Brown S.FOUL (P5.T2) (L.Wood)
2020-21,0022001058,4,1:40,overturn,True,0,
2020-21,0022001059,2,4:32,stands,False,1,Looney S.FOUL (P1.T3) (J.Goble)
2020-21,0022001061,4,2:51,overturn,False,0,
2020-21,0022001064,3,7:28,stands,False,0,
2020-21,0022001067,3,6:11,overturn,False,1,Sexton FLAGRANT.FOUL.TYPE2 (P2.T4) (Z.Zarba)
2020-21,0022001070,4,2:56,overturn,False,0,
2020-21,0022001071,4,5:43,stands,False,1,Towns OFF.Foul (P4) (K.Scott)
2020-21,0022001072,3,9:41,stands,False,1,Schroder S.FOUL (P3.T2) (S.Foster)
2020-21,0022001073,4,4:36,stands,False,0,
2020-21,0022001074,3,8:29,overturn,False,0,
2020-21,0022001080,3,0:00,overturn,False,1,Lopez OFF.Foul (P2) (L.Richardson)
2020-21,0042000101,4,1:11,stands,True,1,Embiid Offensive Charge Foul (P4.T2) (E.Lewis)
2020-21,0042000104,4,4:30,overturn,False,0,
2020-21,0042000105,3,3:02,overturn,False,0,
2020-21,0042000112,2,10:13,stands,False,1,Williams III S.FOUL (P1.T2) (K.Mauer)
2020-21,0042000113,4,4:43,stands,False,1,Smart P.FOUL (P1.PN) (B.Barnaky)
2020-21,0042000113,4,0:40,overturn,True,1,Smart AWAY.FROM.PLAY.FOUL (P3.PN) (B.Barnaky)
2020-21,0042000115,4,8:36,overturn,False,1,Fournier S.FOUL (P5.T4) (Z.Zarba)
2020-21,0042000115,4,4:44,overturn,False,0,
2020-21,0042000121,4,3:53,support,False,1,Ariza S.FOUL (P3.PN) (T.Ford)
2020-21,0042000124,4,7:34,stands,False,1,Middleton Offensive Charge Foul (P3.T3) (Z.Zarba)
2020-21,0042000131,4,0:28,stands,True,1,Barrett P.FOUL (P2.PN) (D.Collins)
2020-21,0042000134,3,3:56,overturn,False,1,Randle OFF.Foul (P4) (S.Foster)
2020-21,0042000142,2,9:10,support,False,1,Brooks S.FOUL (P3.T1) (K.Fitzgerald)
2020-21,0042000144,3,4:04,stands,False,1,Brooks S.FOUL (P4.T4) (D.Guthrie)
2020-21,0042000151,4,8:31,overturn,False,0,
2020-21,0042000153,1,11:45,support,False,1,Davis S.FOUL (P1.T1) (S.Corbin)
2020-21,0042000154,3,11:15,stands,False,1,Kuzma S.FOUL (P2.T1) (B.Barnaky)
2020-21,0042000156,3,8:35,support,False,1,Gasol P.FOUL (P4.T2) (T.Washington)
2020-21,0042000162,4,9:58,support,False,1,Nurkic Offensive Charge Foul (P6.T2) (M.Smith)
2020-21,0042000163,3,6:03,stands,False,1,Nurkic Offensive Charge Foul (P3.T2) (Z.Zarba)
2020-21,0042000165,4,0:09,support,True,1,Rivers P.FOUL (P4.T4) (S.Wright)
2020-21,0042000166,4,5:59,stands,False,0,
2020-21,0042000171,4,10:21,overturn,False,1,Jackson P.FOUL (P2.T1) (B.Forte)
2020-21,0042000171,4,4:30,stands,False,1,George Offensive Charge Foul (P4.PN) (B.Forte)
2020-21,0042000172,4,2:57,overturn,False,0,
2020-21,0042000173,4,2:52,support,False,1,Morris Sr. L.B.FOUL (P6.PN) (M.Lindsay)
2020-21,0042000174,1,7:40,stands,False,1,Porzingis S.FOUL (P1.T4) (P.Fraher)
2020-21,0042000174,2,0:51,stands,False,1,Leonard Offensive Charge Foul (P2.PN) (E.Lewis)
2020-21,0042000201,3,1:58,stands,False,1,Thybulle S.FOUL (P2.PN) (B.Taylor)
2020-21,0042000203,4,4:57,stands,False,2,Collins P.FOUL (P4.PN) (Z.Zarba) || Young T.FOUL (P4.PN) (Z.Zarba)
2020-21,0042000203,4,3:23,stands,False,1,Thybulle P.FOUL (P6.PN) (C.Kirkland)
2020-21,0042000205,3,4:56,stands,False,1,Bogdanovic P.FOUL (P5.T4) (D.Guthrie)
2020-21,0042000206,4,4:03,stands,False,2,Embiid OFF.Foul (P4) (S.Foster) || 
2020-21,0042000211,3,1:03,overturn,False,0,
2020-21,0042000213,2,7:29,support,False,1,Griffin S.FOUL (P3.T2) (M.Davis)
2020-21,0042000214,2,0:49,overturn,False,1,Green S.FOUL (P1.PN) (S.Foster)
2020-21,0042000215,4,1:27,support,True,1,Lopez P.FOUL (P4.PN) (K.Mauer)
2020-21,0042000221,2,8:57,overturn,False,1,Cousins S.FOUL (P2.T3) (B.Forte)
2020-21,0042000222,3,2:34,support,False,1,Favors S.FOUL (P4.PN) (S.Foster)
2020-21,0042000226,2,7:17,support,False,1,Batum S.FOUL (P1.T1) (K.Scott)
2020-21,0042000302,3,0:06,stands,False,1,Connaughton OFF.Foul (P5) (P.Fraher)
2020-21,0042000312,1,4:42,stands,False,1,Crowder S.FOUL (P2.T2) (S.Foster)
2020-21,0042000314,4,1:05,overturn,True,1,Booker Offensive Charge Foul (P6) (Z.Zarba)
2020-21,0042000315,4,3:05,stands,False,1,Crowder P.FOUL (P3.PN) (C.Kirkland)
2020-21,0042000316,3,11:37,stands,False,1,Bridges S.FOUL (P2.T2) (M.Davis)
2020-21,0042000403,3,7:54,stands,False,1,Tucker S.FOUL (P3.T4) (S.Foster)
2020-21,0042000405,4,5:44,support,False,1,Ayton P.FOUL (P4.T4) (J.Tiven)
2020-21,0042000406,4,9:45,overturn,False,0,
2020-21,0052000111,4,10:43,stands,False,1,Brissett S.FOUL (P1.T1) (T.Brothers)
2020-21,0052000121,4,9:37,overturn,False,1,James S.FOUL (P1.T1) (J.Goble)
2020-21,0052000131,4,4:53,overturn,False,1,Dieng S.FOUL (P4.T2) (M.Lindsay)
2020-21,0052000211,3,2:24,stands,False,1,Green S.FOUL (P3.T4) (E.Lewis)
2021-22,0012100016,4,0:33,overturn,True,0,
2021-22,0012100022,3,0:00,overturn,False,0,
2021-22,0012100024,4,1:36,overturn,True,1,Okpala OFF.Foul (P2) (D.Collins)
2021-22,0012100032,1,2:48,support,False,1,Trent Jr. S.FOUL (P1.T3) (A.Smith)
2021-22,0012100039,2,8:59,overturn,False,1,Trent Jr. OFF.Foul (P3) (J.Williams)
2021-22,0012100040,4,9:23,overturn,False,1,Dedmon OFF.Foul (P4) (B.Taylor)
2021-22,0012100041,3,5:58,stands,False,1,Niang P.FOUL (P1.T3) (S.Jelks)
2021-22,0012100047,2,6:12,overturn,False,1,Lee S.FOUL (P1.T3) (M.Boland)
2021-22,0012100051,4,2:57,overturn,False,0,
2021-22,0012100065,3,5:31,stands,False,1,Poeltl L.B.FOUL (P1.PN) (R.Acosta)
2021-22,0012100065,3,1:51,overturn,False,1,Wood S.FOUL (P3.PN) (T.Maddox)
2021-22,0022100002,4,4:21,overturn,False,0,
2021-22,0022100006,4,1:05,overturn,True,1,Anunoby OFF.Foul (P1) (B.Kennedy)
2021-22,0022100010,3,8:32,overturn,False,0,
2021-22,0022100013,4,1:52,support,True,1,Powell P.FOUL (P3.T4) (S.Wright)
2021-22,0022100015,2,8:28,overturn,False,1,Butler P.FOUL (P1.PN) (J.Sterling)
2021-22,0022100015,3,1:25,overturn,False,1,Kalaitzakis Offensive Charge Foul (P1) (D.Guthrie)
2021-22,0022100020,4,9:13,overturn,False,1,Mykhailiuk Offensive Charge Foul (P1) (C.Blair)
2021-22,0022100023,2,8:43,overturn,False,0,
2021-22,0022100025,2,10:35,support,False,1,James FLAGRANT.FOUL.TYPE1 (P3.T2) (N.Buchert)
2021-22,0022100025,4,5:15,support,False,1,Paul S.FOUL (P3.T4) (J.Van Duyne)
2021-22,0022100027,4,1:16,stands,True,1,Okoro S.FOUL (P3.PN) (S.Wall)
2021-22,0022100028,5,0:41,stands,True,1,Brogdon P.FOUL (P2.T1) (J.Conley)
2021-22,0022100029,3,5:54,overturn,False,0,
2021-22,0022100029,4,9:01,support,False,1,Achiuwa Offensive Charge Foul (P3) (A.Smith)
2021-22,0022100031,3,2:13,overturn,False,0,
2021-22,0022100036,4,0:57,stands,True,1,Anthony S.FOUL (P4.PN) (T.Maddox)
2021-22,0022100037,4,1:54,support,True,0,
2021-22,0022100039,4,0:59,overturn,True,0,
2021-22,0022100040,4,0:57,overturn,True,0,
2021-22,0022100040,4,0:49,overturn,True,0,
2021-22,0022100041,4,5:28,overturn,False,0,
2021-22,0022100046,4,0:11,support,True,0,
2021-22,0022100047,4,8:54,stands,False,1,Vanderbilt L.B.FOUL (P1.PN) (E.Malloy)
2021-22,0022100050,4,4:23,support,False,1,Embiid S.FOUL (P1.T2) (M.Ervin)
2021-22,0022100051,1,0:51,overturn,False,1,Bjelica OFF.Foul (P1) (J.DeRosa)
2021-22,0022100052,2,9:13,overturn,False,0,
2021-22,0022100052,4,11:46,stands,False,1,Kleber S.FOUL (P3.T1) (J.Van Duyne)
2021-22,0022100054,3,5:26,overturn,False,1,Gordon Offensive Charge Foul (P2) (D.Collins)
2021-22,0022100056,3,3:54,support,False,1,Schroder S.FOUL (P1.PN) (L.Wood)
2021-22,0022100057,4,9:37,overturn,False,1,Harris S.FOUL (P3.T1) (B.Schwab)
2021-22,0022100058,1,0:20,support,False,1,Brissett S.FOUL (P1.PN) (M.Davis)
2021-22,0022100058,4,2:44,support,False,1,Anunoby S.FOUL (P2.PN) (M.Boland)
2021-22,0022100059,4,7:34,overturn,False,0,
2021-22,0022100061,4,1:47,overturn,True,0,
2021-22,0022100065,4,8:48,overturn,False,1,Diallo S.FOUL (P2.T2) (A.Nagy)
2021-22,0022100071,4,2:29,overturn,False,0,
2021-22,0022100073,4,8:58,overturn,False,1,Morris S.FOUL (P2.T1) (T.Brothers)
2021-22,0022100073,4,1:34,support,True,1,Strus S.FOUL (P1.T4) (T.Brothers)
2021-22,0022100074,3,6:19,support,False,1,Barnes Offensive Charge Foul (P1) (M.Ervin)
2021-22,0022100075,3,11:16,support,False,1,Jokic S.FOUL (P4.T2) (S.Foster)
2021-22,0022100075,3,5:00,support,False,1,Brunson P.FOUL (P1.T3) (S.Foster)
2021-22,0022100078,4,1:30,support,True,1,Richardson Offensive Charge Foul (P3) (Z.Zarba)
2021-22,0022100078,6,1:16,overturn,True,0,
2021-22,0022100079,4,6:13,overturn,False,1,Olynyk P.FOUL (P3.T2) (B.Schwab)
2021-22,0022100081,2,9:30,overturn,False,0,
2021-22,0022100084,2,3:57,overturn,False,0,
2021-22,0022100086,1,3:27,overturn,False,0,
2021-22,0022100086,3,3:27,overturn,False,0,
2021-22,0022100093,4,3:25,stands,False,1,Porter Jr. S.FOUL (P1.T2) (C.Kirkland)
2021-22,0022100099,2,5:34,stands,False,1,Anunoby L.B.FOUL (P2.T2) (P.Ransom)
2021-22,0022100101,4,5:18,stands,False,1,Carter Jr. S.FOUL (P4.PN) (A.Nagy)
2021-22,0022100102,4,1:18,support,True,1,Mann S.FOUL (P3.T1) (J.Sterling)
2021-22,0022100104,4,7:55,support,False,1,Bullock S.FOUL (P3.T3) (R.Mott)
2021-22,0022100105,1,0:28,support,False,1,Fox OFF.Foul (P2) (N.Green)
2021-22,0022100105,4,3:10,overturn,False,0,
2021-22,0022100107,4,10:17,overturn,False,0,
2021-22,0022100108,4,0:37,stands,True,0,
2021-22,0022100110,4,3:46,stands,False,1,Bamba S.FOUL (P6.PN) (S.Wright)
2021-22,0022100111,4,0:05,overturn,True,0,
2021-22,0022100112,3,7:21,stands,False,1,Birch P.FOUL (P4.T3) (E.Scott)
2021-22,0022100115,4,9:34,overturn,False,0,
2021-22,0022100115,4,6:35,support,False,1,McDaniels Offensive Charge Foul (P4) (M.Davis)
2021-22,0022100124,4,3:26,stands,False,0,
2021-22,0022100125,4,3:33,overturn,False,1,Young S.FOUL (P4.T4) (Z.Zarba)
2021-22,0022100127,3,2:28,overturn,False,0,
2021-22,0022100127,4,0:04,support,True,1,Anunoby S.FOUL (P4.PN) (J.Schroeder)
2021-22,0022100130,3,3:16,support,False,1,Green S.FOUL (P4.PN) (L.Wood)
2021-22,0022100132,2,5:15,support,False,1,Mitchell S.FOUL (P3.T3) (D.Scott)
2021-22,0022100133,3,5:25,overturn,False,0,
2021-22,0022100134,4,1:47,overturn,True,1,Whiteside S.FOUL (P5.PN) (R.Acosta)
2021-22,0022100139,4,7:19,stands,False,1,Mykhailiuk S.FOUL (P1.T3) (B.Forte)
2021-22,0022100144,3,10:08,stands,False,1,Dort S.FOUL (P1.T1) (B.Adams)
2021-22,0022100146,4,10:45,overturn,False,0,
2021-22,0022100146,4,4:10,overturn,False,0,
2021-22,0022100149,3,8:20,overturn,False,0,
2021-22,0022100149,4,1:07,stands,True,0,
2021-22,0022100150,2,3:39,stands,False,1,Powell P.FOUL (P1.T4) (L.Holtkamp)
2021-22,0022100152,4,7:28,overturn,False,0,
2021-22,0022100153,4,1:12,overturn,True,1,Barnes OFF.Foul (P3) (J.Goble)
2021-22,0022100154,5,1:48,support,True,0,
2021-22,0022100155,3,8:20,stands,False,1,Niang S.FOUL (P2.T4) (E.Lewis)
2021-22,0022100160,3,1:43,stands,False,1,Barnes S.FOUL (P4.T2) (B.Barnaky)
2021-22,0022100161,4,2:51,overturn,False,0,
2021-22,0022100162,3,0:27,overturn,False,0,
2021-22,0022100162,4,10:40,stands,False,1,Porter Jr. S.FOUL (P1.T1) (R.Mott)
2021-22,0022100165,4,0:20,stands,True,1,Dort P.FOUL (P3.PN) (S.Foster)
2021-22,0022100167,3,7:30,overturn,False,0,
2021-22,0022100167,4,0:42,overturn,True,0,
2021-22,0022100169,2,5:53,overturn,False,0,
2021-22,0022100170,3,6:34,stands,False,1,Bazemore S.FOUL (P2.T3) (J.Tiven)
2021-22,0022100171,4,1:32,overturn,True,0,
2021-22,0022100174,4,0:31,overturn,True,0,
2021-22,0022100179,3,4:12,stands,False,1,Jones S.FOUL (P4.PN) (P.Ransom)
2021-22,0022100184,3,5:30,support,False,2,Davis S.FOUL (P4.T3) (B.Nansel) || Towns T.FOUL (P3.T1) (C.Blair)
2021-22,0022100185,2,2:21,overturn,False,0,
2021-22,0022100189,3,8:30,support,False,1,Anunoby OFF.Foul (P3) (A.Nagy)
2021-22,0022100190,3,9:55,overturn,False,1,Allen Offensive Charge Foul (P2) (G.Petraitis)
2021-22,0022100190,4,5:26,overturn,False,0,
2021-22,0022100191,3,5:03,overturn,False,0,
2021-22,0022100195,4,10:22,stands,False,1,Martin Jr. S.FOUL (P2.T2) (B.Forte)
2021-22,0022100196,2,5:18,overturn,False,1,Dort P.FOUL (P3.T3) (E.Scott)
2021-22,0022100199,4,4:19,stands,False,1,Horford S.FOUL (P1.T2) (T.Brothers)
2021-22,0022100199,4,2:21,overturn,False,0,
2021-22,0022100200,3,3:00,stands,False,1,Mitchell S.FOUL (P3.T3) (J.Schroeder)
2021-22,0022100201,3,0:11,stands,False,1,Harrell P.FOUL (P2.PN) (M.Myers)
2021-22,0022100202,2,2:11,overturn,False,1,M. Wagner S.FOUL (P1.PN) (G.Petraitis)
2021-22,0022100202,4,2:56,overturn,False,1,Young OFF.Foul (P4) (K.Fitzgerald)
2021-22,0022100203,4,10:51,overturn,False,0,
2021-22,0022100206,3,9:56,stands,False,1,Towns OFF.Foul (P3) (C.Flores)
2021-22,0022100207,4,1:24,overturn,True,0,
2021-22,0022100208,3,0:39,support,False,1,Birch S.FOUL (P2.T4) (N.Buchert)
2021-22,0022100210,3,8:13,stands,False,1,Curry S.FOUL (P3.T2) (M.Ervin)
2021-22,0022100210,3,4:55,stands,False,1,Durant S.FOUL (P1.PN) (E.Lewis)
2021-22,0022100214,1,0:32,overturn,False,1,McConnell S.FOUL (P1.PN) (M.Smith)
2021-22,0022100217,3,6:03,overturn,False,1,Ingram Offensive Charge Foul (P1) (B.Forte)
2021-22,0022100217,3,5:14,overturn,False,0,
2021-22,0022100219,4,7:14,stands,False,1,Davis S.FOUL (P3.T3) (B.Barnaky)
2021-22,0022100221,4,5:44,stands,False,1,Dort P.FOUL (P3.PN) (C.Washington)
2021-22,0022100222,3,3:25,overturn,False,0,
2021-22,0022100224,3,8:55,overturn,False,0,
2021-22,0022100226,2,3:01,stands,False,1,Coffey OFF.Foul (P2) (M.Ervin)
2021-22,0022100230,3,2:59,overturn,False,2,Wanamaker P.FOUL (P2.PN) (B.Forte) || 
2021-22,0022100231,4,8:33,stands,False,1,Toscano-Anderson S.FOUL (P2.T4) (J.Tiven)
2021-22,0022100232,4,10:08,support,False,1,Anthony S.FOUL (P3.T3) (R.Acosta)
2021-22,0022100233,4,3:00,overturn,False,1,Anthony P.FOUL (P3.PN) (C.Blair)
2021-22,0022100238,1,6:03,overturn,False,0,
2021-22,0022100239,3,3:45,overturn,False,1,Walker S.FOUL (P2.T3) (B.Adams)
2021-22,0022100245,3,2:42,overturn,False,0,
2021-22,0022100246,4,0:45,overturn,True,1,Curry OFF.Foul (P5) (D.Taylor)
2021-22,0022100248,4,0:52,overturn,True,1,Brunson OFF.Foul (P4) (J.Williams)
2021-22,0022100249,4,0:33,overturn,True,0,
2021-22,0022100250,4,2:19,support,False,1,Randle S.FOUL (P3.PN) (M.Kogut)
2021-22,0022100251,3,10:52,overturn,False,0,
2021-22,0022100251,3,4:14,support,False,1,Je. Green S.FOUL (P1.T3) (K.Fitzgerald)
2021-22,0022100255,4,8:52,support,False,1,Muscala S.FOUL (P2.T1) (P.Ransom)
2021-22,0022100255,4,6:08,overturn,False,0,
2021-22,0022100259,4,8:58,stands,False,1,Hernangomez S.FOUL (P4.T1) (B.Barnaky)
2021-22,0022100260,3,1:12,overturn,False,0,
2021-22,0022100260,4,3:24,overturn,False,0,
2021-22,0022100261,2,0:10,stands,False,1,Conley S.FOUL (P1.PN) (B.Nansel)
2021-22,0022100266,5,1:42,support,True,2,Mann L.B.FOUL (P6.T1) (K.Fitzgerald) || Porzingis T.FOUL (P2.T0) (K.Fitzgerald)
2021-22,0022100267,2,7:15,stands,False,1,Garland S.FOUL (P3.T3) (S.Mehta)
2021-22,0022100268,2,1:39,stands,False,1,James OFF.Foul (P1) (K.Lane)
2021-22,0022100270,2,9:16,overturn,False,0,
2021-22,0022100271,4,5:13,stands,False,1,Ball OFF.Foul (P3) (P.Ransom)
2021-22,0022100272,4,10:55,overturn,False,0,
2021-22,0022100273,2,7:22,overturn,False,0,
2021-22,0022100274,4,5:29,support,False,1,Lowry S.FOUL (P6.T2) (A.Nagy)
2021-22,0022100276,4,0:40,stands,True,1,Dort Offensive Charge Foul (P2) (M.Davis)
2021-22,0022100278,2,6:08,overturn,False,0,
2021-22,0022100279,4,7:27,overturn,False,0,
2021-22,0022100279,4,3:26,support,False,1,Bagley III S.FOUL (P2.PN) (J.Sterling)
2021-22,0022100283,4,11:28,support,False,2,Ross Offensive Charge Foul (P1) (J.Reneau) || Anthony T.FOUL (P0.T0) (E.Lewis)
2021-22,0022100284,3,10:18,overturn,False,0,
2021-22,0022100286,4,7:09,overturn,False,0,
2021-22,0022100289,4,0:01,support,True,1,Gobert OFF.Foul (P5) (K.Scott)
2021-22,0022100290,4,1:30,support,True,1,Wiggins S.FOUL (P3.PN) (A.Nagy)
2021-22,0022100291,7,0:23,stands,True,1,Fox S.FOUL (P5.PN) (D.Guthrie)
2021-22,0022100292,4,9:44,support,False,1,Vanderbilt S.FOUL (P5.T1) (S.Corbin)
2021-22,0022100292,5,0:22,support,True,0,
2021-22,0022100293,4,7:26,support,False,1,Collins S.FOUL (P4.T3) (K.Cutler)
2021-22,0022100297,5,1:55,overturn,True,0,
2021-22,0022100297,5,0:31,support,True,1,Porter Jr. S.FOUL (P2.T2) (J.Schroeder)
2021-22,0022100298,1,5:20,stands,False,1,Kleber S.FOUL (P1.T3) (J.Goble)
2021-22,0022100300,3,7:50,overturn,False,1,George OFF.Foul (P1) (B.Forte)
2021-22,0022100301,2,1:30,support,False,2,Sabonis OFF.Foul (P2) (R.Hussey) || 
2021-22,0022100302,1,9:52,overturn,False,1,Brown Offensive Charge Foul (P1) (D.Mosher)
2021-22,0022100304,4,0:16,stands,True,1,Monk S.FOUL (P2.PN) (Z.Zarba)
2021-22,0022100306,1,9:55,overturn,False,1,Adebayo S.FOUL (P1.T2) (P.Fraher)
2021-22,0022100308,4,9:11,stands,False,1,Mann S.FOUL (P2.T1) (J.Goble)
2021-22,0022100308,4,3:31,overturn,False,0,
2021-22,0022100311,3,1:20,support,False,1,Young P.FOUL (P1.T4) (B.Nansel)
2021-22,0022100312,3,8:44,overturn,False,0,
2021-22,0022100313,4,7:21,overturn,False,1,Hart S.FOUL (P3.T2) (B.Adams)
2021-22,0022100314,4,5:45,support,False,1,Rose S.FOUL (P3.T4) (M.Lindsay)
2021-22,0022100315,4,5:48,support,False,1,Achiuwa P.FOUL (P5.T3) (T.Washington)
2021-22,0022100316,4,10:31,stands,False,1,Shamet S.FOUL (P2.T1) (D.Richardson)
2021-22,0022100317,4,4:23,stands,False,1,Grant OFF.Foul (P2) (G.Petraitis)
2021-22,0022100318,4,8:59,support,False,1,Holmes S.FOUL (P2.T1) (B.Forte)
2021-22,0022100320,3,5:44,support,False,1,Anthony S.FOUL (P2.T2) (S.Mehta)
2021-22,0022100321,3,5:05,overturn,False,1,Neto S.FOUL (P1.T2) (S.Wright)
2021-22,0022100321,4,4:11,overturn,False,0,
2021-22,0022100322,4,4:18,stands,False,1,Thybulle S.FOUL (P3.T3) (K.Fitzgerald)
2021-22,0022100323,3,5:14,stands,False,1,Lowry S.FOUL (P3.PN) (D.Guthrie)
2021-22,0022100324,4,4:49,overturn,False,1,Rozier S.FOUL (P2.PN) (J.Capers)
2021-22,0022100326,3,11:30,stands,False,1,Tate Offensive Charge Foul (P3) (M.Ervin)
2021-22,0022100327,4,1:28,support,True,1,Johnson S.FOUL (P3.PN) (C.Kirkland)
2021-22,0022100328,3,4:04,overturn,False,0,
2021-22,0022100329,4,10:25,overturn,False,1,Portis OFF.Foul (P3) (C.Blair)
2021-22,0022100329,4,0:42,overturn,True,1,Siakam OFF.Foul (P6) (C.Flores)
2021-22,0022100333,4,3:26,overturn,False,1,Lowry OFF.Foul (P4) (B.Nansel)
2021-22,0022100333,4,0:42,overturn,True,2,Tucker T.FOUL (P1.PN) (B.Nansel) || 
2021-22,0022100335,3,0:10,support,False,1,Young S.FOUL (P4.PN) (T.Ford)
2021-22,0022100336,2,7:04,overturn,False,1,Okogie S.FOUL (P1.PN) (K.Fitzgerald)
2021-22,0022100337,2,4:29,overturn,False,1,Anthony Offensive Charge Foul (P2) (S.Wright)
2021-22,0022100338,4,8:04,support,False,1,Ingram Offensive Charge Foul (P2) (J.Goble)
2021-22,0022100338,4,2:01,support,False,1,Doncic S.FOUL (P4.T4) (J.Goble)
2021-22,0022100339,2,8:13,overturn,False,0,
2021-22,0022100340,3,10:19,stands,False,1,Green S.FOUL (P2.T3) (J.Orr)
2021-22,0022100345,4,1:42,stands,True,0,
2021-22,0022100346,4,1:05,stands,True,1,Lee S.FOUL (P2.PN) (R.Hussey)
2021-22,0022100348,4,0:31,overturn,True,0,
2021-22,0022100349,2,0:24,stands,False,1,Osman S.FOUL (P1.T4) (P.Fraher)
2021-22,0022100350,4,0:27,support,True,0,
2021-22,0022100351,4,8:15,stands,False,1,Harrell S.FOUL (P3.T2) (T.Ford)
2021-22,0022100352,3,1:26,stands,False,1,Murphy III P.FOUL (P1.PN) (E.Lewis)
2021-22,0022100355,3,2:18,stands,False,1,Turner S.FOUL (P3.PN) (D.Richardson)
2021-22,0022100358,4,6:26,overturn,False,0,
2021-22,0022100359,2,3:58,support,False,2,Bolmaro P.FOUL (P3.PN) (T.Maddox) || Beverley T.FOUL (P0.PN) (P.Ransom)
2021-22,0022100360,2,0:00,overturn,False,0,
2021-22,0022100363,4,0:50,overturn,True,0,
2021-22,0022100366,2,6:40,overturn,False,0,
2021-22,0022100367,3,2:49,overturn,False,0,
2021-22,0022100368,1,1:31,overturn,False,1,Bertans OFF.Foul (P1) (J.Goble)
2021-22,0022100368,4,1:10,overturn,True,0,
2021-22,0022100371,3,8:15,overturn,False,1,Dort Offensive Charge Foul (P2) (C.Washington)
2021-22,0022100372,3,9:29,support,False,1,Tate S.FOUL (P4.T1) (J.Tiven)
2021-22,0022100373,4,3:09,overturn,False,0,
2021-22,0022100375,4,1:29,stands,True,1,Ingram S.FOUL (P4.T3) (Z.Zarba)
2021-22,0022100377,4,11:16,stands,False,1,Bamba S.FOUL (P3.T1) (J.Orr)
2021-22,0022100378,4,1:29,overturn,True,0,
2021-22,0022100382,4,0:05,support,True,1,Davis S.FOUL (P5.PN) (S.Wright)
2021-22,0022100385,4,0:51,overturn,True,0,
2021-22,0022100386,2,1:55,stands,False,2,Hood P.FOUL (P1.T4) (Z.Zarba) || 
2021-22,0022100386,3,3:00,stands,False,1,Sengun S.FOUL (P3.PN) (Z.Zarba)
2021-22,0022100388,4,7:43,overturn,False,0,
2021-22,0022100392,3,7:58,stands,False,1,Gobert S.FOUL (P2.T2) (N.Buchert)
2021-22,0022100395,4,3:52,stands,False,1,Tillie S.FOUL (P2.T4) (S.Mehta)
2021-22,0022100395,4,1:33,overturn,True,0,
2021-22,0022100396,3,8:27,support,False,1,Green OFF.Foul (P4) (E.Malloy)
2021-22,0022100396,4,2:07,overturn,False,0,
2021-22,0022100399,2,10:01,overturn,False,1,Lyles S.FOUL (P2.T1) (K.Scott)
2021-22,0022100405,3,0:14,support,False,1,Bjelica S.FOUL (P3.PN) (M.Smith)
2021-22,0022100407,4,0:48,overturn,True,1,Sengun S.FOUL (P5.PN) (D.Collins)
2021-22,0022100410,4,9:58,overturn,False,1,Oubre Jr. Offensive Charge Foul (P4) (P.Fraher)
2021-22,0022100411,4,8:24,stands,False,2,Nnaji S.FOUL (P2.T3) (T.Brothers) || Nnaji T.FOUL (P2.T3) (T.Brothers)
2021-22,0022100412,2,1:22,overturn,False,1,Wainright S.FOUL (P2.PN) (K.Fitzgerald)
2021-22,0022100413,4,1:10,overturn,True,0,
2021-22,0022100413,5,0:52,stands,True,1,Griffin P.FOUL (P6.T1) (B.Nansel)
2021-22,0022100416,4,0:25,stands,True,0,
2021-22,0022100416,5,0:10,stands,True,1,Powell P.FOUL (P5.PN) (J.Goble)
2021-22,0022100420,2,1:05,stands,False,1,Hardaway Jr. P.FOUL (P1.PN) (B.Forte)
2021-22,0022100422,4,9:02,support,False,1,Temple S.FOUL (P3.T3) (J.Schroeder)
2021-22,0022100422,4,6:58,overturn,False,1,Mann S.FOUL (P6.T3) (J.Tiven)
2021-22,0022100424,3,8:29,stands,False,1,Green S.FOUL (P3.T2) (N.Buchert)
2021-22,0022100426,2,1:16,overturn,False,1,Jackson Jr. OFF.Foul (P1) (K.Fitzgerald)
2021-22,0022100427,4,11:50,support,False,1,Fox P.FOUL (P4.T1) (J.Goble)
2021-22,0022100428,3,6:47,overturn,False,0,
2021-22,0022100428,4,4:46,overturn,False,0,
2021-22,0022100430,4,0:32,overturn,True,0,
2021-22,0022100431,3,0:14,stands,False,1,Mathews S.FOUL (P3.PN) (B.Taylor)
2021-22,0022100431,4,3:43,stands,False,0,
2021-22,0022100433,4,1:47,overturn,True,0,
2021-22,0022100437,3,0:50,overturn,False,0,
2021-22,0022100438,4,6:56,overturn,False,1,Graham P.FOUL (P2.T2) (D.Scott)
2021-22,0022100439,4,6:26,support,False,1,Nurkic P.FOUL (P6.T2) (M.Dagher)
2021-22,0022100442,2,1:54,support,False,1,Wagner Offensive Charge Foul (P2) (K.Scott)
2021-22,0022100445,4,5:24,overturn,False,0,
2021-22,0022100447,4,1:24,support,True,1,Neto P.FOUL (P5.PN) (B.Taylor)
2021-22,0022100448,4,7:38,stands,False,1,Thomas P.FOUL (P4.PN) (J.Schroeder)
2021-22,0022100449,4,0:39,stands,True,1,Strus S.FOUL (P4.PN) (S.Corbin)
2021-22,0022100450,4,0:09,stands,True,1,Lillard S.FOUL (P3.T4) (M.Smith)
2021-22,0022100451,4,8:59,overturn,False,0,
2021-22,0022100455,2,3:41,overturn,False,0,
2021-22,0022100457,4,8:46,overturn,False,0,
2021-22,0022100457,4,2:20,support,False,2,Thybulle P.FOUL (P6.T4) (S.Wright) || Smart T.FOUL (P2.PN) (S.Wright)
2021-22,0022100462,4,7:22,overturn,False,0,
2021-22,0022100467,4,1:20,stands,True,1,Jones S.FOUL (P5.PN) (J.Conley)
2021-22,0022100468,4,3:41,stands,False,1,Ntilikina S.FOUL (P3.T3) (J.Butler)
2021-22,0022100469,3,6:05,stands,False,2,Crowder S.FOUL (P3.T4) (B.Taylor) || Paul T.FOUL (P2.T4) (J.Tiven)
2021-22,0022100471,4,2:26,overturn,False,0,
2021-22,0022100472,1,2:46,support,False,1,Watanabe S.FOUL (P1.T4) (T.Brothers)
2021-22,0022100473,2,0:25,overturn,False,0,
2021-22,0022100478,4,0:29,stands,True,1,Collins L.B.FOUL (P5.PN) (A.Smith)
2021-22,0022100480,3,3:31,stands,False,1,Neto S.FOUL (P2.PN) (S.Wright)
2021-22,0022100481,3,1:13,overturn,False,1,Middleton S.FOUL (P2.PN) (R.Acosta)
2021-22,0022100483,4,1:17,stands,True,1,Ayton S.FOUL (P3.T4) (J.Butler)
2021-22,0022100487,3,3:22,stands,False,1,Anthony L.B.FOUL (P3.PN) (B.Nansel)
2021-22,0022100489,3,8:47,support,False,1,Smart S.FOUL (P3.T4) (N.Sago)
2021-22,0022100489,4,0:07,overturn,True,0,
2021-22,0022100491,2,0:03,stands,False,1,Mills P.FOUL (P4.PN) (M.Dagher)
2021-22,0022100492,2,5:46,support,False,1,Whiteside S.FOUL (P2.T2) (D.Taylor)
2021-22,0022100495,3,0:00,stands,False,1,Gafford P.FOUL (P3.T4) (K.Lane)
2021-22,0022100498,2,9:37,overturn,False,1,Bey Offensive Charge Foul (P1) (S.Wright)
2021-22,0022100498,3,1:06,overturn,False,1,
2021-22,0022100506,4,6:29,stands,False,1,Powell S.FOUL (P5.T4) (C.Flores)
2021-22,0022100507,4,3:53,stands,False,1,Johnson S.FOUL (P4.T4) (J.Sterling)
2021-22,0022100508,4,11:06,stands,False,1,Gillespie S.FOUL (P2.T2) (N.Sago)
2021-22,0022100509,4,1:03,stands,True,1,Gafford S.FOUL (P2.T3) (E.Malloy)
2021-22,0022100510,4,1:20,support,True,1,Boucher S.FOUL (P5.PN) (B.Nansel)
2021-22,0022100510,4,0:06,overturn,True,1,Trent Jr. Personal Take Foul (P5.PN) (B.Nansel)
2021-22,0022100511,4,2:38,overturn,False,0,
2021-22,0022100512,2,2:09,overturn,False,0,
2021-22,0022100512,3,7:14,stands,False,1,Robinson S.FOUL (P2.T2) (M.Myers)
2021-22,0022100513,3,9:20,stands,False,1,Jones S.FOUL (P3.T3) (J.Goldenberg)
2021-22,0022100514,4,4:15,stands,False,1,Campazzo S.FOUL (P3.T4) (J.Butler)
2021-22,0022100516,4,4:26,overturn,False,0,
2021-22,0022100518,4,7:29,overturn,False,0,
2021-22,0022100520,4,1:34,overturn,True,0,
2021-22,0022100523,4,5:28,overturn,False,0,
2021-22,0022100526,4,1:52,stands,True,1,G. Antetokounmpo S.FOUL (P4.PN) (E.Malloy)
2021-22,0022100529,4,4:08,support,False,1,Johnson P.FOUL (P3.T3) (T.Mirkovich)
2021-22,0022100532,4,2:32,overturn,False,0,
2021-22,0022100533,3,0:32,stands,False,1,Goodwin Offensive Charge Foul (P2) (J.Tiven)
2021-22,0022100533,4,10:10,support,False,1,Iwundu S.FOUL (P4.T3) (C.Aubry)
2021-22,0022100538,2,8:12,overturn,False,0,
2021-22,0022100539,4,8:22,support,False,1,Nwora S.FOUL (P3.T4) (L.Holtkamp)
2021-22,0022100541,4,1:28,stands,True,1,White S.FOUL (P4.PN) (B.Adams)
2021-22,0022100541,4,0:49,stands,True,1,Avdija S.FOUL (P6.PN) (B.Adams)
2021-22,0022100542,4,1:56,support,True,1,Winslow S.FOUL (P1.PN) (J.Tiven)
2021-22,0022100543,2,3:43,stands,False,1,Jokic S.FOUL (P3.PN) (C.Washington)
2021-22,0022100546,4,2:25,overturn,False,0,
2021-22,0022100548,2,4:24,overturn,False,1,Guy S.FOUL (P1.T1) (K.Scott)
2021-22,0022100551,4,4:53,overturn,False,0,
2021-22,0022100552,1,7:11,stands,False,1,Gordon OFF.Foul (P1) (K.Cutler)
2021-22,0022100554,4,1:49,overturn,True,1,Sharpe S.FOUL (P5.PN) (R.Hussey)
2021-22,0022100555,3,6:52,support,False,1,Schofield S.FOUL (P1.T3) (D.Mosher)
2021-22,0022100555,4,1:57,overturn,True,0,
2021-22,0022100557,3,0:59,stands,False,1,Gobert OFF.Foul (P4) (C.Kirkland)
2021-22,0022100557,3,0:00,overturn,False,0,
2021-22,0022100559,3,0:43,stands,False,1,Lowry S.FOUL (P5.PN) (N.Buchert)
2021-22,0022100559,4,5:18,stands,False,1,Green OFF.Foul (P3) (S.Twardoski)
2021-22,0022100560,4,5:46,overturn,False,1,Nurkic Offensive Charge Foul (P2) (M.Kallio)
2021-22,0022100562,3,0:07,stands,False,0,
2021-22,0022100564,4,5:45,stands,False,1,Quickley S.FOUL (P2.PN) (J.Goldenberg)
2021-22,0022100569,4,9:10,stands,False,1,Beal Offensive Charge Foul (P6) (M.Dagher)
2021-22,0022100569,4,6:38,stands,False,1,Nwaba S.FOUL (P2.T2) (S.Mehta)
2021-22,0022100570,4,1:53,support,True,1,Brown Offensive Charge Foul (P1) (L.Wood)
2021-22,0022100573,3,7:09,support,False,2,Middleton S.FOUL (P1.T3) (P.Fraher) || Siakam T.FOUL (P1.T1) (P.Fraher)
2021-22,0022100573,3,6:08,support,False,1,Trent Jr. S.FOUL (P1.T2) (A.Nagy)
2021-22,0022100574,4,6:46,overturn,False,0,
2021-22,0022100574,4,4:44,stands,False,1,Giddey P.FOUL (P2.PN) (B.Haskill)
2021-22,0022100577,4,1:30,overturn,True,0,
2021-22,0022100579,2,10:34,overturn,False,1,Lyles S.FOUL (P2.T1) (B.Schwab)
2021-22,0022100580,4,3:16,stands,False,1,Porter Jr. L.B.FOUL (P2.T4) (J.DeRosa)
2021-22,0022100584,2,2:28,support,False,1,Paschall L.B.FOUL (P3.T4) (M.Ervin)
2021-22,0022100589,4,5:31,stands,False,0,
2021-22,0022100592,4,0:10,support,True,1,Middleton S.FOUL (P4.PN) (B.Burns)
2021-22,0022100595,2,3:59,overturn,False,1,Randle Offensive Charge Foul (P2) (A.Smith)
2021-22,0022100596,3,3:50,overturn,False,1,Booker Offensive Charge Foul (P4) (R.Acosta)
2021-22,0022100597,4,8:20,overturn,False,0,
2021-22,0022100598,4,0:15,support,True,1,Gafford S.FOUL (P4.PN) (A.Nagy)
2021-22,0022100606,3,8:34,overturn,False,0,
2021-22,0022100607,4,0:38,support,True,1,Bridges S.FOUL (P3.T3) (S.Twardoski)
2021-22,0022100608,2,6:11,stands,False,1,Joseph S.FOUL (P1.T2) (J.Reneau)
2021-22,0022100609,5,0:03,overturn,True,1,Richardson S.FOUL (P2.PN) (J.Williams)
2021-22,0022100613,3,8:13,overturn,False,1,Booker OFF.Foul (P2) (R.Mott)
2021-22,0022100613,4,1:41,support,True,1,Booker L.B.FOUL (P5.PN) (J.Conley)
2021-22,0022100615,3,8:42,overturn,False,1,Vanderbilt Offensive Charge Foul (P3) (S.Mehta)
2021-22,0022100615,3,2:12,overturn,False,1,Temple OFF.Foul (P2) (S.Mehta)
2021-22,0022100623,2,8:27,overturn,False,0,
2021-22,0022100626,3,2:52,overturn,False,0,
2021-22,0022100628,2,9:04,overturn,False,0,
2021-22,0022100633,3,5:00,stands,False,1,Diallo S.FOUL (P4.PN) (J.Goldenberg)
2021-22,0022100633,4,1:58,stands,True,1,Barnes P.FOUL (P3.PN) (J.Goldenberg)
2021-22,0022100635,4,4:49,overturn,False,1,Embiid Offensive Charge Foul (P2) (M.Davis)
2021-22,0022100636,4,4:53,stands,False,1,Martin S.FOUL (P3.T3) (S.Wall)
2021-22,0022100640,4,1:14,overturn,True,0,
2021-22,0022100641,3,10:41,overturn,False,0,
2021-22,0022100645,4,5:50,support,False,1,Butler S.FOUL (P1.T4) (B.Schwab)
2021-22,0022100650,3,2:51,overturn,False,1,M. Wagner S.FOUL (P2.PN) (C.Washington)
2021-22,0022100651,3,2:51,stands,False,1,Martin Jr. S.FOUL (P1.T3) (B.Barnaky)
2021-22,0022100652,3,7:03,stands,False,2,Poole Offensive Charge Foul (P3) (J.DeRosa) || 
2021-22,0022100656,1,7:08,overturn,False,1,Gafford S.FOUL (P2.T3) (P.Ransom)
2021-22,0022100656,4,7:25,overturn,False,1,Drummond S.FOUL (P5.PN) (T.Ford)
2021-22,0022100661,2,0:48,stands,False,1,Harris Offensive Charge Foul (P1) (Z.Zarba)
2021-22,0022100662,4,5:16,stands,False,1,Martin S.FOUL (P4.T3) (T.Ricks)
2021-22,0022100662,4,1:26,stands,True,1,Siakam P.FOUL (P3.T4) (T.Ricks)
2021-22,0022100665,4,1:19,overturn,True,0,
2021-22,0022100666,4,0:47,overturn,True,0,
2021-22,0022100667,4,8:29,support,False,1,Bjelica S.FOUL (P5.T2) (T.Brothers)
2021-22,0022100669,4,9:05,overturn,False,1,Harden OFF.Foul (P3) (B.Taylor)
2021-22,0022100674,4,0:39,support,True,1,G. Antetokounmpo S.FOUL (P6.PN) (B.Forte)
2021-22,0022100675,4,3:05,stands,False,1,Powell S.FOUL (P3.T4) (A.Nagy)
2021-22,0022100676,1,3:57,overturn,False,0,
2021-22,0022100676,2,2:19,support,False,1,Johnson S.FOUL (P1.PN) (K.Fitzgerald)
2021-22,0022100678,4,1:01,overturn,True,0,
2021-22,0022100679,4,2:34,support,False,1,Cunningham S.FOUL (P6.T3) (S.Wall)
2021-22,0022100680,2,5:42,overturn,False,1,Westbrook OFF.Foul (P1) (T.Brothers)
2021-22,0022100681,3,0:36,stands,False,1,Grimes OFF.Foul (P4) (S.Wright)
2021-22,0022100682,4,0:48,overturn,True,1,Finney-Smith OFF.Foul (P4) (M.Davis)
2021-22,0022100683,5,0:03,overturn,True,0,
2021-22,0022100684,3,0:09,support,False,1,Williams S.FOUL (P1.T3) (M.Boland)
2021-22,0022100684,4,5:58,support,False,1,Washington S.FOUL (P2.T1) (M.Myers)
2021-22,0022100685,3,9:05,support,False,1,James S.FOUL (P3.T1) (C.Kirkland)
2021-22,0022100685,3,0:48,overturn,False,0,
2021-22,0022100686,4,1:21,stands,True,1,Jackson P.FOUL (P1.PN) (G.Petraitis)
2021-22,0022100687,4,7:56,overturn,False,1,Robinson OFF.Foul (P5) (K.Fitzgerald)
2021-22,0022100688,4,3:29,stands,False,1,Williams III P.FOUL (P4.T4) (J.Goble)
2021-22,0022100689,4,7:14,support,False,1,Beal S.FOUL (P2.T2) (S.Foster)
2021-22,0022100690,3,2:58,overturn,False,0,
2021-22,0022100692,4,7:18,overturn,False,1,Culver OFF.Foul (P5) (K.Lane)
2021-22,0022100692,4,2:27,stands,False,0,
2021-22,0022100693,3,0:32,stands,False,1,Gobert OFF.Foul (P4) (J.Williams)
2021-22,0022100694,3,0:33,support,False,0,
2021-22,0022100695,4,0:37,overturn,True,0,
2021-22,0022100699,2,2:12,overturn,False,0,
2021-22,0022100700,4,1:40,overturn,True,1,Vincent S.FOUL (P6.PN) (J.Williams)
2021-22,0022100701,4,11:12,support,False,1,Vucevic Offensive Charge Foul (P5) (L.Wood)
2021-22,0022100702,2,10:27,stands,False,1,Siakam Offensive Charge Foul (P2) (B.Barnaky)
2021-22,0022100703,3,8:28,overturn,False,0,
2021-22,0022100704,4,8:23,overturn,False,0,
2021-22,0022100705,3,11:45,overturn,False,1,Kleber OFF.Foul (P4) (M.Smith)
2021-22,0022100705,4,4:53,overturn,False,0,
2021-22,0022100706,4,5:45,support,False,1,Johnson S.FOUL (P5.T3) (C.Blair)
2021-22,0022100707,4,0:35,support,True,0,
2021-22,0022100710,4,0:24,support,True,1,DeRozan P.FOUL (P6.PN) (J.Tiven)
2021-22,0022100716,4,2:19,stands,False,1,Hartenstein P.FOUL (P5.PN) (R.Acosta)
2021-22,0022100718,4,11:27,overturn,False,0,
2021-22,0022100720,3,6:34,stands,False,1,Porter Jr. S.FOUL (P1.T4) (J.Sterling)
2021-22,0022100722,4,1:54,support,True,1,Hill P.FOUL (P1.T4) (J.Schroeder)
2021-22,0022100723,2,7:09,stands,False,1,Martin P.FOUL (P3.T4) (D.Guthrie)
2021-22,0022100726,3,3:10,stands,False,1,Boucher S.FOUL (P4.T3) (M.Ervin)
2021-22,0022100728,2,0:36,overturn,False,0,
2021-22,0022100730,4,4:46,overturn,False,0,
2021-22,0022100732,4,7:14,stands,False,1,Powell P.FOUL (P3.PN) (J.Orr)
2021-22,0022100735,4,2:37,support,False,1,Horton-Tucker S.FOUL (P4.PN) (T.Ford)
2021-22,0022100738,4,1:16,stands,True,0,
2021-22,0022100739,4,2:29,overturn,False,0,
2021-22,0022100741,3,6:44,overturn,False,0,
2021-22,0022100741,3,2:53,overturn,False,1,Diakite S.FOUL (P5.PN) (M.Lindsay)
2021-22,0022100745,3,0:58,overturn,False,0,
2021-22,0022100746,4,5:22,stands,False,1,Jackson OFF.Foul (P5) (R.Acosta)
2021-22,0022100747,3,3:17,support,False,1,Hield S.FOUL (P2.PN) (A.Smith)
2021-22,0022100748,7,0:16,stands,True,1,Siakam OFF.Foul (P5) (M.Boland)
2021-22,0022100749,3,7:47,overturn,False,0,
2021-22,0022100750,3,5:50,overturn,False,0,
2021-22,0022100755,2,8:16,support,False,1,Okeke S.FOUL (P1.T2) (R.Acosta)
2021-22,0022100756,2,9:32,overturn,False,0,
2021-22,0022100756,3,5:12,overturn,False,0,
2021-22,0022100761,4,0:08,stands,True,1,Drummond S.FOUL (P4.PN) (B.Barnaky)
2021-22,0022100764,4,8:13,stands,False,1,Martin Jr. S.FOUL (P2.T3) (J.Goble)
2021-22,0022100765,4,8:24,stands,False,1,Muscala S.FOUL (P1.T1) (D.Richardson)
2021-22,0022100766,2,2:31,stands,False,1,Grant OFF.Foul (P1) (J.Orr)
2021-22,0022100766,4,3:22,stands,False,1,Graham S.FOUL (P2.PN) (J.Tiven)
2021-22,0022100767,4,1:27,support,True,1,Siakam P.FOUL (P4.T4) (M.Ervin)
2021-22,0022100771,4,1:42,stands,True,1,Moody P.FOUL (P3.PN) (M.Dagher)
2021-22,0022100775,4,3:20,support,False,1,Richardson P.FOUL (P3.PN) (P.Ransom)
2021-22,0022100776,4,7:32,overturn,False,1,Quickley S.FOUL (P4.T3) (S.Wright)
2021-22,0022100778,4,8:41,overturn,False,0,
2021-22,0022100778,4,5:20,overturn,False,0,
2021-22,0022100779,4,0:36,stands,True,1,Gay S.FOUL (P2.PN) (E.Dalen)
2021-22,0022100781,4,0:52,stands,True,1,Nurkic S.FOUL (P4.PN) (C.Blair)
2021-22,0022100784,3,0:28,support,False,1,Dedmon Offensive Charge Foul (P4) (B.Adams)
2021-22,0022100785,4,3:52,overturn,False,1,Kuminga S.FOUL (P5.PN) (J.Goldenberg)
2021-22,0022100785,4,1:20,stands,True,1,Mitchell S.FOUL (P4.T3) (D.Taylor)
2021-22,0022100786,4,10:26,overturn,False,0,
2021-22,0022100787,4,11:18,overturn,False,1,Ball Offensive Charge Foul (P5) (B.Forte)
2021-22,0022100787,4,0:01,support,True,1,Rozier S.FOUL (P2.T4) (B.Forte)
2021-22,0022100788,4,10:00,overturn,False,1,Schroder OFF.Foul (P3) (J.Capers)
2021-22,0022100794,3,10:52,support,False,1,Jokic Offensive Charge Foul (P1) (J.Butler)
2021-22,0022100795,4,8:47,overturn,False,0,
2021-22,0022100799,5,2:40,overturn,False,0,
2021-22,0022100800,2,9:09,stands,False,1,Watford S.FOUL (P1.T2) (J.Goble)
2021-22,0022100803,4,1:32,support,True,1,Stewart S.FOUL (P2.PN) (E.Dalen)
2021-22,0022100806,4,9:00,overturn,False,0,
2021-22,0022100808,4,3:06,overturn,False,1,Wood S.FOUL (P3.PN) (J.Sterling)
2021-22,0022100810,4,3:32,support,False,1,Washington S.FOUL (P2.PN) (M.Davis)
2021-22,0022100812,3,3:06,overturn,False,1,McGee T.FOUL (P0.PN) (D.Guthrie)
2021-22,0022100813,2,8:03,overturn,False,0,
2021-22,0022100814,4,8:41,overturn,False,0,
2021-22,0022100815,4,6:28,stands,False,1,Thybulle S.FOUL (P2.T3) (B.Adair)
2021-22,0022100819,2,1:38,stands,False,1,Tate S.FOUL (P4.PN) (M.Lindsay)
2021-22,0022100822,4,8:09,stands,False,1,G. Antetokounmpo S.FOUL (P5.T4) (J.Tiven)
2021-22,0022100823,2,9:26,overturn,False,0,
2021-22,0022100825,3,0:32,overturn,False,1,Love S.FOUL (P3.T4) (A.Smith)
2021-22,0022100828,2,7:56,overturn,False,1,Lee S.FOUL (P1.T2) (J.Sterling)
2021-22,0022100828,4,4:42,overturn,False,0,
2021-22,0022100829,4,10:14,overturn,False,0,
2021-22,0022100830,4,11:03,overturn,False,1,Prince S.FOUL (P3.T1) (T.Ford)
2021-22,0022100830,4,1:13,overturn,True,0,
2021-22,0022100832,3,7:52,overturn,False,1,Neto Offensive Charge Foul (P1) (B.Taylor)
2021-22,0022100832,4,1:06,stands,True,1,Caldwell-Pope S.FOUL (P2.PN) (B.Taylor)
2021-22,0022100834,4,8:44,stands,False,1,Porter Jr. OFF.Foul (P3) (G.Petraitis)
2021-22,0022100834,4,3:46,stands,False,1,Siakam S.FOUL (P6.T3) (G.Petraitis)
2021-22,0022100835,3,5:53,overturn,False,0,
2021-22,0022100835,4,4:49,stands,False,1,Mann P.FOUL (P3.PN) (L.Holtkamp)
2021-22,0022100836,2,10:59,overturn,False,0,
2021-22,0022100836,2,8:21,stands,False,1,Bridges OFF.Foul (P2) (D.Collins)
2021-22,0022100837,2,7:08,overturn,False,0,
2021-22,0022100843,4,4:31,overturn,False,0,
2021-22,0022100843,4,2:59,overturn,False,0,
2021-22,0022100845,4,1:10,overturn,True,1,Gibson OFF.Foul (P5) (M.Dagher)
2021-22,0022100846,4,4:46,overturn,False,0,
2021-22,0022100847,2,0:00,stands,False,1,Kuzma S.FOUL (P1.PN) (J.Tiven)
2021-22,0022100848,3,7:12,stands,False,1,Graham S.FOUL (P3.PN) (L.Holtkamp)
2021-22,0022100852,4,4:04,support,False,1,Williams S.FOUL (P1.T1) (P.Fraher)
2021-22,0022100854,3,0:13,overturn,False,1,Horton-Tucker P.FOUL (P4.PN) (M.Kogut)
2021-22,0022100854,4,4:40,overturn,False,0,
2021-22,0022100855,4,9:37,support,False,1,McGee S.FOUL (P5.T1) (E.Lewis)
2021-22,0022100856,3,7:40,support,False,1,Tatum Offensive Charge Foul (P2) (K.Lane)
2021-22,0022100856,4,1:55,overturn,True,1,White S.FOUL (P2.T3) (K.Lane)
2021-22,0022100858,3,9:31,overturn,False,1,Bryant S.FOUL (P3.T2) (J.Williams)
2021-22,0022100859,3,2:35,stands,False,0,
2021-22,0022100860,4,10:14,support,False,1,Wiggins S.FOUL (P1.T1) (J.Goble)
2021-22,0022100860,4,1:07,stands,True,1,Fournier P.FOUL (P2.PN) (J.Goble)
2021-22,0022100867,4,6:22,support,False,1,Love S.FOUL (P3.T4) (P.Ransom)
2021-22,0022100867,4,1:07,overturn,True,1,Okoro Offensive Charge Foul (P6) (K.Scott)
2021-22,0022100868,4,3:06,overturn,False,0,
2021-22,0022100869,2,5:41,support,False,1,Thybulle P.FOUL (P1.PN) (G.Petraitis)
2021-22,0022100870,3,3:35,stands,False,1,Stephenson OFF.Foul (P3) (C.Blair)
2021-22,0022100871,2,0:28,support,False,1,Harrell S.FOUL (P2.PN) (B.Barnaky)
2021-22,0022100871,5,1:48,support,True,1,Towns S.FOUL (P4.T2) (J.Capers)
2021-22,0022100880,2,5:55,overturn,False,0,
2021-22,0022100880,4,1:20,support,True,1,Siakam Offensive Charge Foul (P5) (T.Brothers)
2021-22,0022100881,4,0:14,overturn,True,1,Roby P.FOUL (P5.PN) (M.Dagher)
2021-22,0022100882,2,7:31,stands,False,1,Mathews S.FOUL (P2.T4) (M.Lindsay)
2021-22,0022100884,4,1:00,overturn,True,0,
2021-22,0022100885,1,0:04,overturn,False,0,
2021-22,0022100885,4,2:48,support,False,1,Lowry S.FOUL (P2.T3) (R.Acosta)
2021-22,0022100887,4,0:37,overturn,True,0,
2021-22,0022100888,3,2:38,overturn,False,0,
2021-22,0022100891,4,1:34,overturn,True,0,
2021-22,0022100892,4,0:09,overturn,True,0,
2021-22,0022100897,2,6:17,overturn,False,1,Haliburton OFF.Foul (P2) (M.Dagher)
2021-22,0022100898,3,5:46,overturn,False,0,
2021-22,0022100898,3,3:47,support,False,2,Porter Jr. S.FOUL (P2.T3) (D.Scott) || Martin Jr. T.FOUL (P1.T3) (D.Taylor)
2021-22,0022100900,3,7:00,overturn,False,1,Robinson S.FOUL (P4.T2) (K.Lane)
2021-22,0022100901,2,2:04,support,False,1,Beverley S.FOUL (P3.PN) (E.Malloy)
2021-22,0022100904,4,0:26,overturn,True,0,
2021-22,0022100904,4,0:19,overturn,True,0,
2021-22,0022100905,3,4:52,overturn,False,0,
2021-22,0022100911,4,0:06,overturn,True,0,
2021-22,0022100913,4,1:19,overturn,True,1,Johnson P.FOUL (P2.T4) (Z.Zarba)
2021-22,0022100914,3,1:38,support,False,1,Tatum OFF.Foul (P4) (J.DeRosa)
2021-22,0022100915,4,11:19,overturn,False,0,
2021-22,0022100915,5,1:48,support,True,1,Grant S.FOUL (P4.T3) (D.Taylor)
2021-22,0022100916,4,0:16,overturn,True,0,
2021-22,0022100917,2,9:50,stands,False,1,Kuminga Offensive Charge Foul (P2) (B.Taylor)
2021-22,0022100917,3,8:54,overturn,False,0,
2021-22,0022100920,4,0:04,overturn,True,0,
2021-22,0022100922,3,7:44,stands,False,1,LaVine Offensive Charge Foul (P4) (D.Collins)
2021-22,0022100926,4,0:34,support,True,0,
2021-22,0022100927,4,7:09,support,False,1,Pritchard S.FOUL (P1.T1) (E.Lewis)
2021-22,0022100928,4,10:51,support,False,1,Siakam Offensive Charge Foul (P5) (T.Brothers)
2021-22,0022100928,4,10:24,overturn,False,0,
2021-22,0022100931,4,2:09,overturn,False,0,
2021-22,0022100933,4,1:59,stands,True,1,Bamba S.FOUL (P2.PN) (D.Collins)
2021-22,0022100933,5,1:01,overturn,True,1,Suggs OFF.Foul (P4) (D.Collins)
2021-22,0022100935,2,0:29,stands,False,1,Conley S.FOUL (P1.PN) (B.Schwab)
2021-22,0022100937,3,1:49,stands,False,1,Ingram S.FOUL (P2.PN) (E.Malloy)
2021-22,0022100938,4,8:50,support,False,1,
2021-22,0022100940,4,1:23,support,True,1,Smart S.FOUL (P3.T3) (E.Scott)
2021-22,0022100941,3,2:14,overturn,False,0,
2021-22,0022100942,2,4:52,overturn,False,0,
2021-22,0022100942,3,3:35,overturn,False,0,
2021-22,0022100943,4,10:01,overturn,False,0,
2021-22,0022100944,2,3:26,stands,False,1,Sabonis P.FOUL (P3.T3) (M.Ervin)
2021-22,0022100944,4,1:56,stands,True,1,Murray S.FOUL (P1.PN) (S.Wright)
2021-22,0022100948,4,1:01,stands,True,0,
2021-22,0022100949,4,0:15,overturn,True,0,
2021-22,0022100950,3,6:11,overturn,False,0,
2021-22,0022100953,4,1:06,overturn,True,1,Quickley S.FOUL (P3.PN) (D.Guthrie)
2021-22,0022100954,4,8:04,stands,False,1,Powell S.FOUL (P5.T2) (C.Blair)
2021-22,0022100954,4,2:13,overturn,False,1,Dinwiddie L.B.FOUL (P5.T4) (C.Blair)
2021-22,0022100958,3,2:15,support,False,1,Nowell S.FOUL (P1.T2) (M.Davis)
2021-22,0022100960,3,0:03,stands,False,1,Claxton S.FOUL (P2.PN) (Z.Zarba)
2021-22,0022100960,4,8:51,stands,False,1,Tatum S.FOUL (P4.T2) (N.Buchert)
2021-22,0022100962,4,7:30,overturn,False,0,
2021-22,0022100963,3,5:41,stands,False,1,Gafford S.FOUL (P2.T2) (T.Brothers)
2021-22,0022100963,3,0:32,support,False,1,Washington Jr. S.FOUL (P3.PN) (B.Forte)
2021-22,0022100964,3,3:36,overturn,False,1,Melton OFF.Foul (P2) (M.Davis)
2021-22,0022100966,2,0:47,overturn,False,0,
2021-22,0022100966,4,7:26,stands,False,1,Barrett Offensive Charge Foul (P3) (J.Van Duyne)
2021-22,0022100967,4,5:17,overturn,False,1,Jokic Offensive Charge Foul (P2) (D.Guthrie)
2021-22,0022100967,4,0:19,support,True,1,Jokic OFF.Foul (P3) (J.DeRosa)
2021-22,0022100968,2,5:21,overturn,False,1,Livers Offensive Charge Foul (P2) (S.Wright)
2021-22,0022100968,4,1:42,overturn,True,0,
2021-22,0022100969,4,3:57,overturn,False,0,
2021-22,0022100970,3,8:02,stands,False,1,Adebayo Offensive Charge Foul (P4) (B.Adams)
2021-22,0022100970,4,10:00,stands,False,1,Nwaba Offensive Charge Foul (P3) (B.Adams)
2021-22,0022100971,2,5:59,stands,False,1,Prince S.FOUL (P2.T4) (D.Collins)
2021-22,0022100972,4,6:49,overturn,False,0,
2021-22,0022100972,4,0:51,stands,True,1,Gobert P.FOUL (P4.PN) (M.Smith)
2021-22,0022100973,3,6:21,support,False,1,Monk S.FOUL (P2.T2) (S.Wall)
2021-22,0022100974,4,3:54,support,False,1,Randle S.FOUL (P5.PN) (J.Tiven)
2021-22,0022100977,4,4:56,overturn,False,0,
2021-22,0022100979,3,6:19,support,False,1,Roby S.FOUL (P1.T4) (T.Maddox)
2021-22,0022100980,4,3:32,stands,False,1,Moody P.FOUL (P3.T4) (B.Barnaky)
2021-22,0022100981,3,8:59,support,False,1,Williams III S.FOUL (P4.T2) (T.Ford)
2021-22,0022100985,4,3:49,overturn,False,0,
2021-22,0022100985,4,0:13,stands,True,0,
2021-22,0022100988,2,0:04,stands,False,0,
2021-22,0022100996,1,5:20,overturn,False,1,Jackson Offensive Charge Foul (P1) (T.Ford)
2021-22,0022100997,2,0:11,overturn,False,0,
2021-22,0022100999,4,7:48,support,False,1,Schroder S.FOUL (P2.T1) (R.Mott)
2021-22,0022100999,4,6:29,support,False,1,Green S.FOUL (P4.T4) (J.Schroeder)
2021-22,0022101000,4,0:57,overturn,True,0,
2021-22,0022101001,2,4:49,stands,False,1,Alvarado S.FOUL (P3.PN) (M.Ervin)
2021-22,0022101003,4,6:06,stands,False,1,Booker P.FOUL (P3.T3) (E.Lewis)
2021-22,0022101005,4,1:43,stands,True,1,Strus S.FOUL (P3.T3) (T.Washington)
2021-22,0022101007,2,5:08,stands,False,1,Landale S.FOUL (P1.T4) (M.Boland)
2021-22,0022101011,4,10:58,overturn,False,1,Brown III S.FOUL (P4.T1) (B.Kennedy)
2021-22,0022101012,3,1:05,support,False,1,Durant P.FOUL (P3.T3) (J.Tiven)
2021-22,0022101013,3,8:13,overturn,False,1,Morris Sr. P.FOUL (P2.T2) (C.Kirkland)
2021-22,0022101014,4,0:04,overturn,True,0,
2021-22,0022101015,4,6:08,support,False,1,Harris S.FOUL (P6.T3) (R.Mott)
2021-22,0022101015,5,0:16,overturn,True,0,
2021-22,0022101016,4,0:28,support,True,1,Brissett L.B.FOUL (P4.PN) (S.Foster)
2021-22,0022101018,2,6:20,stands,False,1,Pokusevski Offensive Charge Foul (P2) (J.Williams)
2021-22,0022101018,4,0:14,overturn,True,0,
2021-22,0022101020,4,0:30,stands,True,1,Garland S.FOUL (P2.PN) (B.Nansel)
2021-22,0022101021,4,2:28,support,False,0,
2021-22,0022101022,4,3:37,overturn,False,1,Embiid Offensive Charge Foul (P4) (E.Lewis)
2021-22,0022101023,4,8:03,overturn,False,0,
2021-22,0022101024,3,7:28,support,False,1,Russell S.FOUL (P1.T3) (B.Taylor)
2021-22,0022101024,4,7:46,support,False,1,Poeltl S.FOUL (P5.T2) (T.Maddox)
2021-22,0022101025,4,10:32,overturn,False,0,
2021-22,0022101027,4,8:13,overturn,False,0,
2021-22,0022101028,2,2:34,stands,False,1,Barnes S.FOUL (P3.PN) (D.Collins)
2021-22,0022101028,4,0:20,stands,True,1,Ellington P.FOUL (P2.PN) (A.Nagy)
2021-22,0022101030,1,1:10,overturn,False,0,
2021-22,0022101038,4,2:32,support,False,1,Payne S.FOUL (P3.T4) (S.Wall)
2021-22,0022101041,3,8:27,overturn,False,0,
2021-22,0022101042,4,8:35,support,False,1,Looney L.B.FOUL (P5.T2) (L.Holtkamp)
2021-22,0022101043,4,7:06,overturn,False,0,
2021-22,0022101044,4,5:56,stands,False,1,Achiuwa OFF.Foul (P2) (N.Sago)
2021-22,0022101044,4,2:34,overturn,False,1,Boucher S.FOUL (P3.T2) (Z.Zarba)
2021-22,0022101045,4,9:57,support,False,1,Livers S.FOUL (P4.T1) (J.Schroeder)
2021-22,0022101046,2,2:20,stands,False,1,Embiid Offensive Charge Foul (P1) (B.Taylor)
2021-22,0022101048,4,2:06,stands,False,1,Durant S.FOUL (P4.PN) (J.Goble)
2021-22,0022101049,4,2:44,support,False,1,Markkanen P.FOUL (P4.T3) (S.Foster)
2021-22,0022101049,4,1:41,stands,True,1,Barton S.FOUL (P2.T3) (S.Foster)
2021-22,0022101051,1,2:01,support,False,1,Gabriel P.FOUL (P3.PN) (M.Myers)
2021-22,0022101055,1,1:44,overturn,False,0,
2021-22,0022101055,2,7:09,support,False,1,Mann S.FOUL (P1.T1) (J.Goble)
2021-22,0022101061,4,2:44,overturn,False,1,Porzingis OFF.Foul (P5) (M.Ervin)
2021-22,0022101063,3,2:42,overturn,False,0,
2021-22,0022101065,4,3:44,overturn,False,1,Carter Jr. OFF.Foul (P3) (M.Smith)
2021-22,0022101066,5,1:32,overturn,True,0,
2021-22,0022101068,2,6:31,overturn,False,0,
2021-22,0022101069,4,0:23,overturn,True,0,
2021-22,0022101070,4,8:36,stands,False,1,Thompson FLAGRANT.FOUL.TYPE1 (P3.T1) (E.Malloy)
2021-22,0022101073,4,4:25,stands,False,1,Cunningham S.FOUL (P4.PN) (T.Ford)
2021-22,0022101076,2,8:08,support,False,1,Boucher Offensive Charge Foul (P1) (J.Tiven)
2021-22,0022101078,4,5:52,overturn,False,0,
2021-22,0022101079,4,0:05,overturn,True,0,
2021-22,0022101080,4,8:16,overturn,False,1,Green L.B.FOUL (P3.T3) (T.Brothers)
2021-22,0022101080,4,0:13,support,True,1,Thompson S.FOUL (P3.T4) (T.Brothers)
2021-22,0022101085,4,8:12,stands,False,2,Cunningham Offensive Charge Foul (P3) (T.Washington) || Huerter T.FOUL (P3.T3) (A.Smith)
2021-22,0022101088,4,5:35,stands,False,1,Kuminga S.FOUL (P6.T4) (C.Washington)
2021-22,0022101088,4,2:30,overturn,False,0,
2021-22,0022101089,4,5:37,overturn,False,0,
2021-22,0022101091,4,8:47,overturn,False,0,
2021-22,0022101093,4,0:30,support,True,1,Monk S.FOUL (P1.PN) (R.Acosta)
2021-22,0022101095,3,2:11,support,False,1,Siakam S.FOUL (P4.PN) (T.Brothers)
2021-22,0022101098,2,6:10,stands,False,1,Caruso P.FOUL (P3.T2) (N.Green)
2021-22,0022101099,4,0:44,overturn,True,0,
2021-22,0022101100,4,2:39,support,False,1,Mitchell Offensive Charge Foul (P2) (C.Blair)
2021-22,0022101101,3,9:32,overturn,False,1,
2021-22,0022101103,4,2:00,stands,True,1,Strus S.FOUL (P4.T4) (R.Mott)
2021-22,0022101104,3,6:31,support,False,1,Powell OFF.Foul (P5) (M.Lindsay)
2021-22,0022101105,4,4:57,stands,False,1,Schroder P.FOUL (P3.PN) (R.Acosta)
2021-22,0022101106,2,8:51,overturn,False,0,
2021-22,0022101106,3,7:37,overturn,False,1,Mann OFF.Foul (P4) (E.Dalen)
2021-22,0022101107,3,4:17,overturn,False,0,
2021-22,0022101108,4,10:05,support,False,1,Lopez S.FOUL (P5.T1) (S.Wall)
2021-22,0022101110,4,0:09,overturn,True,0,
2021-22,0022101112,2,0:24,overturn,False,0,
2021-22,0022101113,1,0:32,overturn,False,0,
2021-22,0022101120,4,9:57,stands,False,1,Claxton S.FOUL (P4.T1) (J.Van Duyne)
2021-22,0022101121,2,2:39,stands,False,1,Gay S.FOUL (P3.PN) (K.Fitzgerald)
2021-22,0022101122,4,0:38,support,True,1,Washington S.FOUL (P3.PN) (M.Lindsay)
2021-22,0022101124,4,1:01,overturn,True,0,
2021-22,0022101126,4,0:18,support,True,1,DeRozan OFF.Foul (P4) (B.Forte)
2021-22,0022101127,4,7:01,overturn,False,0,
2021-22,0022101127,4,0:12,support,True,1,Nesmith S.FOUL (P3.T3) (M.Ervin)
2021-22,0022101129,1,10:32,overturn,False,0,
2021-22,0022101129,2,6:00,overturn,False,1,Bjelica S.FOUL (P1.PN) (B.Nansel)
2021-22,0022101130,4,3:22,stands,False,1,Sarr S.FOUL (P3.PN) (E.Lewis)
2021-22,0022101133,4,0:47,support,True,1,Stewart S.FOUL (P5.PN) (T.Maddox)
2021-22,0022101135,4,4:09,stands,False,1,Gobert OFF.Foul (P5) (J.Goldenberg)
2021-22,0022101136,2,1:37,stands,False,1,Markkanen S.FOUL (P2.PN) (J.Tiven)
2021-22,0022101139,4,0:33,support,True,1,Tatum Offensive Charge Foul (P4) (J.Van Duyne)
2021-22,0022101140,4,5:53,stands,False,1,Rozier S.FOUL (P4.T4) (J.Butler)
2021-22,0022101142,4,10:37,overturn,False,1,Porter Jr. OFF.Foul (P4) (C.Blair)
2021-22,0022101142,4,3:25,stands,False,1,Green OFF.Foul (P3) (C.Blair)
2021-22,0022101143,4,6:50,support,False,1,Hunter C.P.FOUL (P1.T3) (G.Petraitis)
2021-22,0022101145,3,7:36,overturn,False,0,
2021-22,0022101148,4,3:43,overturn,False,0,
2021-22,0022101148,5,0:08,support,True,1,Matthews S.FOUL (P2.PN) (D.Richardson)
2021-22,0022101151,4,7:13,overturn,False,0,
2021-22,0022101152,3,4:48,overturn,False,1,Chriss S.FOUL (P1.T4) (J.Goldenberg)
2021-22,0022101153,3,4:27,support,False,1,Haliburton P.FOUL (P5.PN) (B.Kennedy)
2021-22,0022101155,4,1:48,overturn,True,0,
2021-22,0022101156,3,3:12,stands,False,1,Hartenstein S.FOUL (P2.PN) (B.Adams)
2021-22,0022101159,3,7:34,support,False,1,Je. Green S.FOUL (P4.T1) (M.Dagher)
2021-22,0022101160,4,1:57,support,True,1,Davis S.FOUL (P4.PN) (J.Orr)
2021-22,0022101167,4,9:16,overturn,False,0,
2021-22,0022101167,4,4:47,stands,False,1,Holiday S.FOUL (P3.T4) (Z.Zarba)
2021-22,0022101171,4,6:15,support,False,1,Sims AWAY.FROM.PLAY.FOUL (P5.T2) (T.Ford)
2021-22,0022101172,4,1:42,support,True,1,Lowry S.FOUL (P5.PN) (B.Adams)
2021-22,0022101173,1,3:56,overturn,False,2,Porter Jr. S.FOUL (P1.T1) (B.Schwab) || Prince L.B.FOUL (P1.T2) (B.Forte)
2021-22,0022101174,2,1:31,overturn,False,0,
2021-22,0022101176,2,3:41,support,False,1,Green S.FOUL (P2.PN) (P.Fraher)
2021-22,0022101181,4,10:26,overturn,False,1,Oubre Jr. S.FOUL (P2.T2) (S.Wall)
2021-22,0022101181,4,8:34,stands,False,1,Thomas S.FOUL (P2.T3) (K.Lane)
2021-22,0022101183,4,4:20,overturn,False,1,Thompson S.FOUL (P3.PN) (K.Scott)
2021-22,0022101184,2,0:38,overturn,False,1,Edwards P.FOUL (P1.PN) (K.Cutler)
2021-22,0022101188,2,5:57,support,False,1,Mitchell S.FOUL (P2.PN) (M.Lindsay)
2021-22,0022101190,1,7:50,stands,False,1,Stewart OFF.Foul (P1) (C.Kirkland)
2021-22,0022101191,4,5:11,support,False,1,Brown S.FOUL (P4.PN) (S.Wright)
2021-22,0022101193,2,0:18,overturn,False,0,
2021-22,0022101195,2,8:27,stands,False,1,McGee S.FOUL (P2.T3) (K.Fitzgerald)
2021-22,0022101197,3,9:18,support,False,1,Birch S.FOUL (P1.T1) (M.Myers)
2021-22,0022101198,2,3:14,overturn,False,1,Hill S.FOUL (P2.T4) (R.Acosta)
2021-22,0022101199,3,11:15,overturn,False,1,Poeltl S.FOUL (P3.T1) (J.Goble)
2021-22,0022101202,4,3:30,stands,False,1,Johnson Offensive Charge Foul (P2) (K.Fitzgerald)
2021-22,0022101204,4,9:08,stands,False,1,Bryant S.FOUL (P2.T1) (A.Nagy)
2021-22,0022101210,3,1:55,overturn,False,1,Booker L.B.FOUL (P2.PN) (Z.Zarba)
2021-22,0022101212,4,4:06,stands,False,1,Mann S.FOUL (P4.PN) (J.Orr)
2021-22,0022101212,4,2:42,stands,False,1,Jackson S.FOUL (P3.PN) (B.Adair)
2021-22,0022101215,2,7:00,overturn,False,0,
2021-22,0022101215,4,0:20,overturn,True,0,
2021-22,0022101216,4,10:14,support,False,1,Claxton S.FOUL (P4.T3) (M.Davis)
2021-22,0022101221,3,6:05,support,False,1,Huerter S.FOUL (P2.T3) (C.Washington)
2021-22,0022101223,4,0:41,overturn,True,0,
2021-22,0022101224,2,0:35,overturn,False,1,Beverley T.FOUL (P1.PN) (D.Guthrie)
2021-22,0022101227,2,11:35,overturn,False,1,Haslem S.FOUL (P1.T1) (C.Blair)
2021-22,0022101229,4,2:38,stands,False,0,
2021-22,0042100102,4,1:59,overturn,True,0,
2021-22,0042100105,4,0:05,stands,True,0,
2021-22,0042100112,4,3:21,support,False,1,Irving S.FOUL (P3.PN) (T.Ford)
2021-22,0042100113,4,5:35,stands,False,1,Tatum S.FOUL (P4.T3) (M.Lindsay)
2021-22,0042100114,4,8:17,support,False,1,Tatum Offensive Charge Foul (P5) (S.Wright)
2021-22,0042100122,4,5:38,overturn,False,0,
2021-22,0042100123,3,6:25,support,False,1,G. Antetokounmpo Offensive Charge Foul (P3) (B.Forte)
2021-22,0042100125,1,0:02,stands,False,1,Jones Jr. S.FOUL (P3.PN) (M.Lindsay)
2021-22,0042100131,4,9:06,stands,False,2,VanVleet S.FOUL (P6.T1) (J.Goble) || VanVleet T.FOUL (P6.T1) (J.Goble)
2021-22,0042100132,2,4:00,support,False,1,Trent Jr. S.FOUL (P4.T3) (M.Lindsay)
2021-22,0042100132,4,3:31,overturn,False,0,
2021-22,0042100133,4,0:27,support,True,1,Harden S.FOUL (P6.PN) (M.Davis)
2021-22,0042100136,4,3:58,overturn,False,1,Siakam Offensive Charge Foul (P5) (B.Kennedy)
2021-22,0042100144,4,4:44,stands,False,3,Crowder P.FOUL (P5.PN) (T.Washington) ||  || Paul T.FOUL (P4.PN) (M.Davis)
2021-22,0042100145,2,7:51,overturn,False,1,McCollum S.FOUL (P2.T2) (D.Guthrie)
2021-22,0042100146,3,11:24,stands,False,1,Jones S.FOUL (P2.T1) (T.Ford)
2021-22,0042100146,3,4:28,overturn,False,1,Alvarado OFF.Foul (P2) (K.Fitzgerald)
2021-22,0042100151,1,4:11,stands,False,1,Beverley S.FOUL (P2.PN) (T.Washington)
2021-22,0042100151,4,10:58,stands,False,1,Williams S.FOUL (P2.T2) (S.Wright)
2021-22,0042100153,2,3:21,stands,False,1,Russell OFF.Foul (P3) (J.Tiven)
2021-22,0042100154,3,7:34,overturn,False,1,Vanderbilt S.FOUL (P2.T2) (T.Maddox)
2021-22,0042100154,4,5:46,overturn,False,0,
2021-22,0042100155,3,7:58,overturn,False,2,Jackson Jr. S.FOUL (P4.T2) (T.Ford) || 
2021-22,0042100155,3,1:44,overturn,False,1,Bane S.FOUL (P3.T4) (M.Davis)
2021-22,0042100161,4,3:47,overturn,False,0,
2021-22,0042100164,1,1:41,overturn,False,0,
2021-22,0042100164,3,5:47,overturn,False,0,
2021-22,0042100171,4,9:33,overturn,False,0,
2021-22,0042100171,4,5:34,stands,False,1,Bogdanovic S.FOUL (P3.PN) (T.Ford)
2021-22,0042100173,3,5:33,support,False,1,Bullock P.FOUL (P2.PN) (J.Goble)
2021-22,0042100173,3,4:14,overturn,False,0,
2021-22,0042100174,4,5:13,support,False,1,Gobert S.FOUL (P4.T3) (J.Williams)
2021-22,0042100203,4,3:48,support,False,1,Embiid S.FOUL (P4.PN) (J.Capers)
2021-22,0042100206,3,2:07,overturn,False,0,
2021-22,0042100206,4,2:40,support,False,0,
2021-22,0042100211,3,2:10,overturn,False,0,
2021-22,0042100212,2,3:36,stands,False,1,White P.FOUL (P3.T4) (D.Guthrie)
2021-22,0042100212,4,8:25,stands,False,1,G. Antetokounmpo P.FOUL (P3.T4) (T.Ford)
2021-22,0042100213,1,0:38,stands,False,1,G. Antetokounmpo Offensive Charge Foul (P1) (S.Wright)
2021-22,0042100213,4,5:57,stands,False,1,Williams Offensive Charge Foul (P5) (S.Wright)
2021-22,0042100214,3,1:47,overturn,False,1,Brown Offensive Charge Foul (P5) (J.Goble)
2021-22,0042100216,2,7:02,stands,False,1,Smart S.FOUL (P1.T2) (B.Taylor)
2021-22,0042100216,4,10:16,overturn,False,1,Williams S.FOUL (P4.T3) (B.Taylor)
2021-22,0042100217,2,0:33,stands,False,1,Tatum Offensive Charge Foul (P3) (K.Fitzgerald)
2021-22,0042100217,3,5:05,overturn,False,0,
2021-22,0042100221,4,10:12,stands,False,1,Bridges P.FOUL (P4.T2) (J.Tiven)
2021-22,0042100221,4,0:07,stands,True,1,Dinwiddie P.FOUL (P2.PN) (Z.Zarba)
2021-22,0042100224,3,9:32,stands,False,1,Paul OFF.Foul (P5) (J.Williams)
2021-22,0042100224,4,4:01,stands,False,0,
2021-22,0042100225,3,7:56,stands,False,1,Brunson Offensive Charge Foul (P2) (D.Guthrie)
2021-22,0042100226,4,10:02,overturn,False,0,
2021-22,0042100227,3,10:20,overturn,False,0,
2021-22,0042100231,4,5:08,stands,False,1,Curry Offensive Charge Foul (P5) (J.Williams)
2021-22,0042100231,4,1:17,overturn,True,0,
2021-22,0042100234,4,3:48,support,False,1,Green P.FOUL (P5.PN) (J.Goble)
2021-22,0042100236,2,4:26,stands,False,1,Lee S.FOUL (P1.PN) (J.Tiven)
2021-22,0042100303,4,8:31,overturn,False,0,
2021-22,0042100306,4,11:26,stands,False,1,Williams S.FOUL (P5.T1) (C.Kirkland)
2021-22,0042100306,4,0:40,stands,True,1,Strus P.FOUL (P6.PN) (E.Lewis)
2021-22,0042100307,4,9:18,overturn,False,1,Brown Offensive Charge Foul (P4) (J.Capers)
2021-22,0042100307,4,0:52,stands,True,0,
2021-22,0042100311,4,7:10,overturn,False,1,Poole T.FOUL (P5.T3) (C.Kirkland)
2021-22,0042100313,4,6:38,overturn,False,0,
2021-22,0042100314,4,3:03,stands,False,1,Kuminga Offensive Charge Foul (P2) (Z.Zarba)
2021-22,0042100315,4,10:00,stands,False,1,Green OFF.Foul (P5) (S.Foster)
2021-22,0042100404,4,0:47,support,True,1,Horford S.FOUL (P2.T2) (J.Capers)
2021-22,0042100405,4,3:01,support,False,1,Green S.FOUL (P6.PN) (T.Brothers)
2021-22,0052100131,4,7:07,stands,False,0,
2021-22,0052100201,3,8:34,overturn,False,0,
2021-22,0052100211,4,1:00,stands,True,1,Batum P.FOUL (P5.PN) (M.Davis)
2022-23,0012200003,4,8:28,overturn,False,0,
2022-23,0012200004,1,1:25,stands,False,1,Kuzma S.FOUL (P2.PN) (G.Petraitis)
2022-23,0012200004,4,5:59,stands,False,1,Wiseman S.FOUL (P6.T2) (J.DeRosa)
2022-23,0012200011,4,11:44,stands,False,1,Dieng Offensive Charge Foul (P1) (B.Nansel)
2022-23,0012200016,3,0:17,overturn,False,0,
2022-23,0012200020,4,1:11,overturn,True,1,Wilson S.FOUL (P1.T4) (I.Hwang)
2022-23,0012200032,4,2:12,stands,False,1,Nix S.FOUL (P1.T3) (B.Schwab)
2022-23,0012200034,2,6:04,stands,False,1,Bagley III S.FOUL (P4.PN) (C.Kirkland)
2022-23,0012200035,4,9:23,stands,False,1,Houstan Offensive Charge Foul (P3) (J.Reneau)
2022-23,0012200036,2,6:15,overturn,False,0,
2022-23,0012200037,3,0:55,support,False,2,Caruso S.FOUL (P2.PN) (A.Smith) || White OFF.Foul (P1) (C.Blair)
2022-23,0012200037,3,0:23,overturn,False,0,
2022-23,0012200039,4,10:40,support,False,1,Temple Offensive Charge Foul (P3) (E.Malloy)
2022-23,0012200041,3,10:44,overturn,False,0,
2022-23,0012200048,4,3:52,support,False,1,Bane Offensive Charge Foul (P1) (M.Kogut)
2022-23,0012200057,4,0:17,overturn,True,0,
2022-23,0012200058,3,10:01,stands,False,1,Sabonis S.FOUL (P3.T1) (M.Smith)
2022-23,0012200059,2,8:32,stands,False,1,Nnaji P.FOUL (P3.T4) (D.Scott)
2022-23,0012200062,4,8:02,overturn,False,0,
2022-23,0012200064,2,7:43,overturn,False,1,Williams Offensive Charge Foul (P1) (N.Green)
2022-23,0012200065,4,8:35,overturn,False,1,Gafford OFF.Foul (P5) (E.Scott)
2022-23,0012200066,3,11:10,stands,False,1,Edwards S.FOUL (P2.T1) (J.Goldenberg)
2022-23,0012200067,2,4:29,overturn,False,1,Young OFF.Foul (P2) (K.Lane)
2022-23,0012200068,4,4:23,overturn,False,1,Kessler OFF.Foul (P2) (B.Barnaky)
2022-23,0012200069,1,10:02,overturn,False,0,
2022-23,0012200069,2,8:06,overturn,False,1,Kuminga P.FOUL (P5.T4) (S.Twardoski)
2022-23,0012200070,1,6:19,overturn,False,0,
2022-23,0022200001,4,4:11,overturn,False,1,Tatum T.FOUL (P1.T3) (B.Forte)
2022-23,0022200002,1,0:47,overturn,False,0,
2022-23,0022200002,3,2:38,overturn,False,0,
2022-23,0022200003,4,7:05,overturn,False,0,
2022-23,0022200003,4,4:06,stands,False,1,Suggs S.FOUL (P5.T3) (S.Corbin)
2022-23,0022200004,4,5:20,support,False,1,Wright S.FOUL (P4.T4) (S.Foster)
2022-23,0022200004,4,0:09,support,True,1,Hield L.B.FOUL (P2.PN) (S.Foster)
2022-23,0022200008,4,3:06,stands,False,1,Siakam P.FOUL (P5.T2) (J.Tiven)
2022-23,0022200010,2,4:29,stands,False,1,Jal. Williams S.FOUL (P3.PN) (D.Collins)
2022-23,0022200010,4,1:50,overturn,True,0,
2022-23,0022200012,2,1:44,support,False,1,Jokic S.FOUL (P3.PN) (L.Holtkamp)
2022-23,0022200013,2,2:40,overturn,False,0,
2022-23,0022200014,1,0:33,support,False,1,Monk S.FOUL (P1.PN) (B.Adair)
2022-23,0022200015,4,0:32,stands,True,1,G. Antetokounmpo L.B.FOUL (P4.PN) (J.Williams)
2022-23,0022200020,3,0:05,support,False,1,Johnson S.FOUL (P1.PN) (Z.Zarba)
2022-23,0022200021,4,7:08,overturn,False,1,Barnes OFF.Foul (P2) (J.Capers)
2022-23,0022200021,4,2:19,support,False,1,Siakam Offensive Charge Foul (P4) (J.Capers)
2022-23,0022200024,2,2:25,stands,False,1,Smith Jr. S.FOUL (P2.PN) (M.Boland)
2022-23,0022200024,4,9:25,overturn,False,1,Gordon OFF.Foul (P1) (B.Kennedy)
2022-23,0022200025,4,0:22,stands,True,1,
2022-23,0022200025,5,3:48,overturn,False,0,
2022-23,0022200026,1,5:03,stands,False,1,Brown S.FOUL (P1.T4) (C.Kirkland)
2022-23,0022200027,2,4:02,support,False,1,Bridges S.FOUL (P3.T4) (L.Holtkamp)
2022-23,0022200027,5,0:01,support,True,1,Nurkic S.FOUL (P4.T2) (T.Brothers)
2022-23,0022200030,4,4:58,overturn,False,0,
2022-23,0022200030,4,1:49,support,True,1,Anthony Offensive Charge Foul (P4) (A.Smith)
2022-23,0022200031,3,11:40,stands,False,1,VanVleet S.FOUL (P5.T1) (J.Goble)
2022-23,0022200032,4,6:10,support,False,1,White S.FOUL (P2.T3) (J.Williams)
2022-23,0022200035,4,10:58,support,False,1,Dort S.FOUL (P4.T3) (B.Nansel)
2022-23,0022200036,4,11:38,support,False,1,Morris Sr. P.FOUL (P5.T1) (G.Petraitis)
2022-23,0022200036,4,4:13,overturn,False,0,
2022-23,0022200037,4,4:26,overturn,False,1,James P.FOUL (P3.T2) (D.Richardson)
2022-23,0022200037,4,0:21,overturn,True,0,
2022-23,0022200038,3,2:58,overturn,False,0,
2022-23,0022200039,4,1:25,stands,True,1,Kuzma P.FOUL (P2.PN) (D.Guthrie)
2022-23,0022200039,5,4:31,stands,False,1,Mitchell L.B.FOUL (P2.T1) (D.Guthrie)
2022-23,0022200040,3,8:00,stands,False,1,Jones Offensive Charge Foul (P3) (C.Blair)
2022-23,0022200040,4,1:56,overturn,True,0,
2022-23,0022200041,3,5:21,overturn,False,0,
2022-23,0022200042,2,4:06,support,False,1,Looney S.FOUL (P2.PN) (C.Washington)
2022-23,0022200042,4,11:00,overturn,False,0,
2022-23,0022200045,4,7:21,overturn,False,1,Anunoby Offensive Charge Foul (P5) (T.Brothers)
2022-23,0022200048,4,0:26,overturn,True,0,
2022-23,0022200050,4,0:19,overturn,True,0,
2022-23,0022200052,4,8:08,stands,False,1,Morris S.FOUL (P3.T4) (T.Ford)
2022-23,0022200053,3,6:59,overturn,False,1,Finney-Smith OFF.Foul (P1) (S.Wall)
2022-23,0022200053,4,10:18,stands,False,1,Finney-Smith S.FOUL (P2.T2) (B.Forte)
2022-23,0022200054,3,6:19,overturn,False,0,
2022-23,0022200054,4,6:23,stands,False,1,K. Williams P.FOUL (P2.T1) (J.DeRosa)
2022-23,0022200055,2,10:04,overturn,False,0,
2022-23,0022200056,4,7:56,overturn,False,0,
2022-23,0022200057,2,10:12,overturn,False,1,J. Holiday S.FOUL (P1.T1) (R.Hussey)
2022-23,0022200058,4,6:46,support,False,1,Smith Jr. P.FOUL (P4.T1) (S.Twardoski)
2022-23,0022200060,4,3:53,stands,False,1,Irving S.FOUL (P2.T4) (J.Tiven)
2022-23,0022200067,4,6:50,overturn,False,0,
2022-23,0022200069,3,8:14,support,False,1,Murray OFF.Foul (P1) (M.Boland)
2022-23,0022200070,2,4:39,stands,False,1,Collins OFF.Foul (P2) (B.Nansel)
2022-23,0022200071,3,3:26,support,False,1,Okeke S.FOUL (P3.T3) (J.DeRosa)
2022-23,0022200072,4,10:01,overturn,False,0,
2022-23,0022200074,3,4:44,stands,False,1,Porzingis OFF.Foul (P4) (K.Scott)
2022-23,0022200075,2,2:18,stands,False,1,Brunson P.FOUL (P2.PN) (R.Acosta)
2022-23,0022200075,4,0:37,overturn,True,0,
2022-23,0022200076,4,2:56,support,False,1,McDaniels S.FOUL (P6.PN) (J.Tiven)
2022-23,0022200076,4,0:31,overturn,True,1,James S.FOUL (P2.PN) (N.Green)
2022-23,0022200077,4,2:47,support,False,1,Green Offensive Charge Foul (P2) (P.Fraher)
2022-23,0022200080,4,0:58,support,True,1,Sengun S.FOUL (P4.PN) (T.Maddox)
2022-23,0022200081,1,6:24,overturn,False,1,Adebayo Offensive Charge Foul (P2) (S.Wright)
2022-23,0022200081,4,1:03,overturn,True,0,
2022-23,0022200082,1,5:41,overturn,False,0,
2022-23,0022200082,5,1:02,overturn,True,0,
2022-23,0022200083,4,0:42,overturn,True,1,Mathurin OFF.Foul (P4) (A.Smith)
2022-23,0022200084,2,3:24,support,False,1,DeRozan S.FOUL (P2.T3) (S.Twardoski)
2022-23,0022200086,5,4:45,overturn,False,1,Joe P.FOUL (P1.T1) (J.Orr)
2022-23,0022200086,5,1:32,stands,True,1,Bazley S.FOUL (P2.T3) (J.Orr)
2022-23,0022200087,4,0:18,overturn,True,0,
2022-23,0022200090,3,6:09,overturn,False,1,Randle OFF.Foul (P2) (B.Nansel)
2022-23,0022200091,4,6:20,stands,False,1,Lamb S.FOUL (P2.T4) (M.Myers)
2022-23,0022200101,4,6:33,support,False,1,Olynyk S.FOUL (P6.T4) (M.Davis)
2022-23,0022200102,4,8:24,overturn,False,0,
2022-23,0022200102,4,8:12,stands,False,1,Zubac S.FOUL (P5.T2) (N.Buchert)
2022-23,0022200104,4,1:39,overturn,True,0,
2022-23,0022200105,3,1:53,overturn,False,0,
2022-23,0022200109,2,0:35,overturn,False,1,Dedmon S.FOUL (P2.PN) (E.Lewis)
2022-23,0022200114,2,0:42,support,False,1,McDermott Offensive Charge Foul (P1) (G.Petraitis)
2022-23,0022200115,2,2:50,stands,False,1,Bullock L.B.FOUL (P1.T2) (M.Dagher)
2022-23,0022200118,1,6:49,overturn,False,0,
2022-23,0022200118,4,1:35,support,True,1,Wagner S.FOUL (P2.PN) (J.Sterling)
2022-23,0022200120,2,9:19,overturn,False,1,Ivey Offensive Charge Foul (P1) (J.Capers)
2022-23,0022200124,3,8:58,support,False,1,Williams S.FOUL (P3.T3) (R.Acosta)
2022-23,0022200124,4,2:32,support,False,1,White S.FOUL (P3.PN) (R.Acosta)
2022-23,0022200126,2,1:37,support,False,1,Collins P.FOUL (P1.PN) (J.Schroeder)
2022-23,0022200126,3,1:18,support,False,1,Batum S.FOUL (P3.PN) (S.Wright)
2022-23,0022200127,4,9:56,stands,False,1,Hardaway Jr. Offensive Charge Foul (P2) (D.Scott)
2022-23,0022200130,4,1:00,overturn,True,0,
2022-23,0022200131,4,6:26,overturn,False,0,
2022-23,0022200132,3,2:33,stands,False,1,Sabonis S.FOUL (P4.T1) (L.Holtkamp)
2022-23,0022200133,4,9:00,overturn,False,0,
2022-23,0022200137,3,8:31,support,False,1,Porter Jr. S.FOUL (P3.T2) (B.Forte)
2022-23,0022200139,3,5:01,overturn,False,1,Grant OFF.Foul (P1) (N.Sago)
2022-23,0022200140,4,8:27,overturn,False,0,
2022-23,0022200141,1,10:22,overturn,False,0,
2022-23,0022200142,4,1:54,stands,True,1,LaRavia P.FOUL (P2.T3) (J.Capers)
2022-23,0022200145,3,4:48,overturn,False,0,
2022-23,0022200146,4,1:30,overturn,True,1,Dort P.FOUL (P3.T4) (D.Taylor)
2022-23,0022200147,4,3:31,overturn,False,0,
2022-23,0022200148,4,9:38,overturn,False,0,
2022-23,0022200150,4,0:11,overturn,True,1,Adebayo OFF.Foul (P1) (P.Ransom)
2022-23,0022200151,4,4:04,overturn,False,0,
2022-23,0022200152,4,0:51,stands,True,1,Bane S.FOUL (P3.PN) (J.Capers)
2022-23,0022200153,4,3:30,stands,False,0,
2022-23,0022200156,4,5:07,overturn,False,0,
2022-23,0022200156,4,0:51,support,True,1,Thompson P.FOUL (P4.T4) (N.Sago)
2022-23,0022200158,4,4:50,support,False,1,Mobley S.FOUL (P4.T4) (B.Nansel)
2022-23,0022200160,2,7:24,stands,False,1,Jokic S.FOUL (P3.T1) (D.Taylor)
2022-23,0022200161,3,1:22,overturn,False,1,Dinwiddie S.FOUL (P1.PN) (K.Scott)
2022-23,0022200167,4,10:56,overturn,False,0,
2022-23,0022200168,1,0:55,overturn,False,1,Matthews OFF.Foul (P1) (N.Sago)
2022-23,0022200168,6,0:18,stands,True,1,Hill S.FOUL (P1.T1) (P.Fraher)
2022-23,0022200171,3,5:59,support,False,1,Wade P.FOUL (P2.T3) (S.Corbin)
2022-23,0022200171,4,2:42,support,False,1,Barnes P.FOUL (P3.PN) (B.Taylor)
2022-23,0022200172,4,9:11,overturn,False,0,
2022-23,0022200173,4,7:26,overturn,False,0,
2022-23,0022200174,3,9:57,overturn,False,0,
2022-23,0022200175,3,3:30,overturn,False,1,Grant Offensive Charge Foul (P1) (L.Holtkamp)
2022-23,0022200175,4,6:32,stands,False,1,Winslow S.FOUL (P3.T4) (D.Richardson)
2022-23,0022200176,4,9:37,overturn,False,1,Smart P.FOUL (P5.T1) (C.Blair)
2022-23,0022200181,3,6:23,stands,False,1,Morant S.FOUL (P4.T2) (K.Scott)
2022-23,0022200181,4,4:41,overturn,False,0,
2022-23,0022200182,4,0:13,support,True,1,Okoro Personal Take Foul (P5.PN) (D.Guthrie)
2022-23,0022200187,4,6:14,overturn,False,0,
2022-23,0022200191,2,3:36,overturn,False,1,Alvarado S.FOUL (P3.PN) (A.Smith)
2022-23,0022200192,4,9:06,overturn,False,0,
2022-23,0022200193,4,2:59,support,False,1,Stevens P.FOUL (P2.PN) (K.Lane)
2022-23,0022200195,4,1:20,overturn,True,0,
2022-23,0022200200,4,5:48,overturn,False,0,
2022-23,0022200200,4,2:38,overturn,False,0,
2022-23,0022200201,4,11:12,overturn,False,0,
2022-23,0022200202,3,2:44,overturn,False,0,
2022-23,0022200203,3,6:24,overturn,False,1,Porter Jr. S.FOUL (P2.T2) (R.Mott)
2022-23,0022200208,4,3:54,overturn,False,1,Hartenstein L.B.FOUL (P4.PN) (C.Kirkland)
2022-23,0022200209,3,9:10,overturn,False,1,Sochan S.FOUL (P4.T4) (D.Guthrie)
2022-23,0022200209,4,6:13,overturn,False,1,Johnson P.FOUL (P1.T1) (D.Guthrie)
2022-23,0022200213,4,4:24,stands,False,1,K. Williams Offensive Charge Foul (P3) (M.Dagher)
2022-23,0022200220,4,9:30,overturn,False,1,Payne OFF.Foul (P3) (T.Brothers)
2022-23,0022200221,4,7:31,overturn,False,1,Winslow OFF.Foul (P4) (A.Smith)
2022-23,0022200222,3,7:25,support,False,1,Sabonis S.FOUL (P3.T2) (B.Barnaky)
2022-23,0022200222,3,2:09,overturn,False,0,
2022-23,0022200223,3,2:49,overturn,False,1,Ivey OFF.Foul (P3) (C.Kirkland)
2022-23,0022200224,5,2:28,overturn,False,0,
2022-23,0022200224,5,1:32,overturn,True,0,
2022-23,0022200225,4,4:09,overturn,False,1,Garland OFF.Foul (P5) (B.Kennedy)
2022-23,0022200227,4,0:51,stands,True,1,Wagner Offensive Charge Foul (P6) (S.Wall)
2022-23,0022200228,4,8:17,stands,False,1,Sengun S.FOUL (P4.T2) (C.Washington)
2022-23,0022200228,4,4:44,stands,False,1,Hield S.FOUL (P2.T4) (T.Ford)
2022-23,0022200233,4,7:40,overturn,False,0,
2022-23,0022200234,1,7:12,stands,False,1,Noel S.FOUL (P1.PN) (M.Kogut)
2022-23,0022200235,3,3:44,support,False,1,VanVleet S.FOUL (P1.PN) (L.Holtkamp)
2022-23,0022200235,3,0:46,overturn,False,0,
2022-23,0022200237,3,1:02,overturn,False,1,Edwards Offensive Charge Foul (P2) (B.Schwab)
2022-23,0022200238,4,2:41,overturn,False,1,Markkanen OFF.Foul (P3) (C.Flores)
2022-23,0022200242,2,4:56,overturn,False,0,
2022-23,0022200245,4,4:18,stands,False,1,D. Green S.FOUL (P4.T4) (D.Guthrie)
2022-23,0022200249,3,8:55,overturn,False,0,
2022-23,0022200250,4,2:18,overturn,False,0,
2022-23,0022200252,3,9:27,stands,False,2,Edwards Offensive Charge Foul (P2) (J.Conley) || Edwards T.FOUL (P2.T3) (J.Conley)
2022-23,0022200252,4,3:21,overturn,False,0,
2022-23,0022200255,4,0:56,overturn,True,1,Horton-Tucker Offensive Charge Foul (P3) (T.Ford)
2022-23,0022200256,3,4:29,overturn,False,0,
2022-23,0022200258,1,6:06,support,False,1,Jokic OFF.Foul (P1) (J.Williams)
2022-23,0022200258,2,0:07,support,False,1,Livers FLAGRANT.FOUL.TYPE1 (P1.PN) (L.Holtkamp)
2022-23,0022200259,4,0:43,stands,True,1,Booker S.FOUL (P6.PN) (M.Davis)
2022-23,0022200260,1,5:48,support,False,1,Smith Jr. S.FOUL (P1.T3) (A.Smith)
2022-23,0022200262,2,5:11,support,False,1,Nesmith S.FOUL (P3.T4) (T.Brothers)
2022-23,0022200262,4,3:58,overturn,False,0,
2022-23,0022200264,2,4:01,stands,False,1,McGee S.FOUL (P1.T3) (M.Myers)
2022-23,0022200265,4,1:16,overturn,True,0,
2022-23,0022200266,2,5:36,support,False,1,Anunoby Offensive Charge Foul (P1) (A.Moyer-Gleich)
2022-23,0022200266,4,8:41,support,False,1,Simmons S.FOUL (P5.PN) (S.Mehta)
2022-23,0022200268,4,11:07,overturn,False,0,
2022-23,0022200271,2,7:26,stands,False,1,Coffey S.FOUL (P2.T2) (L.Wood)
2022-23,0022200272,4,1:09,stands,True,1,Towns S.FOUL (P5.PN) (S.Foster)
2022-23,0022200274,4,1:11,support,True,1,Hart S.FOUL (P5.PN) (P.Fraher)
2022-23,0022200274,4,0:09,support,True,1,Grimes S.FOUL (P3.PN) (C.Washington)
2022-23,0022200277,3,1:21,overturn,False,1,Martin S.FOUL (P1.T4) (D.Scott)
2022-23,0022200278,2,6:56,overturn,False,1,Young OFF.Foul (P2) (M.Ervin)
2022-23,0022200278,4,9:44,overturn,False,1,Mathews S.FOUL (P2.T3) (N.Green)
2022-23,0022200279,1,9:17,overturn,False,1,Morant S.FOUL (P1.T2) (L.Holtkamp)
2022-23,0022200281,5,0:27,support,True,1,DeRozan S.FOUL (P5.T3) (B.Forte)
2022-23,0022200284,4,2:05,overturn,False,0,
2022-23,0022200284,4,1:29,support,True,1,Wiggins P.FOUL (P3.T4) (Z.Zarba)
2022-23,0022200287,3,0:09,overturn,False,0,
2022-23,0022200289,4,5:41,stands,False,0,
2022-23,0022200291,2,2:03,overturn,False,0,
2022-23,0022200292,4,9:18,stands,False,1,Batum OFF.Foul (P1) (B.Forte)
2022-23,0022200294,1,4:17,overturn,False,1,Smart S.FOUL (P2.T3) (J.Schroeder)
2022-23,0022200296,4,5:03,overturn,False,0,
2022-23,0022200296,4,0:26,support,True,1,Brooks P.FOUL (P6.PN) (T.Brothers)
2022-23,0022200297,3,6:44,overturn,False,1,Harris Offensive Charge Foul (P1) (J.DeRosa)
2022-23,0022200302,4,10:17,stands,False,1,Irving S.FOUL (P4.T2) (R.Acosta)
2022-23,0022200304,4,10:28,overturn,False,0,
2022-23,0022200304,4,4:08,overturn,False,0,
2022-23,0022200305,2,1:43,overturn,False,1,Sengun S.FOUL (P3.T4) (R.Mott)
2022-23,0022200306,4,6:59,support,False,1,Markkanen S.FOUL (P1.T2) (N.Sago)
2022-23,0022200307,4,1:48,support,True,1,Mitchell S.FOUL (P2.T3) (J.Van Duyne)
2022-23,0022200316,4,1:00,support,True,1,G. Antetokounmpo S.FOUL (P6.PN) (B.Kennedy)
2022-23,0022200319,4,9:45,overturn,False,0,
2022-23,0022200319,4,5:46,overturn,False,0,
2022-23,0022200320,2,6:53,overturn,False,1,Smith Jr. L.B.FOUL (P2.T3) (C.Flores)
2022-23,0022200321,3,2:13,stands,False,1,Caruso S.FOUL (P3.PN) (B.Nansel)
2022-23,0022200321,4,9:06,overturn,False,0,
2022-23,0022200323,2,2:56,overturn,False,0,
2022-23,0022200324,4,3:59,overturn,False,0,
2022-23,0022200325,3,1:03,stands,False,1,Duren S.FOUL (P2.PN) (G.Petraitis)
2022-23,0022200325,4,9:17,overturn,False,0,
2022-23,0022200326,3,10:20,overturn,False,0,
2022-23,0022200328,4,9:31,overturn,False,0,
2022-23,0022200328,4,5:30,support,False,1,Herro OFF.Foul (P1) (S.Twardoski)
2022-23,0022200329,2,7:48,stands,False,1,Siakam S.FOUL (P4.T2) (N.Green)
2022-23,0022200333,4,7:32,stands,False,1,Langford P.FOUL (P3.T2) (P.Ransom)
2022-23,0022200334,4,2:40,stands,False,1,Green Offensive Charge Foul (P2) (J.Capers)
2022-23,0022200334,4,1:33,support,True,1,Bridges S.FOUL (P4.T3) (T.Mirkovich)
2022-23,0022200336,4,1:19,overturn,True,0,
2022-23,0022200338,2,3:15,stands,False,1,Sabonis L.B.FOUL (P3.T4) (R.Acosta)
2022-23,0022200339,4,1:42,support,True,1,Nwora S.FOUL (P1.T4) (B.Schwab)
2022-23,0022200340,2,0:33,support,False,1,VanVleet S.FOUL (P2.PN) (L.Holtkamp)
2022-23,0022200341,4,5:20,stands,False,2,Edwards Offensive Charge Foul (P2) (J.Goble) || Edwards T.FOUL (P2.T2) (S.Wall)
2022-23,0022200341,4,1:16,stands,True,1,Robinson-Earl S.FOUL (P3.T4) (S.Corbin)
2022-23,0022200348,4,8:54,stands,False,1,Love S.FOUL (P1.T3) (D.Taylor)
2022-23,0022200348,4,4:57,stands,False,0,
2022-23,0022200349,4,7:39,overturn,False,0,
2022-23,0022200352,3,4:01,support,False,1,Plumlee S.FOUL (P3.T1) (M.Ervin)
2022-23,0022200354,4,0:31,support,True,1,Jal. Williams S.FOUL (P2.PN) (J.Capers)
2022-23,0022200356,5,0:02,stands,True,1,Embiid S.FOUL (P6.PN) (P.O'Connell)
2022-23,0022200357,4,3:23,overturn,False,0,
2022-23,0022200359,3,0:15,stands,False,1,Kuminga S.FOUL (P4.T3) (S.Mehta)
2022-23,0022200363,4,3:22,overturn,False,1,M. Wagner S.FOUL (P2.T2) (D.Mosher)
2022-23,0022200363,5,2:05,overturn,False,0,
2022-23,0022200364,4,0:44,stands,True,1,Rozier S.FOUL (P2.PN) (G.Petraitis)
2022-23,0022200364,4,0:12,overturn,True,0,
2022-23,0022200366,2,3:43,overturn,False,0,
2022-23,0022200371,4,11:04,overturn,False,1,Daniels Offensive Charge Foul (P5) (C.Washington)
2022-23,0022200374,4,0:42,overturn,True,0,
2022-23,0022200375,3,6:45,stands,False,1,Sengun OFF.Foul (P3) (N.Buchert)
2022-23,0022200375,4,3:06,support,False,1,Collins S.FOUL (P4.T3) (J.Schroeder)
2022-23,0022200377,3,4:53,overturn,False,0,
2022-23,0022200379,4,1:14,support,True,1,Trent Jr. Offensive Charge Foul (P2) (C.Blair)
2022-23,0022200380,4,1:46,overturn,True,0,
2022-23,0022200382,4,1:53,overturn,True,0,
2022-23,0022200382,5,3:30,stands,False,1,Reaves S.FOUL (P3.T3) (J.Williams)
2022-23,0022200386,2,6:57,overturn,False,1,G. Antetokounmpo Offensive Charge Foul (P1) (K.Scott)
2022-23,0022200386,4,2:55,stands,False,1,G. Antetokounmpo S.FOUL (P6.PN) (S.Twardoski)
2022-23,0022200389,3,4:09,overturn,False,1,Gill S.FOUL (P2.T4) (L.Holtkamp)
2022-23,0022200390,4,1:04,stands,True,1,Gilgeous-Alexander S.FOUL (P6.PN) (R.Acosta)
2022-23,0022200393,3,2:29,overturn,False,1,Murray P.FOUL (P1.PN) (J.Van Duyne)
2022-23,0022200393,4,2:20,overturn,False,0,
2022-23,0022200394,4,0:42,support,True,1,Gobert OFF.Foul (P4) (P.Fraher)
2022-23,0022200394,4,0:12,stands,True,1,Hart P.FOUL (P5.PN) (A.Moyer-Gleich)
2022-23,0022200395,4,5:14,overturn,False,1,Williamson Offensive Charge Foul (P2) (T.Ford)
2022-23,0022200395,5,2:52,overturn,False,1,Paul OFF.Foul (P6) (T.Ford)
2022-23,0022200396,3,2:11,overturn,False,0,
2022-23,0022200397,4,9:17,support,False,1,Huerter S.FOUL (P3.T1) (M.Davis)
2022-23,0022200398,2,9:39,stands,False,1,Siakam OFF.Foul (P3) (I.Hwang)
2022-23,0022200398,2,9:23,overturn,False,1,Young S.FOUL (P1.T1) (B.Taylor)
2022-23,0022200400,4,0:08,overturn,True,0,
2022-23,0022200402,3,9:25,overturn,False,0,
2022-23,0022200405,4,9:13,stands,False,1,Giddey OFF.Foul (P1) (D.Guthrie)
2022-23,0022200405,4,8:22,overturn,False,0,
2022-23,0022200406,4,1:04,overturn,True,0,
2022-23,0022200408,2,1:34,overturn,False,0,
2022-23,0022200409,3,4:18,overturn,False,0,
2022-23,0022200409,3,1:17,overturn,False,1,Mitchell S.FOUL (P1.T3) (T.Brothers)
2022-23,0022200410,3,6:30,support,False,2,Kuminga S.FOUL (P3.T4) (J.Capers) || Iguodala T.FOUL (P0.T4) (B.Taylor)
2022-23,0022200411,2,1:07,overturn,False,1,Ayton Offensive Charge Foul (P2) (R.Mott)
2022-23,0022200415,4,1:06,overturn,True,1,Moody S.FOUL (P2.PN) (J.Goldenberg)
2022-23,0022200416,4,8:36,overturn,False,0,
2022-23,0022200417,1,1:21,overturn,False,1,Davis OFF.Foul (P1) (B.Haskill)
2022-23,0022200417,4,3:18,support,False,0,
2022-23,0022200418,4,11:31,support,False,1,Barrett S.FOUL (P4.T1) (C.Washington)
2022-23,0022200418,4,1:30,overturn,True,0,
2022-23,0022200419,4,0:55,overturn,True,0,
2022-23,0022200421,3,0:02,stands,False,2,Doncic S.FOUL (P3.PN) (J.Goble) || 
2022-23,0022200423,4,3:17,support,False,1,McDaniels S.FOUL (P4.PN) (J.Tiven)
2022-23,0022200424,4,2:32,overturn,False,0,
2022-23,0022200426,5,3:13,overturn,False,0,
2022-23,0022200426,5,0:34,support,True,1,Nance Jr. P.FOUL (P2.PN) (M.Ervin)
2022-23,0022200435,2,3:14,stands,False,1,Pokusevski S.FOUL (P1.T4) (J.Van Duyne)
2022-23,0022200437,4,8:17,overturn,False,1,Beverley P.FOUL (P1.T2) (E.Dalen)
2022-23,0022200440,4,5:49,overturn,False,0,
2022-23,0022200440,4,4:26,overturn,False,0,
2022-23,0022200443,3,2:52,stands,False,1,Roddy S.FOUL (P1.PN) (J.Goble)
2022-23,0022200445,3,5:23,overturn,False,0,
2022-23,0022200446,4,0:45,support,True,1,Nembhard P.FOUL (P5.PN) (M.Ervin)
2022-23,0022200447,4,0:29,support,True,1,Hayes S.FOUL (P5.PN) (B.Barnaky)
2022-23,0022200453,5,1:31,overturn,True,1,Tucker OFF.Foul (P5) (P.Fraher)
2022-23,0022200453,5,0:12,stands,True,0,
2022-23,0022200454,4,2:54,overturn,False,0,
2022-23,0022200455,4,7:00,overturn,False,0,
2022-23,0022200457,3,6:44,overturn,False,0,
2022-23,0022200458,4,0:16,stands,True,0,
2022-23,0022200460,4,1:47,overturn,True,0,
2022-23,0022200460,4,0:35,support,True,1,Ball S.FOUL (P6.PN) (C.Kirkland)
2022-23,0022200466,3,4:17,overturn,False,1,G. Antetokounmpo OFF.Foul (P3) (B.Taylor)
2022-23,0022200466,3,2:00,stands,False,1,G. Antetokounmpo S.FOUL (P4.T3) (D.Taylor)
2022-23,0022200468,4,3:18,overturn,False,0,
2022-23,0022200469,4,6:51,support,False,1,Nembhard S.FOUL (P4.T2) (T.Ford)
2022-23,0022200471,2,6:21,support,False,1,Hernangomez S.FOUL (P2.T3) (E.Scott)
2022-23,0022200471,3,3:37,overturn,False,0,
2022-23,0022200472,4,1:59,stands,True,1,Green S.FOUL (P4.PN) (J.Orr)
2022-23,0022200473,3,7:05,stands,False,1,Rivers S.FOUL (P4.T2) (J.Butler)
2022-23,0022200475,4,4:58,overturn,False,0,
2022-23,0022200476,4,7:57,overturn,False,0,
2022-23,0022200478,4,3:11,support,False,1,Gibson S.FOUL (P3.T2) (S.Wright)
2022-23,0022200479,4,8:42,overturn,False,0,
2022-23,0022200480,4,0:58,overturn,True,0,
2022-23,0022200480,4,0:57,support,True,1,Melton S.FOUL (P3.PN) (B.Adair)
2022-23,0022200483,2,10:31,overturn,False,1,Curry OFF.Foul (P1) (P.Fraher)
2022-23,0022200483,3,9:39,overturn,False,0,
2022-23,0022200485,3,10:25,overturn,False,1,Dosunmu OFF.Foul (P2) (E.Lewis)
2022-23,0022200485,3,6:06,overturn,False,1,DeRozan S.FOUL (P2.T1) (E.Lewis)
2022-23,0022200487,3,5:36,overturn,False,0,
2022-23,0022200489,4,3:39,stands,False,1,Hart S.FOUL (P1.PN) (B.Nansel)
2022-23,0022200490,3,1:26,overturn,False,1,Lee L.B.FOUL (P1.PN) (N.Buchert)
2022-23,0022200491,3,7:17,overturn,False,0,
2022-23,0022200494,4,3:50,overturn,False,1,Reaves P.FOUL (P3.PN) (S.Foster)
2022-23,0022200497,4,10:26,overturn,False,0,
2022-23,0022200497,4,2:36,stands,False,1,Craig S.FOUL (P3.PN) (K.Lane)
2022-23,0022200498,4,2:52,stands,False,1,Durant Offensive Charge Foul (P5) (B.Adair)
2022-23,0022200499,4,3:22,overturn,False,0,
2022-23,0022200500,4,0:28,stands,True,1,Lowry S.FOUL (P3.T4) (C.Washington)
2022-23,0022200501,4,6:13,support,False,1,Porter Jr. S.FOUL (P2.T2) (T.Ford)
2022-23,0022200504,4,3:36,overturn,False,0,
2022-23,0022200505,3,9:27,stands,False,1,Banchero Offensive Charge Foul (P5) (J.Goldenberg)
2022-23,0022200508,4,5:14,overturn,False,0,
2022-23,0022200509,4,3:18,overturn,False,0,
2022-23,0022200512,5,1:29,stands,True,1,Doncic L.B.FOUL (P5.PN) (B.Taylor)
2022-23,0022200514,4,4:28,overturn,False,0,
2022-23,0022200514,4,0:32,support,True,1,Lyles S.FOUL (P1.T2) (M.Davis)
2022-23,0022200515,4,4:15,overturn,False,1,Harris P.FOUL (P2.T3) (J.Butler)
2022-23,0022200516,3,1:56,overturn,False,1,Wainright S.FOUL (P2.T4) (Z.Zarba)
2022-23,0022200519,4,4:58,overturn,False,1,G. Antetokounmpo Offensive Charge Foul (P4) (B.Kennedy)
2022-23,0022200519,5,1:02,support,True,1,Lopez P.FOUL (P4.T2) (B.Nansel)
2022-23,0022200520,3,4:19,overturn,False,0,
2022-23,0022200520,4,7:38,stands,False,1,Rivers S.FOUL (P6.T2) (K.Cutler)
2022-23,0022200521,2,4:06,overturn,False,1,Sexton OFF.Foul (P2) (M.Kallio)
2022-23,0022200522,4,6:25,support,False,1,Cancar S.FOUL (P2.T2) (T.Ford)
2022-23,0022200522,4,5:13,support,False,1,Sabonis S.FOUL (P4.T2) (T.Ford)
2022-23,0022200523,3,4:54,support,False,1,Jay. Williams P.FOUL (P5.T4) (J.Goble)
2022-23,0022200524,2,10:10,stands,False,1,Love S.FOUL (P2.T2) (J.Capers)
2022-23,0022200525,4,5:32,support,False,1,Brown OFF.Foul (P5) (M.Myers)
2022-23,0022200525,4,1:37,support,True,1,Powell L.B.FOUL (P2.PN) (M.Myers)
2022-23,0022200526,3,5:33,overturn,False,0,
2022-23,0022200527,3,4:29,overturn,False,1,Grimes Offensive Charge Foul (P3) (A.Moyer-Gleich)
2022-23,0022200527,3,1:57,stands,False,1,McBride S.FOUL (P2.T3) (M.Davis)
2022-23,0022200531,3,5:55,overturn,False,1,Anunoby Offensive Charge Foul (P5) (J.Tiven)
2022-23,0022200531,4,1:08,support,True,1,Trent Jr. P.FOUL (P2.PN) (J.Tiven)
2022-23,0022200532,4,9:22,support,False,1,DeRozan Offensive Charge Foul (P4) (G.Petraitis)
2022-23,0022200534,4,1:48,overturn,True,1,Marshall L.B.FOUL (P3.PN) (K.Scott)
2022-23,0022200537,4,7:23,overturn,False,0,
2022-23,0022200538,4,0:29,support,True,1,George S.FOUL (P4.PN) (J.DeRosa)
2022-23,0022200542,4,9:30,stands,False,1,Collins OFF.Foul (P5) (D.Taylor)
2022-23,0022200545,3,0:45,stands,False,1,Joe P.FOUL (P1.T4) (M.Boland)
2022-23,0022200547,2,9:59,support,False,1,Lyles S.FOUL (P1.T1) (J.Goble)
2022-23,0022200552,4,3:26,stands,False,1,Caruso P.FOUL (P6.PN) (T.Brothers)
2022-23,0022200552,5,0:41,stands,True,1,Love S.FOUL (P6.PN) (T.Brothers)
2022-23,0022200553,4,3:02,support,False,1,Barnes Offensive Charge Foul (P3) (J.Williams)
2022-23,0022200554,2,3:41,stands,False,1,Harden P.FOUL (P3.PN) (N.Sago)
2022-23,0022200556,1,0:02,overturn,False,1,Powell S.FOUL (P2.PN) (J.Capers)
2022-23,0022200560,4,3:06,stands,False,0,
2022-23,0022200561,4,3:27,overturn,False,1,Gafford S.FOUL (P2.PN) (D.Taylor)
2022-23,0022200562,1,3:22,overturn,False,0,
2022-23,0022200563,4,4:44,support,False,1,Sabonis P.FOUL (P5.PN) (N.Buchert)
2022-23,0022200565,2,2:28,overturn,False,0,
2022-23,0022200567,4,3:30,overturn,False,0,
2022-23,0022200568,3,8:59,overturn,False,1,K. Johnson Offensive Charge Foul (P2) (S.Wall)
2022-23,0022200569,1,6:45,overturn,False,0,
2022-23,0022200569,5,3:32,support,False,1,G. Antetokounmpo L.B.FOUL (P4.T1) (T.Brothers)
2022-23,0022200571,4,3:52,overturn,False,0,
2022-23,0022200572,1,4:27,stands,False,2,Jones S.FOUL (P1.T3) (P.Fraher) || Jones T.FOUL (P1.T3) (P.Fraher)
2022-23,0022200574,4,0:40,overturn,True,1,Reaves S.FOUL (P3.PN) (L.Wood)
2022-23,0022200575,4,0:34,overturn,True,0,
2022-23,0022200576,4,1:21,stands,True,1,Carter Jr. S.FOUL (P6.T2) (B.Taylor)
2022-23,0022200577,3,0:13,stands,False,1,Wright IV S.FOUL (P1.PN) (K.Lane)
2022-23,0022200578,4,3:42,overturn,False,1,Vanderbilt Offensive Charge Foul (P3) (J.Williams)
2022-23,0022200581,4,6:02,overturn,False,0,
2022-23,0022200582,4,0:13,support,True,1,Barnes P.FOUL (P3.PN) (B.Adair)
2022-23,0022200583,2,7:02,support,False,1,Washington S.FOUL (P3.T3) (T.Maddox)
2022-23,0022200584,1,9:10,overturn,False,0,
2022-23,0022200584,3,9:23,support,False,1,Dort P.FOUL (P5.T3) (J.Sterling)
2022-23,0022200587,4,7:38,overturn,False,0,
2022-23,0022200589,4,8:00,stands,False,1,Craig S.FOUL (P4.T3) (P.Fraher)
2022-23,0022200589,4,2:51,support,False,1,Lowry S.FOUL (P3.T2) (B.Nansel)
2022-23,0022200590,4,4:10,stands,False,2,Collins S.FOUL (P3.T2) (K.Cutler) || 
2022-23,0022200594,1,0:20,overturn,False,0,
2022-23,0022200594,4,10:51,support,False,1,Lamb S.FOUL (P2.T2) (S.Wright)
2022-23,0022200595,4,0:03,support,True,1,Fox S.FOUL (P4.PN) (J.Goble)
2022-23,0022200597,2,4:23,overturn,False,1,VanVleet S.FOUL (P2.PN) (E.Scott)
2022-23,0022200597,4,7:47,support,False,0,
2022-23,0022200601,4,6:18,overturn,False,0,
2022-23,0022200602,4,7:50,overturn,False,0,
2022-23,0022200602,4,1:40,overturn,True,0,
2022-23,0022200605,4,8:21,overturn,False,0,
2022-23,0022200608,4,6:01,overturn,False,0,
2022-23,0022200609,2,11:29,support,False,1,Cancar S.FOUL (P2.T2) (M.Davis)
2022-23,0022200611,4,0:22,stands,True,1,Cain S.FOUL (P3.T3) (K.Scott)
2022-23,0022200613,4,0:37,overturn,True,0,
2022-23,0022200614,4,1:10,stands,True,1,LeVert S.FOUL (P4.PN) (T.Ricks)
2022-23,0022200615,4,8:57,support,False,1,Iguodala OFF.Foul (P2) (M.Myers)
2022-23,0022200616,4,1:14,overturn,True,1,Grant S.FOUL (P5.PN) (M.Dagher)
2022-23,0022200617,4,9:23,overturn,False,1,Wall S.FOUL (P3.T1) (J.Butler)
2022-23,0022200618,1,2:18,support,False,1,Diallo P.FOUL (P1.PN) (T.Brothers)
2022-23,0022200619,2,9:30,overturn,False,1,Drummond Offensive Charge Foul (P3) (R.Mott)
2022-23,0022200627,4,7:00,overturn,False,0,
2022-23,0022200627,4,4:05,overturn,False,0,
2022-23,0022200630,4,4:04,overturn,False,1,Bryant P.FOUL (P2.T4) (S.Mehta)
2022-23,0022200630,4,0:11,support,True,1,Bullock Personal Take Foul (P4.PN) (S.Mehta)
2022-23,0022200631,4,6:56,overturn,False,1,Garland OFF.Foul (P4) (K.Lane)
2022-23,0022200634,3,6:09,stands,False,1,Gafford S.FOUL (P2.T3) (B.Schwab)
2022-23,0022200634,4,0:59,stands,True,1,Robinson S.FOUL (P6.PN) (B.Forte)
2022-23,0022200636,2,2:14,support,False,1,Muscala S.FOUL (P2.T2) (D.Taylor)
2022-23,0022200639,4,1:10,stands,True,0,
2022-23,0022200642,4,7:12,support,False,1,Martin S.FOUL (P4.T2) (J.Van Duyne)
2022-23,0022200643,3,9:45,overturn,False,0,
2022-23,0022200644,3,8:07,support,False,1,VanVleet P.FOUL (P2.T1) (J.Goble)
2022-23,0022200644,3,7:14,support,False,1,Okongwu S.FOUL (P3.T1) (J.Goble)
2022-23,0022200645,4,0:42,support,True,1,Mitchell S.FOUL (P1.PN) (K.Scott)
2022-23,0022200646,3,4:59,overturn,False,0,
2022-23,0022200646,4,7:57,overturn,False,0,
2022-23,0022200647,3,2:49,overturn,False,0,
2022-23,0022200649,4,6:13,stands,False,1,Mathews S.FOUL (P2.PN) (M.Dagher)
2022-23,0022200649,4,4:54,overturn,False,0,
2022-23,0022200650,3,3:30,support,False,1,Lamb S.FOUL (P2.T4) (E.Scott)
2022-23,0022200653,2,2:15,support,False,1,Murray S.FOUL (P1.T4) (J.Tiven)
2022-23,0022200655,4,3:53,stands,False,1,Brown Jr. P.FOUL (P4.T3) (P.Ransom)
2022-23,0022200655,4,1:06,overturn,True,0,
2022-23,0022200656,4,2:56,overturn,False,0,
2022-23,0022200659,5,3:27,support,False,1,Brunson S.FOUL (P4.T2) (J.DeRosa)
2022-23,0022200660,4,6:12,stands,False,1,Wright P.FOUL (P1.T2) (K.Scott)
2022-23,0022200660,4,2:24,overturn,False,1,Kuzma Offensive Charge Foul (P1) (T.Washington)
2022-23,0022200664,4,0:39,stands,True,0,
2022-23,0022200664,4,0:12,support,True,1,Schroder P.FOUL (P3.PN) (M.Lindsay)
2022-23,0022200666,2,4:35,stands,False,1,Morris S.FOUL (P2.T3) (B.Nansel)
2022-23,0022200666,3,5:41,support,False,1,Poeltl S.FOUL (P4.T2) (J.Goble)
2022-23,0022200667,4,5:34,stands,False,1,Lillard P.FOUL (P2.PN) (J.Goldenberg)
2022-23,0022200668,4,3:16,overturn,False,0,
2022-23,0022200670,3,3:44,overturn,False,0,
2022-23,0022200671,4,7:40,overturn,False,1,Rozier Offensive Charge Foul (P1) (C.Flores)
2022-23,0022200673,2,8:58,stands,False,1,Alvarado S.FOUL (P1.T1) (N.Green)
2022-23,0022200674,3,2:16,stands,False,0,
2022-23,0022200675,3,0:28,support,False,1,Sexton OFF.Foul (P3) (S.Wall)
2022-23,0022200676,1,6:40,overturn,False,0,
2022-23,0022200676,4,0:35,stands,True,0,
2022-23,0022200679,4,2:19,overturn,False,0,
2022-23,0022200679,5,0:37,stands,True,1,Horford S.FOUL (P3.PN) (D.Guthrie)
2022-23,0022200680,4,0:00,support,True,0,
2022-23,0022200681,4,8:56,overturn,False,0,
2022-23,0022200684,3,0:20,support,False,1,Hartenstein S.FOUL (P1.PN) (B.Nansel)
2022-23,0022200685,4,0:13,stands,True,1,Poole OFF.Foul (P5) (J.Goble)
2022-23,0022200688,3,4:17,support,False,1,Nesmith S.FOUL (P2.T3) (S.Twardoski)
2022-23,0022200690,4,8:15,stands,False,1,Brooks S.FOUL (P5.T4) (Z.Zarba)
2022-23,0022200691,4,11:38,overturn,False,1,Metu S.FOUL (P3.T1) (T.Brothers)
2022-23,0022200692,4,8:28,overturn,False,1,Siakam Offensive Charge Foul (P4) (M.Smith)
2022-23,0022200693,4,4:02,overturn,False,0,
2022-23,0022200694,3,0:03,support,False,1,Smith Jr. S.FOUL (P4.T4) (T.Ford)
2022-23,0022200694,4,5:58,overturn,False,0,
2022-23,0022200696,3,4:00,support,False,1,Russell S.FOUL (P2.PN) (B.Taylor)
2022-23,0022200697,4,6:45,overturn,False,1,Biyombo S.FOUL (P3.T2) (Z.Zarba)
2022-23,0022200697,4,1:56,overturn,True,1,S. Lee S.FOUL (P4.T4) (M.Kogut)
2022-23,0022200702,2,7:43,overturn,False,1,Green Offensive Charge Foul (P2) (S.Wright)
2022-23,0022200703,3,0:53,overturn,False,0,
2022-23,0022200703,4,1:06,overturn,True,0,
2022-23,0022200704,4,4:55,overturn,False,1,D. Green S.FOUL (P4.T4) (C.Blair)
2022-23,0022200709,3,6:12,overturn,False,0,
2022-23,0022200710,3,1:24,support,False,1,Williams OFF.Foul (P2) (B.Taylor)
2022-23,0022200717,4,0:05,support,True,1,Doncic P.FOUL (P3.PN) (C.Kirkland)
2022-23,0022200720,1,0:22,overturn,False,1,M. Wagner S.FOUL (P1.PN) (T.Brothers)
2022-23,0022200720,4,7:20,overturn,False,0,
2022-23,0022200721,4,9:26,support,False,1,Watanabe S.FOUL (P1.T1) (B.Nansel)
2022-23,0022200723,3,0:02,overturn,False,1,Jordan P.FOUL (P5.PN) (M.Kogut)
2022-23,0022200726,4,2:06,overturn,False,0,
2022-23,0022200727,4,5:37,overturn,False,0,
2022-23,0022200730,4,8:16,overturn,False,0,
2022-23,0022200731,4,1:18,stands,True,0,
2022-23,0022200734,4,0:39,support,True,0,
2022-23,0022200735,2,10:34,overturn,False,0,
2022-23,0022200737,3,0:34,overturn,False,0,
2022-23,0022200739,4,8:11,overturn,False,0,
2022-23,0022200743,4,2:36,stands,False,0,
2022-23,0022200746,4,3:25,support,False,1,Murray S.FOUL (P4.PN) (J.DeRosa)
2022-23,0022200747,4,4:43,overturn,False,0,
2022-23,0022200748,3,6:00,overturn,False,0,
2022-23,0022200748,4,1:05,overturn,True,0,
2022-23,0022200749,4,3:41,overturn,False,0,
2022-23,0022200749,4,1:29,overturn,True,0,
2022-23,0022200750,4,4:11,support,False,1,Conley S.FOUL (P3.PN) (M.Ervin)
2022-23,0022200751,3,4:05,overturn,False,1,Grant S.FOUL (P1.T4) (D.Guthrie)
2022-23,0022200751,3,0:45,support,False,1,VanVleet S.FOUL (P3.PN) (B.Adair)
2022-23,0022200752,4,0:34,overturn,True,0,
2022-23,0022200753,3,10:34,overturn,False,1,Nesmith L.B.FOUL (P2.T2) (J.Tiven)
2022-23,0022200754,4,3:12,stands,False,1,Coffey S.FOUL (P6.T3) (P.Fraher)
2022-23,0022200756,4,6:42,support,False,1,Embiid S.FOUL (P5.PN) (J.Sterling)
2022-23,0022200758,2,6:19,overturn,False,1,Sabonis OFF.Foul (P2) (N.Green)
2022-23,0022200759,2,0:49,stands,False,1,Joe S.FOUL (P1.PN) (N.Buchert)
2022-23,0022200763,3,11:18,overturn,False,0,
2022-23,0022200763,4,0:41,support,True,1,Lillard S.FOUL (P3.PN) (M.Ervin)
2022-23,0022200765,4,0:04,support,True,1,Davis Offensive Charge Foul (P2) (S.Foster)
2022-23,0022200766,4,0:10,overturn,True,1,Caruso S.FOUL (P2.PN) (J.Williams)
2022-23,0022200770,4,9:43,overturn,False,0,
2022-23,0022200771,2,8:48,stands,False,1,Bane S.FOUL (P3.T4) (J.Van Duyne)
2022-23,0022200771,4,5:03,stands,False,0,
2022-23,0022200775,4,6:29,stands,False,1,Murray S.FOUL (P2.T4) (D.Taylor)
2022-23,0022200776,4,7:23,overturn,False,0,
2022-23,0022200778,4,3:14,overturn,False,0,
2022-23,0022200780,4,0:02,overturn,True,0,
2022-23,0022200782,2,7:42,overturn,False,0,
2022-23,0022200782,3,7:12,overturn,False,0,
2022-23,0022200783,2,8:12,stands,False,1,Murray S.FOUL (P2.T2) (B.Schwab)
2022-23,0022200784,4,1:47,support,True,1,Zubac S.FOUL (P6.PN) (J.Tiven)
2022-23,0022200787,4,0:38,overturn,True,0,
2022-23,0022200789,3,0:18,support,False,1,Tate S.FOUL (P2.PN) (D.Guthrie)
2022-23,0022200790,3,4:34,support,False,1,Reid Offensive Charge Foul (P3) (J.Orr)
2022-23,0022200793,4,10:30,stands,False,1,Morris Offensive Charge Foul (P4) (J.Goble)
2022-23,0022200795,3,1:21,overturn,False,0,
2022-23,0022200795,4,3:12,support,False,1,Randle S.FOUL (P3.T2) (T.Maddox)
2022-23,0022200796,1,3:26,stands,False,1,Grant OFF.Foul (P1) (N.Buchert)
2022-23,0022200799,2,0:07,overturn,False,0,
2022-23,0022200800,4,1:40,overturn,True,0,
2022-23,0022200801,3,6:07,overturn,False,0,
2022-23,0022200804,4,2:50,stands,False,2,Hartenstein P.FOUL (P5.PN) (E.Scott) || 76ers Delay
2022-23,0022200805,2,0:04,overturn,False,0,
2022-23,0022200805,4,0:17,overturn,True,0,
2022-23,0022200807,3,6:50,support,False,1,Barnes S.FOUL (P3.T3) (S.Corbin)
2022-23,0022200811,4,7:18,overturn,False,1,K. Johnson Offensive Charge Foul (P2) (B.Forte)
2022-23,0022200812,2,7:51,support,False,1,Mitchell S.FOUL (P2.T1) (A.Smith)
2022-23,0022200813,2,9:57,overturn,False,1,Sexton Offensive Charge Foul (P2) (Z.Zarba)
2022-23,0022200813,4,3:19,support,False,1,Markkanen Offensive Charge Foul (P5) (R.Acosta)
2022-23,0022200819,3,0:00,stands,False,1,Caruso S.FOUL (P4.PN) (P.Fraher)
2022-23,0022200821,4,11:16,overturn,False,0,
2022-23,0022200821,4,0:26,overturn,True,0,
2022-23,0022200824,4,1:46,overturn,True,0,
2022-23,0022200826,4,1:28,stands,True,1,Barnes P.FOUL (P2.PN) (B.Schwab)
2022-23,0022200827,4,2:18,overturn,False,0,
2022-23,0022200827,4,0:52,stands,True,1,Martin Jr. Offensive Charge Foul (P3) (R.Acosta)
2022-23,0022200829,4,1:39,stands,True,1,Mann S.FOUL (P2.T4) (A.Nagy)
2022-23,0022200830,2,1:56,overturn,False,0,
2022-23,0022200832,4,2:59,support,False,1,Wainright S.FOUL (P2.T4) (P.Fraher)
2022-23,0022200833,4,1:06,overturn,True,0,
2022-23,0022200834,4,1:57,overturn,True,1,Reaves OFF.Foul (P3) (K.Lane)
2022-23,0022200835,5,0:32,stands,True,0,
2022-23,0022200837,4,1:21,overturn,True,0,
2022-23,0022200838,4,1:00,overturn,True,0,
2022-23,0022200839,1,4:09,overturn,False,1,Fontecchio P.FOUL (P2.T3) (J.Sterling)
2022-23,0022200839,3,3:07,support,False,1,Sexton S.FOUL (P3.PN) (J.Sterling)
2022-23,0022200840,4,0:07,support,True,1,Tate S.FOUL (P4.PN) (B.Nansel)
2022-23,0022200841,3,6:08,overturn,False,0,
2022-23,0022200844,2,9:08,overturn,False,1,Powell S.FOUL (P3.T3) (A.Moyer-Gleich)
2022-23,0022200848,4,0:12,stands,True,1,Fultz L.B.FOUL (P4.PN) (B.Adair)
2022-23,0022200850,4,3:42,support,False,1,Collins S.FOUL (P4.T3) (B.Taylor)
2022-23,0022200852,4,0:31,stands,True,1,Caruso S.FOUL (P3.PN) (R.Acosta)
2022-23,0022200853,4,8:57,overturn,False,0,
2022-23,0022200854,4,1:27,support,True,1,Davis P.FOUL (P4.PN) (B.Forte)
2022-23,0022200856,3,3:43,overturn,False,0,
2022-23,0022200856,4,10:04,overturn,False,0,
2022-23,0022200858,3,2:15,overturn,False,1,Allen S.FOUL (P2.T4) (M.Ervin)
2022-23,0022200859,2,1:15,support,False,1,Nesmith S.FOUL (P2.T4) (N.Buchert)
2022-23,0022200862,4,5:19,stands,False,1,O'Neale S.FOUL (P2.T4) (C.Flores)
2022-23,0022200865,4,9:20,stands,False,1,Pinson S.FOUL (P4.T2) (J.DeRosa)
2022-23,0022200866,3,8:52,support,False,1,D. Green S.FOUL (P4.T1) (J.Goldenberg)
2022-23,0022200868,4,3:35,support,False,1,Poeltl S.FOUL (P5.T2) (B.Taylor)
2022-23,0022200869,1,9:25,support,False,1,G. Antetokounmpo Offensive Charge Foul (P1) (A.Moyer-Gleich)
2022-23,0022200871,4,5:07,stands,False,1,George OFF.Foul (P3) (T.Ford)
2022-23,0022200872,4,4:49,overturn,False,0,
2022-23,0022200877,4,7:34,overturn,False,0,
2022-23,0022200879,1,5:14,overturn,False,1,Horton-Tucker OFF.Foul (P1) (D.Collins)
2022-23,0022200881,2,6:48,stands,False,1,Powell S.FOUL (P2.T1) (B.Barnaky)
2022-23,0022200882,2,11:01,stands,False,1,Marshall S.FOUL (P2.T1) (L.Wood)
2022-23,0022200884,4,0:26,overturn,True,0,
2022-23,0022200887,4,2:02,stands,False,1,Hield S.FOUL (P3.PN) (S.Twardoski)
2022-23,0022200887,5,1:16,stands,True,1,Horford S.FOUL (P3.PN) (S.Twardoski)
2022-23,0022200888,4,0:50,overturn,True,1,Harris P.FOUL (P3.PN) (J.Goble)
2022-23,0022200889,3,10:44,overturn,False,1,Harris Offensive Charge Foul (P2) (E.Lewis)
2022-23,0022200889,4,5:16,overturn,False,1,Aldama S.FOUL (P5.PN) (E.Lewis)
2022-23,0022200891,3,2:55,overturn,False,1,Hardaway Jr. S.FOUL (P1.PN) (R.Mott)
2022-23,0022200892,5,0:12,support,True,1,Agbaji S.FOUL (P4.T2) (T.Brothers)
2022-23,0022200892,5,0:04,support,True,1,Dort S.FOUL (P3.PN) (T.Brothers)
2022-23,0022200893,4,10:48,support,False,1,James S.FOUL (P2.T1) (S.Foster)
2022-23,0022200893,4,6:59,support,False,1,Lamb S.FOUL (P3.T1) (A.Moyer-Gleich)
2022-23,0022200896,4,4:36,support,False,1,Young S.FOUL (P2.PN) (M.Ervin)
2022-23,0022200898,2,2:01,overturn,False,0,
2022-23,0022200898,4,2:42,support,False,1,Conley S.FOUL (P2.T4) (B.Taylor)
2022-23,0022200899,1,0:48,overturn,False,0,
2022-23,0022200899,4,3:06,overturn,False,0,
2022-23,0022200902,2,3:08,stands,False,1,Sabonis OFF.Foul (P4) (T.Brothers)
2022-23,0022200903,3,1:10,stands,False,1,Boucher S.FOUL (P3.T3) (J.DeRosa)
2022-23,0022200907,2,0:37,overturn,False,1,Morant OFF.Foul (P1) (B.Adair)
2022-23,0022200910,4,11:22,overturn,False,0,
2022-23,0022200910,4,0:10,overturn,True,1,D. Lee P.FOUL (P3.PN) (J.Williams)
2022-23,0022200911,2,0:08,overturn,False,0,
2022-23,0022200914,3,6:50,support,False,1,Mitchell FLAGRANT.FOUL.TYPE1 (P4.T1) (E.Malloy)
2022-23,0022200915,4,1:51,stands,True,1,Dort P.FOUL (P2.PN) (B.Taylor)
2022-23,0022200915,4,0:52,support,True,0,
2022-23,0022200916,4,1:33,overturn,True,0,
2022-23,0022200917,4,2:35,stands,False,1,Nix OFF.Foul (P3) (K.Scott)
2022-23,0022200918,4,0:58,support,True,1,Caldwell-Pope P.FOUL (P3.PN) (J.Goble)
2022-23,0022200920,4,7:32,stands,False,1,Maxey Offensive Charge Foul (P4) (S.Wright)
2022-23,0022200921,4,5:48,overturn,False,2,Smart P.FOUL (P3.T3) (J.DeRosa) || Brunson T.FOUL (P0.T2) (D.Richardson)
2022-23,0022200923,1,10:15,support,False,1,Gafford S.FOUL (P1.T1) (E.Malloy)
2022-23,0022200923,3,3:08,overturn,False,0,
2022-23,0022200925,4,6:18,overturn,False,1,DeRozan Offensive Charge Foul (P4) (T.Washington)
2022-23,0022200926,2,7:43,stands,False,1,Sengun S.FOUL (P2.T2) (J.Van Duyne)
2022-23,0022200928,2,0:42,overturn,False,1,Sabonis OFF.Foul (P2) (A.Smith)
2022-23,0022200928,3,2:27,overturn,False,1,K. Williams Offensive Charge Foul (P4) (A.Smith)
2022-23,0022200929,3,8:49,overturn,False,1,Nesmith P.FOUL (P4.T2) (T.Ford)
2022-23,0022200931,3,5:08,support,False,1,Lillard P.FOUL (P4.T4) (R.Mott)
2022-23,0022200932,2,7:18,overturn,False,1,Prince S.FOUL (P2.T3) (K.Scott)
2022-23,0022200933,4,6:38,overturn,False,0,
2022-23,0022200935,4,4:40,overturn,False,1,Mitchell L.B.FOUL (P4.T3) (J.Tiven)
2022-23,0022200937,4,4:59,overturn,False,1,Sharpe Offensive Charge Foul (P5) (E.Scott)
2022-23,0022200939,3,6:35,stands,False,1,Banchero Offensive Charge Foul (P2) (B.Adair)
2022-23,0022200940,4,0:36,stands,True,1,Dort S.FOUL (P6.PN) (E.Dalen)
2022-23,0022200942,4,1:32,stands,True,1,Barnes Offensive Charge Foul (P5) (T.Brothers)
2022-23,0022200942,4,1:10,stands,True,1,Wright P.FOUL (P1.T3) (T.Brothers)
2022-23,0022200943,1,1:40,stands,False,1,Doncic Offensive Charge Foul (P2) (T.Washington)
2022-23,0022200944,4,10:31,overturn,False,1,Duarte Offensive Charge Foul (P2) (J.Goble)
2022-23,0022200944,4,4:02,overturn,False,0,
2022-23,0022200945,2,0:47,overturn,False,1,DiVincenzo S.FOUL (P1.T4) (P.Fraher)
2022-23,0022200945,4,9:19,stands,False,1,Poole P.FOUL (P1.T3) (P.Fraher)
2022-23,0022200946,3,8:46,stands,False,0,
2022-23,0022200947,4,4:27,stands,False,1,Grant P.FOUL (P1.T2) (A.Nagy)
2022-23,0022200948,4,0:38,overturn,True,0,
2022-23,0022200949,4,0:46,stands,True,1,Quickley L.B.FOUL (P3.PN) (A.Moyer-Gleich)
2022-23,0022200950,3,1:55,overturn,False,1,Payne T.FOUL (P0.T4) (J.Goble)
2022-23,0022200952,3,6:59,stands,False,1,Caldwell-Pope P.FOUL (P2.T3) (D.Taylor)
2022-23,0022200953,4,6:37,overturn,False,0,
2022-23,0022200954,3,11:44,stands,False,1,Barnes S.FOUL (P3.T1) (E.Lewis)
2022-23,0022200954,3,6:02,overturn,False,0,
2022-23,0022200956,5,1:00,support,True,1,Siakam S.FOUL (P5.T1) (R.Mott)
2022-23,0022200960,4,5:55,stands,False,1,Embiid S.FOUL (P3.PN) (S.Foster)
2022-23,0022200961,4,0:28,stands,True,1,Edwards S.FOUL (P4.T3) (N.Buchert)
2022-23,0022200962,3,8:25,overturn,False,1,Okogie S.FOUL (P2.T3) (E.Lewis)
2022-23,0022200966,1,5:17,stands,False,1,Anthony S.FOUL (P1.PN) (Z.Zarba)
2022-23,0022200966,4,2:07,overturn,False,1,Suggs S.FOUL (P4.PN) (Z.Zarba)
2022-23,0022200968,3,8:28,stands,False,1,Jal. Williams Offensive Charge Foul (P1) (P.Fraher)
2022-23,0022200970,4,8:26,overturn,False,1,Jackson Jr. OFF.Foul (P3) (J.Tiven)
2022-23,0022200970,4,7:41,overturn,False,0,
2022-23,0022200971,4,6:38,overturn,False,1,Brown Offensive Charge Foul (P3) (J.Goldenberg)
2022-23,0022200971,4,0:05,support,True,1,Williams S.FOUL (P2.PN) (T.Ford)
2022-23,0022200972,3,2:07,stands,False,2,Smith P.FOUL (P3.PN) (B.Kennedy) || 
2022-23,0022200972,4,5:31,stands,False,1,Embiid S.FOUL (P3.PN) (B.Nansel)
2022-23,0022200973,3,8:19,stands,False,1,Porzingis S.FOUL (P3.T3) (R.Acosta)
2022-23,0022200975,4,0:54,support,True,1,Barnes P.FOUL (P2.PN) (R.Hussey)
2022-23,0022200975,4,0:49,overturn,True,0,
2022-23,0022200978,3,10:03,overturn,False,0,
2022-23,0022200979,4,4:00,overturn,False,0,
2022-23,0022200982,4,1:12,overturn,True,1,DiVincenzo P.FOUL (P5.PN) (T.Washington)
2022-23,0022200982,4,0:47,overturn,True,0,
2022-23,0022200983,4,5:27,stands,False,1,Hardaway Jr. S.FOUL (P3.T3) (E.Scott)
2022-23,0022200983,4,1:32,stands,True,1,Dunn S.FOUL (P3.PN) (M.Ervin)
2022-23,0022200985,2,11:35,overturn,False,0,
2022-23,0022200985,3,3:45,support,False,1,Okongwu S.FOUL (P4.T3) (J.Schroeder)
2022-23,0022200994,2,3:21,overturn,False,1,M. Wagner S.FOUL (P1.T4) (T.Brothers)
2022-23,0022200994,3,10:59,overturn,False,1,Horton-Tucker S.FOUL (P3.T2) (T.Brothers)
2022-23,0022200995,3,7:52,overturn,False,0,
2022-23,0022200995,4,4:31,overturn,False,0,
2022-23,0022200996,1,0:48,overturn,False,0,
2022-23,0022200997,4,6:19,support,False,1,Sabonis S.FOUL (P4.T1) (D.Guthrie)
2022-23,0022200998,4,2:16,support,False,0,
2022-23,0022200999,4,2:59,overturn,False,0,
2022-23,0022201001,4,5:44,overturn,False,0,
2022-23,0022201006,1,7:09,support,False,0,
2022-23,0022201007,4,0:14,overturn,True,0,
2022-23,0022201008,4,5:55,overturn,False,0,
2022-23,0022201009,4,1:29,stands,True,0,
2022-23,0022201011,3,11:44,overturn,False,1,Jay. Williams Offensive Charge Foul (P2) (N.Green)
2022-23,0022201012,2,2:23,overturn,False,1,Curry L.B.FOUL (P1.T4) (D.Guthrie)
2022-23,0022201013,3,2:18,overturn,False,1,Wainright S.FOUL (P2.T4) (T.Maddox)
2022-23,0022201013,4,0:59,stands,True,1,Booker OFF.Foul (P4) (M.Davis)
2022-23,0022201014,4,0:23,overturn,True,1,Dinwiddie OFF.Foul (P5) (J.Butler)
2022-23,0022201015,4,0:10,support,True,1,Rozier S.FOUL (P2.PN) (P.Fraher)
2022-23,0022201017,1,0:00,overturn,False,0,
2022-23,0022201018,4,6:06,support,False,0,
2022-23,0022201022,2,7:44,overturn,False,1,Martin S.FOUL (P2.T2) (D.Taylor)
2022-23,0022201022,4,0:46,overturn,True,1,Fontecchio OFF.Foul (P2) (E.Lewis)
2022-23,0022201024,4,2:24,overturn,False,0,
2022-23,0022201024,4,1:44,stands,True,2,Porter Jr. S.FOUL (P2.PN) (R.Hussey) || Tate L.B.FOUL (P5.PN) (B.Taylor)
2022-23,0022201029,4,11:37,support,False,1,Barnes S.FOUL (P2.T1) (G.Petraitis)
2022-23,0022201031,2,4:03,stands,False,1,Bridges S.FOUL (P3.T4) (R.Acosta)
2022-23,0022201034,4,7:10,support,False,1,Lillard S.FOUL (P3.T3) (J.Tiven)
2022-23,0022201035,4,4:12,overturn,False,0,
2022-23,0022201037,4,0:12,support,True,1,Barnes S.FOUL (P4.PN) (M.Myers)
2022-23,0022201038,4,4:13,overturn,False,0,
2022-23,0022201039,4,9:06,overturn,False,1,Reid S.FOUL (P3.T4) (B.Forte)
2022-23,0022201040,4,0:01,support,True,1,Kleber S.FOUL (P2.PN) (S.Foster)
2022-23,0022201041,4,2:43,overturn,False,1,Zubac Offensive Charge Foul (P2) (K.Lane)
2022-23,0022201041,4,1:59,stands,True,1,Gordon OFF.Foul (P1) (K.Scott)
2022-23,0022201045,2,7:58,stands,False,1,Antetokounmpo P.FOUL (P3.T2) (A.Moyer-Gleich)
2022-23,0022201049,4,8:56,stands,False,1,Mobley Offensive Charge Foul (P3) (T.Maddox)
2022-23,0022201050,5,3:15,overturn,False,0,
2022-23,0022201051,2,8:43,stands,False,0,
2022-23,0022201051,4,1:13,overturn,True,0,
2022-23,0022201052,5,2:14,stands,False,1,Johnson S.FOUL (P2.T1) (E.Scott)
2022-23,0022201053,4,3:38,stands,False,1,Reddish S.FOUL (P3.PN) (C.Blair)
2022-23,0022201053,4,2:22,stands,False,1,Tatum OFF.Foul (P2) (E.Dalen)
2022-23,0022201054,3,9:48,overturn,False,1,Davis S.FOUL (P3.T2) (J.Tiven)
2022-23,0022201054,4,1:55,stands,True,1,Gabriel S.FOUL (P2.PN) (J.Tiven)
2022-23,0022201060,3,10:26,overturn,False,0,
2022-23,0022201061,2,3:02,stands,False,1,Brooks P.FOUL (P2.T4) (E.Lewis)
2022-23,0022201061,4,4:17,stands,False,1,Looney S.FOUL (P2.T3) (E.Lewis)
2022-23,0022201063,1,3:06,overturn,False,0,
2022-23,0022201064,3,8:34,overturn,False,1,Paul OFF.Foul (P1) (M.Kallio)
2022-23,0022201064,4,0:32,overturn,True,0,
2022-23,0022201065,2,0:01,overturn,False,1,Champagnie OFF.Foul (P3) (P.Fraher)
2022-23,0022201066,3,3:29,overturn,False,1,Butler OFF.Foul (P1) (J.Butler)
2022-23,0022201068,3,3:17,overturn,False,1,Anunoby S.FOUL (P2.T2) (N.Sago)
2022-23,0022201068,4,0:32,stands,True,1,Poeltl S.FOUL (P5.PN) (T.Maddox)
2022-23,0022201071,4,3:23,overturn,False,0,
2022-23,0022201073,4,0:49,overturn,True,0,
2022-23,0022201075,3,9:15,overturn,False,1,Powell OFF.Foul (P4) (T.Brothers)
2022-23,0022201077,4,2:55,support,False,1,Beal S.FOUL (P6.T3) (J.Butler)
2022-23,0022201078,4,5:27,overturn,False,0,
2022-23,0022201079,4,9:29,support,False,1,Claxton OFF.Foul (P2) (C.Kirkland)
2022-23,0022201081,3,9:58,support,False,1,Fox S.FOUL (P2.T1) (J.DeRosa)
2022-23,0022201082,2,8:19,overturn,False,1,George Offensive Charge Foul (P2) (C.Blair)
2022-23,0022201082,4,0:31,stands,True,0,
2022-23,0022201085,4,8:10,support,False,1,VanVleet Offensive Charge Foul (P3) (N.Buchert)
2022-23,0022201086,4,9:47,overturn,False,1,J. Green P.FOUL (P1.T2) (M.Smith)
2022-23,0022201086,4,0:54,support,True,0,
2022-23,0022201088,4,1:26,overturn,True,1,Sengun Offensive Charge Foul (P6) (S.Corbin)
2022-23,0022201090,3,9:50,overturn,False,1,Collins S.FOUL (P3.T1) (S.Twardoski)
2022-23,0022201090,4,0:03,stands,True,1,Collins P.FOUL (P5.PN) (C.Flores)
2022-23,0022201092,3,6:34,overturn,False,1,Vanderbilt P.FOUL (P4.T3) (M.Kogut)
2022-23,0022201094,3,2:24,support,False,1,O'Neale S.FOUL (P4.PN) (E.Lewis)
2022-23,0022201099,3,0:21,support,False,1,VanVleet P.FOUL (P3.PN) (M.Ervin)
2022-23,0022201100,3,3:38,overturn,False,0,
2022-23,0022201101,3,9:07,stands,False,1,Mykhailiuk S.FOUL (P3.T1) (E.Scott)
2022-23,0022201101,4,0:20,overturn,True,0,
2022-23,0022201103,4,0:31,stands,True,1,Looney S.FOUL (P5.PN) (J.Orr)
2022-23,0022201106,3,7:39,overturn,False,1,Reaves OFF.Foul (P3) (D.Guthrie)
2022-23,0022201108,4,6:08,overturn,False,1,Adebayo Offensive Charge Foul (P3) (C.Washington)
2022-23,0022201111,4,10:40,support,False,1,Dellavedova S.FOUL (P3.T1) (P.Fraher)
2022-23,0022201111,4,2:29,overturn,False,0,
2022-23,0022201112,3,2:27,overturn,False,0,
2022-23,0022201113,2,0:49,overturn,False,0,
2022-23,0022201114,4,4:25,stands,False,1,James Offensive Charge Foul (P2) (S.Corbin)
2022-23,0022201115,2,0:06,overturn,False,2,Jackson Jr. T.FOUL (P0.T4) (A.Smith) || 
2022-23,0022201120,2,11:36,overturn,False,0,
2022-23,0022201121,4,2:03,support,False,1,Gobert S.FOUL (P5.T3) (B.Kennedy)
2022-23,0022201122,4,3:29,stands,False,1,Portis S.FOUL (P1.T2) (M.Kallio)
2022-23,0022201123,4,7:35,support,False,1,McConnell P.FOUL (P2.T3) (B.Taylor)
2022-23,0022201126,4,0:13,support,True,1,McDaniels S.FOUL (P2.PN) (J.Conley)
2022-23,0022201130,2,7:34,overturn,False,0,
2022-23,0022201131,3,0:07,overturn,False,1,Rubio P.FOUL (P3.PN) (B.Nansel)
2022-23,0022201131,4,2:14,stands,False,1,Mobley S.FOUL (P3.T3) (B.Nansel)
2022-23,0022201133,4,5:46,stands,False,1,Brooks P.FOUL (P2.T2) (S.Jelks)
2022-23,0022201134,4,5:21,stands,False,1,Maledon S.FOUL (P4.T1) (S.Corbin)
2022-23,0022201135,4,3:41,overturn,False,0,
2022-23,0022201136,4,6:57,support,False,1,Holiday P.FOUL (P3.T2) (P.Fraher)
2022-23,0022201137,4,5:17,overturn,False,0,
2022-23,0022201142,4,1:48,stands,True,1,Ivey Offensive Charge Foul (P6) (R.Acosta)
2022-23,0022201144,4,3:02,overturn,False,0,
2022-23,0022201147,2,3:24,overturn,False,1,Nance Jr. OFF.Foul (P1) (M.Lindsay)
2022-23,0022201147,4,3:21,overturn,False,1,Green OFF.Foul (P4) (M.Lindsay)
2022-23,0022201149,4,7:53,overturn,False,1,Jal. Williams Offensive Charge Foul (P5) (M.Davis)
2022-23,0022201149,4,0:14,overturn,True,0,
2022-23,0022201152,4,11:51,overturn,False,0,
2022-23,0022201153,3,3:25,support,False,1,Johnson S.FOUL (P2.PN) (J.Williams)
2022-23,0022201157,4,3:05,overturn,False,0,
2022-23,0022201158,4,6:51,stands,False,1,Johnson S.FOUL (P1.T4) (B.Nansel)
2022-23,0022201160,4,4:18,overturn,False,0,
