player_name,official_pbp_name,n_games_with,n_games_without,fta36_with,fta36_without,raw_fta36_delta,defrtg_with,defrtg_without,defrtg_delta,defense_adjusted_fta36_delta,adjustment_magnitude,baseline_fta36,official_name
Chris Paul,A.Moyer-Gleich,8,759,1.5110495498331549,3.602203425083589,-2.091153875250434,112.725,109.93056653491436,2.794433465085632,-2.510318895013279,0.41916501976284476,3.581695613912982,Ashley Moyer-Gleich
Chris Paul,A.Nagy,17,750,2.19834742285747,3.612193361308035,-1.413845938450565,112.21176470588235,109.90866666666666,2.3030980392156835,-1.7593106443329176,0.3454647058823525,3.581695613912982,Andy Nagy
Chris Paul,A.Smith,23,744,2.986106310914495,3.599346451859455,-0.6132401409449599,110.83478260869566,109.93266129032257,0.9021213183730907,-0.7485583387009236,0.1353181977559636,3.581695613912982,Aaron Smith
Chris Paul,B.Adair,21,746,1.7193868831196195,3.637914920251518,-1.9185280371318985,112.8904761904762,109.87721179624664,3.013264394229566,-2.3705176962663335,0.45198965913443484,3.581695613912982,Brandon Adair
Chris Paul,B.Adams,25,742,4.2195481053159725,3.559680208491175,0.6598678968247973,107.384,110.04649595687331,-2.6624959568733146,1.0592422903557945,0.3993743935309972,3.581695613912982,Bennie Adams
Chris Paul,B.Barnaky,37,730,3.3115849063699123,3.5951458012627118,-0.28356089489279945,109.58378378378379,109.97876712328767,-0.39498333950388087,-0.22431339396721733,0.059247500925582126,3.581695613912982,Brent Barnaky
Chris Paul,B.Forte,41,726,3.7173402868318117,3.5741614975559983,0.1431787892758134,109.30000000000001,109.99696969696969,-0.6969696969696741,0.2477242438212645,0.10454545454545112,3.581695613912982,Brian Forte
Chris Paul,B.Kennedy,35,732,3.807707695585726,3.571106408674903,0.23660128691082294,110.01714285714286,109.95696721311475,0.06017564402810649,0.22757494030660697,0.009026346604215973,3.581695613912982,Bill Kennedy
Chris Paul,B.Nansel,26,741,3.5232250122877913,3.5836001583133608,-0.06037514602556948,111.67307692307692,109.89959514170039,1.7734817813765318,-0.32639741323204924,0.26602226720647976,3.581695613912982,Brett Nansel
Chris Paul,B.Schwab,7,760,2.9034553649086745,3.587631888206511,-0.6841765232978365,114.04285714285716,109.9221052631579,4.120751879699256,-1.302289305252725,0.6181127819548884,3.581695613912982,Brandon Schwab
Chris Paul,B.Spooner,17,750,4.501034245001149,3.560642446049022,0.9403917989521271,107.08823529411765,110.02480000000001,-2.936564705882361,1.3808765048344813,0.44048470588235417,3.581695613912982,Bill Spooner
Chris Paul,B.Taylor,32,735,3.5354975885495,3.5837377840064697,-0.04824019545696956,110.075,109.95469387755102,0.12030612244898009,-0.06628611382431657,0.01804591836734701,3.581695613912982,Ben Taylor
Chris Paul,C.Blair,33,734,3.7619362200468434,3.5730653606203213,0.18887085942652204,110.62121212121212,109.92997275204361,0.6912393691685139,0.08518495405124496,0.10368590537527708,3.581695613912982,Curtis Blair
Chris Paul,C.Flores,6,761,4.409491683597585,3.5758120294247786,0.8336796541728062,112.41666666666664,109.94034165571615,2.4763250109504895,0.4622309025302328,0.3714487516425734,3.581695613912982,Che Flores
Chris Paul,C.Kirkland,45,722,3.355853322867547,3.5958995509573697,-0.24004622808982257,110.50666666666669,109.92562326869805,0.5810433979686422,-0.3272027377851189,0.08715650969529633,3.581695613912982,Courtney Kirkland
Chris Paul,C.Washington,19,748,2.8558364504773497,3.600236317749012,-0.7443998672716625,112.44736842105263,109.89652406417113,2.5508443568814982,-1.1270265208038872,0.38262665353222475,3.581695613912982,CJ Washington
Chris Paul,D.Collins,45,722,4.037622242682274,3.5530631330472295,0.48455910963504456,109.40444444444447,109.99432132963989,-0.589876885195423,0.573040642414358,0.08848153277931345,3.581695613912982,Derrick Collins
Chris Paul,D.Crawford,12,755,4.241392852467601,3.570443489992266,0.6709493624753349,105.91666666666667,110.02397350993378,-4.107306843267111,1.2870453889654014,0.6160960264900666,3.581695613912982,Dan Crawford
Chris Paul,D.Guthrie,37,730,3.3071839384440644,3.59592736935635,-0.2887434309122856,109.05405405405405,110.00561643835616,-0.9515623843021075,-0.1460090732669695,0.1427343576453161,3.581695613912982,David Guthrie
Chris Paul,D.Jones,6,761,1.7444395987788925,3.597436558674331,-1.8529969598954383,104.18333333333334,110.00525624178712,-5.821922908453786,-0.9797085236273705,0.8732884362680678,3.581695613912982,David Jones
Chris Paul,D.Richardson,39,728,3.7479033719562733,3.5729811818052446,0.17492219015102872,110.51794871794871,109.92980769230769,0.588141025641022,0.08670103630487543,0.0882211538461533,3.581695613912982,Derek Richardson
Chris Paul,D.Scott,8,759,1.9768383258826427,3.5974889407476813,-1.6206506148650386,113.05,109.92714097496706,3.1228590250329376,-2.089079468619979,0.4684288537549406,3.581695613912982,Danielle Scott
Chris Paul,D.Stafford,12,755,4.682851625387929,3.562551746579229,1.1202998788087002,105.99166666666666,110.02278145695364,-4.031114790286978,1.7249670973517468,0.6046672185430466,3.581695613912982,Derrick Stafford
Chris Paul,D.Taylor,29,738,4.670824891923366,3.5378423957299243,1.1329824961934416,110.14827586206897,109.95230352303524,0.19597233903373024,1.103586645338382,0.029395850855059535,3.581695613912982,Dedric Taylor
Chris Paul,E.Dalen,25,742,3.078782102557993,3.598454195952845,-0.5196720933948518,108.89200000000001,109.99568733153639,-1.1036873315363778,-0.35411899366439514,0.16555309973045665,3.581695613912982,Eric Dalen
Chris Paul,E.Lewis,42,725,4.437076546057374,3.529886079216233,0.9071904668411408,109.03809523809525,110.01310344827586,-0.9750082101806044,1.0534416983682315,0.14625123152709066,3.581695613912982,Eric Lewis
Chris Paul,E.Malloy,42,725,3.308341063006744,3.5979085455996564,-0.28956748259291265,109.73809523809524,109.97255172413794,-0.23445648604270275,-0.25439900968650725,0.03516847290640541,3.581695613912982,Ed Malloy
Chris Paul,E.Roe,6,761,5.412431679012732,3.565514177445306,1.8469175015674262,103.76666666666665,110.00854139290408,-6.241874726237427,2.78319871050304,0.936281208935614,3.581695613912982,Eli Roe
Chris Paul,E.Scott,8,759,3.131055739505928,3.5857847112769994,-0.4547289717710714,114.3625,109.9133069828722,4.449193017127797,-1.122107924340241,0.6673789525691696,3.581695613912982,Evan Scott
Chris Paul,G.Petraitis,31,736,3.0952875679781036,3.6010670684402637,-0.5057795004621601,111.23870967741935,109.90584239130436,1.3328672861149897,-0.7057095933794086,0.19993009291724845,3.581695613912982,Gediminas Petraitis
Chris Paul,G.Zielinski,16,751,3.5526867038031247,3.5823514134188605,-0.029664709615735863,105.3625,110.05765645805593,-4.6951564580559335,0.6746087590926542,0.70427346870839,3.581695613912982,Gary Zielinski
Chris Paul,H.Workman,19,748,3.8231592196349906,3.575651695474676,0.2475075241603144,108.24736842105263,110.00320855614973,-1.7558401350971025,0.5108835444248798,0.26337602026456536,3.581695613912982,Haywoode Workman
Chris Paul,I.Hwang,6,761,2.909633498088222,3.5861749276879498,-0.6765414295997276,115.88333333333334,109.91300919842311,5.9703241349102285,-1.572090049836262,0.8955486202365343,3.581695613912982,Intae Hwang
Chris Paul,J.Butler,19,748,2.5038107768188858,3.607832147744096,-1.1040213709252105,112.7421052631579,109.88903743315508,2.8530678300028143,-1.5319815454256327,0.4279601745004221,3.581695613912982,John Butler
Chris Paul,J.Capers,39,728,3.6959769396310613,3.575411425057584,0.1205655145734772,109.84615384615384,109.96579670329672,-0.11964285714287826,0.13851194314490894,0.01794642857143174,3.581695613912982,James Capers
Chris Paul,J.Conley,5,762,4.330723696772962,3.576274345219351,0.7544493515536108,112.56000000000002,109.94265091863515,2.617349081364864,0.3618469893488812,0.3926023622047296,3.581695613912982,John Conley
Chris Paul,J.Crawford,6,761,7.120487885281028,3.550490957460135,3.5699969278208927,103.25,110.0126149802891,-6.762614980289101,4.584389174864258,1.014392247043365,3.581695613912982,Joe Crawford
Chris Paul,J.DeRosa,20,747,3.761716949239359,3.5767405279122504,0.18497642132710856,112.00999999999999,109.90481927710843,2.1051807228915607,-0.1308006871066255,0.3157771084337341,3.581695613912982,JB DeRosa
Chris Paul,J.Goble,59,708,3.3958094679562874,3.5973505890480837,-0.20154112109179634,110.10847457627119,109.94731638418078,0.1611581920904115,-0.22571484990535806,0.024173728813561723,3.581695613912982,John Goble
Chris Paul,J.Goldenberg,22,745,3.179166646224494,3.593277151735415,-0.4141105055109211,111.57272727272729,109.91208053691275,1.660646735814538,-0.6632075158831018,0.24909701037218068,3.581695613912982,Jason Goldenberg
Chris Paul,J.Orr,34,733,3.994930748100639,3.5632823515290064,0.43164839657163245,110.3970588235294,109.93942701227832,0.4576318112510904,0.36300362488396887,0.06864477168766356,3.581695613912982,J.T. Orr
Chris Paul,J.Phillips,16,751,3.428791222880588,3.5852109417010904,-0.15641971882050232,106.41875,110.03515312916113,-3.616403129161128,0.3860407505536668,0.5424604693741691,3.581695613912982,Jason Phillips
Chris Paul,J.Schroeder,12,755,1.4269603008696716,3.613485030903927,-2.186524730034255,114.29166666666664,109.89086092715233,4.400805739514311,-2.8466455909614017,0.6601208609271466,3.581695613912982,Jenna Schroeder
Chris Paul,J.Sterling,21,746,3.0540008190806787,3.596976598093294,-0.5429757790126155,111.48571428571428,109.91675603217158,1.5689582535427036,-0.778319517044021,0.2353437380314055,3.581695613912982,Jonathan Sterling
Chris Paul,J.Tiven,45,722,3.6043277315368103,3.580292392002527,0.024035339534283384,110.35333333333337,109.93518005540166,0.4181532779317081,-0.03868765215547283,0.06272299168975622,3.581695613912982,Josh Tiven
Chris Paul,J.Van Duyne,34,733,2.586399940285138,3.627631753749375,-1.041231813464237,110.62058823529412,109.92905866302866,0.6915295722654662,-1.144961249304057,0.10372943583981993,3.581695613912982,Justin Van Duyne
Chris Paul,J.Williams,34,733,3.6947207900660817,3.5766770528082494,0.11804373725783224,109.94411764705882,109.96043656207367,-0.016318915014849722,0.12049157451005969,0.002447837252227458,3.581695613912982,James Williams
Chris Paul,K.Cutler,45,722,3.3314360207847526,3.5965546753989783,-0.2651186546142257,110.04222222222224,109.95457063711913,0.087651585103103,-0.27826639237969114,0.01314773776546545,3.581695613912982,Kevin Cutler
Chris Paul,K.Fitzgerald,26,741,3.540529065002518,3.583177182704338,-0.04264811770182009,109.16153846153846,109.98771929824561,-0.8261808367071524,0.08127900780425276,0.12392712550607285,3.581695613912982,Kane Fitzgerald
Chris Paul,K.Lane,37,730,3.7719799796642057,3.5719511742181522,0.2000288054460535,109.67837837837838,109.97397260273972,-0.29559422436133787,0.24436793910025417,0.044339133654200676,3.581695613912982,Karl Lane
Chris Paul,K.Mauer,32,735,3.744314976314371,3.5742938500888455,0.17002112622552534,107.4125,110.07061224489797,-2.6581122448979784,0.568737962960222,0.39871683673469677,3.581695613912982,Ken Mauer
Chris Paul,K.Scott,42,725,3.356781070738566,3.5948317758115493,-0.23805070507298343,110.3047619047619,109.93972413793102,0.36503776683088063,-0.2928063700976155,0.05475566502463209,3.581695613912982,Kevin Scott
Chris Paul,L.Holtkamp,14,753,3.285171102661597,3.587700069987617,-0.30252896732601986,110.02142857142857,109.9585657370518,0.06286283437677298,-0.3119583924825358,0.009429425156515946,3.581695613912982,Lauren Holtkamp
Chris Paul,L.Richardson,15,752,4.695149932201868,3.5591065611052617,1.1360433710966067,107.45333333333335,110.00970744680852,-2.5563741134751723,1.5194994881178825,0.38345611702127586,3.581695613912982,Leroy Richardson
Chris Paul,L.Wood,27,740,4.62153561617755,3.540804848164027,1.0807307680135225,108.88148148148149,109.99905405405406,-1.1175725725725698,1.248366653899408,0.16763588588588546,3.581695613912982,Leon Wood
Chris Paul,M.Ayotte,26,741,4.806664106578442,3.5374804578628383,1.2691836487156034,107.33846153846154,110.05168690958165,-2.713225371120103,1.676167454383619,0.40698380566801545,3.581695613912982,Mark Ayotte
Chris Paul,M.Boland,25,742,4.739300497474652,3.542786725881408,1.196513771593244,109.936,109.96051212938006,-0.024512129380056535,1.2001905910002524,0.0036768194070084803,3.581695613912982,Matt Boland
Chris Paul,M.Callahan,19,748,3.589828818348014,3.581467820947203,0.008360997400810977,106.37894736842104,110.05066844919786,-3.6717210807768197,0.5591191595173339,0.550758162116523,3.581695613912982,Mike Callahan
Chris Paul,M.Dagher,10,757,3.146504757631731,3.5868805943478477,-0.4403758367161168,112.84,109.92166446499338,2.9183355350066194,-0.8781261669671097,0.4377503302509929,3.581695613912982,Mousa Dagher
Chris Paul,M.Davis,53,714,2.8977298135257206,3.632416906709366,-0.7346870931836453,109.22452830188682,110.01428571428573,-0.7897574123989131,-0.6162234813238083,0.11846361185983695,3.581695613912982,Marc Davis
Chris Paul,M.Ervin,32,735,3.4705361478476964,3.586138068655831,-0.11560192080813447,111.303125,109.90122448979591,1.4019005102040865,-0.32588699733874743,0.21028507653061296,3.581695613912982,Mitchell Ervin
Chris Paul,M.Kallio,5,762,2.0241566014160766,3.5920260899237175,-1.567869488507641,114.23999999999998,109.93162729658792,4.308372703412061,-2.21412539401945,0.6462559055118092,3.581695613912982,Matt Kallio
Chris Paul,M.Kogut,30,737,3.783459974146357,3.5734709240641713,0.2099890500821857,110.60666666666665,109.93337856173676,0.6732881049298953,0.10899583434270142,0.10099321573948429,3.581695613912982,Marat Kogut
Chris Paul,M.Lindsay,32,735,3.8007065416006824,3.5724395989578883,0.22826694264279412,111.34687500000001,109.89931972789115,1.4475552721088576,0.011133651826465502,0.21713329081632862,3.581695613912982,Mark Lindsay
Chris Paul,M.McCutchen,14,753,3.0884293884733838,3.5911020304120296,-0.5026726419386458,106.16428571428573,110.03027888446215,-3.8659931701764236,0.07722633358781772,0.5798989755264635,3.581695613912982,Monty McCutchen
Chris Paul,M.Myers,9,758,3.314956260993779,3.584832306137582,-0.2698760451438029,113.71111111111111,109.91517150395778,3.795939607153329,-0.8392669862168023,0.5693909410729994,3.581695613912982,Matt Myers
Chris Paul,M.Smith,40,727,3.129531795173725,3.6065413833239224,-0.47700958815019723,109.91750000000002,109.96203576341127,-0.044535763411246876,-0.4703292236385102,0.0066803645116870316,3.581695613912982,Michael Smith
Chris Paul,N.Buchert,41,726,3.807030617203953,3.5691001361296406,0.23793048107431236,109.94390243902438,109.96060606060605,-0.01670362158166938,0.24043602431156277,0.002505543237250407,3.581695613912982,Nick Buchert
Chris Paul,N.Green,13,754,1.8008846450888152,3.6099796316269086,-1.8090949865380934,112.76923076923075,109.91127320954907,2.8579575596816795,-2.2377886204903454,0.4286936339522519,3.581695613912982,Nate Green
Chris Paul,N.Sago,18,749,3.7077339480193854,3.578810089294812,0.12892385872457357,111.97777777777777,109.91121495327103,2.0665628245067467,-0.1810605649514384,0.309984423676012,3.581695613912982,Natalie Sago
Chris Paul,P.Fraher,30,737,3.85038065948672,3.5706050020359617,0.27977565745075816,109.05,109.9967435549525,-0.946743554952505,0.4217871906936339,0.14201153324287574,3.581695613912982,Pat Fraher
Chris Paul,P.Ransom,17,750,3.375750166703712,3.5858458360363255,-0.21009566933261326,113.37058823529412,109.88239999999999,3.488188235294132,-0.733323904626733,0.5232282352941198,3.581695613912982,Phenizee Ransom
Chris Paul,R.Acosta,31,736,2.7190038950809767,3.6159131505238893,-0.8969092554429126,111.10322580645162,109.91154891304349,1.191676893408129,-1.075660789454132,0.17875153401121935,3.581695613912982,Ray Acosta
Chris Paul,R.Garretson,18,749,3.1962937562427607,3.5912165776923617,-0.394922821449601,105.78333333333333,110.06008010680908,-4.27674677347575,0.24658919457176154,0.6415120160213625,3.581695613912982,Ron Garretson
Chris Paul,R.Hussey,5,762,3.828110339650966,3.580063274027256,0.24804706562371015,112.5,109.94304461942258,2.5569553805774206,-0.1354962414629029,0.38354330708661305,3.581695613912982,Robert Hussey
Chris Paul,R.Mott,37,730,4.078179520032744,3.5568812429433385,0.5212982770894059,109.98108108108109,109.95863013698629,0.022450944094799752,0.5179306354751859,0.003367641614219963,3.581695613912982,Rodney Mott
Chris Paul,S.Corbin,39,728,2.7229900272134575,3.6269546429172155,-0.903964615703758,111.10256410256413,109.89848901098902,1.2040750915751062,-1.084575879440024,0.18061126373626593,3.581695613912982,Sean Corbin
Chris Paul,S.Foster,26,741,4.188531402113261,3.5598998289570276,0.6286315731562335,108.61923076923078,110.00674763832659,-1.3875168690958049,0.8367591035206042,0.20812753036437073,3.581695613912982,Scott Foster
Chris Paul,S.Jelks,5,762,2.5518642786257737,3.5877108110985847,-1.035846532472811,115.8,109.92139107611547,5.878608923884528,-1.91763787105549,0.8817913385826791,3.581695613912982,Simone Jelks
Chris Paul,S.Mehta,13,754,3.0011115227862177,3.590425281888621,-0.5893137591024034,113.4,109.90039787798408,3.4996021220159292,-1.1142540774047927,0.5249403183023894,3.581695613912982,Suyash Mehta
Chris Paul,S.Mitchell,5,762,0.7376713264423296,3.5989392521632504,-2.861267925720921,110.9,109.9535433070866,0.9464566929134008,-3.0032364296579313,0.14196850393701013,3.581695613912982,Sha'Rae Mitchell
Chris Paul,S.Twardoski,39,728,3.3147775684840814,3.595896869414197,-0.2811193009301154,110.82051282051285,109.91359890109891,0.9069139194139382,-0.41715638884220607,0.1360370879120907,3.581695613912982,Scott Twardoski
Chris Paul,S.Wall,24,743,3.5466694530511975,3.5828599450803944,-0.036190492029196886,109.05833333333334,109.98882907133243,-0.9304957379990952,0.1033838686706674,0.13957436069986429,3.581695613912982,Scott Wall
Chris Paul,S.Wright,36,731,3.654854048800805,3.5780522791753686,0.07680176962543639,109.8888888888889,109.96320109439125,-0.07431220550235196,0.08794860045078919,0.011146830825352793,3.581695613912982,Sean Wright
Chris Paul,T.Brothers,36,731,4.734195334263251,3.5201322832005246,1.214063051062726,109.66666666666669,109.97414500683995,-0.3074783401732617,1.2601848020887152,0.046121751025989255,3.581695613912982,Tony Brothers
Chris Paul,T.Brown,24,743,5.08615880033178,3.5314145992021393,1.5547442011296404,108.22916666666667,110.0156123822342,-1.786445715567524,1.822711058464769,0.2679668573351286,3.581695613912982,Tony Brown
Chris Paul,T.Ford,37,730,3.4748540043108234,3.5871049493303695,-0.11225094501954613,111.15405405405407,109.89917808219177,1.2548759718623046,-0.3004823407988918,0.1882313957793457,3.581695613912982,Tyler Ford
Chris Paul,T.Maddox,43,724,3.620728671645168,3.5793231342118093,0.04140553743335884,109.65581395348839,109.97776243093924,-0.32194847745084587,0.08969780905098572,0.04829227161762688,3.581695613912982,Tre Maddox
Chris Paul,T.Washington,38,729,3.7807377049180326,3.5716136636509908,0.20912404126704187,109.57894736842105,109.97956104252401,-0.40061367410295645,0.26921609238248534,0.06009205111544347,3.581695613912982,Tom Washington
Chris Paul,Z.Zarba,48,719,4.3607173139901985,3.5294350189425137,0.8312822950476848,109.25833333333333,110.0065368567455,-0.7482035234121724,0.9435128235595107,0.11223052851182587,3.581695613912982,Zach Zarba
Damian Lillard,A.Moyer-Gleich,12,737,8.922259223652322,6.883896607058698,2.0383626165936235,112.24166666666666,109.7713506139154,2.470316052751258,1.6678152086809348,0.3705474079126887,6.918222810446452,Ashley Moyer-Gleich
Damian Lillard,A.Nagy,15,734,6.9009156554753215,6.918573241475916,-0.017657586000594527,113.88000000000001,109.72753424657535,4.152465753424664,-0.6405274490142941,0.6228698630136996,6.918222810446452,Andy Nagy
Damian Lillard,A.Smith,22,727,5.0588064963932595,6.973583768925584,-1.9147772725323247,110.69090909090909,109.78437067773166,0.9065384131774294,-2.050758034508939,0.1359807619766144,6.918222810446452,Aaron Smith
Damian Lillard,B.Adair,19,730,7.030088443207231,6.915358428615523,0.11473001459170806,111.95263157894736,109.7550964187328,2.1975351602145565,-0.21490025944047542,0.3296302740321835,6.918222810446452,Brandon Adair
Damian Lillard,B.Adams,25,724,5.7175427241022865,6.9577359203188625,-1.240193196216576,107.48333333333333,109.8886269070735,-2.405293573740167,-0.879399160155551,0.360794036061025,6.918222810446452,Bennie Adams
Damian Lillard,B.Barnaky,45,704,7.146108282774317,6.903699153944956,0.24240912882936083,110.06888888888889,109.79457142857143,0.2743174603174623,0.20126150978174148,0.04114761904761934,6.918222810446452,Brent Barnaky
Damian Lillard,B.Forte,43,706,6.2189739452327855,6.961567490196322,-0.7425935449635368,110.17441860465117,109.78888888888889,0.38552971576227435,-0.800423002327878,0.05782945736434115,6.918222810446452,Brian Forte
Damian Lillard,B.Kennedy,34,715,7.578916082905746,6.88728062004394,0.6916354628618056,109.44117647058823,109.82883263009843,-0.3876561595102004,0.7497838867883356,0.05814842392653005,6.918222810446452,Bill Kennedy
Damian Lillard,B.Nansel,26,723,6.949425517942274,6.917173765606427,0.03225175233584654,112.33076923076925,109.7200278164117,2.6107414143575483,-0.35935945981778566,0.3916112121536322,6.918222810446452,Brett Nansel
Damian Lillard,B.Schwab,7,742,6.8157497599121974,6.919150728276405,-0.1034009683642072,113.64285714285712,109.77479674796749,3.868060394889639,-0.683610027597653,0.5802090592334458,6.918222810446452,Brandon Schwab
Damian Lillard,B.Spooner,23,726,7.267757164621722,6.907614637415751,0.36014252720597106,107.60000000000001,109.88157894736842,-2.2815789473684163,0.7023793693112335,0.34223684210526245,6.918222810446452,Bill Spooner
Damian Lillard,B.Taylor,27,722,7.092455219829926,6.911576388144199,0.18087883168572727,109.86296296296297,109.8091922005571,0.053770762405861205,0.17281321732484808,0.008065614360879181,6.918222810446452,Ben Taylor
Damian Lillard,C.Blair,32,717,8.509692927695157,6.84920781676202,1.6604851109331378,109.675,109.81725105189342,-0.14225105189342457,1.6818227687171514,0.021337657784013687,6.918222810446452,Curtis Blair
Damian Lillard,C.Flores,7,742,10.133139515676104,6.887989210487153,3.245150305188951,113.11428571428573,109.77981029810299,3.334475416182741,2.7449789927615402,0.5001713124274111,6.918222810446452,Che Flores
Damian Lillard,C.Kirkland,36,713,6.940830303755837,6.9170617010928295,0.023768602663007954,110.03333333333335,109.79985895627645,0.23347437705689345,-0.011252553895526062,0.035021156558534015,6.918222810446452,Courtney Kirkland
Damian Lillard,C.Washington,16,733,7.754496600589436,6.899306364079824,0.8551902365096113,110.8375,109.78861454046638,1.048885459533622,0.697857417579568,0.1573328189300433,6.918222810446452,CJ Washington
Damian Lillard,D.Collins,39,710,7.326365008461985,6.895630553280308,0.4307344551816765,109.34615384615384,109.83682719546742,-0.49067334931358175,0.5043354575787138,0.07360100239703726,6.918222810446452,Derrick Collins
Damian Lillard,D.Crawford,10,739,5.967391304347827,6.931324673379534,-0.9639333690317073,106.22,109.86000000000001,-3.640000000000015,-0.4179333690317052,0.5460000000000022,6.918222810446452,Dan Crawford
Damian Lillard,D.Guthrie,36,713,6.978526454986701,6.915105126922595,0.0634213280641065,110.02571428571429,109.80056338028169,0.2251509054325993,0.029648692249216603,0.033772635814889894,6.918222810446452,David Guthrie
Damian Lillard,D.Jones,7,742,4.920174457166209,6.936751898218427,-2.0165774410522177,105.44285714285715,109.85257452574525,-4.409717382888104,-1.355119833619002,0.6614576074332156,6.918222810446452,David Jones
Damian Lillard,D.Richardson,29,720,6.836904302231738,6.921360020852462,-0.08445571862072399,109.16896551724139,109.83715083798882,-0.6681853207474262,0.015772079491389937,0.10022779811211392,6.918222810446452,Derek Richardson
Damian Lillard,D.Scott,10,739,4.888873581090057,6.943933530459376,-2.055059949369319,112.65,109.7725170068027,2.8774829931973045,-2.486682398348915,0.4316224489795957,6.918222810446452,Danielle Scott
Damian Lillard,D.Stafford,10,739,5.969589942009162,6.930855375881683,-0.9612654338725211,107.52000000000001,109.84231292517008,-2.322312925170067,-0.612918495097011,0.34834693877551004,6.918222810446452,Derrick Stafford
Damian Lillard,D.Taylor,33,716,7.149940527043026,6.907350331462487,0.24259019558053918,109.71515151515152,109.81558988764043,-0.10043837248890952,0.2576559514538756,0.015065755873336428,6.918222810446452,Dedric Taylor
Damian Lillard,E.Dalen,29,720,7.399060070942874,6.898991563520205,0.500068507422669,109.66206896551725,109.81717877094971,-0.15510980543245978,0.5233349782375379,0.023266470814868965,6.918222810446452,Eric Dalen
Damian Lillard,E.Lewis,34,715,7.068171243627959,6.910636144677427,0.15753509895053242,108.56666666666668,109.86882022471909,-1.3021535580524102,0.35285813265839394,0.19532303370786153,6.918222810446452,Eric Lewis
Damian Lillard,E.Malloy,36,713,6.37097053426128,6.9458168118475285,-0.5748462775862482,109.62,109.8205633802817,-0.20056338028169307,-0.5447617705439942,0.03008450704225396,6.918222810446452,Ed Malloy
Damian Lillard,E.Roe,7,742,4.121560595845366,6.9455543449559185,-2.823993749110553,105.01666666666667,109.85006765899864,-4.833400992331974,-2.0989836002607567,0.7250101488497961,6.918222810446452,Eli Roe
Damian Lillard,E.Scott,10,739,8.366044928759804,6.8974491606724815,1.4685957680873223,112.03,109.78095238095239,2.249047619047616,1.1312386252301798,0.33735714285714236,6.918222810446452,Evan Scott
Damian Lillard,G.Petraitis,42,707,7.1887542260621995,6.902160955471932,0.2865932705902674,110.88809523809526,109.74679943100996,1.1412958070852994,0.11539889952747248,0.17119437106279492,6.918222810446452,Gediminas Petraitis
Damian Lillard,G.Zielinski,23,726,5.834436965947643,6.952362489738016,-1.1179255237903734,107.0318181818182,109.8957123098202,-2.863894128002002,-0.6883414045900731,0.4295841192003003,6.918222810446452,Gary Zielinski
Damian Lillard,H.Workman,20,729,7.517825985409482,6.901657815889497,0.6161681695199857,107.49000000000001,109.87517241379311,-2.3851724137931,0.9739440315889507,0.357775862068965,6.918222810446452,Haywoode Workman
Damian Lillard,J.Butler,19,730,6.482956860812127,6.929487626000658,-0.4465307651885313,112.50526315789476,109.74063360881544,2.7646295490793165,-0.8612251975504288,0.41469443236189746,6.918222810446452,John Butler
Damian Lillard,J.Capers,40,709,6.617940013560207,6.934975376885859,-0.31703536332565196,109.75250000000001,109.8144680851064,-0.061968085106386184,-0.30774015055969406,0.009295212765957928,6.918222810446452,James Capers
Damian Lillard,J.Conley,8,741,7.290940766550523,6.913960277864426,0.37698048868609657,115.0875,109.75386702849389,5.33363297150612,-0.4230644570398213,0.8000449457259179,6.918222810446452,John Conley
Damian Lillard,J.DeRosa,25,724,8.29242233550338,6.869865193864471,1.422557141638909,111.83600000000003,109.74083333333333,2.0951666666666995,1.108282141638904,0.3142750000000049,6.918222810446452,JB DeRosa
Damian Lillard,J.Goble,56,693,6.076386503062524,6.987613490915563,-0.9112269878530386,110.27857142857144,109.77314949201744,0.5054219365540007,-0.9870402783361387,0.07581329048310011,6.918222810446452,John Goble
Damian Lillard,J.Goldenberg,13,736,8.892548373816386,6.8849012881334115,2.007647085682974,112.53076923076922,109.76284153005464,2.76792770071458,1.592457930575787,0.41518915510718696,6.918222810446452,Jason Goldenberg
Damian Lillard,J.Orr,40,709,6.360879020258671,6.9485663960231605,-0.5876873757644896,109.3875,109.83517730496452,-0.44767730496451463,-0.5205357800198124,0.06715159574467719,6.918222810446452,J.T. Orr
Damian Lillard,J.Phillips,21,728,5.919508475700047,6.946837315447801,-1.0273288397477538,106.09523809523807,109.91892265193371,-3.823684556695639,-0.45377615624340795,0.5735526835043459,6.918222810446452,Jason Phillips
Damian Lillard,J.Schroeder,8,741,5.564275529888212,6.932279658670312,-1.3680041287821005,113.3,109.7732700135685,3.5267299864314907,-1.897013626746824,0.5290094979647236,6.918222810446452,Jenna Schroeder
Damian Lillard,J.Sterling,16,733,8.419908689822991,6.886253370085635,1.5336553197373561,111.7,109.76968449931414,1.9303155006858645,1.2441079946344764,0.28954732510287967,6.918222810446452,Jonathan Sterling
Damian Lillard,J.Tiven,38,711,6.958365825360898,6.91603048082912,0.042335344531778674,109.9342105263158,109.8045261669024,0.12968435941338896,0.02288269061977033,0.019452653912008344,6.918222810446452,Josh Tiven
Damian Lillard,J.Van Duyne,25,724,7.043404312084174,6.9139206588266635,0.12948365325751077,110.368,109.79180555555557,0.5761944444444254,0.04305448659084697,0.0864291666666638,6.918222810446452,Justin Van Duyne
Damian Lillard,J.Williams,39,710,7.290044620100692,6.89745718955047,0.39258743055022194,109.86153846153847,109.80835694050994,0.05318152102853446,0.3846102023959418,0.00797722815428017,6.918222810446452,James Williams
Damian Lillard,K.Cutler,32,717,6.738574061342746,6.926220543250685,-0.1876464819079393,109.62187500000002,109.8196353436185,-0.1977603436184836,-0.15798243036516676,0.02966405154277254,6.918222810446452,Kevin Cutler
Damian Lillard,K.Fitzgerald,31,718,6.597165662159961,6.93241230963294,-0.33524664747297894,108.4483870967742,109.87030812324929,-1.4219210264750899,-0.12195849350171548,0.21328815397126347,6.918222810446452,Kane Fitzgerald
Damian Lillard,K.Lane,48,701,7.105684995702992,6.905565517541855,0.2001194781611373,109.66458333333333,109.82123385939741,-0.1566505260640838,0.22361705707074986,0.02349757890961257,6.918222810446452,Karl Lane
Damian Lillard,K.Mauer,30,719,5.5568231411792635,6.975242941523752,-1.4184198003444886,107.95,109.88923076923075,-1.9392307692307469,-1.1275351849598765,0.290884615384612,6.918222810446452,Ken Mauer
Damian Lillard,K.Scott,27,722,6.462854427372089,6.934726834551923,-0.47187240717983414,111.06296296296297,109.76406685236769,1.2988961105952797,-0.666706823769126,0.19483441658929193,6.918222810446452,Kevin Scott
Damian Lillard,L.Holtkamp,11,738,7.092534633465091,6.91560237560749,0.17693225785760092,108.75454545454545,109.82697547683924,-1.072430022293787,0.33779676120166896,0.16086450334406804,6.918222810446452,Lauren Holtkamp
Damian Lillard,L.Richardson,28,721,6.730287953169077,6.925472342991555,-0.19518438982247854,108.37499999999999,109.86722454672245,-1.4922245467224684,0.02864929218589171,0.22383368200837025,6.918222810446452,Leroy Richardson
Damian Lillard,L.Wood,34,715,6.4899462892442035,6.938245580618636,-0.4482992913744326,109.37647058823529,109.83192686357243,-0.4554562753371414,-0.3799808500738614,0.0683184413005712,6.918222810446452,Leon Wood
Damian Lillard,M.Ayotte,36,713,6.9642391845049625,6.915964669508322,0.04827451499664015,107.53611111111111,109.92665726375176,-2.3905461526406526,0.406856437892738,0.35858192289609786,6.918222810446452,Mark Ayotte
Damian Lillard,M.Boland,33,716,6.940668737143549,6.917145776777696,0.02352296036585333,109.29393939393938,109.83511235955056,-0.5411729656111817,0.10469890520753057,0.08117594484167724,6.918222810446452,Matt Boland
Damian Lillard,M.Callahan,18,731,5.45751585888171,6.955822445181223,-1.4983065862995133,106.82222222222221,109.88514442916093,-3.0629222069387225,-1.038868255258705,0.45943833104080833,6.918222810446452,Mike Callahan
Damian Lillard,M.Dagher,23,726,8.245394137474396,6.875361856886066,1.3700322805883296,112.31304347826088,109.7314404432133,2.5816030350475785,0.9827918253311929,0.38724045525713674,6.918222810446452,Mousa Dagher
Damian Lillard,M.Davis,37,712,7.281812802228345,6.898483962006081,0.3833288402222639,108.45945945945947,109.88177966101694,-1.4223202015574685,0.5966768704558841,0.21334803023362028,6.918222810446452,Marc Davis
Damian Lillard,M.Ervin,22,727,8.177811431322763,6.879377250178186,1.298434181144577,109.92727272727274,109.80760719225451,0.1196655350182283,1.2804843508918426,0.017949830252734243,6.918222810446452,Mitchell Ervin
Damian Lillard,M.Kallio,8,741,9.26556949177119,6.894059754339043,2.371509737432147,113.025,109.7762550881954,3.2487449118046072,1.8841980006614558,0.48731173677069106,6.918222810446452,Matt Kallio
Damian Lillard,M.Kogut,29,720,7.1510623423578785,6.908527010896077,0.24253533146180128,110.0689655172414,109.80069832402233,0.2682671932190601,0.20229525247894226,0.040240078982859015,6.918222810446452,Marat Kogut
Damian Lillard,M.Lindsay,30,719,8.297909372153082,6.861844484003619,1.4360648881494633,110.21000000000001,109.79440559440559,0.41559440559441896,1.3737257273103005,0.06233916083916284,6.918222810446452,Mark Lindsay
Damian Lillard,M.McCutchen,11,738,7.258308410900905,6.913164617917596,0.34514379298330855,108.11818181818181,109.83651226158038,-1.718330443398571,0.6028933594930942,0.25774956650978564,6.918222810446452,Monty McCutchen
Damian Lillard,M.Myers,13,736,7.4835886214442,6.908515987239011,0.5750726342051893,111.45384615384614,109.78196721311474,1.6718789407314034,0.32429079309547876,0.2507818411097105,6.918222810446452,Matt Myers
Damian Lillard,M.Smith,25,724,5.8145859085290486,6.956612580361081,-1.1420266718320322,110.22,109.79694444444445,0.42305555555554974,-1.2054850051653647,0.06345833333333246,6.918222810446452,Michael Smith
Damian Lillard,N.Buchert,36,713,7.439686065681623,6.892091796299777,0.5475942693818459,110.23611111111111,109.78956276445699,0.4465483466541258,0.480612017383727,0.06698225199811887,6.918222810446452,Nick Buchert
Damian Lillard,N.Green,10,739,8.786982248520712,6.8930019970764445,1.8939802514442672,112.5,109.77455782312924,2.7254421768707573,1.4851639249136537,0.40881632653061356,6.918222810446452,Nate Green
Damian Lillard,N.Sago,14,735,5.6750986091618385,6.941666330073354,-1.2665677209115156,111.4142857142857,109.78043775649795,1.6338479577877507,-1.5116449145796782,0.2450771936681626,6.918222810446452,Natalie Sago
Damian Lillard,P.Fraher,28,721,6.734665044925373,6.925455201695879,-0.1907901567705057,109.98214285714286,109.80446304044631,0.17767981669655342,-0.2174421292749887,0.02665197250448301,6.918222810446452,Pat Fraher
Damian Lillard,P.Ransom,15,734,7.2240131548387705,6.912020837809631,0.3119923170291399,112.87333333333335,109.74821917808218,3.1251141552511683,-0.15677480625853535,0.4687671232876752,6.918222810446452,Phenizee Ransom
Damian Lillard,R.Acosta,24,725,7.380304349693658,6.903179746279312,0.4771246034143459,111.70833333333333,109.74798890429959,1.9603444290337393,0.18307293905928507,0.29405166435506086,6.918222810446452,Ray Acosta
Damian Lillard,R.Garretson,22,727,5.366275732679968,6.964149831973134,-1.5978740992931657,106.73636363636365,109.90470262793914,-3.168338991575496,-1.1226232505568414,0.47525084873632434,6.918222810446452,Ron Garretson
Damian Lillard,R.Hussey,7,742,9.652071689318786,6.893521819503954,2.758549869814832,114.94285714285714,109.76246612466124,5.180391018195891,1.9814912170854484,0.7770586527293837,6.918222810446452,Robert Hussey
Damian Lillard,R.Mott,36,713,6.712602687384578,6.928665683458822,-0.2160629960742435,109.32222222222222,109.83596614950636,-0.5137439272841391,-0.13900140698162267,0.07706158909262086,6.918222810446452,Rodney Mott
Damian Lillard,S.Anderson,9,740,6.570935058908454,6.922419155923955,-0.35148409701550154,106.7,109.8491847826087,-3.1491847826086996,0.12089362037580337,0.4723777173913049,6.918222810446452,Steve Anderson
Damian Lillard,S.Corbin,31,718,6.026360923807062,6.957247171020954,-0.9308862472138912,110.22903225806449,109.79299719887953,0.43603505918495955,-0.9962915060916352,0.06540525887774393,6.918222810446452,Sean Corbin
Damian Lillard,S.Foster,50,699,7.050216661351742,6.908951238489528,0.14126542286221433,110.39387755102041,109.77011494252874,0.6237626084916741,0.047701031588463214,0.09356439127375112,6.918222810446452,Scott Foster
Damian Lillard,S.Mehta,8,741,10.022504234044034,6.884922405190831,3.137581828853203,111.525,109.79253731343285,1.7324626865671604,2.877712425868129,0.25986940298507405,6.918222810446452,Suyash Mehta
Damian Lillard,S.Mitchell,6,743,4.028285026031549,6.941299548400788,-2.913014522369239,112.38333333333334,109.79025710419486,2.5930762291384752,-3.3019759567400104,0.3889614343707713,6.918222810446452,Sha'Rae Mitchell
Damian Lillard,S.Twardoski,42,707,7.718111857157332,6.869231274271642,0.8488805828856902,110.47804878048781,109.77230113636364,0.7057476441241732,0.7430184362670642,0.10586214661862599,6.918222810446452,Scott Twardoski
Damian Lillard,S.Wall,19,730,4.913189193113212,6.97056089775476,-2.0573717046415485,109.02631578947368,109.83168044077135,-0.8053646512976655,-1.9365670069468988,0.12080469769464983,6.918222810446452,Scott Wall
Damian Lillard,S.Wright,28,721,6.356067281457056,6.940219154917361,-0.5841518734603044,109.23703703703704,109.83272980501393,-0.5956927679768853,-0.4947979582637716,0.0893539151965328,6.918222810446452,Sean Wright
Damian Lillard,T.Brothers,38,711,6.897337644762895,6.919365098986919,-0.02202745422402419,109.1783783783784,109.84420903954803,-0.6658306611696361,0.07784714495142121,0.0998745991754454,6.918222810446452,Tony Brothers
Damian Lillard,T.Brown,27,722,6.9870696776549766,6.915696458366106,0.07137321928887097,107.75925925925925,109.88830083565458,-2.1290415763953234,0.3907294557481695,0.3193562364592985,6.918222810446452,Tony Brown
Damian Lillard,T.Ford,32,717,7.060706936798125,6.911654598094224,0.14905233870390067,110.003125,109.80252454417952,0.20060045582047792,0.11896227033082898,0.030090068373071686,6.918222810446452,Tyler Ford
Damian Lillard,T.Maddox,44,705,6.651824953325592,6.9344960412939685,-0.28267108796837626,110.24883720930234,109.7843304843305,0.46450672497184087,-0.3523470967141524,0.06967600874577613,6.918222810446452,Tre Maddox
Damian Lillard,T.Washington,24,725,6.737065360840417,6.924130010316068,-0.1870646494756505,107.76086956521739,109.87645429362881,-2.11558472841142,0.13027305978606252,0.317337709261713,6.918222810446452,Tom Washington
Damian Lillard,Z.Zarba,38,711,7.466713079801586,6.888788886425582,0.5779241933760044,109.67368421052633,109.81852899575671,-0.1448447852303758,0.5996509111605608,0.02172671778455637,6.918222810446452,Zach Zarba
De'Aaron Fox,A.Moyer-Gleich,14,521,7.207370644413056,5.874844613507431,1.3325260309056253,114.87142857142858,111.56353166986564,3.307896901562941,0.8363414956711841,0.49618453523444117,5.913316588202118,Ashley Moyer-Gleich
De'Aaron Fox,A.Nagy,12,523,4.224818362964382,5.952983355379505,-1.728164992415123,112.74999999999999,111.62485659655832,1.125143403441669,-1.8969365029313734,0.16877151051625033,5.913316588202118,Andy Nagy
De'Aaron Fox,A.Smith,21,514,6.530068923818205,5.887678882785927,0.6423900410322778,112.37142857142858,111.62062256809338,0.7508060033351995,0.5297691405319979,0.11262090050027992,5.913316588202118,Aaron Smith
De'Aaron Fox,B.Adair,14,521,6.360789496365674,5.90135087080265,0.45943862556302406,114.95714285714283,111.56122840690978,3.3959144502330503,-0.049948541971933436,0.5093871675349575,5.913316588202118,Brandon Adair
De'Aaron Fox,B.Adams,5,530,5.155291749250262,5.9202110219080195,-0.7649192726577576,109.34,111.67188679245282,-2.3318867924528206,-0.41513625378983454,0.34978301886792307,5.913316588202118,Bennie Adams
De'Aaron Fox,B.Barnaky,23,512,4.856446937718361,5.960148466497362,-1.103701528779001,111.64782608695653,111.65019531249999,-0.0023692255434610843,-1.103346144947482,0.00035538383151916263,5.913316588202118,Brent Barnaky
De'Aaron Fox,B.Forte,32,503,5.813359068563048,5.9195535016234535,-0.10619443306040566,112.096875,111.62166998011928,0.4752050198807183,-0.1774751860425134,0.07128075298210775,5.913316588202118,Brian Forte
De'Aaron Fox,B.Kennedy,29,506,4.774361241387104,5.9812381645857355,-1.2068769231986316,111.55172413793105,111.65573122529644,-0.10400708736538888,-1.1912758600938234,0.015601063104808332,5.913316588202118,Bill Kennedy
De'Aaron Fox,B.Nansel,29,506,5.857522613334285,5.916403411062214,-0.05888079772792931,111.43103448275862,111.66264822134389,-0.23161373858526701,-0.02413873694013926,0.034742060787790054,5.913316588202118,Brett Nansel
De'Aaron Fox,B.Spooner,5,530,1.6272003616000803,5.9454850203340195,-4.318284658733939,108.01999999999998,111.6843396226415,-3.6643396226415206,-3.7686337153377107,0.5496509433962281,5.913316588202118,Bill Spooner
De'Aaron Fox,B.Taylor,27,508,5.143212362904018,5.9550936384873125,-0.8118812755832945,111.34814814814816,111.66614173228345,-0.3179935841352943,-0.7641822379630003,0.04769903762029415,5.913316588202118,Ben Taylor
De'Aaron Fox,C.Blair,27,508,5.944181871575086,5.911670161497851,0.032511710077235634,111.61851851851853,111.6517716535433,-0.03325313502477911,0.0374996803309525,0.0049879702537168665,5.913316588202118,Curtis Blair
De'Aaron Fox,C.Flores,11,524,6.475689317260451,5.9013106668081745,0.5743786504522763,114.7,111.58606870229006,3.1139312977099394,0.10728895579578546,0.46708969465649086,5.913316588202118,Che Flores
De'Aaron Fox,C.Kirkland,22,513,5.934834763727992,5.912376245887472,0.02245851784052011,112.62727272727271,111.60818713450293,1.019085592769784,-0.13040432107494748,0.1528628389154676,5.913316588202118,Courtney Kirkland
De'Aaron Fox,C.Washington,23,512,6.6691073011728275,5.87984389100031,0.7892634101725173,112.06521739130434,111.6314453125,0.43377207880433843,0.7241975983518666,0.06506581182065076,5.913316588202118,CJ Washington
De'Aaron Fox,D.Collins,25,510,5.7535859773365425,5.921141513951775,-0.16755553661523237,111.13199999999999,111.67549019607843,-0.5434901960784373,-0.08603200720346678,0.08152352941176559,5.913316588202118,Derrick Collins
De'Aaron Fox,D.Guthrie,29,506,5.79019710849963,5.920068304230468,-0.12987119573083827,112.50344827586207,111.60118577075099,0.9022625051110822,-0.2652105714975006,0.13533937576666233,5.913316588202118,David Guthrie
De'Aaron Fox,D.Richardson,26,509,4.9220808049456535,5.962870823321167,-1.0407900183755139,111.06153846153846,111.68015717092338,-0.6186187093849185,-0.9479972119677761,0.09279280640773777,5.913316588202118,Derek Richardson
De'Aaron Fox,D.Scott,13,522,6.306957016182325,5.90349446540204,0.4034625507802856,113.57692307692308,111.6021072796935,1.9748157972295814,0.10724018119584838,0.2962223695844372,5.913316588202118,Danielle Scott
De'Aaron Fox,D.Taylor,16,519,7.474589227908909,5.86547556206084,1.609113665848069,113.28750000000001,111.59961464354528,1.6878853564547285,1.3559308623798596,0.25318280346820926,5.913316588202118,Dedric Taylor
De'Aaron Fox,E.Dalen,18,517,6.635980156175281,5.8870976652707645,0.7488824909045162,111.53888888888889,111.6539651837524,-0.11507629486351334,0.7661439351340432,0.017261444229527,5.913316588202118,Eric Dalen
De'Aaron Fox,E.Lewis,17,518,5.983729427082531,5.911109944993548,0.07261948208898339,109.61764705882354,111.71679536679535,-2.0991483079718165,0.38749172828475587,0.3148722461957725,5.913316588202118,Eric Lewis
De'Aaron Fox,E.Malloy,23,512,6.70564744875397,5.878685343495847,0.8269621052581231,111.46086956521741,111.65859375,-0.19772418478258658,0.8566207329755111,0.029658627717387986,5.913316588202118,Ed Malloy
De'Aaron Fox,E.Scott,9,526,7.790802524797115,5.8786064229980415,1.9121961017990738,112.45555555555555,111.63631178707224,0.8192437684833038,1.7893095365265783,0.12288656527249557,5.913316588202118,Evan Scott
De'Aaron Fox,G.Petraitis,21,514,7.7372830428788575,5.837934497089312,1.8993485457895458,111.9761904761905,111.63677042801555,0.33942004817494364,1.8484355385633042,0.05091300722624154,5.913316588202118,Gediminas Petraitis
De'Aaron Fox,G.Zielinski,7,528,4.757709251101321,5.927221664539269,-1.169512413437948,106.74285714285713,111.71515151515152,-4.972294372294385,-0.42366825759379023,0.7458441558441578,5.913316588202118,Gary Zielinski
De'Aaron Fox,H.Workman,8,527,5.328235330393759,5.922326869911325,-0.5940915395175663,109.2125,111.68709677419353,-2.474596774193529,-0.22290202338853699,0.37118951612902934,5.913316588202118,Haywoode Workman
De'Aaron Fox,J.Butler,24,511,7.166987152744765,5.849826390765525,1.31716076197924,111.66666666666667,111.64931506849315,0.017351598173519278,1.314558022253212,0.0026027397260278916,5.913316588202118,John Butler
De'Aaron Fox,J.Capers,15,520,6.2939304365281075,5.901994029353943,0.3919364071741649,111.02666666666666,111.66807692307691,-0.6414102564102535,0.4881479456357029,0.09621153846153803,5.913316588202118,James Capers
De'Aaron Fox,J.Conley,6,529,4.136407159166237,5.936171210494231,-1.799764051327994,113.25,111.63194706994328,1.6180529300567201,-2.042471990836502,0.242707939508508,5.913316588202118,John Conley
De'Aaron Fox,J.DeRosa,25,510,5.439481570398476,5.935420031562927,-0.4959384611644513,111.69599999999998,111.6478431372549,0.04815686274508835,-0.5031619905762146,0.007223529411763251,5.913316588202118,JB DeRosa
De'Aaron Fox,J.Goble,45,490,6.274527673195988,5.8810067017667915,0.3935209714291963,111.66666666666664,111.64857142857142,0.018095238095227728,0.3908066857149121,0.002714285714284159,5.913316588202118,John Goble
De'Aaron Fox,J.Goldenberg,18,517,6.458773328735831,5.893697066862109,0.5650762618737222,111.52222222222223,111.65454545454544,-0.1323232323232162,0.5849247467222046,0.019848484848482426,5.913316588202118,Jason Goldenberg
De'Aaron Fox,J.Orr,29,506,5.4754794846965416,5.938968326135928,-0.4634888414393865,111.15517241379312,111.67845849802369,-0.5232860842305627,-0.3849959288048021,0.0784929126345844,5.913316588202118,J.T. Orr
De'Aaron Fox,J.Schroeder,12,523,6.765530442180159,5.8921927028120225,0.8733377393681367,111.70833333333333,111.64875717017208,0.05957616316125325,0.8644013148939488,0.008936424474187988,5.913316588202118,Jenna Schroeder
De'Aaron Fox,J.Sterling,14,521,5.465213288291368,5.925919087791105,-0.46070579949973745,111.80714285714285,111.64587332053743,0.16126953660541687,-0.48489622999055,0.024190430490812532,5.913316588202118,Jonathan Sterling
De'Aaron Fox,J.Tiven,25,510,8.112533230048767,5.802883485769203,2.3096497442795636,111.86399999999999,111.63960784313726,0.22439215686273428,2.2759909207501536,0.03365882352941014,5.913316588202118,Josh Tiven
De'Aaron Fox,J.Van Duyne,35,500,5.509378786103767,5.940508662792578,-0.43112987668881075,112.16,111.61439999999999,0.5456000000000074,-0.5129698766888119,0.0818400000000011,5.913316588202118,Justin Van Duyne
De'Aaron Fox,J.Williams,24,511,6.497521356577094,5.885136193728772,0.6123851628483221,112.41666666666667,111.61409001956947,0.8025766470971973,0.4919986657837425,0.1203864970645796,5.913316588202118,James Williams
De'Aaron Fox,K.Cutler,32,503,6.1807114428545855,5.895908289058898,0.28480315379568744,111.02187500000001,111.69005964214712,-0.6681846421471107,0.38503085011775406,0.1002276963220666,5.913316588202118,Kevin Cutler
De'Aaron Fox,K.Fitzgerald,11,524,4.734299516908212,5.938496031516688,-1.2041965146084754,109.05454545454546,111.70458015267175,-2.6500346981262908,-0.8066913098895319,0.3975052047189436,5.913316588202118,Kane Fitzgerald
De'Aaron Fox,K.Lane,21,514,6.043873050932655,5.908191610699178,0.13568144023347717,111.2952380952381,111.6645914396887,-0.36935334445060164,0.1910844419010674,0.05540300166759025,5.913316588202118,Karl Lane
De'Aaron Fox,K.Mauer,10,525,4.844343494111584,5.934688093541552,-1.0903445994299679,109.67999999999999,111.68761904761905,-2.007619047619059,-0.789201742287109,0.3011428571428588,5.913316588202118,Ken Mauer
De'Aaron Fox,K.Scott,32,503,4.747729108032818,5.986032352699192,-1.2383032446663744,110.83125,111.70218687872763,-0.8709368787276333,-1.1076627128572294,0.13064053180914498,5.913316588202118,Kevin Scott
De'Aaron Fox,L.Holtkamp,10,525,5.078170918067475,5.929574997733015,-0.8514040796655404,110.9,111.66438095238094,-0.7643809523809324,-0.7367469368084005,0.11465714285713985,5.913316588202118,Lauren Holtkamp
De'Aaron Fox,L.Richardson,11,524,5.883138907446426,5.913876008316603,-0.030737100870176448,108.7,111.71202290076336,-3.0120229007633554,0.4210663342443268,0.45180343511450327,5.913316588202118,Leroy Richardson
De'Aaron Fox,L.Wood,29,506,5.60572623264998,5.930029977347621,-0.3243037446976409,111.05517241379309,111.68418972332016,-0.6290173095270717,-0.22995114826858015,0.09435259642906076,5.913316588202118,Leon Wood
De'Aaron Fox,M.Ayotte,17,518,5.812334933475076,5.916242006034271,-0.10390707255919551,110.54705882352941,111.68629343629343,-1.1392346127640138,0.06697811935540657,0.17088519191460208,5.913316588202118,Mark Ayotte
De'Aaron Fox,M.Boland,23,512,5.911705395635409,5.913388485564749,-0.0016830899293394097,110.28260869565216,111.71152343749999,-1.4289147418478336,0.21265412134783562,0.21433721127717503,5.913316588202118,Matt Boland
De'Aaron Fox,M.Callahan,10,525,5.544797566896398,5.919598343681361,-0.37480077678496304,107.45,111.73009523809523,-4.280095238095228,0.26721350892932116,0.6420142857142842,5.913316588202118,Mike Callahan
De'Aaron Fox,M.Dagher,27,508,5.879385495338228,5.915160532620055,-0.03577503728182663,111.71851851851851,111.64645669291338,0.07206182560513241,-0.04658431112259649,0.010809273840769861,5.913316588202118,Mousa Dagher
De'Aaron Fox,M.Davis,28,507,6.785340314136126,5.863935608106406,0.9214047060297199,112.97857142857143,111.5767258382643,1.4018455903071327,0.71112786748365,0.2102768385460699,5.913316588202118,Marc Davis
De'Aaron Fox,M.Ervin,32,503,5.798701692653036,5.920849013864655,-0.12214732121161909,112.45625,111.59880715705765,0.8574428429423477,-0.25076374765297127,0.12861642644135216,5.913316588202118,Mitchell Ervin
De'Aaron Fox,M.Kallio,12,523,8.204460361386944,5.856660640337201,2.3477997210497437,111.53333333333335,111.65277246653919,-0.11943913320584443,2.3657155910306202,0.017915869980876662,5.913316588202118,Matt Kallio
De'Aaron Fox,M.Kogut,14,521,6.197146730359563,5.90571609419805,0.2914306361615129,111.9142857142857,111.64299424184262,0.2712914724430817,0.2507369152950506,0.04069372086646226,5.913316588202118,Marat Kogut
De'Aaron Fox,M.Lindsay,21,514,5.446082234290146,5.932065625825394,-0.48598339153524783,111.4904761904762,111.6566147859922,-0.16613859551600285,-0.4610626022078474,0.02492078932740043,5.913316588202118,Mark Lindsay
De'Aaron Fox,M.Myers,11,524,6.428449953704578,5.9029114652020835,0.5255384885024945,112.91818181818181,111.62347328244275,1.294708535739062,0.3313322081416352,0.1942062803608593,5.913316588202118,Matt Myers
De'Aaron Fox,M.Smith,27,508,5.9251183293933884,5.912649088545655,0.012469240847733154,110.61851851851853,111.70492125984251,-1.0864027413239796,0.1754296520463301,0.16296041119859694,5.913316588202118,Michael Smith
De'Aaron Fox,N.Buchert,27,508,6.833966739543115,5.865504847532391,0.9684618920107235,111.47037037037036,111.65964566929134,-0.1892752989209754,0.9968531868488698,0.028391294838146307,5.913316588202118,Nick Buchert
De'Aaron Fox,N.Green,10,525,5.261590927544861,5.927115640970954,-0.6655247134260929,115.56999999999998,111.57542857142856,3.994571428571419,-1.2647104277118055,0.5991857142857128,5.913316588202118,Nate Green
De'Aaron Fox,N.Sago,18,517,7.642536585365853,5.848831264085905,1.7937053212799485,112.17222222222222,111.63191489361702,0.5403073286051949,1.7126592219891692,0.08104609929077923,5.913316588202118,Natalie Sago
De'Aaron Fox,P.Fraher,22,513,6.037144548589638,5.9078204186698855,0.12932412991975273,110.44545454545455,111.70175438596492,-1.2562998405103656,0.3177691059963076,0.18844497607655483,5.913316588202118,Pat Fraher
De'Aaron Fox,P.Ransom,19,516,5.820231385345596,5.916976964940223,-0.09674557959462682,112.35263157894735,111.62422480620154,0.7284067727458137,-0.20600659550649886,0.10926101591187205,5.913316588202118,Phenizee Ransom
De'Aaron Fox,R.Acosta,16,519,5.2517795939889265,5.93513518213732,-0.6833555881483937,112.75,111.61618497109828,1.1338150289017221,-0.853427842483652,0.17007225433525833,5.913316588202118,Ray Acosta
De'Aaron Fox,R.Garretson,9,526,5.0066727540914515,5.925552371035221,-0.9188796169437694,109.24444444444445,111.69125475285169,-2.446810308407237,-0.5518580706826839,0.3670215462610855,5.913316588202118,Ron Garretson
De'Aaron Fox,R.Mott,19,516,5.208453081583957,5.937640723079814,-0.7291876414958569,110.98947368421051,111.67441860465117,-0.6849449204406568,-0.6264459034297584,0.10274173806609851,5.913316588202118,Rodney Mott
De'Aaron Fox,S.Corbin,24,511,5.941232341552095,5.912046254821021,0.029186086731074035,111.55,111.65479452054794,-0.1047945205479408,0.04490526481326515,0.01571917808219112,5.913316588202118,Sean Corbin
De'Aaron Fox,S.Foster,25,510,4.579018290046471,5.975547689523614,-1.396529399477143,111.31600000000002,111.6664705882353,-0.3504705882352823,-1.3439588112418508,0.05257058823529235,5.913316588202118,Scott Foster
De'Aaron Fox,S.Jelks,5,530,3.796918622686382,5.932634919166717,-2.1357162964803353,115.1,111.61754716981132,3.4824528301886772,-2.658084221008637,0.5223679245283016,5.913316588202118,Simone Jelks
De'Aaron Fox,S.Mehta,13,522,6.430533729777398,5.900152940072927,0.5303807897044708,113.47692307692306,111.60459770114942,1.8723253757736416,0.24953198333842458,0.2808488063660462,5.913316588202118,Suyash Mehta
De'Aaron Fox,S.Mitchell,8,527,6.710838246915081,5.90211735908948,0.8087208878256007,115.4,111.59316888045541,3.806831119544597,0.2376962198939111,0.5710246679316896,5.913316588202118,Sha'Rae Mitchell
De'Aaron Fox,S.Twardoski,24,511,5.815734118636937,5.917857455733578,-0.10212333709664101,111.79166666666667,111.64344422700586,0.14822243966081317,-0.12435670304576299,0.022233365949121973,5.913316588202118,Scott Twardoski
De'Aaron Fox,S.Wall,16,519,5.972133770328834,5.91149080452122,0.06064296580761397,110.85625,111.67456647398843,-0.8183164739884319,0.18339043690587875,0.12274747109826478,5.913316588202118,Scott Wall
De'Aaron Fox,S.Wright,32,503,6.0188337078787075,5.906330523430532,0.1125031844481752,111.859375,111.63677932405567,0.2225956759443335,0.07911383305652517,0.03338935139165002,5.913316588202118,Sean Wright
De'Aaron Fox,T.Brothers,27,508,5.544919597581148,5.933416251500467,-0.38849665391931865,110.5851851851852,111.70669291338581,-1.121507728200612,-0.22027049468922685,0.1682261592300918,5.913316588202118,Tony Brothers
De'Aaron Fox,T.Brown,8,527,5.6369226068857525,5.9174385864124535,-0.28051597952670093,107.425,111.71423149905122,-4.289231499051226,0.362868745330983,0.6433847248576839,5.913316588202118,Tony Brown
De'Aaron Fox,T.Ford,29,506,4.817889310391321,5.97853274592643,-1.1606434355351096,111.59655172413792,111.65316205533595,-0.05661033119802994,-1.1521518858554052,0.00849154967970449,5.913316588202118,Tyler Ford
De'Aaron Fox,T.Maddox,26,509,5.5636166942844145,5.929248827057806,-0.3656321327733911,111.45769230769231,111.6599214145383,-0.2022291068459907,-0.33529776674649253,0.030334366026898606,5.913316588202118,Tre Maddox
De'Aaron Fox,T.Washington,18,517,4.881778154768216,5.949093950986092,-1.0673157962178763,112.3,111.62746615087039,0.6725338491296071,-1.1681958735873175,0.10088007736944106,5.913316588202118,Tom Washington
De'Aaron Fox,Z.Zarba,21,514,6.51346101250377,5.888302993587021,0.6251580189167489,112.9904761904762,111.59533073929961,1.3951454511765888,0.41588620124026066,0.2092718176764883,5.913316588202118,Zach Zarba
DeMar DeRozan,A.Moyer-Gleich,22,786,7.616187301791421,7.309074107207152,0.3071131945842689,112.50909090909092,110.12917197452228,2.379918934568636,-0.049874645601026446,0.35698784018529534,7.317688743051131,Ashley Moyer-Gleich
DeMar DeRozan,A.Nagy,15,793,6.430289921990813,7.335016405025774,-0.9047264830349615,113.1266666666667,110.13851010101008,2.9881565656566096,-1.352949967883453,0.44822348484849145,7.317688743051131,Andy Nagy
DeMar DeRozan,A.Smith,29,779,7.243759922421328,7.320387374116769,-0.07662745169544127,110.62758620689652,110.17789203084833,0.4496941760481974,-0.14408157810267086,0.0674541264072296,7.317688743051131,Aaron Smith
DeMar DeRozan,B.Adair,12,796,6.012287015130127,7.337072186715548,-1.3247851715854209,111.39166666666665,110.17597484276729,1.2156918238993626,-1.5071389451703252,0.18235377358490437,7.317688743051131,Brandon Adair
DeMar DeRozan,B.Adams,18,790,9.5337837661371,7.267196936369361,2.266586829767739,107.90555555555555,110.24626108998731,-2.3407055344317627,2.6176926599325037,0.3511058301647644,7.317688743051131,Bennie Adams
DeMar DeRozan,B.Barnaky,43,765,7.146244105146089,7.327472696699323,-0.1812285915532339,110.17441860465117,110.19515706806284,-0.020738463411674957,-0.17811782204148266,0.0031107695117512436,7.317688743051131,Brent Barnaky
DeMar DeRozan,B.Forte,40,768,7.0325593465303955,7.3321992531897,-0.29963990665930407,109.66750000000002,110.22151238591916,-0.5540123859191368,-0.21653804877143357,0.08310185788787051,7.317688743051131,Brian Forte
DeMar DeRozan,B.Kennedy,30,778,7.703438361652487,7.30285462604571,0.4005837356067765,110.74999999999999,110.17258687258686,0.5774131274131236,0.31397176649480796,0.08661196911196853,7.317688743051131,Bill Kennedy
DeMar DeRozan,B.Nansel,27,781,7.811129706820588,7.300689543271169,0.5104401635494193,111.27407407407408,110.15666666666668,1.1174074074073985,0.3428290524383096,0.16761111111110977,7.317688743051131,Brett Nansel
DeMar DeRozan,B.Schwab,12,796,5.806451612903226,7.339252046913034,-1.5328004340098076,113.71666666666665,110.14088050314466,3.5757861635219967,-2.069168358538107,0.5363679245282995,7.317688743051131,Brandon Schwab
DeMar DeRozan,B.Spooner,12,796,7.638796044318129,7.3132977290110315,0.3254983153070974,106.54166666666669,110.24918238993712,-3.7075157232704328,0.8816256737976623,0.5561273584905649,7.317688743051131,Bill Spooner
DeMar DeRozan,B.Taylor,36,772,7.706081521031385,7.300284374087054,0.4057971469443311,109.1861111111111,110.24111543450064,-1.0550043233895394,0.5640477954527621,0.1582506485084309,7.317688743051131,Ben Taylor
DeMar DeRozan,C.Blair,49,759,7.154625159855756,7.328207512148463,-0.1735823522927067,110.1734693877551,110.19538258575199,-0.02191319799688074,-0.17029537259317457,0.003286979699532111,7.317688743051131,Curtis Blair
DeMar DeRozan,C.Flores,9,799,6.787750232003182,7.324043272913733,-0.5362930409105511,113.1,110.16127819548872,2.9387218045112746,-0.9771013115872422,0.4408082706766912,7.317688743051131,Che Flores
DeMar DeRozan,C.Kirkland,30,778,6.308322067350948,7.356528179234625,-1.048206111883677,111.16000000000001,110.15675675675676,1.0032432432432472,-1.198692598370164,0.15048648648648708,7.317688743051131,Courtney Kirkland
DeMar DeRozan,C.Washington,30,778,6.932616535018757,7.332776581451141,-0.4001600464323847,112.09666666666665,110.12059202059201,1.9760746460746361,-0.69657124334358,0.2964111969111954,7.317688743051131,CJ Washington
DeMar DeRozan,D.Collins,25,783,7.032427681809372,7.326788893082734,-0.2943612112733618,109.57199999999999,110.21393861892584,-0.6419386189258489,-0.19807041843448447,0.09629079283887733,7.317688743051131,Derrick Collins
DeMar DeRozan,D.Crawford,6,802,8.069068570479827,7.312385638511354,0.7566829319684727,104.43333333333332,110.23720349563047,-5.8038701622971445,1.6272634563130444,0.8705805243445717,7.317688743051131,Dan Crawford
DeMar DeRozan,D.Guthrie,38,770,7.669973324232289,7.300559719339894,0.3694136048923946,109.57368421052632,110.22470741222365,-0.6510232016973276,0.46706708514699374,0.09765348025459915,7.317688743051131,David Guthrie
DeMar DeRozan,D.Mosher,8,800,7.806570530196247,7.312920734041452,0.493649796154795,113.275,110.16320400500625,3.1117959949937557,0.02688039690573163,0.46676939924906335,7.317688743051131,Dannica Mosher
DeMar DeRozan,D.Richardson,38,770,7.393471635539372,7.314043584686759,0.07942805085261284,110.28157894736842,110.18972691807544,0.09185202929297986,0.06565024645866586,0.013777804393946979,7.317688743051131,Derek Richardson
DeMar DeRozan,D.Scott,9,799,5.7655805124960455,7.336174696124622,-1.5705941836285762,111.77777777777777,110.17619047619047,1.6015873015873012,-1.8108322788666713,0.24023809523809517,7.317688743051131,Danielle Scott
DeMar DeRozan,D.Stafford,16,792,7.507382083806731,7.313833284250485,0.19354879955624593,106.85,110.26169405815423,-3.4116940581542394,0.7053029082793818,0.5117541087231359,7.317688743051131,Derrick Stafford
DeMar DeRozan,D.Taylor,36,772,7.406228529506523,7.313520095750355,0.09270843375616789,109.03611111111111,110.24811932555123,-1.212008214440118,0.2745096659221856,0.1818012321660177,7.317688743051131,Dedric Taylor
DeMar DeRozan,E.Dalen,33,775,7.363264102139548,7.315699887797615,0.04756421434193303,109.9969696969697,110.20245478036178,-0.20548508339207672,0.07838697685074454,0.030822762508811507,7.317688743051131,Eric Dalen
DeMar DeRozan,E.Lewis,39,769,7.500782251780772,7.308575440379476,0.19220681140129603,109.23589743589743,110.24270833333333,-1.0068108974358978,0.3432284460166807,0.15102163461538468,7.317688743051131,Eric Lewis
DeMar DeRozan,E.Malloy,48,760,7.380216421798375,7.31381027283624,0.06640614896213481,109.94042553191491,110.20973684210526,-0.2693113101903464,0.10680284549068678,0.040396696528551955,7.317688743051131,Ed Malloy
DeMar DeRozan,E.Roe,7,801,7.763158821995615,7.313980418685768,0.4491784033098476,106.22857142857144,110.22875,-4.000178571428563,1.049205189024132,0.6000267857142845,7.317688743051131,Eli Roe
DeMar DeRozan,E.Scott,18,790,7.500039457278288,7.313564366072795,0.18647509120549355,113.59444444444443,110.11647655259821,3.4779678918462196,-0.33522009257143937,0.5216951837769329,7.317688743051131,Evan Scott
DeMar DeRozan,G.Petraitis,34,774,7.7456335278602735,7.298917118133146,0.44671640972712723,110.3970588235294,110.18512289780078,0.21193592572862485,0.4149260208678335,0.03179038885929373,7.317688743051131,Gediminas Petraitis
DeMar DeRozan,G.Zielinski,11,797,8.606720680037188,7.299363278319469,1.3073574017177192,107.23636363636363,110.23492462311557,-2.99856098675194,1.7571415497305103,0.449784148012791,7.317688743051131,Gary Zielinski
DeMar DeRozan,H.Workman,17,791,6.836240067962621,7.32799408979827,-0.4917540218356482,107.3235294117647,110.25582278481014,-2.9322933730454395,-0.051910015878832316,0.4398440059568159,7.317688743051131,Haywoode Workman
DeMar DeRozan,I.Hwang,5,803,7.629687435823716,7.315463238549154,0.3142241972745623,114.14000000000001,110.16945137157109,3.9705486284289293,-0.2813580969897771,0.5955822942643394,7.317688743051131,Intae Hwang
DeMar DeRozan,J.Butler,14,794,8.091174891103288,7.303871023217043,0.7873038678862443,111.56428571428572,110.16986128625473,1.3944244280309874,0.5781402036815961,0.2091636642046481,7.317688743051131,John Butler
DeMar DeRozan,J.Capers,36,772,6.753111868286763,7.343622343015645,-0.5905104747288821,110.66944444444444,110.17185473411155,0.497589710332889,-0.6651489312788155,0.07463845654993335,7.317688743051131,James Capers
DeMar DeRozan,J.Conley,10,798,8.957500033443473,7.296010661767762,1.661489371675711,113.94000000000001,110.14705144291091,3.7929485570891046,1.0925470881123456,0.5689422835633656,7.317688743051131,John Conley
DeMar DeRozan,J.DeRosa,29,779,7.0712692273515945,7.327241803004499,-0.25597257565290477,110.42758620689656,110.1853470437018,0.24223916319476757,-0.2923084501321199,0.03633587447921514,7.317688743051131,JB DeRosa
DeMar DeRozan,J.Goble,69,739,7.320645981903343,7.317407437636297,0.003238544267046173,110.20579710144929,110.19295392953929,0.01284317191000639,0.0013120684805452143,0.0019264757865009585,7.317688743051131,John Goble
DeMar DeRozan,J.Goldenberg,21,787,6.473282724311464,7.339551172247643,-0.8662684479361786,111.08571428571429,110.1702290076336,0.9154852780806948,-1.003591239648283,0.1373227917121042,7.317688743051131,Jason Goldenberg
DeMar DeRozan,J.Orr,34,774,7.552938880395539,7.3071372063276,0.2458016740679385,110.19411764705882,110.19404915912031,6.848793850622314e-05,0.24579140087716259,1.0273190775933472e-05,7.317688743051131,J.T. Orr
DeMar DeRozan,J.Phillips,18,790,8.096558962440962,7.299122938691485,0.7974360237494773,107.17222222222222,110.26299112801014,-3.0907689057879253,1.261051359617666,0.46361533586818876,7.317688743051131,Jason Phillips
DeMar DeRozan,J.Schroeder,13,795,9.174195711704328,7.288238021542414,1.8859576901619146,112.23846153846155,110.16057934508817,2.0778821933733838,1.574275361155907,0.31168232900600756,7.317688743051131,Jenna Schroeder
DeMar DeRozan,J.Sterling,23,785,7.039565786857591,7.325813693374186,-0.2862479065165946,111.42608695652173,110.15790816326529,1.268178793256439,-0.4764747255050604,0.19022681898846586,7.317688743051131,Jonathan Sterling
DeMar DeRozan,J.Tiven,49,759,7.052208727040881,7.334757216170145,-0.28254848912926356,109.74791666666665,110.22226613965744,-0.4743494729907809,-0.21139606818064643,0.07115242094861714,7.317688743051131,Josh Tiven
DeMar DeRozan,J.Van Duyne,27,781,6.3855316928962695,7.349954854631915,-0.9644231617356454,110.26296296296296,110.19166666666666,0.07129629629629619,-0.9751176061800898,0.010694444444444428,7.317688743051131,Justin Van Duyne
DeMar DeRozan,J.Williams,41,767,8.399652727535813,7.258982489709841,1.1406702378259714,109.60975609756098,110.22532637075719,-0.6155702731962123,1.2330057788054032,0.09233554097943183,7.317688743051131,James Williams
DeMar DeRozan,K.Cutler,29,779,6.848139485858366,7.334744235198117,-0.48660474933975095,110.53793103448275,110.18123393316195,0.3566971013208047,-0.5401093145378717,0.0535045651981207,7.317688743051131,Kevin Cutler
DeMar DeRozan,K.Fitzgerald,32,776,8.327801371153594,7.275447141856162,1.052354229297432,108.040625,110.2829677419355,-2.242342741935488,1.3887056405877551,0.3363514112903232,7.317688743051131,Kane Fitzgerald
DeMar DeRozan,K.Lane,37,771,6.840603192723391,7.341426345254814,-0.5008231525314235,110.93783783783786,110.1583116883117,0.7795261495261627,-0.6177520749603479,0.1169289224289244,7.317688743051131,Karl Lane
DeMar DeRozan,K.Mauer,20,788,8.437026364537918,7.2891355428052105,1.147890821732707,107.475,110.26315120711564,-2.7881512071156465,1.5661135028000541,0.41822268106734695,7.317688743051131,Ken Mauer
DeMar DeRozan,K.Scott,32,776,6.510833446966707,7.3517747014877175,-0.8409412545210104,110.84375,110.16722580645163,0.6765241935483743,-0.9424198835532666,0.10147862903225614,7.317688743051131,Kevin Scott
DeMar DeRozan,L.Holtkamp,23,785,8.161258803478528,7.292815972042744,0.8684428314357842,108.43043478260869,110.24579081632653,-1.8153560337178476,1.1407462364934613,0.27230340505767714,7.317688743051131,Lauren Holtkamp
DeMar DeRozan,L.Richardson,18,790,7.469099896262501,7.314329539120236,0.15477035714226428,108.05,110.24296577946768,-2.1929657794676842,0.4837152240624169,0.3289448669201526,7.317688743051131,Leroy Richardson
DeMar DeRozan,L.Wood,25,783,8.413616535282696,7.282897797030144,1.1307187382525514,109.02000000000002,110.23158567774937,-1.2115856777493406,1.3124565899149525,0.18173785166240108,7.317688743051131,Leon Wood
DeMar DeRozan,M.Ayotte,25,783,7.803032117452639,7.303116063784689,0.4999160536679499,108.10400000000001,110.26086956521739,-2.1568695652173773,0.8234464884505565,0.32353043478260657,7.317688743051131,Mark Ayotte
DeMar DeRozan,M.Boland,38,770,8.076716547461132,7.2798736798797385,0.7968428675813932,109.45263157894739,110.23068920676204,-0.7780576278146469,0.9135515117535903,0.11670864417219703,7.317688743051131,Matt Boland
DeMar DeRozan,M.Callahan,18,790,8.44121781825049,7.292200801367163,1.1490170168833265,105.85,110.29315589353611,-4.443155893536115,1.8154904009137436,0.6664733840304172,7.317688743051131,Mike Callahan
DeMar DeRozan,M.Dagher,20,788,7.9502355853971345,7.3011706008174375,0.649064984579697,112.96999999999998,110.12350698856416,2.8464930114358253,0.2220910328643232,0.4269739517153738,7.317688743051131,Mousa Dagher
DeMar DeRozan,M.Davis,49,759,6.424227136938365,7.376556937019041,-0.9523298000806761,110.12448979591838,110.19854881266491,-0.07405901674653137,-0.9412209475686965,0.011108852511979706,7.317688743051131,Marc Davis
DeMar DeRozan,M.Ervin,39,769,7.007491498860352,7.333595806095464,-0.32610430723511197,110.12307692307692,110.19765624999998,-0.07457932692305747,-0.31491740819665337,0.01118689903845862,7.317688743051131,Mitchell Ervin
DeMar DeRozan,M.Kallio,6,802,6.042826034357609,7.3275744301320715,-1.2847483957744625,114.89999999999999,110.15880149812736,4.741198501872631,-1.9959281710553571,0.7111797752808947,7.317688743051131,Matt Kallio
DeMar DeRozan,M.Kogut,43,765,6.801777319564523,7.345940139404916,-0.5441628198403929,109.74186046511629,110.21950261780107,-0.47764215268477983,-0.47251649693767594,0.07164632290271697,7.317688743051131,Marat Kogut
DeMar DeRozan,M.Lindsay,30,778,8.337001878708588,7.277938618597459,1.0590632601111283,110.76333333333335,110.17207207207207,0.5912612612612804,0.9703740709219362,0.08868918918919207,7.317688743051131,Mark Lindsay
DeMar DeRozan,M.McCutchen,10,798,9.446225278329605,7.290733511548593,2.1554917667810116,104.5,110.26549560853198,-5.765495608531978,3.0203161080608085,0.8648243412797967,7.317688743051131,Monty McCutchen
DeMar DeRozan,M.Myers,19,789,5.889144675231689,7.3536269902101585,-1.4644823149784694,113.60526315789474,110.11180203045686,3.4934611274378824,-1.9885014840941517,0.5240191691156824,7.317688743051131,Matt Myers
DeMar DeRozan,M.Smith,48,760,6.538720359662346,7.364676312090059,-0.8259559524277131,110.08958333333334,110.20065876152835,-0.11107542819500793,-0.8092946381984619,0.016661314229251187,7.317688743051131,Michael Smith
DeMar DeRozan,N.Buchert,40,768,6.535635857086499,7.358843699163702,-0.8232078420772035,109.5975,110.22516297262061,-0.6276629726206124,-0.7290583961841117,0.09414944589309186,7.317688743051131,Nick Buchert
DeMar DeRozan,N.Green,18,790,5.091405841938206,7.3671186219927005,-2.2757127800544943,113.3388888888889,110.12230671736376,3.216582171525147,-2.758200105783266,0.482487325728772,7.317688743051131,Nate Green
DeMar DeRozan,N.Sago,21,787,7.5644853518913475,7.31112252577258,0.25336282611876726,113.76190476190474,110.09872773536894,3.6631770265358057,-0.2961137278616036,0.5494765539803709,7.317688743051131,Natalie Sago
DeMar DeRozan,P.Fraher,44,764,7.970583510963893,7.280707006760207,0.6898765042036858,109.85909090909091,110.21336828309306,-0.35427737400215165,0.7430181103040085,0.053141606100322744,7.317688743051131,Pat Fraher
DeMar DeRozan,P.Ransom,21,787,6.619808421062052,7.3363236714017805,-0.7165152503397287,112.88095238095238,110.12226463104327,2.7586877499091145,-1.130318412826096,0.41380316248636717,7.317688743051131,Phenizee Ransom
DeMar DeRozan,R.Acosta,24,784,7.029099720059282,7.326515465757106,-0.29741574569782436,110.88333333333334,110.1729246487867,0.7104086845466355,-0.4039770483798197,0.10656130268199533,7.317688743051131,Ray Acosta
DeMar DeRozan,R.Garretson,17,791,8.929891179693671,7.2838690627131175,1.6460221169805536,107.24117647058824,110.25759493670886,-3.016418466120612,2.098484886898645,0.4524627699180918,7.317688743051131,Ron Garretson
DeMar DeRozan,R.Hussey,11,797,6.599842133405759,7.327666960351592,-0.7278248269458327,112.87272727272729,110.1570351758794,2.7156920968478886,-1.135178641473016,0.4073538145271833,7.317688743051131,Robert Hussey
DeMar DeRozan,R.Mott,27,781,6.989191915357458,7.328613003072525,-0.33942108771506696,111.30740740740741,110.15551282051283,1.151894586894585,-0.5122052757492547,0.17278418803418774,7.317688743051131,Rodney Mott
DeMar DeRozan,S.Anderson,7,801,9.575239783992908,7.297962822828301,2.277276961164607,107.51428571428572,110.2175,-2.7032142857142816,2.6827591040217493,0.40548214285714224,7.317688743051131,Steve Anderson
DeMar DeRozan,S.Corbin,35,773,6.549370936964326,7.352355838145144,-0.8029849011808174,110.02647058823531,110.2014230271669,-0.17495243893158374,-0.7767420353410799,0.02624286583973756,7.317688743051131,Sean Corbin
DeMar DeRozan,S.Foster,30,778,7.022215861895177,7.329169541623491,-0.30695367972831455,110.43000000000002,110.18494208494208,0.2450579150579415,-0.3437123669870058,0.036758687258691226,7.317688743051131,Scott Foster
DeMar DeRozan,S.Jelks,6,802,5.439264691995341,7.331679891194958,-1.8924151991996174,111.93333333333334,110.18102372034956,1.7523096129837796,-2.1552616411471845,0.26284644194756696,7.317688743051131,Simone Jelks
DeMar DeRozan,S.Mehta,13,795,8.68607268131467,7.293716931342221,1.3923557499724488,113.54615384615384,110.13916876574308,3.406985080410763,0.8813079879108344,0.5110477620616144,7.317688743051131,Suyash Mehta
DeMar DeRozan,S.Mitchell,6,802,8.018710324089541,7.3121521764179676,0.7065581476715739,115.75,110.15243445692884,5.5975655430711555,-0.13307668378909943,0.8396348314606733,7.317688743051131,Sha'Rae Mitchell
DeMar DeRozan,S.Twardoski,35,773,6.838922220485506,7.3394883825924015,-0.500566162106896,111.52,110.13393782383419,1.386062176165808,-0.7084754885317672,0.2079093264248712,7.317688743051131,Scott Twardoski
DeMar DeRozan,S.Wall,31,777,8.01116534572206,7.289500612320134,0.7216647334019273,110.02903225806452,110.20064432989692,-0.17161207183239924,0.7474065441767872,0.025741810774859885,7.317688743051131,Scott Wall
DeMar DeRozan,S.Wright,35,773,7.099931700338265,7.327517721466109,-0.22758602112784398,110.1,110.19831606217618,-0.09831606217618116,-0.2128386118014168,0.014747409326427173,7.317688743051131,Sean Wright
DeMar DeRozan,T.Brothers,36,772,8.745995733207302,7.252224868573016,1.4937708646342855,109.64722222222221,110.21958495460441,-0.5723627323822029,1.579625274491616,0.08585440985733044,7.317688743051131,Tony Brothers
DeMar DeRozan,T.Brown,34,774,7.350909855263948,7.31627972306866,0.03463013219528843,107.88823529411764,110.29547218628718,-2.40723689216955,0.3957156660207209,0.36108553382543246,7.317688743051131,Tony Brown
DeMar DeRozan,T.Ford,39,769,8.361979300276587,7.262847683230363,1.0991316170462246,109.7923076923077,110.21445312500002,-0.42214543269231797,1.1624534319500723,0.0633218149038477,7.317688743051131,Tyler Ford
DeMar DeRozan,T.Maddox,43,765,7.307990639819062,7.31823670001734,-0.010246060198277895,110.57674418604654,110.17251308900524,0.4042310970413041,-0.07088072475447352,0.060634664556195615,7.317688743051131,Tre Maddox
DeMar DeRozan,T.Washington,43,765,6.312820666686668,7.373205345942241,-1.0603846792555727,110.05116279069769,110.2020942408377,-0.15093145014000697,-1.0377449617345715,0.022639717521001045,7.317688743051131,Tom Washington
DeMar DeRozan,Z.Zarba,39,769,6.436949988690098,7.362691170322041,-0.9257411816319427,111.20256410256411,110.14283854166668,1.0597255608974336,-1.0847000157665578,0.15895883413461503,7.317688743051131,Zach Zarba
Donovan Mitchell,A.Moyer-Gleich,8,546,6.419213973799127,5.421716436983867,0.9974975368152599,112.0875,111.5598901098901,0.5276098901099004,0.9183560532987748,0.07914148351648506,5.436265816519571,Ashley Moyer-Gleich
Donovan Mitchell,A.Nagy,9,545,6.26528499766815,5.423167347770636,0.8421176498975145,115.55555555555556,111.50165137614678,4.053904179408775,0.23403202298619818,0.6080856269113163,5.436265816519571,Andy Nagy
Donovan Mitchell,A.Smith,22,532,5.171423099023176,5.44695564013095,-0.2755325411077738,112.22272727272728,111.54041353383458,0.6823137388927023,-0.37787960194167913,0.10234706083390534,5.436265816519571,Aaron Smith
Donovan Mitchell,B.Adair,20,534,4.73983878385224,5.463696452481188,-0.7238576686289484,110.82500000000002,111.59531835205992,-0.7703183520599026,-0.608309915819963,0.11554775280898538,5.436265816519571,Brandon Adair
Donovan Mitchell,B.Adams,7,547,4.892848807676995,5.443360567522175,-0.5505117598451799,108.08571428571429,111.61206581352833,-3.526351527814043,-0.02155903067307341,0.5289527291721065,5.436265816519571,Bennie Adams
Donovan Mitchell,B.Barnaky,33,521,5.562775492704886,5.428272932034101,0.1345025606707848,111.43939393939394,111.57562380038387,-0.1362298609899284,0.15493703981927406,0.020434479148489258,5.436265816519571,Brent Barnaky
Donovan Mitchell,B.Forte,29,525,5.474292677277557,5.434150022225793,0.04014265505176429,111.4344827586207,111.57485714285714,-0.14037438423643778,0.06119881268722995,0.021056157635465665,5.436265816519571,Brian Forte
Donovan Mitchell,B.Kennedy,19,535,4.341447880176874,5.4746710118180735,-1.1332231316411994,112.2421052631579,111.54355140186917,0.6985538612887296,-1.238006210834509,0.10478307919330944,5.436265816519571,Bill Kennedy
Donovan Mitchell,B.Nansel,18,536,6.1365130644415045,5.412597128426269,0.7239159360152359,111.70555555555558,111.56287313432836,0.14268242122722086,0.7025135728311527,0.021402363184083128,5.436265816519571,Brett Nansel
Donovan Mitchell,B.Schwab,10,544,5.401161249668678,5.436897960271706,-0.035736710603027966,113.79,111.52665441176471,2.263345588235296,-0.37523854883832236,0.3395018382352944,5.436265816519571,Brandon Schwab
Donovan Mitchell,B.Spooner,5,549,4.529985414819687,5.444754804413392,-0.9147693895937055,109.35999999999999,111.58761384335155,-2.2276138433515627,-0.5806273130909712,0.33414207650273436,5.436265816519571,Bill Spooner
Donovan Mitchell,B.Taylor,28,526,6.0038462139808315,5.405812506781034,0.5980337071997974,112.50714285714287,111.51749049429657,0.9896523628463001,0.44958585277285246,0.148447854426945,5.436265816519571,Ben Taylor
Donovan Mitchell,C.Blair,23,531,6.179775280898876,5.401869762655633,0.7779055182432426,111.59565217391304,111.56629001883239,0.029362155080647767,0.7735011949811454,0.004404323262097165,5.436265816519571,Curtis Blair
Donovan Mitchell,C.Kirkland,21,533,5.5454935862725705,5.431962681324028,0.11353090494854268,110.94285714285715,111.59212007504689,-0.6492629321897425,0.21092034477700405,0.09738943982846138,5.436265816519571,Courtney Kirkland
Donovan Mitchell,C.Washington,17,537,6.1513109691190255,5.412631447349229,0.7386795217697966,112.08235294117647,111.5512104283054,0.531142512871071,0.659008144839136,0.07967137693066063,5.436265816519571,CJ Washington
Donovan Mitchell,D.Collins,25,529,4.975582788169169,5.4575516816761365,-0.48196889350696726,110.38,111.62362948960302,-1.2436294896030233,-0.29542447006651373,0.1865444234404535,5.436265816519571,Derrick Collins
Donovan Mitchell,D.Guthrie,26,528,5.234395273931827,5.44607978600393,-0.21168451207210293,111.21923076923078,111.58465909090908,-0.3654283216783085,-0.15687026382035665,0.05481424825174628,5.436265816519571,David Guthrie
Donovan Mitchell,D.Richardson,20,534,4.377850926459528,5.476050585580868,-1.0981996591213399,111.51500000000001,111.5694756554307,-0.05447565543067867,-1.0900283108067381,0.0081713483146018,5.436265816519571,Derek Richardson
Donovan Mitchell,D.Scott,7,547,5.810989123611627,5.431018127523723,0.37997099608790386,111.24285714285715,111.57166361974406,-0.32880647688691056,0.42929196762094046,0.049320971533036585,5.436265816519571,Danielle Scott
Donovan Mitchell,D.Taylor,25,529,5.776695783499761,5.420229822324128,0.35646596117563334,111.42,111.57448015122873,-0.15448015122872505,0.3796379838599421,0.023172022684308756,5.436265816519571,Dedric Taylor
Donovan Mitchell,E.Dalen,29,525,5.127450718164069,5.453520869958419,-0.32607015179435006,112.76551724137931,111.50133333333332,1.2641839080459931,-0.5156977380012491,0.18962758620689896,5.436265816519571,Eric Dalen
Donovan Mitchell,E.Lewis,23,531,6.27833167697881,5.399906313917773,0.8784253630610364,111.54347826086955,111.56854990583804,-0.02507164496849157,0.8821861098063101,0.0037607467452737352,5.436265816519571,Eric Lewis
Donovan Mitchell,E.Malloy,25,529,4.797358811465159,5.465819745234956,-0.6684609337697971,111.612,111.56540642722118,0.046593572778817816,-0.6754499696866197,0.006989035916822672,5.436265816519571,Ed Malloy
Donovan Mitchell,E.Scott,14,540,5.966915893965113,5.423028777131057,0.543887116834056,113.52142857142857,111.51685185185184,2.0045767195767326,0.24320060889754613,0.30068650793650986,5.436265816519571,Evan Scott
Donovan Mitchell,G.Petraitis,30,524,5.819359738084697,5.413475992124749,0.40588374595994825,111.65666666666667,111.56240458015266,0.09426208651400714,0.39174443298284717,0.01413931297710107,5.436265816519571,Gediminas Petraitis
Donovan Mitchell,H.Workman,7,547,4.6571798188874505,5.445974959298941,-0.7887951404114908,109.92857142857143,111.58848263254113,-1.659911203969699,-0.539808459816036,0.24898668059545484,5.436265816519571,Haywoode Workman
Donovan Mitchell,I.Hwang,5,549,11.565884773275966,5.377994204488949,6.187890568787018,115.84,111.52859744990891,4.311402550091088,5.541180186273355,0.6467103825136632,5.436265816519571,Intae Hwang
Donovan Mitchell,J.Butler,13,541,6.564243764554255,5.408338181049767,1.155905583504488,113.86923076923077,111.51219963031421,2.357031138916554,0.802350912667005,0.3535546708374831,5.436265816519571,John Butler
Donovan Mitchell,J.Capers,26,528,5.911164975342221,5.412573500524291,0.4985914748179292,111.33461538461539,111.57897727272727,-0.2443618881118823,0.5352457580347115,0.036654283216782345,5.436265816519571,James Capers
Donovan Mitchell,J.Conley,8,546,5.714972940469031,5.432104396359671,0.2828685441093599,113.725,111.53589743589744,2.189102564102555,-0.04549684050602332,0.3283653846153832,5.436265816519571,John Conley
Donovan Mitchell,J.DeRosa,22,532,7.172604002969551,5.360472497997468,1.8121315049720828,111.3409090909091,111.57687969924811,-0.2359706083390165,1.8475270962229353,0.035395591250852475,5.436265816519571,JB DeRosa
Donovan Mitchell,J.Goble,45,509,5.340342124019957,5.4445428156372335,-0.10420069161727685,111.11333333333334,111.60766208251474,-0.4943287491813919,-0.030051379240068066,0.07414931237720879,5.436265816519571,John Goble
Donovan Mitchell,J.Goldenberg,13,541,5.955181743324315,5.423470214196798,0.5317115291275165,111.12307692307692,111.5781885397412,-0.4551116166642828,0.5999782716271589,0.06826674249964242,5.436265816519571,Jason Goldenberg
Donovan Mitchell,J.Orr,24,530,5.522613055048179,5.432362500721208,0.09025055432697116,111.1125,111.58811320754717,-0.47561320754716974,0.16159253545904662,0.07134198113207546,5.436265816519571,J.T. Orr
Donovan Mitchell,J.Phillips,6,548,6.070162838987683,5.428999924033515,0.641162914954168,109.86666666666667,111.58613138686131,-1.7194647201946367,0.8990826229833635,0.2579197080291955,5.436265816519571,Jason Phillips
Donovan Mitchell,J.Schroeder,8,546,5.95044810062775,5.428386503619625,0.5220615970081255,114.2375,111.52838827838828,2.7091117216117198,0.11569483876636755,0.40636675824175794,5.436265816519571,Jenna Schroeder
Donovan Mitchell,J.Sterling,27,527,5.528172061225279,5.431627285782867,0.09654477544241136,112.02962962962962,111.5438330170778,0.48579661255182316,0.023675283559637883,0.07286949188277347,5.436265816519571,Jonathan Sterling
Donovan Mitchell,J.Tiven,28,526,4.909132231752793,5.465501310540119,-0.5563690787873261,111.56785714285716,111.56749049429658,0.00036664856058621353,-0.5564240760714141,5.499728408793203e-05,5.436265816519571,Josh Tiven
Donovan Mitchell,J.Van Duyne,30,524,4.401748973032495,5.490127243566088,-1.0883782705335934,112.02999999999999,111.54103053435114,0.48896946564885013,-1.161723690380921,0.07334541984732752,5.436265816519571,Justin Van Duyne
Donovan Mitchell,J.Williams,23,531,5.6070775118174865,5.428729270234864,0.17834824158262208,111.48695652173915,111.57099811676082,-0.08404159502167374,0.19095448083587313,0.01260623925325106,5.436265816519571,James Williams
Donovan Mitchell,K.Cutler,23,531,4.968419808682916,5.4567362959721,-0.4883164872891843,111.67826086956521,111.56271186440677,0.11554900515844224,-0.5056488380629507,0.017332350773766336,5.436265816519571,Kevin Cutler
Donovan Mitchell,K.Fitzgerald,18,536,4.131553923336721,5.479918439358723,-1.3483645160220021,110.22222222222223,111.61268656716418,-1.3904643449419467,-1.13979486428071,0.208569651741292,5.436265816519571,Kane Fitzgerald
Donovan Mitchell,K.Lane,25,529,5.020303261967784,5.456347706773984,-0.43604444480620064,111.84,111.55463137996219,0.28536862003781494,-0.4788497378118729,0.04280529300567224,5.436265816519571,Karl Lane
Donovan Mitchell,K.Mauer,13,541,5.391873118777494,5.437378549787548,-0.045505431010053776,109.7076923076923,111.61219963031422,-1.9045073226219245,0.2401706673832349,0.28567609839328867,5.436265816519571,Ken Mauer
Donovan Mitchell,K.Scott,31,523,6.279509044128508,5.3853877290061725,0.8941213151223355,111.7,111.55965583173996,0.14034416826004303,0.873069689883329,0.021051625239006454,5.436265816519571,Kevin Scott
Donovan Mitchell,L.Holtkamp,10,544,4.275575725389853,5.457930658983596,-1.1823549335937429,111.65,111.5659926470588,0.08400735294119954,-1.1949560365349228,0.01260110294117993,5.436265816519571,Lauren Holtkamp
Donovan Mitchell,L.Richardson,13,541,5.601552935971901,5.43234071765018,0.16921221832172062,108.6846153846154,111.63678373382625,-2.952168349210851,0.6120374707033482,0.4428252523816276,5.436265816519571,Leroy Richardson
Donovan Mitchell,L.Wood,25,529,5.506967333485624,5.433060271625271,0.07390706186035345,110.19200000000001,111.63251417769376,-1.440514177693757,0.289984188514417,0.21607712665406353,5.436265816519571,Leon Wood
Donovan Mitchell,M.Ayotte,16,538,5.2962811606048215,5.440319214329035,-0.14403805372421363,108.44375,111.6604089219331,-3.216658921933103,0.3384607845657518,0.4824988382899654,5.436265816519571,Mark Ayotte
Donovan Mitchell,M.Boland,18,536,6.509309485412696,5.400123942127785,1.1091855432849105,111.65555555555557,111.56455223880597,0.0910033167495925,1.0955350457724715,0.013650497512438875,5.436265816519571,Matt Boland
Donovan Mitchell,M.Callahan,10,544,5.937185045160605,5.4269048345131425,0.5102802106474629,108.15,111.63033088235295,-3.480330882352945,1.0323298430004044,0.5220496323529417,5.436265816519571,Mike Callahan
Donovan Mitchell,M.Dagher,11,543,4.064566762895683,5.463224549439844,-1.3986577865441614,112.2,111.55469613259667,0.645303867403328,-1.4954533666546606,0.0967955801104992,5.436265816519571,Mousa Dagher
Donovan Mitchell,M.Davis,30,524,4.425598316305707,5.493923880278242,-1.068325563972535,111.11333333333332,111.59351145038168,-0.4801781170483679,-0.9962988464152799,0.07202671755725518,5.436265816519571,Marc Davis
Donovan Mitchell,M.Ervin,25,529,4.771438841841663,5.466902088816338,-0.6954632469746755,112.98,111.5007561436673,1.479243856332701,-0.9173498254245807,0.22188657844990514,5.436265816519571,Mitchell Ervin
Donovan Mitchell,M.Kallio,6,548,5.413358772454606,5.436519248122762,-0.023160475668156266,112.63333333333333,111.55583941605839,1.0774939172749356,-0.1847845632593966,0.16162408759124033,5.436265816519571,Matt Kallio
Donovan Mitchell,M.Kogut,21,533,5.853371365296067,5.419849279451624,0.4335220858444435,112.0190476190476,111.54971857410882,0.4693290449387746,0.3631227291036273,0.07039935674081618,5.436265816519571,Marat Kogut
Donovan Mitchell,M.Lindsay,28,526,6.275162362778097,5.390753025383122,0.8844093373949748,110.425,111.62832699619771,-1.2033269961977169,1.0649083868246323,0.18049904942965753,5.436265816519571,Mark Lindsay
Donovan Mitchell,M.Myers,17,537,6.248335237964307,5.410384033349721,0.837951204614586,114.04117647058824,111.48919925512104,2.551977215467204,0.4551546222945055,0.38279658232008057,5.436265816519571,Matt Myers
Donovan Mitchell,M.Smith,28,526,5.613111734278502,5.4262132344210645,0.18689849985743745,111.70714285714287,111.56007604562735,0.14706681151551493,0.1648384781301102,0.02206002172732724,5.436265816519571,Michael Smith
Donovan Mitchell,N.Buchert,27,527,6.473623287241012,5.38247980714009,1.0911434801009223,112.21111111111112,111.53453510436432,0.6765760067467994,0.9896570790889024,0.1014864010120199,5.436265816519571,Nick Buchert
Donovan Mitchell,N.Green,12,542,5.57903205318203,5.4332194335101835,0.14581261967184656,113.25,111.53025830258302,1.7197416974169784,-0.11214863494070021,0.25796125461254676,5.436265816519571,Nate Green
Donovan Mitchell,N.Sago,18,536,5.904438780842733,5.420284074379697,0.4841547064630367,112.33888888888889,111.54160447761193,0.7972844112769621,0.3645620447714924,0.11959266169154431,5.436265816519571,Natalie Sago
Donovan Mitchell,P.Fraher,29,525,6.229169738976553,5.391015143083469,0.8381545958930836,111.86551724137931,111.55104761904761,0.31446962233169984,0.7909841525433287,0.047170443349754974,5.436265816519571,Pat Fraher
Donovan Mitchell,P.Ransom,21,533,4.332378223495702,5.478736749425807,-1.146358525930105,112.60952380952382,111.52645403377109,1.0830697757527332,-1.308818992293015,0.16246046636290998,5.436265816519571,Phenizee Ransom
Donovan Mitchell,R.Acosta,31,523,4.340256792247568,5.50171696632721,-1.1614601740796422,111.56774193548385,111.56749521988527,0.000246715598578362,-1.161497181419429,3.70073397867543e-05,5.436265816519571,Ray Acosta
Donovan Mitchell,R.Garretson,11,543,2.487165954996881,5.491664167940365,-3.0044982129434836,108.60000000000001,111.62762430939227,-3.027624309392266,-2.5503545665346437,0.45414364640883986,5.436265816519571,Ron Garretson
Donovan Mitchell,R.Hussey,11,543,4.44533785142004,5.454926456571771,-1.0095886051517313,113.64545454545451,111.5254143646409,2.120040180813618,-1.327594632273774,0.3180060271220427,5.436265816519571,Robert Hussey
Donovan Mitchell,R.Mott,27,527,4.830350703587541,5.466462149532537,-0.6361114459449961,110.80740740740741,111.60645161290321,-0.7990442054958038,-0.5162548151206255,0.11985663082437056,5.436265816519571,Rodney Mott
Donovan Mitchell,S.Corbin,22,532,5.417958664711912,5.437046729451251,-0.019088064739339217,111.4590909090909,111.571992481203,-0.11290157211209362,-0.0021528289225251733,0.016935235816814043,5.436265816519571,Sean Corbin
Donovan Mitchell,S.Foster,33,521,5.301342687908305,5.444358967915296,-0.1430162800069903,111.53636363636363,111.56948176583492,-0.03311812947129056,-0.13804856058629672,0.004967719420693584,5.436265816519571,Scott Foster
Donovan Mitchell,S.Jelks,6,548,3.657858024143798,5.455991533510148,-1.79813350936635,111.8,111.56496350364962,0.23503649635037505,-1.8333889838189061,0.03525547445255626,5.436265816519571,Simone Jelks
Donovan Mitchell,S.Mehta,11,543,6.8720933496776375,5.408594445494907,1.4634989041827309,114.15454545454544,111.51510128913444,2.639444165411007,1.0675822793710799,0.395916624811651,5.436265816519571,Suyash Mehta
Donovan Mitchell,S.Twardoski,26,528,4.933664205770653,5.4603355059467615,-0.5266713001761083,111.66538461538458,111.56268939393941,0.10269522144517396,-0.5420755833928844,0.015404283216776093,5.436265816519571,Scott Twardoski
Donovan Mitchell,S.Wall,19,535,3.7327091204725584,5.495834982121671,-1.763125861649113,111.10000000000001,111.58411214953271,-0.48411214953270587,-1.690509039219207,0.07261682242990587,5.436265816519571,Scott Wall
Donovan Mitchell,S.Wright,22,532,5.503040913515244,5.4334381511733785,0.0696027623418658,111.12272727272726,111.5859022556391,-0.4631749829118377,0.13907900977864146,0.06947624743677565,5.436265816519571,Sean Wright
Donovan Mitchell,T.Brothers,30,524,6.494101477493987,5.373974364174403,1.120127113319584,110.92333333333335,111.60438931297709,-0.6810559796437445,1.2222855102661456,0.10215839694656167,5.436265816519571,Tony Brothers
Donovan Mitchell,T.Brown,15,539,5.9883941403474115,5.420500813628339,0.5678933267190729,110.36666666666666,111.60092764378477,-1.2342609771181117,0.7530324732867897,0.18513914656771674,5.436265816519571,Tony Brown
Donovan Mitchell,T.Ford,40,514,6.368633476922023,5.363592862655962,1.0050406142660604,111.2875,111.58929961089493,-0.3017996108949319,1.0503105559003,0.04526994163423979,5.436265816519571,Tyler Ford
Donovan Mitchell,T.Maddox,26,528,5.906765087074329,5.413612140181556,0.49315294689277334,110.98846153846154,111.59602272727273,-0.6075611888111894,0.5842871252144517,0.0911341783216784,5.436265816519571,Tre Maddox
Donovan Mitchell,T.Washington,23,531,5.325467233143286,5.440904834028014,-0.11543760088472865,111.68695652173912,111.5623352165725,0.12462130516661318,-0.13413079665972064,0.018693195774991976,5.436265816519571,Tom Washington
Donovan Mitchell,Z.Zarba,33,521,4.81019378816034,5.476216266424419,-0.6660224782640798,110.88484848484848,111.61074856046065,-0.7259000756121736,-0.5571374669222537,0.10888501134182604,5.436265816519571,Zach Zarba
Giannis Antetokounmpo,A.Moyer-Gleich,11,791,10.20450121388421,9.480628071421002,0.7238731424632086,112.57272727272726,109.88390367553865,2.688823597188616,0.32054960288491613,0.4033235395782924,9.490794525483006,Ashley Moyer-Gleich
Giannis Antetokounmpo,A.Nagy,13,789,12.533483201833457,9.438695296374265,3.0947879054591922,114.26153846153846,109.84917407878017,4.412364382758298,2.4329332480454475,0.6618546574137447,9.490794525483006,Andy Nagy
Giannis Antetokounmpo,A.Smith,33,769,10.15616275721011,9.461760551505169,0.6944022057049413,110.47272727272728,109.89713168187745,0.5755955908498294,0.6080628670774668,0.08633933862747441,9.490794525483006,Aaron Smith
Giannis Antetokounmpo,B.Adair,22,780,10.40478595291741,9.464778993088693,0.9400069598287164,111.82272727272726,109.86709511568124,1.9556321570460256,0.6466621362718126,0.29334482355690383,9.490794525483006,Brandon Adair
Giannis Antetokounmpo,B.Adams,19,783,7.342242245289335,9.544121211739633,-2.2018789664502973,106.93157894736842,109.99359795134443,-3.0620190039760047,-1.7425761158538966,0.4593028505964007,9.490794525483006,Bennie Adams
Giannis Antetokounmpo,B.Barnaky,35,767,10.375286022184108,9.449716109281837,0.9255699129022705,109.0057142857143,109.96274509803922,-0.9570308123249163,1.0691245347510079,0.14355462184873743,9.490794525483006,Brent Barnaky
Giannis Antetokounmpo,B.Forte,41,761,9.643150664082713,9.483038802595903,0.16011186148680956,110.3048780487805,109.90013175230568,0.4047462964748121,0.09939991701558776,0.06071194447122181,9.490794525483006,Brian Forte
Giannis Antetokounmpo,B.Kennedy,30,772,8.713982746798909,9.521923022266025,-0.8079402754671161,109.83000000000001,109.92441558441558,-0.09441558441557163,-0.7937779378047803,0.014162337662335744,9.490794525483006,Bill Kennedy
Giannis Antetokounmpo,B.Nansel,25,777,10.356982225189865,9.46307738064179,0.8939048445480751,111.34400000000001,109.87496774193549,1.4690322580645159,0.6735500058383976,0.22035483870967737,9.490794525483006,Brett Nansel
Giannis Antetokounmpo,B.Schwab,6,796,10.226287915262395,9.485120051073077,0.7411678641893182,115.33333333333333,109.87997481108314,5.453358522250184,-0.07683591414820934,0.8180037783375276,9.490794525483006,Brandon Schwab
Giannis Antetokounmpo,B.Spooner,8,794,5.233277674098812,9.531117563287598,-4.297839889188786,104.0,109.98068181818182,-5.9806818181818215,-3.4007376164615133,0.8971022727272732,9.490794525483006,Bill Spooner
Giannis Antetokounmpo,B.Taylor,45,757,8.985797320773818,9.521825251265497,-0.5360279304916791,109.22666666666669,109.96225165562915,-0.7355849889624579,-0.42569018214731036,0.11033774834436869,9.490794525483006,Ben Taylor
Giannis Antetokounmpo,C.Blair,37,765,9.500685119210743,9.49033025666991,0.010354862540832954,109.86216216216215,109.92372214941022,-0.06155998724807432,0.019588860628044102,0.009233998087211148,9.490794525483006,Curtis Blair
Giannis Antetokounmpo,C.Kirkland,41,761,9.849627859633419,9.471485995360359,0.3781418642730596,110.16829268292682,109.90750988142292,0.2607828015038933,0.3390244440474756,0.039117420225583996,9.490794525483006,Courtney Kirkland
Giannis Antetokounmpo,C.Washington,20,782,9.365626199491059,9.494126435467988,-0.1285002359769294,111.33,109.8847435897436,1.4452564102564054,-0.34528869751539015,0.2167884615384608,9.490794525483006,CJ Washington
Giannis Antetokounmpo,D.Collins,37,765,8.983962223686621,9.515939439730651,-0.5319772160440301,108.7972972972973,109.97536041939712,-1.1780631220998146,-0.355267747729058,0.17670946831497217,9.490794525483006,Derrick Collins
Giannis Antetokounmpo,D.Crawford,16,786,5.785950802636081,9.562688964226155,-3.7767381615900737,105.88125,110.00331632653062,-4.1220663265306285,-3.1584282126104792,0.6183099489795942,9.490794525483006,Dan Crawford
Giannis Antetokounmpo,D.Guthrie,38,764,11.052531567750037,9.409520650512354,1.6430109172376834,110.02368421052633,109.91574803149605,0.10793617903027553,1.626820490383142,0.016190426854541327,9.490794525483006,David Guthrie
Giannis Antetokounmpo,D.Jones,10,792,4.75868595376504,9.54957825072059,-4.790892296955549,103.65555555555555,109.99216182048039,-6.336606264924839,-3.8404013572168236,0.9504909397387258,9.490794525483006,David Jones
Giannis Antetokounmpo,D.Richardson,26,776,8.732667032082755,9.515539235713725,-0.7828722036309692,109.78461538461536,109.92545219638244,-0.1408368117670733,-0.7617466818659082,0.021125521765060995,9.490794525483006,Derek Richardson
Giannis Antetokounmpo,D.Scott,9,793,8.935466078323222,9.496544026374075,-0.561077948050853,113.92222222222222,109.87534766118836,4.04687456103386,-1.1681091322059318,0.607031184155079,9.490794525483006,Danielle Scott
Giannis Antetokounmpo,D.Stafford,14,788,6.5588550177494795,9.549486906522212,-2.9906318887727323,107.26428571428573,109.96819338422392,-2.7039076699381894,-2.585045738282004,0.4055861504907284,9.490794525483006,Derrick Stafford
Giannis Antetokounmpo,D.Taylor,35,767,8.784561889960978,9.52326728671295,-0.738705396751973,109.63142857142859,109.93411764705881,-0.3026890756302265,-0.6933020354074391,0.045403361344533974,9.490794525483006,Dedric Taylor
Giannis Antetokounmpo,E.Dalen,32,770,6.9074325829669405,9.599937915207258,-2.6925053322403176,110.11875,109.91263020833333,0.20611979166667993,-2.7234233009903197,0.030917968750001988,9.490794525483006,Eric Dalen
Giannis Antetokounmpo,E.Lewis,29,773,8.836984416260647,9.51545004707488,-0.6784656308142338,108.64285714285715,109.96722797927463,-1.3243708364174722,-0.479810005351613,0.19865562546262083,9.490794525483006,Eric Lewis
Giannis Antetokounmpo,E.Malloy,38,764,8.373291168612107,9.542492356553405,-1.1692011879412973,109.02631578947371,109.96548556430446,-0.939169774830745,-1.0283257217166857,0.14087546622461175,9.490794525483006,Ed Malloy
Giannis Antetokounmpo,E.Roe,9,793,6.4549869256630545,9.521049862929653,-3.066062937266598,106.26666666666665,109.96245259165612,-3.6957859249894653,-2.5116950485181784,0.5543678887484198,9.490794525483006,Eli Roe
Giannis Antetokounmpo,E.Scott,14,788,11.701969449106631,9.451752537770524,2.250216911336107,112.16428571428571,109.88091603053434,2.283369683751374,1.907711458773401,0.3425054525627061,9.490794525483006,Evan Scott
Giannis Antetokounmpo,G.Petraitis,35,767,10.786240820227937,9.430585523266613,1.3556552969613236,110.93428571428574,109.87450980392157,1.0597759103641664,1.1966889104066987,0.15896638655462494,9.490794525483006,Gediminas Petraitis
Giannis Antetokounmpo,G.Zielinski,20,782,7.107650596127776,9.555696344486716,-2.4480457483589397,107.25263157894736,109.98578745198465,-2.7331558730372905,-2.038072367403346,0.40997338095559355,9.490794525483006,Gary Zielinski
Giannis Antetokounmpo,H.Workman,24,778,9.097850444020251,9.502784453152293,-0.4049340091320417,108.61666666666667,109.96121134020618,-1.3445446735395024,-0.20325230810111636,0.20168170103092534,9.490794525483006,Haywoode Workman
Giannis Antetokounmpo,I.Hwang,5,797,12.983293556085918,9.466350969857027,3.5169425862288914,114.34,109.89308176100629,4.446918238993717,2.8499048503798337,0.6670377358490576,9.490794525483006,Intae Hwang
Giannis Antetokounmpo,J.Butler,15,787,13.114204961792108,9.425854184578263,3.688350777213845,113.56666666666665,109.8512101910828,3.7154564755838493,3.1310323058762677,0.5573184713375774,9.490794525483006,John Butler
Giannis Antetokounmpo,J.Capers,49,753,9.480787086459353,9.491454475549924,-0.010667389090571078,108.75714285714285,109.99680426098534,-1.23966140384249,0.17528182148580243,0.1859492105763735,9.490794525483006,James Capers
Giannis Antetokounmpo,J.Conley,5,797,15.266843547475098,9.457975120230225,5.808868427244873,112.33999999999999,109.90566037735849,2.4343396226415024,5.443717483848648,0.36515094339622534,9.490794525483006,John Conley
Giannis Antetokounmpo,J.Crawford,5,797,5.1247071384086125,9.51809794816458,-4.393390809755968,105.89999999999999,109.94108040201004,-4.041080402010053,-3.78722874945446,0.6061620603015079,9.490794525483006,Joe Crawford
Giannis Antetokounmpo,J.DeRosa,30,772,10.761856710393543,9.439259493846482,1.3225972165470612,112.72,109.81181818181817,2.9081818181818306,0.8863699438197866,0.4362272727272746,9.490794525483006,JB DeRosa
Giannis Antetokounmpo,J.Goble,74,728,9.011068097070256,9.540111172027208,-0.5290430749569524,109.97702702702703,109.91515151515152,0.06187551187551321,-0.5383244017382793,0.009281326781326982,9.490794525483006,John Goble
Giannis Antetokounmpo,J.Goldenberg,17,785,11.886214700965963,9.439997359960756,2.446217341005207,111.47058823529412,109.88722860791826,1.583359627375856,2.208713396898829,0.23750394410637837,9.490794525483006,Jason Goldenberg
Giannis Antetokounmpo,J.Orr,34,768,10.357458555918294,9.454587579758986,0.9028709761593081,109.14848484848486,109.9541069100391,-0.8056220615542458,1.023714285392445,0.12084330923313685,9.490794525483006,J.T. Orr
Giannis Antetokounmpo,J.Phillips,18,784,6.988547096193972,9.548145662789473,-2.5595985665955006,107.8111111111111,109.96943734015346,-2.158326229042359,-2.235849632239147,0.3237489343563538,9.490794525483006,Jason Phillips
Giannis Antetokounmpo,J.Schroeder,11,791,10.106375658827252,9.482438092500598,0.6239375663266546,112.98181818181818,109.87820025348542,3.103617928332767,0.1583948770767396,0.46554268924991504,9.490794525483006,Jenna Schroeder
Giannis Antetokounmpo,J.Sterling,22,780,10.088766790452395,9.47438983900309,0.6143769514493052,111.46363636363635,109.87724935732648,1.5863870063098773,0.37641890050282356,0.2379580509464816,9.490794525483006,Jonathan Sterling
Giannis Antetokounmpo,J.Tiven,45,757,9.559974945192609,9.486652127047638,0.07332281814497144,110.91333333333334,109.86172185430465,1.0516114790286935,-0.08441890370933258,0.15774172185430402,9.490794525483006,Josh Tiven
Giannis Antetokounmpo,J.Van Duyne,29,773,8.74413053378771,9.518042744208524,-0.7739122104208143,109.63793103448278,109.93151750972764,-0.29358647524486514,-0.7298742391340844,0.04403797128672977,9.490794525483006,Justin Van Duyne
Giannis Antetokounmpo,J.Williams,39,763,8.360362171773973,9.548899528318065,-1.1885373565440922,110.33684210526314,109.90013123359579,0.43671087166735845,-1.254043987294196,0.06550663075010377,9.490794525483006,James Williams
Giannis Antetokounmpo,K.Cutler,34,768,7.752538677094691,9.564939776817559,-1.8124010997228677,109.67352941176472,109.93185378590077,-0.2583243741360519,-1.7736524436024599,0.03874865612040779,9.490794525483006,Kevin Cutler
Giannis Antetokounmpo,K.Fitzgerald,31,771,10.87116155423947,9.437415429813566,1.4337461244259035,108.91290322580645,109.96150845253575,-1.0486052267293076,1.5910369084352998,0.15729078400939614,9.490794525483006,Kane Fitzgerald
Giannis Antetokounmpo,K.Lane,43,759,10.180574847740143,9.453151866956677,0.7274229807834658,110.97441860465119,109.86103038309113,1.113388221560058,0.5604147475494571,0.16700823323400868,9.490794525483006,Karl Lane
Giannis Antetokounmpo,K.Mauer,16,786,6.956189018557489,9.540589425579862,-2.5844004070223727,107.8625,109.96288265306121,-2.1003826530612173,-2.2693430090631903,0.3150573979591826,9.490794525483006,Ken Mauer
Giannis Antetokounmpo,K.Scott,38,764,9.382702839039565,9.496271755302025,-0.11356891626246046,109.78157894736842,109.92782152230971,-0.14624257494129722,-0.09163253002126588,0.021936386241194584,9.490794525483006,Kevin Scott
Giannis Antetokounmpo,L.Holtkamp,22,780,8.196228699522061,9.528099716552017,-1.3318710170299557,107.87272727272729,109.97879177377892,-2.106064501051634,-1.0159613418722107,0.3159096751577451,9.490794525483006,Lauren Holtkamp
Giannis Antetokounmpo,L.Richardson,21,781,8.05814504661084,9.532057506146392,-1.473912459535553,107.84761904761903,109.9767650834403,-2.1291460358212646,-1.1545405541623635,0.31937190537318966,9.490794525483006,Leroy Richardson
Giannis Antetokounmpo,L.Wood,29,773,9.857852430749169,9.477162975617226,0.3806894551319431,109.54827586206895,109.9348897535668,-0.386613891497845,0.4386815388566198,0.05799208372467674,9.490794525483006,Leon Wood
Giannis Antetokounmpo,M.Ayotte,25,777,10.245004842701869,9.4668044679252,0.7782003747766684,108.56,109.96477419354841,-1.4047741935484055,0.9889165038089291,0.2107161290322608,9.490794525483006,Mark Ayotte
Giannis Antetokounmpo,M.Boland,39,763,9.383011649900517,9.496171844115194,-0.11316019421467693,110.33333333333333,109.89973718791065,0.4335961454226833,-0.17819961602807943,0.0650394218134025,9.490794525483006,Matt Boland
Giannis Antetokounmpo,M.Callahan,18,784,7.612895420005945,9.535706972997675,-1.92281155299173,107.47222222222223,109.97723785166242,-2.5050156294401944,-1.547059208575701,0.37575234441602917,9.490794525483006,Mike Callahan
Giannis Antetokounmpo,M.Dagher,11,791,14.81467657049009,9.41975743508275,5.3949191354073385,114.35454545454546,109.859062103929,4.495483350616453,4.72059663281487,0.674322502592468,9.490794525483006,Mousa Dagher
Giannis Antetokounmpo,M.Davis,42,760,8.772722806327995,9.533610325005181,-0.7608875186771868,109.21428571428571,109.9600263852243,-0.7457406709385879,-0.6490264180363987,0.11186110064078818,9.490794525483006,Marc Davis
Giannis Antetokounmpo,M.Ervin,33,769,12.04231032738398,9.383257432685808,2.6590528946981724,110.64545454545456,109.88970013037809,0.755754415076467,2.5456897324367023,0.11336316226147004,9.490794525483006,Mitchell Ervin
Giannis Antetokounmpo,M.Kallio,7,795,13.458150965746944,9.458852792618195,3.9992981731287482,113.89999999999999,109.8857503152585,4.014249684741486,3.397160720417525,0.6021374527112229,9.490794525483006,Matt Kallio
Giannis Antetokounmpo,M.Kogut,42,760,11.253658383073356,9.392704589556876,1.8609537935164795,110.29761904761905,109.89999999999999,0.39761904761905953,1.8013109363736206,0.05964285714285893,9.490794525483006,Marat Kogut
Giannis Antetokounmpo,M.Lindsay,42,760,9.729889105472653,9.47754433205148,0.25234477342117323,108.85952380952382,109.97968337730872,-1.1201595677848957,0.42036870858890757,0.16802393516773434,9.490794525483006,Mark Lindsay
Giannis Antetokounmpo,M.McCutchen,9,793,6.966842988001549,9.519973043547324,-2.5531300555457754,106.28888888888889,109.96219974715551,-3.6733108582666176,-2.002133426805783,0.5509966287399927,9.490794525483006,Monty McCutchen
Giannis Antetokounmpo,M.Myers,18,784,10.657962158161425,9.463732510635479,1.1942296475259457,112.38888888888889,109.86406649616367,2.5248223927252127,0.8155062886171638,0.3787233589087819,9.490794525483006,Matt Myers
Giannis Antetokounmpo,M.Smith,33,769,8.513980567048032,9.53403959698204,-1.0200590299340089,109.85757575757573,109.92359843546284,-0.06602267788710492,-1.0101556282509432,0.009903401683065737,9.490794525483006,Michael Smith
Giannis Antetokounmpo,N.Buchert,34,768,9.16225491500173,9.50504340869815,-0.3427884936964194,109.94999999999999,109.9195822454308,0.030417754569185718,-0.34735115688179724,0.004562663185377858,9.490794525483006,Nick Buchert
Giannis Antetokounmpo,N.Green,12,790,12.30949737057135,9.44885365648208,2.860643714089269,113.19999999999999,109.8709390862944,3.3290609137055895,2.3612845770334308,0.4993591370558384,9.490794525483006,Nate Green
Giannis Antetokounmpo,N.Sago,18,784,12.233339626203511,9.427797926163496,2.805541700040015,113.30555555555556,109.84296675191815,3.462588803637402,2.286153379494405,0.5193883205456103,9.490794525483006,Natalie Sago
Giannis Antetokounmpo,P.Fraher,44,758,9.399819539329519,9.496167243079388,-0.09634770374986878,109.30681818181819,109.95661375661375,-0.6497955747955615,0.0011216324694654362,0.09746933621933422,9.490794525483006,Pat Fraher
Giannis Antetokounmpo,P.Ransom,25,777,11.041004424708081,9.441582704427352,1.5994217202807288,112.928,109.82387096774194,3.104129032258058,1.1338023654420202,0.46561935483870864,9.490794525483006,Phenizee Ransom
Giannis Antetokounmpo,R.Acosta,27,775,12.083555111395954,9.399720492612692,2.683834618783262,111.58888888888889,109.86261319534282,1.7262756935460715,2.4248932647513515,0.2589413540319107,9.490794525483006,Ray Acosta
Giannis Antetokounmpo,R.Garretson,15,787,6.393477361479703,9.548419670035887,-3.1549423085561843,107.52666666666667,109.96662420382167,-2.4399575371549957,-2.788948677982935,0.36599363057324935,9.490794525483006,Ron Garretson
Giannis Antetokounmpo,R.Hussey,8,794,13.88976377952756,9.449218537303063,4.440545242224497,114.0,109.87967171717173,4.120328282828268,3.8224959998002563,0.6180492424242402,9.490794525483006,Robert Hussey
Giannis Antetokounmpo,R.Mott,27,775,9.245927046624475,9.499228861305106,-0.25330181468063095,110.56666666666668,109.89831824062095,0.6683484260457249,-0.35355407858748966,0.10025226390685872,9.490794525483006,Rodney Mott
Giannis Antetokounmpo,S.Anderson,13,789,5.936751076773534,9.557153073347044,-3.6204019965735093,106.96923076923078,109.96963151207116,-3.000400742840384,-3.170341885147452,0.45006011142605756,9.490794525483006,Steve Anderson
Giannis Antetokounmpo,S.Corbin,28,774,10.62574157955362,9.449060236064721,1.1766813434888999,109.32142857142856,109.9426165803109,-0.621188008882342,1.269859544821251,0.0931782013323513,9.490794525483006,Sean Corbin
Giannis Antetokounmpo,S.Foster,46,756,9.85529456838879,9.469055613150815,0.3862389552379746,109.80434782608698,109.92798408488063,-0.12363625879365259,0.4047843940570225,0.018545438819047886,9.490794525483006,Scott Foster
Giannis Antetokounmpo,S.Mehta,12,790,10.295810661786982,9.47836206818571,0.8174485936012719,112.89999999999998,109.87550761421319,3.024492385786786,0.363774735733254,0.4536738578680179,9.490794525483006,Suyash Mehta
Giannis Antetokounmpo,S.Mitchell,7,795,11.01634063684864,9.476699338119873,1.5396412987287658,112.15714285714286,109.90113493064314,2.25600792649972,1.2012401097538077,0.33840118897495797,9.490794525483006,Sha'Rae Mitchell
Giannis Antetokounmpo,S.Twardoski,38,764,9.469023386717751,9.491813361781007,-0.022789975063256307,109.58684210526316,109.93753280839894,-0.35069070313578266,0.02981363040711109,0.052603605470367396,9.490794525483006,Scott Twardoski
Giannis Antetokounmpo,S.Wall,33,769,8.364380182065176,9.53692881607231,-1.1725486340071338,109.8,109.92607561929594,-0.12607561929594624,-1.153637291112742,0.018911342894391937,9.490794525483006,Scott Wall
Giannis Antetokounmpo,S.Wright,53,749,9.370630658843684,9.499382285008325,-0.1287516261646413,109.43018867924529,109.95568942436411,-0.5255007451188192,-0.04992651439681843,0.07882511176782288,9.490794525483006,Sean Wright
Giannis Antetokounmpo,T.Brothers,41,761,8.893922800035257,9.522790502764549,-0.6288677027292913,109.37317073170732,109.95046113306982,-0.5772904013625038,-0.5422741425249157,0.08659356020437556,9.490794525483006,Tony Brothers
Giannis Antetokounmpo,T.Brown,22,780,6.667883433716615,9.569918911099304,-2.9020354773826886,108.60000000000001,109.9582262210797,-1.3582262210796898,-2.698301544220735,0.20373393316195346,9.490794525483006,Tony Brown
Giannis Antetokounmpo,T.Ford,45,757,10.321051261921058,9.441368143056998,0.8796831188640599,110.23111111111112,109.90238410596027,0.32872700515085285,0.830374068091432,0.04930905077262793,9.490794525483006,Tyler Ford
Giannis Antetokounmpo,T.Maddox,26,776,9.058065887939707,9.504732599968838,-0.4466667120291312,111.05000000000001,109.8829457364341,1.167054263565916,-0.6217248515640186,0.17505813953488739,9.490794525483006,Tre Maddox
Giannis Antetokounmpo,T.Washington,39,763,9.830016481759367,9.472960090511327,0.35705639124804023,109.21282051282051,109.95716162943495,-0.7443411166144358,0.4687075587402056,0.11165116749216537,9.490794525483006,Tom Washington
Giannis Antetokounmpo,Z.Zarba,48,754,10.519902104428736,9.42476150826101,1.0951405961677256,109.68541666666665,109.93590425531916,-0.2504875886525042,1.1327137344656013,0.037573138297875626,9.490794525483006,Zach Zarba
Jalen Brunson,A.Moyer-Gleich,13,500,4.419829209068835,4.987221960255297,-0.5673927511864623,112.13846153846154,112.1824,-0.043938461538459705,-0.5608019819556933,0.006590769230768956,4.973559815518167,Ashley Moyer-Gleich
Jalen Brunson,A.Nagy,20,493,5.654701910818021,4.943828749962576,0.7108731608554448,113.3,112.13590263691684,1.1640973630831581,0.5362585563929712,0.1746146044624737,4.973559815518167,Andy Nagy
Jalen Brunson,A.Smith,21,492,5.027538760069778,4.971034732533305,0.05650402753647299,113.43809523809523,112.12764227642278,1.3104529616724534,-0.14006391671439503,0.19656794425086802,4.973559815518167,Aaron Smith
Jalen Brunson,B.Adair,27,486,5.21311000627504,4.960374347648996,0.25273565862604475,111.79629629629629,112.20267489711934,-0.40637860082304655,0.31369244874950175,0.06095679012345698,4.973559815518167,Brandon Adair
Jalen Brunson,B.Adams,6,507,1.1558837694654038,5.0130190616585155,-3.857135292193112,111.93333333333334,112.18422090729783,-0.2508875739644907,-3.819502156098438,0.0376331360946736,4.973559815518167,Bennie Adams
Jalen Brunson,B.Barnaky,24,489,3.8910275392360076,5.023821562217397,-1.1327940229813893,113.10416666666667,112.1359918200409,0.9681748466257716,-1.278020249975255,0.14522622699386573,4.973559815518167,Brent Barnaky
Jalen Brunson,B.Forte,31,482,5.793033517151685,4.921620155552314,0.8714133615993713,111.78709677419356,112.20663900414937,-0.4195422299558089,0.9343446960927426,0.06293133449337134,4.973559815518167,Brian Forte
Jalen Brunson,B.Kennedy,17,496,5.585915853190673,4.949021633521504,0.6368942196691689,112.38823529411764,112.17419354838708,0.21404174573055457,0.6047879578095857,0.032106261859583186,4.973559815518167,Bill Kennedy
Jalen Brunson,B.Nansel,17,496,4.398663866338004,4.995043301824301,-0.5963794354862966,111.95882352941176,112.18891129032258,-0.23008776091081984,-0.5618662713496736,0.034513164136622976,4.973559815518167,Brett Nansel
Jalen Brunson,B.Schwab,8,505,6.8220500073110095,4.938295849204477,1.883754158106533,113.8375,112.1550495049505,1.6824504950495083,1.6313865838491066,0.25236757425742623,4.973559815518167,Brandon Schwab
Jalen Brunson,B.Taylor,33,480,4.458513419186293,5.0120219716033425,-0.5535085524170498,111.23636363636365,112.24624999999999,-1.0098863636363404,-0.40202559787159875,0.15148295454545105,4.973559815518167,Ben Taylor
Jalen Brunson,C.Blair,22,491,4.228175307456204,5.006198205668887,-0.7780228982126829,111.7318181818182,112.20142566191447,-0.46960748009627196,-0.7075817761982421,0.07044112201444079,4.973559815518167,Curtis Blair
Jalen Brunson,C.Flores,8,505,6.178747444890079,4.951003049928525,1.2277443949615536,113.9625,112.1530693069307,1.8094306930693023,0.9563297910011583,0.27141460396039535,4.973559815518167,Che Flores
Jalen Brunson,C.Kirkland,19,494,5.159767304611753,4.966011110089552,0.1937561945222015,112.41578947368421,112.17226720647774,0.24352226720647252,0.1572278544412306,0.036528340080970875,4.973559815518167,Courtney Kirkland
Jalen Brunson,C.Washington,23,490,5.049742837170331,4.969777278742615,0.07996555842771524,111.94347826086955,112.19244897959184,-0.24897071872229048,0.1173111662360588,0.03734560780834357,4.973559815518167,CJ Washington
Jalen Brunson,D.Collins,24,489,3.5676639909186734,5.0267571457499125,-1.4590931548312391,111.77083333333333,112.20143149284253,-0.4305981595092021,-1.3945034309048587,0.06458972392638031,4.973559815518167,Derrick Collins
Jalen Brunson,D.Guthrie,20,493,4.953050677046279,4.974353194770947,-0.021302517724667958,111.785,112.1973630831643,-0.41236308316430836,0.040551944749978294,0.06185446247464625,4.973559815518167,David Guthrie
Jalen Brunson,D.Mosher,6,507,5.249660582289938,4.969904930532558,0.2797556517573794,113.71666666666665,112.16311637080868,1.553550295857974,0.046723107378683265,0.2330325443786961,4.973559815518167,Dannica Mosher
Jalen Brunson,D.Richardson,16,497,5.370801594506059,4.962225307596819,0.4085762869092395,111.38125000000001,112.20704225352111,-0.8257922535211009,0.5324451249374047,0.12386883802816512,4.973559815518167,Derek Richardson
Jalen Brunson,D.Scott,5,508,5.92870676984647,4.961600564947012,0.9671062048994585,116.33999999999999,112.14035433070866,4.199645669291328,0.3371593545057593,0.6299468503936992,4.973559815518167,Danielle Scott
Jalen Brunson,D.Taylor,23,490,5.580046930950269,4.944467112386228,0.6355798185640413,112.51739130434783,112.16551020408163,0.3518811002661977,0.5827976535241117,0.05278216503992965,4.973559815518167,Dedric Taylor
Jalen Brunson,E.Dalen,21,492,3.950415221373904,5.011021878275152,-1.0606066569012476,111.34285714285713,112.21707317073171,-0.8742160278745814,-0.9294742527200603,0.1311324041811872,4.973559815518167,Eric Dalen
Jalen Brunson,E.Lewis,20,493,4.331249542731256,5.000605872651731,-0.6693563299204746,110.94500000000001,112.23144016227181,-1.286440162271802,-0.4763903055797043,0.1929660243407703,4.973559815518167,Eric Lewis
Jalen Brunson,E.Malloy,26,487,5.337450278484224,4.954379688241993,0.3830705902422311,112.02692307692308,112.1895277207392,-0.16260464381612394,0.4074612868146497,0.02439069657241859,4.973559815518167,Ed Malloy
Jalen Brunson,E.Scott,14,499,6.05777320744134,4.943544813646013,1.1142283937953268,111.24999999999997,112.20741482965931,-0.9574148296593421,1.257840618244228,0.14361222444890132,4.973559815518167,Evan Scott
Jalen Brunson,G.Petraitis,24,489,6.042891098149981,4.918556496778718,1.1243346013712623,111.9875,112.19079754601228,-0.2032975460122799,1.1548292332731043,0.030494631901841984,4.973559815518167,Gediminas Petraitis
Jalen Brunson,J.Butler,14,499,6.130320604004814,4.9352949486862565,1.1950256553185579,111.72142857142855,112.19418837675352,-0.4727598053249693,1.2659396261173033,0.0709139707987454,4.973559815518167,John Butler
Jalen Brunson,J.Capers,23,490,4.30931690274807,5.006463314813477,-0.6971464120654067,112.54347826086956,112.16428571428571,0.3791925465838517,-0.7540252940529845,0.056878881987577755,4.973559815518167,James Capers
Jalen Brunson,J.Conley,8,505,5.040140760687912,4.9723834472277035,0.0677573134602083,114.8875,112.13841584158416,2.7490841584158403,-0.34460531030216773,0.41236262376237603,4.973559815518167,John Conley
Jalen Brunson,J.DeRosa,25,488,5.46094582284735,4.944246181561338,0.5166996412860119,112.956,112.14159836065573,0.8144016393442683,0.3945393953843716,0.12216024590164025,4.973559815518167,JB DeRosa
Jalen Brunson,J.Goble,46,467,4.329773705740856,5.033946588688494,-0.7041728829476375,111.6086956521739,112.23768736616702,-0.6289917139931163,-0.6098241258486701,0.09434875709896744,4.973559815518167,John Goble
Jalen Brunson,J.Goldenberg,19,494,5.574211757327097,4.9527292723469785,0.6214824849801186,112.10000000000001,112.18441295546559,-0.08441295546558081,0.6341444282999558,0.01266194331983712,4.973559815518167,Jason Goldenberg
Jalen Brunson,J.Orr,21,492,4.777780442760175,4.981947974542192,-0.20416753178201663,112.96666666666667,112.14776422764227,0.8189024390243986,-0.3270028976356764,0.12283536585365978,4.973559815518167,J.T. Orr
Jalen Brunson,J.Schroeder,11,502,6.258074321756972,4.943249883751725,1.314824438005247,113.03636363636362,112.16254980079682,0.8738138355667928,1.183752362670228,0.1310720753350189,4.973559815518167,Jenna Schroeder
Jalen Brunson,J.Sterling,20,493,4.713505165887517,4.984151901088172,-0.2706467352006552,111.82000000000001,112.19594320486817,-0.37594320486816457,-0.2142552544704305,0.05639148073022468,4.973559815518167,Jonathan Sterling
Jalen Brunson,J.Tiven,28,485,4.636028101321131,4.994013190142266,-0.35798508882113556,112.58928571428574,112.15773195876287,0.4315537555228701,-0.4227181521495661,0.06473306332843051,4.973559815518167,Josh Tiven
Jalen Brunson,J.Van Duyne,23,490,5.7771940298507465,4.934943537253455,0.8422504925972918,112.86086956521739,112.14938775510204,0.7114818101153446,0.73552822107999,0.1067222715173017,4.973559815518167,Justin Van Duyne
Jalen Brunson,J.Williams,27,486,5.360670826436753,4.950583017167487,0.4100878092692657,112.14074074074075,112.1835390946502,-0.04279835390944697,0.41650756235568276,0.006419753086417046,4.973559815518167,James Williams
Jalen Brunson,K.Cutler,25,488,3.7414105500666652,5.035739868413244,-1.2943293183465787,110.96799999999999,112.24344262295081,-1.2754426229508198,-1.1030129249039557,0.19131639344262297,4.973559815518167,Kevin Cutler
Jalen Brunson,K.Fitzgerald,15,498,3.244557127966098,5.0161742225277735,-1.7716170945616754,111.17999999999999,112.21144578313253,-1.0314457831325399,-1.6169002270917945,0.15471686746988098,4.973559815518167,Kane Fitzgerald
Jalen Brunson,K.Lane,22,491,4.910247210460294,4.9761962139531715,-0.0659490034928778,112.34545454545454,112.17393075356414,0.171523791890408,-0.091677572276439,0.0257285687835612,4.973559815518167,Karl Lane
Jalen Brunson,K.Mauer,8,505,4.511406681666714,4.978951971682526,-0.4675452900158117,110.825,112.20277227722771,-1.377772277227706,-0.2608794484316558,0.20666584158415588,4.973559815518167,Ken Mauer
Jalen Brunson,K.Scott,19,494,4.5148174659985685,4.9917993007063854,-0.47698183470781697,113.44736842105263,112.13259109311741,1.314777327935218,-0.6741984338980996,0.1972165991902827,4.973559815518167,Kevin Scott
Jalen Brunson,L.Holtkamp,7,506,3.738376575357553,4.990993369747737,-1.252616794390184,113.52857142857144,112.16264822134389,1.365923207227553,-1.457505275474317,0.20488848108413293,4.973559815518167,Lauren Holtkamp
Jalen Brunson,L.Richardson,6,507,1.829777449687171,5.00226282740284,-3.1724853777156685,109.3,112.21538461538461,-2.9153846153846104,-2.735177685407977,0.43730769230769156,4.973559815518167,Leroy Richardson
Jalen Brunson,L.Wood,14,499,2.663076445088843,5.02602098609661,-2.3629445410077667,111.69999999999997,112.19478957915831,-0.4947895791583363,-2.288726104134016,0.07421843687375045,4.973559815518167,Leon Wood
Jalen Brunson,M.Ayotte,7,506,1.7250329433374596,5.000503415275209,-3.2754704719377497,109.34285714285714,112.2205533596838,-2.8776962168266635,-2.84381603941375,0.43165443252399954,4.973559815518167,Mark Ayotte
Jalen Brunson,M.Boland,17,496,4.007715470755814,5.0017150153765435,-0.9939995446207295,111.4764705882353,112.2054435483871,-0.7289729601517934,-0.8846536005979605,0.109345944022769,4.973559815518167,Matt Boland
Jalen Brunson,M.Callahan,5,508,1.5832062859153277,4.999072811694949,-3.415866525779622,110.7,112.19586614173228,-1.4958661417322787,-3.1914866045197803,0.2243799212598418,4.973559815518167,Mike Callahan
Jalen Brunson,M.Dagher,15,498,4.466334999937968,4.98735414074288,-0.5210191408049125,111.85999999999999,112.1909638554217,-0.33096385542171447,-0.4713745624916553,0.04964457831325717,4.973559815518167,Mousa Dagher
Jalen Brunson,M.Davis,23,490,4.279208583116783,5.004421592466288,-0.7252130093495053,111.31304347826088,112.22204081632654,-0.9089973380656602,-0.5888634086396562,0.13634960070984903,4.973559815518167,Marc Davis
Jalen Brunson,M.Ervin,25,488,6.599018003273323,4.88769634422197,1.711321659051353,112.808,112.14918032786885,0.658819672131159,1.612498708231679,0.09882295081967385,4.973559815518167,Mitchell Ervin
Jalen Brunson,M.Kallio,5,508,4.196374798438017,4.9824197638375916,-0.7860449653995749,114.16,112.16181102362204,1.9981889763779606,-1.085773311856269,0.29972834645669405,4.973559815518167,Matt Kallio
Jalen Brunson,M.Kogut,21,492,4.99051710348925,4.972795584131157,0.017721519358092408,111.96190476190478,112.19065040650408,-0.22874564459930014,0.052033366047987424,0.034311846689895016,4.973559815518167,Marat Kogut
Jalen Brunson,M.Lindsay,35,478,5.388217431942804,4.941818799034399,0.4463986329084051,111.76285714285714,112.21192468619246,-0.4490675433353175,0.5137587644087027,0.06736013150029763,4.973559815518167,Mark Lindsay
Jalen Brunson,M.Myers,14,499,5.277418178503054,4.964154097197075,0.31326408130597905,112.87857142857142,112.16172344689379,0.7168479816776312,0.20573688405433438,0.10752719725164468,4.973559815518167,Matt Myers
Jalen Brunson,M.Smith,21,492,5.632302183890966,4.946790328828931,0.6855118550620345,112.19523809523811,112.18069105691056,0.014547038327549444,0.683329799312902,0.0021820557491324167,4.973559815518167,Michael Smith
Jalen Brunson,N.Buchert,31,482,4.922382407040656,4.976857598183012,-0.054475191142356216,111.75161290322583,112.20892116182571,-0.45730825859988045,0.014121047647625853,0.06859623878998207,4.973559815518167,Nick Buchert
Jalen Brunson,N.Green,18,495,6.030366087631191,4.936672371531756,1.0936937160994349,113.0222222222222,112.15070707070707,0.8715151515151263,0.962966443372166,0.13072727272726894,4.973559815518167,Nate Green
Jalen Brunson,N.Sago,20,493,5.244316633709842,4.962105866201354,0.28221076750848795,112.11000000000001,112.18417849898579,-0.07417849898577344,0.29333754235635395,0.011126774847866016,4.973559815518167,Natalie Sago
Jalen Brunson,P.Fraher,26,487,6.321722632577502,4.897360866644087,1.4243617659334147,112.24615384615385,112.17782340862422,0.06833043752962453,1.414112200303971,0.01024956562944368,4.973559815518167,Pat Fraher
Jalen Brunson,P.Ransom,16,497,4.438846536294332,4.99182646955684,-0.5529799332625078,111.63749999999999,112.19879275653922,-0.5612927565392312,-0.46878601978162315,0.08419391348088467,4.973559815518167,Phenizee Ransom
Jalen Brunson,R.Acosta,30,483,5.072550106455172,4.966858152894388,0.10569195356078431,112.89,112.13726708074533,0.7527329192546688,-0.007217984327415994,0.1129099378882003,4.973559815518167,Ray Acosta
Jalen Brunson,R.Hussey,8,505,4.561365337974903,4.980735186456749,-0.4193698484818462,114.725,112.1409900990099,2.5840099009900968,-0.8069713336303608,0.3876014851485145,4.973559815518167,Robert Hussey
Jalen Brunson,R.Mott,21,492,6.103283783858653,4.927070766509607,1.1762130173490455,111.93333333333332,112.19186991869917,-0.2585365853658459,1.2149935051539225,0.03878048780487688,4.973559815518167,Rodney Mott
Jalen Brunson,S.Corbin,23,490,5.801238930570648,4.935440245118161,0.8657986854524866,112.55652173913042,112.16367346938775,0.3928482697426716,0.8068714449910859,0.05892724046140074,4.973559815518167,Sean Corbin
Jalen Brunson,S.Foster,38,475,4.827124820292372,4.985762200578906,-0.1586373802865335,112.17368421052633,112.1818947368421,-0.008210526315764355,-0.15740580133916887,0.0012315789473646532,4.973559815518167,Scott Foster
Jalen Brunson,S.Jelks,5,508,5.5871073673793,4.967527750510872,0.6195796168684282,113.88,112.16456692913387,1.7154330708661263,0.3622646562385093,0.25731496062991893,4.973559815518167,Simone Jelks
Jalen Brunson,S.Mehta,14,499,5.4508183992297425,4.959709570454368,0.4911088287753742,112.09285714285714,112.18376753507013,-0.09091039221299013,0.5047453876073227,0.013636558831948519,4.973559815518167,Suyash Mehta
Jalen Brunson,S.Twardoski,26,487,4.278620981089552,5.009940770177805,-0.7313197890882535,112.86153846153844,112.14496919917865,0.7165692623597977,-0.8388051784422231,0.10748538935396965,4.973559815518167,Scott Twardoski
Jalen Brunson,S.Wall,17,496,2.944606855602175,5.0496401179485275,-2.1050332623463524,111.6470588235294,112.19959677419355,-0.5525379506641457,-2.0221525697467304,0.08288069259962184,4.973559815518167,Scott Wall
Jalen Brunson,S.Wright,35,478,5.633370664130219,4.928269805221018,0.7051008589092005,112.89142857142858,112.12928870292886,0.762139868499716,0.5907798786342431,0.1143209802749574,4.973559815518167,Sean Wright
Jalen Brunson,T.Brothers,26,487,5.036403744385137,4.970398360036256,0.06600538434888037,111.65384615384616,112.2094455852156,-0.5555994313694441,0.149345299054297,0.08333991470541662,4.973559815518167,Tony Brothers
Jalen Brunson,T.Brown,5,508,2.234290147401086,4.996953925262345,-2.7626637778612593,110.0,112.20275590551181,-2.2027559055118076,-2.4322503920344882,0.3304133858267711,4.973559815518167,Tony Brown
Jalen Brunson,T.Ford,27,486,6.5313917402721415,4.882825331377034,1.6485664088951077,112.31851851851852,112.17366255144033,0.14485596707818615,1.6268380138333798,0.021728395061727922,4.973559815518167,Tyler Ford
Jalen Brunson,T.Maddox,27,486,5.001608027272143,4.972050389259208,0.02955763801293454,111.7703703703704,112.20411522633744,-0.43374485596703494,0.09461936640798978,0.06506172839505524,4.973559815518167,Tre Maddox
Jalen Brunson,T.Ricks,7,506,6.181064889983763,4.951926484768807,1.2291384052149565,113.44285714285714,112.16383399209487,1.2790231507622707,1.037284932600616,0.1918534726143406,4.973559815518167,Tyler Ricks
Jalen Brunson,T.Washington,19,494,4.1665374957373595,5.000054280565386,-0.833516784828026,110.98947368421054,112.22712550607288,-1.2376518218623431,-0.6478690115486746,0.18564777327935147,4.973559815518167,Tom Washington
Jalen Brunson,Z.Zarba,35,478,6.035484871921935,4.892494102873046,1.1429907690488887,112.45714285714286,112.16108786610879,0.29605499103406885,1.0985825203937785,0.044408248655110324,4.973559815518167,Zach Zarba
James Harden,A.Moyer-Gleich,13,812,6.014672545204648,8.904509493297082,-2.8898369480924346,113.86153846153846,109.76753407682774,4.094004384710715,-3.5039376057990417,0.6141006577066072,8.85968330538411,Ashley Moyer-Gleich
James Harden,A.Nagy,9,816,6.935902185994813,8.881492399326655,-1.9455902133318421,114.26666666666665,109.78323057953143,4.4834360871352175,-2.6181056264021247,0.6725154130702826,8.85968330538411,Andy Nagy
James Harden,A.Smith,39,786,7.950535754750574,8.903707242204408,-0.953171487453834,111.43589743589743,109.75236875800255,1.6835286778948841,-1.2057007891380667,0.2525293016842326,8.85968330538411,Aaron Smith
James Harden,B.Adair,13,812,6.707676633042216,8.894387754585283,-2.186711121543067,111.02307692307691,109.81325898389095,1.2098179391859674,-2.368183812420962,0.1814726908778951,8.85968330538411,Brandon Adair
James Harden,B.Adams,10,815,8.569992682002132,8.863368515444995,-0.29337583344286244,107.98888888888888,109.85289765721333,-1.864008768324453,-0.013774518194194507,0.27960131524866794,8.85968330538411,Bennie Adams
James Harden,B.Barnaky,38,787,10.319166048830992,8.789653758005961,1.5295122908250303,108.91621621621623,109.87573435504471,-0.9595181388284857,1.6734400116493031,0.14392772082427285,8.85968330538411,Brent Barnaky
James Harden,B.Forte,46,779,9.010450823370856,8.850870761505956,0.1595800618649008,109.85555555555554,109.83109677419355,0.02445878136198587,0.15591124466060294,0.0036688172042978803,8.85968330538411,Brian Forte
James Harden,B.Kennedy,39,786,8.751963718305054,8.864965083351434,-0.11300136504637948,109.61538461538461,109.84327784891165,-0.22789323352704116,-0.0788173800173233,0.034183985029056174,8.85968330538411,Bill Kennedy
James Harden,B.Nansel,26,799,9.922262837805482,8.82543790855651,1.0968249292489727,111.23846153846155,109.78639798488665,1.4520635535749022,0.8790153962127374,0.21780953303623532,8.85968330538411,Brett Nansel
James Harden,B.Schwab,12,813,8.18957345971564,8.869414087789865,-0.6798406280742242,114.69999999999999,109.76014851485148,4.939851485148509,-1.4208183508465004,0.7409777227722764,8.85968330538411,Brandon Schwab
James Harden,B.Spooner,14,811,10.43566231306987,8.832300775794215,1.6033615372756547,107.68571428571427,109.8697270471464,-2.184012761432129,1.930963451490474,0.3276019142148193,8.85968330538411,Bill Spooner
James Harden,B.Taylor,41,784,9.169382217341616,8.843530835468233,0.3258513818733828,110.12750000000001,109.8173076923077,0.31019230769231854,0.279322535719535,0.04652884615384778,8.85968330538411,Ben Taylor
James Harden,C.Blair,38,787,8.319897730416614,8.885969764413298,-0.5660720339966847,109.99736842105263,109.82442455242968,0.1729438686229514,-0.5920136142901274,0.02594158029344271,8.85968330538411,Curtis Blair
James Harden,C.Flores,6,819,6.063317455722519,8.877448083089794,-2.814130627367275,114.05,109.80135135135136,4.24864864864864,-3.451427924664571,0.637297297297296,8.85968330538411,Che Flores
James Harden,C.Kirkland,44,781,9.494554363714974,8.82358982948539,0.6709645342295829,108.8795454545455,109.88646907216494,-1.0069236176194494,0.8220030768725003,0.1510385426429174,8.85968330538411,Courtney Kirkland
James Harden,C.Washington,14,811,7.923286419744541,8.87491127992593,-0.951624860181389,111.67857142857143,109.80037220843673,1.8781992201347038,-1.2333547432015945,0.2817298830202056,8.85968330538411,CJ Washington
James Harden,D.Collins,38,787,8.887000952733496,8.85837729870228,0.02862365403121636,108.84594594594594,109.87905491698595,-1.0331089710400079,0.18358999968721754,0.15496634565600118,8.85968330538411,Derrick Collins
James Harden,D.Crawford,19,806,9.55283824004016,8.84324625604548,0.7095919839946792,106.72105263157896,109.90624219725342,-3.185189565674463,1.1873704188458487,0.47777843485116944,8.85968330538411,Dan Crawford
James Harden,D.Guthrie,39,786,7.528567617122972,8.927938334352689,-1.3993707172297167,109.76923076923079,109.83559539052497,-0.06636462129418419,-1.389416024035589,0.009954693194127628,8.85968330538411,David Guthrie
James Harden,D.Jones,10,815,9.014084507042254,8.857859036962823,0.15622547007943055,105.5,109.88592592592593,-4.385925925925932,0.8141143589683203,0.6578888888888897,8.85968330538411,David Jones
James Harden,D.Richardson,31,794,9.676942444592784,8.828210948368223,0.8487314962245609,110.87419354838711,109.7915082382763,1.0826853101108185,0.6863286997079381,0.16240279651662276,8.85968330538411,Derek Richardson
James Harden,D.Scott,8,817,6.837104404890429,8.879694494163944,-2.0425900892735154,113.525,109.7960591133005,3.7289408866995046,-2.601931222278441,0.5593411330049257,8.85968330538411,Danielle Scott
James Harden,D.Stafford,18,807,10.044704794203792,8.83357934629806,1.2111254479057312,105.52222222222223,109.92917705735663,-4.4069548351344,1.872168673175891,0.6610432252701599,8.85968330538411,Derrick Stafford
James Harden,D.Taylor,34,791,10.570561673513549,8.784922635345016,1.785639038168533,109.88235294117646,109.83027989821883,0.05207304295763038,1.7778280817248884,0.007810956443644556,8.85968330538411,Dedric Taylor
James Harden,E.Dalen,29,796,8.345269506219374,8.878483939182935,-0.5332144329635611,109.28275862068965,109.85259165613147,-0.5698330354418175,-0.44773947764728844,0.08547495531627262,8.85968330538411,Eric Dalen
James Harden,E.Lewis,39,786,9.972676187039232,8.803153453165516,1.1695227338737162,108.8153846153846,109.8832266325224,-1.0678420171377923,1.329699036444385,0.16017630257066884,8.85968330538411,Eric Lewis
James Harden,E.Malloy,41,784,7.73413678190745,8.917516223685235,-1.1833794417777845,110.16829268292685,109.81476251604622,0.3535301668806312,-1.2364089668098792,0.05302952503209468,8.85968330538411,Ed Malloy
James Harden,E.Roe,8,817,7.89119713047377,8.869470019777728,-0.9782728893039581,104.4625,109.8853448275862,-5.422844827586189,-0.16484616516602968,0.8134267241379284,8.85968330538411,Eli Roe
James Harden,E.Scott,10,815,8.14276222474589,8.868208401485365,-0.7254461767394744,113.35999999999999,109.78888888888889,3.571111111111094,-1.2611128434061385,0.5356666666666641,8.85968330538411,Evan Scott
James Harden,G.Petraitis,30,795,9.036790691801318,8.852993184886182,0.18379750691513586,110.17666666666668,109.81936708860758,0.3572995780590986,0.13020257020627107,0.05359493670886479,8.85968330538411,Gediminas Petraitis
James Harden,G.Zielinski,13,812,11.039725035931246,8.823911816716267,2.2158132192149793,106.76153846153846,109.88190830235439,-3.1203698408159255,2.683868695337368,0.4680554761223888,8.85968330538411,Gary Zielinski
James Harden,H.Workman,20,805,9.073533427149188,8.854485609742207,0.21904781740698098,108.04210526315788,109.8749063670412,-1.8328011038833267,0.49396798298947997,0.274920165582499,8.85968330538411,Haywoode Workman
James Harden,J.Butler,15,810,8.85652024314715,8.859745596494284,-0.003225353347133364,113.89333333333333,109.75677018633542,4.136563146997915,-0.6237098253968206,0.6204844720496873,8.85968330538411,John Butler
James Harden,J.Capers,42,783,8.940337985148133,8.855434992272988,0.08490299287514524,109.99761904761901,109.82352185089974,0.17409719671927348,0.058788413367254225,0.026114579507891023,8.85968330538411,James Capers
James Harden,J.Conley,8,817,6.629156010230179,8.881630103979932,-2.2524740937497523,113.4125,109.79716748768473,3.6153325123152626,-2.7947739705970416,0.5422998768472894,8.85968330538411,John Conley
James Harden,J.Crawford,7,818,12.059317993626575,8.831186622262525,3.22813137136405,104.17142857142856,109.88118081180814,-5.709752240379572,4.084594207420986,0.8564628360569359,8.85968330538411,Joe Crawford
James Harden,J.DeRosa,23,802,7.243388038931806,8.905520301880191,-1.6621322629483855,111.55652173913045,109.78268506900876,1.773836670121682,-1.9282077634666377,0.2660755005182523,8.85968330538411,JB DeRosa
James Harden,J.Goble,81,744,8.708445999681883,8.876537318819596,-0.16809131913771225,110.60000000000001,109.74830852503383,0.8516914749661737,-0.29584504038263826,0.12775372124492604,8.85968330538411,John Goble
James Harden,J.Goldenberg,24,801,8.322445156970943,8.875746731763536,-0.5533015747925933,111.2,109.79120603015076,1.408793969849242,-0.7646206702699796,0.21131909547738628,8.85968330538411,Jason Goldenberg
James Harden,J.Orr,33,792,7.474069215461752,8.917190325591802,-1.4431211101300505,110.72727272727273,109.79491740787803,0.9323553193947021,-1.5829744080392558,0.1398532979092053,8.85968330538411,J.T. Orr
James Harden,J.Phillips,23,802,8.92735280152403,8.857676160031529,0.06967664149250119,106.10434782608696,109.94002509410286,-3.8356772680158997,0.6450282316948861,0.5753515902023849,8.85968330538411,Jason Phillips
James Harden,J.Schroeder,8,817,6.976334488225966,8.877612337128026,-1.90127784890206,113.2125,109.79913793103448,3.413362068965526,-2.413282159246889,0.5120043103448289,8.85968330538411,Jenna Schroeder
James Harden,J.Sterling,21,804,9.01940398987618,8.855420916137428,0.16398307373875198,112.89999999999998,109.75181476846059,3.1481852315393866,-0.308244710992156,0.472227784730908,8.85968330538411,Jonathan Sterling
James Harden,J.Tiven,51,774,8.817900661342549,8.862431739010962,-0.04453107766841313,109.5,109.85402597402599,-0.354025974025987,0.008572818435484915,0.05310389610389805,8.85968330538411,Josh Tiven
James Harden,J.Van Duyne,30,795,8.292641137668124,8.8801922836704,-0.5875511460022764,110.56666666666669,109.80455696202533,0.762109704641361,-0.7018676016984806,0.11431645569620413,8.85968330538411,Justin Van Duyne
James Harden,J.Williams,44,781,9.12459147464773,8.844636860062387,0.27995461458534265,110.17272727272729,109.8131443298969,0.35958294283038583,0.2260171731607848,0.05393744142455787,8.85968330538411,James Williams
James Harden,K.Cutler,44,781,8.768192331293172,8.86478260025672,-0.09659026896354916,109.58181818181819,109.84664948453609,-0.26483130271789435,-0.056865573555865016,0.03972469540768415,8.85968330538411,Kevin Cutler
James Harden,K.Fitzgerald,32,793,10.326220294381958,8.799374023208463,1.5268462711734951,108.3875,109.89111675126905,-1.5036167512690497,1.7523887838638526,0.22554251269035744,8.85968330538411,Kane Fitzgerald
James Harden,K.Lane,46,779,8.991246502803762,8.851975889987738,0.1392706128160235,110.22391304347829,109.809173126615,0.41473991686329725,0.0770596252865289,0.06221098752949458,8.85968330538411,Karl Lane
James Harden,K.Mauer,32,793,8.893809291380236,8.858238572264446,0.035570719115790794,107.64193548387095,109.91850443599493,-2.2765689521239807,0.3770560619343879,0.3414853428185971,8.85968330538411,Ken Mauer
James Harden,K.Scott,39,786,8.67337042519524,8.869245796701447,-0.19587537150620804,109.96666666666668,109.82573623559539,0.14093043107129688,-0.21701493616690257,0.02113956466069453,8.85968330538411,Kevin Scott
James Harden,L.Holtkamp,16,809,8.008854121654961,8.876926310365635,-0.8680721887106735,110.05625,109.82798507462688,0.22826492537312504,-0.9023119275166422,0.034239738805968756,8.85968330538411,Lauren Holtkamp
James Harden,L.Richardson,15,810,9.741879466025223,8.843467977561989,0.8984114884632337,107.34666666666668,109.87875776397514,-2.5320910973084665,1.2782251530595037,0.37981366459627,8.85968330538411,Leroy Richardson
James Harden,L.Wood,30,795,9.638084505326319,8.83031069726644,0.8077738080598795,108.89666666666666,109.8679746835443,-0.9713080168776429,0.9534700105915259,0.14569620253164642,8.85968330538411,Leon Wood
James Harden,M.Ayotte,25,800,8.094003890500236,8.883483670721722,-0.7894797802214857,108.0125,109.88731155778895,-1.874811557788945,-0.5082580465531439,0.28122173366834174,8.85968330538411,Mark Ayotte
James Harden,M.Boland,32,793,9.439454834830688,8.83597767707381,0.6034771577568776,109.36875,109.85126903553298,-0.4825190355329738,0.6758550130868237,0.07237785532994608,8.85968330538411,Matt Boland
James Harden,M.Callahan,27,798,9.80347181892273,8.826423778272654,0.977048040650077,106.15769230769232,109.95277078085643,-3.7950784731641107,1.5463098116246936,0.5692617709746166,8.85968330538411,Mike Callahan
James Harden,M.Dagher,11,814,6.41241868309641,8.891592068829663,-2.4791733857332527,113.7090909090909,109.77972805933251,3.929362849758391,-3.0685778131970114,0.5894044274637587,8.85968330538411,Mousa Dagher
James Harden,M.Davis,53,772,8.862957421575937,8.859450445259096,0.0035069763168404933,109.10754716981131,109.8825293350717,-0.7749821652603828,0.11975430110589791,0.11624732478905742,8.85968330538411,Marc Davis
James Harden,M.Ervin,32,793,9.841478527346359,8.81840117920293,1.0230773481434294,111.190625,109.77728426395939,1.4133407360406096,0.811076237737338,0.21200111040609143,8.85968330538411,Mitchell Ervin
James Harden,M.Kallio,8,817,5.181856480831344,8.894822785978475,-3.7129663051471304,114.85,109.78300492610838,5.0669950738916185,-4.473015566230873,0.7600492610837427,8.85968330538411,Matt Kallio
James Harden,M.Kogut,39,786,8.138267171166548,8.896339772716361,-0.7580726015498129,110.91794871794875,109.77823303457107,1.1397156833776734,-0.9290299540564639,0.170957352506651,8.85968330538411,Marat Kogut
James Harden,M.Lindsay,42,783,9.375009924426157,8.831238404029893,0.5437715203962643,109.68571428571428,109.84035989717223,-0.1546456114579513,0.566968362114957,0.023196841718692695,8.85968330538411,Mark Lindsay
James Harden,M.McCutchen,17,808,10.38839023571848,8.8287968964866,1.5595933392318813,104.74,109.92732919254657,-5.187329192546571,2.3376927181138667,0.7780993788819855,8.85968330538411,Monty McCutchen
James Harden,M.Myers,15,810,6.726158171481445,8.900279169209767,-2.1741209977283225,113.03333333333332,109.7727950310559,3.2605383022774106,-2.663201743069934,0.48908074534161156,8.85968330538411,Matt Myers
James Harden,M.Smith,38,787,8.593332405854829,8.87234389492101,-0.2790114890661801,108.40789473684208,109.90166240409208,-1.4937676672499975,-0.05494633897868048,0.22406515008749964,8.85968330538411,Michael Smith
James Harden,N.Buchert,49,776,9.509284445213126,8.818312357462624,0.6909720877505023,110.07346938775511,109.8171206225681,0.2563487651870133,0.6525197729724503,0.038452314778052,8.85968330538411,Nick Buchert
James Harden,N.Green,15,810,6.775614123781041,8.898279632322389,-2.1226655085413473,111.85999999999999,109.79465838509316,2.0653416149068278,-2.4324667507773716,0.3098012422360242,8.85968330538411,Nate Green
James Harden,N.Sago,17,808,9.32170429056268,8.849875312171982,0.4718289783906986,111.37058823529412,109.79987546699874,1.5707127682953796,0.23622206314639166,0.23560691524430694,8.85968330538411,Natalie Sago
James Harden,P.Fraher,38,787,9.125497190289757,8.846825872919272,0.2786713173704847,108.67631578947368,109.8886189258312,-1.2123031363575194,0.46051678782411254,0.1818454704536279,8.85968330538411,Pat Fraher
James Harden,P.Ransom,19,806,9.920882609955271,8.834133388500165,1.086749221455106,112.74736842105263,109.76329588014981,2.9840725409028153,0.6391383403196838,0.4476108811354223,8.85968330538411,Phenizee Ransom
James Harden,R.Acosta,25,800,8.002887639870057,8.885268391897863,-0.8823807520278066,111.696,109.77383647798742,1.922163522012582,-1.170705280329694,0.28832452830188726,8.85968330538411,Ray Acosta
James Harden,R.Garretson,18,807,7.51152771030605,8.888405273673111,-1.3768775633670618,106.88823529411764,109.8947696139477,-3.0065343198300667,-0.9258974153925519,0.45098014797450997,8.85968330538411,Ron Garretson
James Harden,R.Hussey,9,816,6.7813432042251724,8.88266298487307,-2.1013197806478976,113.92222222222222,109.78705302096178,4.135169201260439,-2.7215951608369635,0.6202753801890658,8.85968330538411,Robert Hussey
James Harden,R.Mott,33,792,9.2750848245083,8.84267531347754,0.43240951103075886,109.2060606060606,109.8587039390089,-0.6526433329483012,0.530306010973004,0.09789649994224518,8.85968330538411,Rodney Mott
James Harden,S.Anderson,8,817,9.06070673512534,8.857673087839071,0.2030336472862686,106.2125,109.86810344827587,-3.655603448275869,0.7513741645276489,0.5483405172413803,8.85968330538411,Steve Anderson
James Harden,S.Corbin,32,793,9.628879458001553,8.830114387389335,0.7987650706122178,110.23125,109.81624365482233,0.4150063451776731,0.7365141188355668,0.062250951776650965,8.85968330538411,Sean Corbin
James Harden,S.Foster,47,778,8.302770849429363,8.893828285128672,-0.5910574356993088,109.70638297872344,109.84010349288485,-0.13372051416141062,-0.5709993585750972,0.020058077124211593,8.85968330538411,Scott Foster
James Harden,S.Mehta,11,814,6.051550242809114,8.896800367754345,-2.845250124945231,113.45454545454545,109.7831891223733,3.6713563321721523,-3.395953574771054,0.5507034498258229,8.85968330538411,Suyash Mehta
James Harden,S.Mitchell,7,818,5.849788518674876,8.880754817987151,-3.0309662993122757,115.97142857142856,109.77958179581796,6.1918467756106,-3.9597433156538657,0.9287770163415899,8.85968330538411,Sha'Rae Mitchell
James Harden,S.Twardoski,35,790,8.414750714214954,8.878881849263337,-0.4641311350483832,110.6857142857143,109.7943949044586,0.8913193812556983,-0.5978290422367379,0.13369790718835475,8.85968330538411,Scott Twardoski
James Harden,S.Wall,26,799,9.621954697189125,8.83634234343236,0.7856123537567647,108.86153846153844,109.86423173803526,-1.0026932764968137,0.9360163452312869,0.15040399147452205,8.85968330538411,Scott Wall
James Harden,S.Wright,43,782,9.577298255985813,8.81905796713496,0.7582402888508533,109.84651162790696,109.83166023166025,0.014851396246712056,0.7560125794138465,0.0022277094370068084,8.85968330538411,Sean Wright
James Harden,T.Brothers,41,784,9.217018899543804,8.840890927477162,0.3761279720666426,109.63250000000001,109.84269230769229,-0.2101923076922816,0.40765681822048483,0.03152884615384224,8.85968330538411,Tony Brothers
James Harden,T.Brown,31,794,11.046083916982955,8.771507153871228,2.2745767631117264,107.69032258064516,109.91660329531054,-2.2262807146653785,2.608518870311533,0.33394210719980677,8.85968330538411,Tony Brown
James Harden,T.Ford,36,789,8.613338898661342,8.871176911116263,-0.257838012454922,111.03333333333335,109.77729591836734,1.256037414966002,-0.44624362469982226,0.1884056122449003,8.85968330538411,Tyler Ford
James Harden,T.Maddox,43,782,7.927586615147829,8.910241340052995,-0.9826547249051654,110.55116279069767,109.79266409266408,0.7584986980335913,-1.096429529610204,0.11377480470503869,8.85968330538411,Tre Maddox
James Harden,T.Washington,42,783,8.856882300351558,8.859828953574937,-0.0029466532233790588,108.2219512195122,109.91720154043645,-1.695250320924245,0.2513408949152577,0.25428754813863674,8.85968330538411,Tom Washington
James Harden,Z.Zarba,48,777,9.688061266443325,8.810263830379524,0.8777974360638012,108.74166666666667,109.90025906735751,-1.1585924006908357,1.0515862961674265,0.17378886010362535,8.85968330538411,Zach Zarba
Jayson Tatum,A.Moyer-Gleich,15,603,6.122351487434593,5.699046929062251,0.42330455837234204,113.92666666666668,111.6318407960199,2.2948258706467755,0.07908067777532574,0.3442238805970163,5.709313574983055,Ashley Moyer-Gleich
Jayson Tatum,A.Nagy,18,600,6.589401250500704,5.682918974377252,0.9064822761234526,114.04444444444445,111.61683333333335,2.427611111111105,0.5423406094567869,0.36414166666666575,5.709313574983055,Andy Nagy
Jayson Tatum,A.Smith,32,586,5.0703080916375125,5.743890374821383,-0.6735822831838707,110.684375,111.74232081911263,-1.057945819112632,-0.5148904103169759,0.15869187286689482,5.709313574983055,Aaron Smith
Jayson Tatum,B.Adair,21,597,5.58584574273215,5.713429173333308,-0.12758343060115784,111.51428571428572,111.69363484087103,-0.17934912658530777,-0.10068106161336168,0.026902368987796164,5.709313574983055,Brandon Adair
Jayson Tatum,B.Barnaky,37,581,4.790075464560356,5.7671693552624665,-0.9770938907021103,112.30000000000001,111.6485370051635,0.6514629948365069,-1.0748133399275863,0.09771944922547604,5.709313574983055,Brent Barnaky
Jayson Tatum,B.Forte,44,574,5.9784565384503106,5.688606018015715,0.28985052043459536,112.02272727272727,111.66184668989546,0.3608805828318111,0.2357184330098237,0.054132087424771665,5.709313574983055,Brian Forte
Jayson Tatum,B.Kennedy,17,601,7.559965918186434,5.658107429742786,1.901858488443648,112.20588235294117,111.6728785357737,0.5330038171674687,1.8219079158685276,0.0799505725751203,5.709313574983055,Bill Kennedy
Jayson Tatum,B.Nansel,11,607,6.009217035791613,5.703456008573044,0.3057610272185691,114.03636363636362,111.64497528830313,2.391388348060488,-0.05294722499050408,0.3587082522090732,5.709313574983055,Brett Nansel
Jayson Tatum,B.Schwab,7,611,5.13770655983976,5.716455385356541,-0.5787488255167812,113.87142857142855,111.66252045826512,2.2089081131634316,-0.9100850424912958,0.3313362169745147,5.709313574983055,Brandon Schwab
Jayson Tatum,B.Taylor,35,583,4.866418663086651,5.761480646194767,-0.8950619831081159,111.59428571428572,111.69313893653515,-0.09885322224943138,-0.8802339997707012,0.014827983337414707,5.709313574983055,Ben Taylor
Jayson Tatum,C.Blair,28,590,5.459964151750518,5.720707226170525,-0.26074307442000677,111.91785714285716,111.67661016949154,0.2412469733656195,-0.2969301204248497,0.036187046004842925,5.709313574983055,Curtis Blair
Jayson Tatum,C.Flores,6,612,3.858708891595615,5.727086099299906,-1.8683772077042908,113.65000000000002,111.66830065359477,1.9816993464052501,-2.1656321096650784,0.2972549019607875,5.709313574983055,Che Flores
Jayson Tatum,C.Kirkland,30,588,5.795449377738028,5.7046888371890505,0.09076054054897753,111.84666666666666,111.67942176870748,0.16724489795917918,0.06567380585510066,0.025086734693876876,5.709313574983055,Courtney Kirkland
Jayson Tatum,C.Washington,20,598,4.409534050689702,5.7530301419000285,-1.3434960912103264,112.63500000000002,111.65585284280938,0.9791471571906385,-1.4903681647889222,0.14687207357859577,5.709313574983055,CJ Washington
Jayson Tatum,D.Collins,31,587,5.706780198378552,5.709450177486181,-0.0026699791076287838,112.0645161290323,111.66763202725723,0.39688410177507194,-0.06220259437388957,0.05953261526626079,5.709313574983055,Derrick Collins
Jayson Tatum,D.Guthrie,29,589,6.74959978334618,5.656630841359646,1.092968941986534,110.66206896551725,111.73803056027164,-1.0759615947543892,1.2543631811996925,0.16139423921315837,5.709313574983055,David Guthrie
Jayson Tatum,D.Mosher,6,612,7.239924511254089,5.6929144443682835,1.5470100668858056,113.08333333333333,111.67385620915032,1.409477124183013,1.3355884982583537,0.21142156862745196,5.709313574983055,Dannica Mosher
Jayson Tatum,D.Richardson,15,603,6.265853526903772,5.696270526051424,0.5695830008523481,112.43999999999998,111.66882255389719,0.7711774461027971,0.45390638393692856,0.11567661691541957,5.709313574983055,Derek Richardson
Jayson Tatum,D.Scott,5,613,4.965973882655876,5.715609940577292,-0.7496360579214159,113.82000000000001,111.67014681892331,2.1498531810766934,-1.07211403508292,0.322477977161504,5.709313574983055,Danielle Scott
Jayson Tatum,D.Taylor,24,594,4.908523336615783,5.741594037075986,-0.8330707004602029,110.04583333333335,111.75387205387206,-1.7080387205387098,-0.5768648923793964,0.25620580808080645,5.709313574983055,Dedric Taylor
Jayson Tatum,E.Dalen,20,598,6.411996638872728,5.685885567769637,0.7261110711030909,112.275,111.66789297658862,0.6071070234113876,0.6350450175913828,0.09106605351170813,5.709313574983055,Eric Dalen
Jayson Tatum,E.Lewis,26,592,6.048235562858765,5.694480847438593,0.35375471542017234,111.07307692307691,111.71452702702703,-0.6414501039501204,0.4499722310126904,0.09621751559251805,5.709313574983055,Eric Lewis
Jayson Tatum,E.Malloy,36,582,5.659487501965099,5.712435376695842,-0.05294787473074258,111.76666666666667,111.68264604810997,0.08402061855669274,-0.0655509675142465,0.01260309278350391,5.709313574983055,Ed Malloy
Jayson Tatum,E.Scott,15,603,7.472021989734385,5.664514522458748,1.807507467275637,112.96,111.6558872305141,1.3041127694858972,1.6118905518527524,0.19561691542288456,5.709313574983055,Evan Scott
Jayson Tatum,G.Petraitis,31,587,5.482646746178377,5.721296375663265,-0.23864962948488788,111.0967741935484,111.71873935264054,-0.6219651590921416,-0.14535485562106665,0.09329477386382123,5.709313574983055,Gediminas Petraitis
Jayson Tatum,H.Workman,7,611,2.402972566063204,5.74411048993755,-3.341137923874346,107.81428571428572,111.73191489361699,-3.9176291793312714,-2.7534935469746555,0.5876443768996907,5.709313574983055,Haywoode Workman
Jayson Tatum,I.Hwang,5,613,4.721580703104952,5.717406916453173,-0.995826213348221,113.78,111.6704730831974,2.109526916802608,-1.312255250868612,0.31642903752039114,5.709313574983055,Intae Hwang
Jayson Tatum,J.Butler,14,604,8.146719666259985,5.650524379313021,2.496195286946964,113.85714285714286,111.63725165562913,2.2198912015137324,2.163211606719904,0.3329836802270599,5.709313574983055,John Butler
Jayson Tatum,J.Capers,35,583,5.3864618338934225,5.729163463915396,-0.3427016300219732,110.18857142857144,111.77753001715266,-1.588958588581221,-0.10435784173479004,0.23834378828718314,5.709313574983055,James Capers
Jayson Tatum,J.Conley,10,608,6.990840704077527,5.68754064173047,1.3033000623470574,113.34,111.66036184210526,1.6796381578947432,1.0513543386628459,0.2519457236842115,5.709313574983055,John Conley
Jayson Tatum,J.DeRosa,34,584,5.791155069728355,5.704283033239237,0.08687203648911801,111.84117647058825,111.67859589041096,0.16258058017729127,0.06248494946252432,0.02438708702659369,5.709313574983055,JB DeRosa
Jayson Tatum,J.Goble,56,562,5.473795208898489,5.732843011275227,-0.2590478023767382,110.85000000000001,111.77099644128114,-0.9209964412811331,-0.12089833618456822,0.13814946619216997,5.709313574983055,John Goble
Jayson Tatum,J.Goldenberg,22,596,7.703212346537566,5.637736811038696,2.0654755354988703,112.79545454545456,111.64664429530201,1.1488102501525503,1.8931539979759877,0.17232153752288254,5.709313574983055,Jason Goldenberg
Jayson Tatum,J.Orr,17,601,4.515389954093536,5.743342761620674,-1.2279528075271386,111.72941176470589,111.68635607321131,0.04305569149457256,-1.2344111612513244,0.006458353724185883,5.709313574983055,J.T. Orr
Jayson Tatum,J.Phillips,7,611,2.465434456729343,5.74257932574057,-3.277144869011227,109.74285714285715,111.70981996726675,-1.966962824409606,-2.982100445349786,0.2950444236614409,5.709313574983055,Jason Phillips
Jayson Tatum,J.Schroeder,7,611,8.197933503033001,5.6795871312591615,2.5183463717738395,114.31428571428572,111.65744680851061,2.6568389057751034,2.119820535907574,0.3985258358662655,5.709313574983055,Jenna Schroeder
Jayson Tatum,J.Sterling,8,610,6.006528835690968,5.70546682361833,0.30106201207263794,113.42500000000001,111.66475409836066,1.760245901639351,0.03702512682673531,0.26403688524590263,5.709313574983055,Jonathan Sterling
Jayson Tatum,J.Tiven,32,586,6.572365548880427,5.66144703272966,0.9109185161507671,112.38125,111.64965870307167,0.7315912969283289,0.8011798216115178,0.10973869453924934,5.709313574983055,Josh Tiven
Jayson Tatum,J.Van Duyne,25,593,5.583587063979588,5.714435465809579,-0.1308484018299909,113.564,111.60843170320405,1.9555682967959456,-0.4241836463493827,0.2933352445193918,5.709313574983055,Justin Van Duyne
Jayson Tatum,J.Williams,31,587,6.092248264021951,5.688993582670649,0.40325468135130205,112.02258064516131,111.66984667802384,0.35273396713746763,0.3503445862806819,0.052910095070620146,5.709313574983055,James Williams
Jayson Tatum,K.Cutler,32,586,6.611450027729543,5.660856946892596,0.9505930808369465,111.446875,111.70068259385667,-0.2538075938566635,0.9886642199154461,0.03807113907849952,5.709313574983055,Kevin Cutler
Jayson Tatum,K.Fitzgerald,25,593,5.03565954123432,5.737205929102513,-0.7015463878681922,110.044,111.75682967959528,-1.7128296795952878,-0.4446219359288991,0.25692445193929314,5.709313574983055,Kane Fitzgerald
Jayson Tatum,K.Lane,27,591,5.736415345516156,5.708008159987837,0.028407185528319445,111.18518518518519,111.71049069373942,-0.5253055085542258,0.10720301181145331,0.07879582628313386,5.709313574983055,Karl Lane
Jayson Tatum,K.Mauer,14,604,3.7195152576180464,5.753098101080711,-2.033582843462665,111.12857142857142,111.70049668874174,-0.5719252601703175,-1.9477940544371175,0.08578878902554762,5.709313574983055,Ken Mauer
Jayson Tatum,K.Scott,33,585,6.254816671543984,5.680352543537591,0.5744641280063929,110.84848484848484,111.7348717948718,-0.8863869463869491,0.7074221699644353,0.13295804195804237,5.709313574983055,Kevin Scott
Jayson Tatum,L.Holtkamp,11,607,5.033301133763791,5.721866909428556,-0.688565775664765,110.82727272727271,111.70313014827016,-0.8758574209974483,-0.5571871625151477,0.13137861314961724,5.709313574983055,Lauren Holtkamp
Jayson Tatum,L.Richardson,15,603,3.6575611935351384,5.754265398560234,-2.0967042050250955,110.02666666666667,111.72885572139303,-1.702189054726361,-1.8413758468161414,0.2553283582089541,5.709313574983055,Leroy Richardson
Jayson Tatum,L.Wood,14,604,5.967783566056049,5.703702557928327,0.2640810081277216,110.60000000000001,111.71274834437087,-1.112748344370857,0.4309932597833501,0.16691225165562854,5.709313574983055,Leon Wood
Jayson Tatum,M.Ayotte,16,602,4.28519899002044,5.746873747645921,-1.461674757625481,110.86875,111.70930232558139,-0.8405523255813847,-1.3355919087882733,0.1260828488372077,5.709313574983055,Mark Ayotte
Jayson Tatum,M.Boland,23,595,5.486594340946919,5.717311661370459,-0.23071732042354043,111.75652173913043,111.68487394957984,0.07164778955059603,-0.24146448885612984,0.010747168432589405,5.709313574983055,Matt Boland
Jayson Tatum,M.Callahan,9,609,2.2818381473965137,5.757599731172899,-3.4757615837763853,108.26666666666667,111.73809523809524,-3.471428571428575,-2.955047298062099,0.5207142857142862,5.709313574983055,Mike Callahan
Jayson Tatum,M.Dagher,13,605,7.858223470931488,5.662223074709887,2.196000396221601,112.50769230769228,111.66991735537191,0.8377749523203732,2.070334153373545,0.12566624284805597,5.709313574983055,Mousa Dagher
Jayson Tatum,M.Davis,42,576,5.514255129622467,5.724107625429043,-0.20985249580657594,112.18333333333332,111.65138888888889,0.5319444444444343,-0.2896441624732411,0.07979166666666515,5.709313574983055,Marc Davis
Jayson Tatum,M.Ervin,27,591,5.477784540474741,5.720011239095762,-0.24222669862102109,112.52222222222223,111.64940778341794,0.8728144388042836,-0.3731488644416636,0.13092216582064253,5.709313574983055,Mitchell Ervin
Jayson Tatum,M.Kallio,7,611,5.3817304413963125,5.713218688674432,-0.3314882472781191,113.17142857142856,111.67054009819964,1.500888473228926,-0.556621518262458,0.22513327098433888,5.709313574983055,Matt Kallio
Jayson Tatum,M.Kogut,36,582,6.483015628989412,5.662655861732839,0.8203597672565728,111.68055555555557,111.68797250859107,-0.007416953035502161,0.8214723102118981,0.001112542955325324,5.709313574983055,Marat Kogut
Jayson Tatum,M.Lindsay,35,583,4.774258788034515,5.764692339392875,-0.9904335513583602,111.58857142857143,111.69348198970842,-0.1049105611369896,-0.9746969671878117,0.015736584170548438,5.709313574983055,Mark Lindsay
Jayson Tatum,M.Myers,23,595,6.8832497526122465,5.664407891259922,1.2188418613523249,113.50869565217394,111.61714285714288,1.8915527950310604,0.9351089420976658,0.28373291925465904,5.709313574983055,Matt Myers
Jayson Tatum,M.Smith,26,592,5.779700785079664,5.706194391022254,0.07350639405740989,111.92307692307692,111.67719594594594,0.24588097713098023,0.03662424748776285,0.036882146569647035,5.709313574983055,Michael Smith
Jayson Tatum,N.Buchert,31,587,4.795669637901301,5.756794916131247,-0.9611252782299458,111.92258064516129,111.67512776831344,0.247452876847845,-0.9982432097571226,0.03711793152717675,5.709313574983055,Nick Buchert
Jayson Tatum,N.Green,16,602,5.429344313312426,5.71673186390904,-0.2873875505966135,113.03125,111.6518272425249,1.3794227574750977,-0.4943009642178781,0.20691341362126464,5.709313574983055,Nate Green
Jayson Tatum,N.Sago,26,592,4.984790501422824,5.741478113579331,-0.7566876121565063,112.21538461538464,111.66435810810809,0.5510265072765463,-0.8393415882479882,0.08265397609148195,5.709313574983055,Natalie Sago
Jayson Tatum,P.Fraher,30,588,5.604225591220815,5.7146386243380665,-0.11041303311725148,111.52,111.69608843537414,-0.17608843537414032,-0.08399976781113043,0.026413265306121047,5.709313574983055,Pat Fraher
Jayson Tatum,P.Ransom,24,594,5.399054102726097,5.721987249741445,-0.32293314701534737,113.41666666666667,111.61767676767676,1.798989898989916,-0.5927816318638348,0.2698484848484874,5.709313574983055,Phenizee Ransom
Jayson Tatum,R.Acosta,33,585,6.526047667441031,5.663210624778758,0.8628370426622727,111.7,111.6868376068376,0.013162393162403419,0.8608626836879122,0.0019743589743605127,5.709313574983055,Ray Acosta
Jayson Tatum,R.Garretson,6,612,4.262751250703058,5.720726422766316,-1.457975172063258,108.03333333333332,111.7233660130719,-3.6900326797385787,-0.9044702701024713,0.5535049019607868,5.709313574983055,Ron Garretson
Jayson Tatum,R.Hussey,7,611,6.87060097455333,5.695906565255049,1.1746944092982812,117.25714285714287,111.62373158756138,5.633411269581487,0.32968271886105815,0.845011690437223,5.709313574983055,Robert Hussey
Jayson Tatum,R.Mott,22,596,5.982155791698268,5.699049028418544,0.28310676327972395,111.81818181818181,111.68271812080536,0.13546369737645136,0.2627872086732562,0.020319554606467703,5.709313574983055,Rodney Mott
Jayson Tatum,S.Corbin,29,589,6.188432869419155,5.685589230786193,0.502843638632962,111.08965517241377,111.7169779286927,-0.6273227562789288,0.5969420520748013,0.09409841344183931,5.709313574983055,Sean Corbin
Jayson Tatum,S.Foster,40,578,5.876758180454703,5.697179765793545,0.1795784146611581,111.3375,111.71176470588235,-0.3742647058823394,0.235718120543509,0.056139705882350906,5.709313574983055,Scott Foster
Jayson Tatum,S.Jelks,5,613,4.206738571971769,5.721933189278145,-1.515194617306376,113.54,111.67243066884176,1.8675693311582506,-1.7953300169801136,0.2801353996737376,5.709313574983055,Simone Jelks
Jayson Tatum,S.Mehta,13,605,6.918875177018005,5.680954984033401,1.2379201929846033,111.86153846153846,111.68380165289256,0.17773680864590347,1.2112596716877178,0.02666052129688552,5.709313574983055,Suyash Mehta
Jayson Tatum,S.Twardoski,22,596,5.651706020130405,5.711502451590557,-0.059796431460152455,112.45000000000003,111.65939597315436,0.7906040268456707,-0.17838703548700305,0.1185906040268506,5.709313574983055,Scott Twardoski
Jayson Tatum,S.Wall,25,593,5.455954533712219,5.719970637097709,-0.2640161033854902,110.85600000000001,111.72259696458684,-0.866596964586833,-0.13402655869746524,0.12998954468802495,5.709313574983055,Scott Wall
Jayson Tatum,S.Wright,38,580,5.386256496320897,5.729402544825875,-0.34314604850497865,111.5763157894737,111.6948275862069,-0.11851179673320189,-0.32536927899499835,0.01777676950998028,5.709313574983055,Sean Wright
Jayson Tatum,T.Brothers,37,581,5.223899595224156,5.740672595276382,-0.5167730000522264,111.0864864864865,111.72581755593804,-0.6393310694515293,-0.42087333963449697,0.09589966041772939,5.709313574983055,Tony Brothers
Jayson Tatum,T.Brown,17,601,5.74993344984433,5.708199489541197,0.04173396030313281,109.14117647058822,111.75956738768718,-2.6183909170989637,0.43449259786797734,0.3927586375648445,5.709313574983055,Tony Brown
Jayson Tatum,T.Ford,36,582,6.4893042592149,5.662099469129024,0.8272047900858759,110.72222222222223,111.74725085910652,-1.0250286368842865,0.9809590856185189,0.15375429553264297,5.709313574983055,Tyler Ford
Jayson Tatum,T.Maddox,20,598,4.917068421088218,5.737427601904413,-0.8203591808161947,110.9,111.7138795986622,-0.8138795986621972,-0.6982772410168652,0.12208193979932958,5.709313574983055,Tre Maddox
Jayson Tatum,T.Washington,20,598,4.979704955424479,5.733039097385772,-0.7533341419612931,110.36499999999998,111.73177257525084,-1.366772575250863,-0.5483182556736637,0.20501588628762946,5.709313574983055,Tom Washington
Jayson Tatum,Z.Zarba,42,576,6.434657116187929,5.654711848747222,0.7799452674407075,110.94285714285715,111.74184027777778,-0.7989831349206327,0.8997927376788024,0.11984747023809489,5.709313574983055,Zach Zarba
Jimmy Butler,A.Moyer-Gleich,9,694,11.56041117646032,7.85955301277343,3.70085816368689,112.9111111111111,110.0335260115607,2.8775850995504015,3.26922039875433,0.43163776493256023,7.902423403374392,Ashley Moyer-Gleich
Jimmy Butler,A.Nagy,18,685,6.745659961421878,7.932909727462886,-1.187249766041008,113.42222222222223,109.98213762811127,3.4400845941109566,-1.7032624551576514,0.5160126891166434,7.902423403374392,Andy Nagy
Jimmy Butler,A.Smith,26,677,7.6962918067111135,7.9102746686108665,-0.21398286189975302,110.71923076923078,110.04548148148146,0.6737492877493167,-0.31504525506215053,0.10106239316239751,7.902423403374392,Aaron Smith
Jimmy Butler,B.Adair,19,684,7.891574742630739,7.902700440393461,-0.01112569776272121,112.74736842105263,109.99589442815248,2.751473992900145,-0.42384679669774294,0.41272109893502174,7.902423403374392,Brandon Adair
Jimmy Butler,B.Adams,15,688,7.078663627667489,7.921664969723986,-0.843001342056497,107.1066666666667,110.13527696793004,-3.028610301263342,-0.38870979686699575,0.45429154518950127,7.902423403374392,Bennie Adams
Jimmy Butler,B.Barnaky,47,656,8.008644976058362,7.8951852058996215,0.11345977015874009,110.3531914893617,110.05015290519879,0.30303858416291973,0.06800398253430213,0.04545578762443796,7.902423403374392,Brent Barnaky
Jimmy Butler,B.Forte,30,673,7.817884048476907,7.906051264290136,-0.08816721581322895,110.60666666666667,110.04649776453057,0.5601689021360983,-0.17219255113364368,0.08402533532041474,7.902423403374392,Brian Forte
Jimmy Butler,B.Kennedy,24,679,6.657545030270088,7.944052834996354,-1.2865078047262664,109.27916666666668,110.09852289512553,-0.8193562284588438,-1.1636043704574397,0.12290343426882656,7.902423403374392,Bill Kennedy
Jimmy Butler,B.Nansel,24,679,7.250390940629283,7.925042487758492,-0.6746515471292085,111.62916666666668,110.0152141802068,1.6139524864598798,-0.9167444200981905,0.24209287296898196,7.902423403374392,Brett Nansel
Jimmy Butler,B.Schwab,11,692,9.431565576373453,7.878697296737985,1.5528682796354678,114.28181818181815,110.00333333333334,4.278484848484808,0.9110955523627465,0.6417727272727213,7.902423403374392,Brandon Schwab
Jimmy Butler,B.Spooner,15,688,7.206743925508275,7.918083883234723,-0.7113399577264481,106.32000000000001,110.1524781341108,-3.8324781341107865,-0.13646823760983018,0.5748717201166179,7.902423403374392,Bill Spooner
Jimmy Butler,B.Taylor,27,676,6.764500656560939,7.945893972890316,-1.1813933163293768,109.57407407407406,110.09035608308606,-0.5162820090120022,-1.1039510149775764,0.07744230135180032,7.902423403374392,Ben Taylor
Jimmy Butler,C.Blair,38,665,7.936047842072344,7.900541304921443,0.035506537150900463,110.51052631578946,110.04524886877829,0.4652774470111751,-0.0342850799007758,0.06979161705167626,7.902423403374392,Curtis Blair
Jimmy Butler,C.Kirkland,41,662,7.988647272423726,7.89710242107405,0.09154485134967594,110.1219512195122,110.06727272727272,0.05467849223947496,0.0833430775137547,0.008201773835921244,7.902423403374392,Courtney Kirkland
Jimmy Butler,C.Washington,22,681,9.761536707128558,7.841142315855946,1.9203943912726116,111.33636363636364,110.02945508100147,1.3069085553621704,1.724358107968286,0.19603628330432557,7.902423403374392,CJ Washington
Jimmy Butler,D.Collins,27,676,7.231766766056132,7.929237001003518,-0.697470234947386,108.7,110.1253709198813,-1.4253709198813027,-0.4836645969651906,0.2138056379821954,7.902423403374392,Derrick Collins
Jimmy Butler,D.Crawford,14,689,6.2868320162741576,7.937976432272934,-1.6511444159987763,106.19285714285715,110.1494905385735,-3.956633395716352,-1.0576494066413233,0.5934950093574528,7.902423403374392,Dan Crawford
Jimmy Butler,D.Guthrie,33,670,8.007011509458925,7.8970459198596075,0.10996558959931768,108.790625,110.13168908819134,-1.341064088191331,0.3111252028280173,0.20115961322869963,7.902423403374392,David Guthrie
Jimmy Butler,D.Jones,9,694,4.5045176121400825,7.9503028168393275,-3.445785204699245,104.51249999999999,110.13463203463202,-5.622132034632031,-2.6024653995044402,0.8433198051948047,7.902423403374392,David Jones
Jimmy Butler,D.Richardson,23,680,8.121182751677292,7.895130464380608,0.22605228729668436,109.67826086956524,110.08377581120942,-0.405514941644185,0.2868795285433121,0.06082724124662775,7.902423403374392,Derek Richardson
Jimmy Butler,D.Scott,8,695,7.404718693284937,7.9074636265576865,-0.5027449332727496,116.8,109.99278499278499,6.807215007215007,-1.5238271843550006,1.021082251082251,7.902423403374392,Danielle Scott
Jimmy Butler,D.Stafford,12,691,7.104933207436187,7.916557048255784,-0.811623840819597,107.18333333333334,110.12075471698115,-2.9374213836478162,-0.3710106332724246,0.4406132075471724,7.902423403374392,Derrick Stafford
Jimmy Butler,D.Taylor,33,670,9.17245144684502,7.840269875610043,1.332181571234977,110.5875,110.04573991031391,0.5417600896860932,1.250917557782063,0.08126401345291398,7.902423403374392,Dedric Taylor
Jimmy Butler,E.Dalen,27,676,5.722017071466542,7.988324024432022,-2.26630695296548,109.68148148148147,110.0860534124629,-0.40457193098143307,-2.205621163318265,0.06068578964721496,7.902423403374392,Eric Dalen
Jimmy Butler,E.Lewis,29,674,8.526257684341635,7.8744950601703465,0.6517626241712886,108.89310344827584,110.12127976190476,-1.2281763136289214,0.8359890712156268,0.18422644704433822,7.902423403374392,Eric Lewis
Jimmy Butler,E.Malloy,35,668,8.764749587578235,7.858791195370634,0.9059583922076007,109.96857142857142,110.07582582582583,-0.10725439725440822,0.9220465517957619,0.016088159588161233,7.902423403374392,Ed Malloy
Jimmy Butler,E.Roe,10,693,8.160468119876644,7.8984033438495915,0.262064776027052,105.47,110.1370477568741,-4.667047756874098,0.9621219395581667,0.7000571635311147,7.902423403374392,Eli Roe
Jimmy Butler,E.Scott,11,692,8.769352881606437,7.889424392947834,0.879928488658603,113.7818181818182,110.0113043478261,3.770513833992098,0.31435141355978835,0.5655770750988146,7.902423403374392,Evan Scott
Jimmy Butler,G.Petraitis,30,673,7.701829011604894,7.911414953866414,-0.20958594226152005,109.96666666666667,110.07511177347241,-0.10844510680574615,-0.19331917624065814,0.016266766020861922,7.902423403374392,Gediminas Petraitis
Jimmy Butler,G.Zielinski,10,693,6.939886043362088,7.918641101982106,-0.9787550586200187,106.7,110.11924746743848,-3.419247467438481,-0.46586793850424646,0.5128871201157722,7.902423403374392,Gary Zielinski
Jimmy Butler,H.Workman,14,689,8.91709884665996,7.880770088456106,1.0363287582038536,109.52857142857144,110.08151382823871,-0.5529423996672733,1.1192701181539446,0.082941359950091,7.902423403374392,Haywoode Workman
Jimmy Butler,J.Butler,10,693,7.703318660810686,7.905208237598488,-0.20188957678780195,113.07000000000001,110.0270622286541,3.0429377713459047,-0.6583302424896876,0.4564406657018857,7.902423403374392,John Butler
Jimmy Butler,J.Capers,31,672,8.08021053089454,7.893757644644789,0.18645288624975098,109.31290322580645,110.1055223880597,-0.7926191622532457,0.3053457605877378,0.11889287433798684,7.902423403374392,James Capers
Jimmy Butler,J.Conley,7,696,8.544048720780966,7.896577208719464,0.647471512061502,113.71428571428571,110.03371757925073,3.6805681350349744,0.09538629180625591,0.5520852202552461,7.902423403374392,John Conley
Jimmy Butler,J.Crawford,5,698,6.645514854340929,7.9112953762824825,-1.2657805219415534,106.475,110.09110473457676,-3.6161047345767656,-0.7233648117550386,0.5424157101865148,7.902423403374392,Joe Crawford
Jimmy Butler,J.DeRosa,23,680,7.920480300311996,7.901816293804424,0.018664006507572495,111.6304347826087,110.01755162241886,1.6128831601898383,-0.22326846752090324,0.24193247402847573,7.902423403374392,JB DeRosa
Jimmy Butler,J.Goble,59,644,7.510560495586776,7.937507291723951,-0.4269467961371749,110.8135593220339,110.00218068535824,0.8113786366756557,-0.5486535916385232,0.12170679550134834,7.902423403374392,John Goble
Jimmy Butler,J.Goldenberg,21,682,7.575926664009564,7.912378566967827,-0.3364519029582631,112.1,110.00779411764707,2.0922058823529284,-0.6502827853112023,0.31383088235293927,7.902423403374392,Jason Goldenberg
Jimmy Butler,J.Orr,21,682,7.806325766188388,7.905207516481838,-0.09888175029345003,110.0904761904762,110.06985294117646,0.020623249299731583,-0.10197523768840977,0.0030934873949597375,7.902423403374392,J.T. Orr
Jimmy Butler,J.Phillips,13,690,7.166532294186151,7.917679966735212,-0.7511476725490605,105.75,110.14571843251088,-4.395718432510876,-0.09178990767242912,0.6593577648766313,7.902423403374392,Jason Phillips
Jimmy Butler,J.Schroeder,10,693,8.493182711824781,7.894834912714391,0.5983477991103907,113.16999999999999,110.02561505065123,3.144384949348762,0.12669005670807643,0.4716577424023143,7.902423403374392,Jenna Schroeder
Jimmy Butler,J.Sterling,24,679,7.429092829266418,7.918732510920338,-0.48963968165392036,111.375,110.0242245199409,1.3507754800590988,-0.6922560036627852,0.2026163220088648,7.902423403374392,Jonathan Sterling
Jimmy Butler,J.Tiven,37,666,8.670239965662415,7.861272135956011,0.8089678297064031,110.48378378378379,110.04743975903614,0.43634402474765466,0.7435162259942549,0.0654516037121482,7.902423403374392,Josh Tiven
Jimmy Butler,J.Van Duyne,33,670,7.521868306501762,7.921932867967927,-0.40006456146616465,110.26060606060607,110.06107784431136,0.19952821629470918,-0.429993793910371,0.029929232444206377,7.902423403374392,Justin Van Duyne
Jimmy Butler,J.Williams,38,665,7.025429555017863,7.951342437902549,-0.9259128828846865,110.56315789473683,110.0422322775264,0.5209256172104375,-1.0040517254662522,0.07813884258156563,7.902423403374392,James Williams
Jimmy Butler,K.Cutler,27,676,9.007274597692705,7.8603499868764715,1.1469246108162334,110.04814814814814,110.07136498516321,-0.02321683701507027,1.150407136368494,0.00348252555226054,7.902423403374392,Kevin Cutler
Jimmy Butler,K.Fitzgerald,24,679,7.626225742971664,7.912816540037016,-0.28659079706535273,108.48333333333333,110.12673559822746,-1.643402264894121,-0.04008045733123461,0.24651033973411812,7.902423403374392,Kane Fitzgerald
Jimmy Butler,K.Lane,33,670,8.207608273241505,7.887432919279162,0.32017535396234287,109.60303030303031,110.0935628742515,-0.49053257122119476,0.39375523964552206,0.0735798856831792,7.902423403374392,Karl Lane
Jimmy Butler,K.Mauer,29,674,6.820106301039568,7.950178610517197,-1.1300723094776286,108.84137931034485,110.1235119047619,-1.2821325944170496,-0.9377524203150711,0.19231988916255743,7.902423403374392,Ken Mauer
Jimmy Butler,K.Scott,36,667,7.531112411879978,7.92318689891924,-0.3920744870392614,110.40555555555555,110.05233082706765,0.353224728487902,-0.4450581963124467,0.0529837092731853,7.902423403374392,Kevin Scott
Jimmy Butler,L.Holtkamp,18,685,8.809298704187754,7.878744504015609,0.9305542001721445,109.43333333333334,110.08726207906294,-0.6539287457296012,1.0286435120315847,0.09808931185944018,7.902423403374392,Lauren Holtkamp
Jimmy Butler,L.Richardson,23,680,6.933062102428572,7.934812251227548,-1.0017501487989762,107.99545454545455,110.13770250368188,-2.1422479582273297,-0.6804129550648768,0.32133719373409947,7.902423403374392,Leroy Richardson
Jimmy Butler,L.Wood,23,680,6.7356977940052785,7.941779454924287,-1.2060816609190086,109.52173913043478,110.08908554572272,-0.5673464152879433,-1.1209796986258171,0.08510196229319149,7.902423403374392,Leon Wood
Jimmy Butler,M.Ayotte,22,681,8.547792956827413,7.881079008364251,0.6667139484631619,107.36818181818181,110.15802650957288,-2.7898446913910675,1.085190652171822,0.41847670370866014,7.902423403374392,Mark Ayotte
Jimmy Butler,M.Boland,25,678,9.522764265451332,7.841517814534348,1.6812464509169844,109.82800000000002,110.07943786982248,-0.2514378698224675,1.7189621313903545,0.03771568047337013,7.902423403374392,Matt Boland
Jimmy Butler,M.Callahan,18,685,5.952773427841424,7.954804636898106,-2.002031209056682,109.16666666666666,110.09428989751098,-0.9276232308443184,-1.8628877244300341,0.13914348462664775,7.902423403374392,Mike Callahan
Jimmy Butler,M.Dagher,11,692,7.771880903121344,7.904207814776637,-0.13232691165529253,113.3,110.01898550724637,3.281014492753627,-0.6244790855683366,0.49215217391304406,7.902423403374392,Mousa Dagher
Jimmy Butler,M.Davis,36,667,8.343524968993158,7.876945676278502,0.46657929271465637,108.35277777777779,110.16345864661653,-1.8106808688387446,0.738181423040468,0.27160213032581165,7.902423403374392,Marc Davis
Jimmy Butler,M.Ervin,33,670,9.82574963039715,7.805454006835825,2.0202956235613243,110.6,110.04431137724549,0.5556886227545021,1.936942330148149,0.08335329341317532,7.902423403374392,Mitchell Ervin
Jimmy Butler,M.Kallio,5,698,9.790300350578592,7.888568940361839,1.9017314102167528,115.28000000000002,110.0330459770115,5.246954022988518,1.1146883067684752,0.7870431034482778,7.902423403374392,Matt Kallio
Jimmy Butler,M.Kogut,42,661,8.165635600312907,7.88586612825556,0.2797694720573469,109.78333333333335,110.0887708649469,-0.30543753161354914,0.3255851017993793,0.04581562974203237,7.902423403374392,Marat Kogut
Jimmy Butler,M.Lindsay,27,676,7.942636514065086,7.900940998467479,0.04169551559760709,110.1,110.06928783382789,0.03071216617210837,0.03708869067179084,0.004606824925816255,7.902423403374392,Mark Lindsay
Jimmy Butler,M.McCutchen,15,688,6.409704767811414,7.937109592287627,-1.5274048244762133,105.68666666666667,110.16632653061225,-4.479659863945585,-0.8554558448843755,0.6719489795918377,7.902423403374392,Monty McCutchen
Jimmy Butler,M.Myers,14,689,7.889099841072939,7.902701979025939,-0.013602137952999804,112.22142857142856,110.02663755458514,2.194791016843425,-0.3428207904795135,0.3292186525265137,7.902423403374392,Matt Myers
Jimmy Butler,M.Smith,33,670,7.661720519448972,7.914779132962879,-0.25305861351390746,109.23030303030305,110.11197604790418,-0.8816730176011305,-0.1208076608737379,0.13225095264016956,7.902423403374392,Michael Smith
Jimmy Butler,N.Buchert,40,663,7.598423108064155,7.9212875441749855,-0.32286443611083016,109.82750000000001,110.08517397881995,-0.2576739788199376,-0.28421333928783954,0.03865109682299064,7.902423403374392,Nick Buchert
Jimmy Butler,N.Green,7,696,6.392518385889107,7.916302200101767,-1.5237838142126598,112.35714285714288,110.04740634005763,2.3097365170852413,-1.870244291775446,0.3464604775627862,7.902423403374392,Nate Green
Jimmy Butler,N.Sago,21,682,8.381778741865512,7.8886353369666224,0.4931434048988894,113.51428571428572,109.96411764705881,3.550168067226906,-0.039381805185146446,0.5325252100840359,7.902423403374392,Natalie Sago
Jimmy Butler,P.Fraher,39,664,8.80830560070016,7.84815943679118,0.9601461639089806,110.65128205128204,110.03625377643505,0.615028274846992,0.8678919226819317,0.0922542412270488,7.902423403374392,Pat Fraher
Jimmy Butler,P.Ransom,15,688,8.068814392587576,7.898992226335545,0.16982216625203161,113.27999999999999,110.00029154518948,3.2797084548105033,-0.32213410196954384,0.49195626822157545,7.902423403374392,Phenizee Ransom
Jimmy Butler,R.Acosta,21,682,8.605346559472865,7.880602291303862,0.7247442681690037,113.61428571428574,109.96102941176471,3.6532563025210294,0.17675582279084934,0.5479884453781544,7.902423403374392,Ray Acosta
Jimmy Butler,R.Garretson,11,692,8.045399758939332,7.900083504836048,0.14531625410328441,107.30909090909091,110.11449275362318,-2.8054018445322697,0.5661265307831249,0.42081027667984044,7.902423403374392,Ron Garretson
Jimmy Butler,R.Hussey,10,693,11.204514383780797,7.8558755669198055,3.3486388168609915,114.72,110.00318379160636,4.716816208393638,2.6411163856019457,0.7075224312590457,7.902423403374392,Robert Hussey
Jimmy Butler,R.Mott,14,689,7.985526070413181,7.900675694318347,0.08485037609483381,109.8714285714286,110.0745269286754,-0.2030983572468017,0.11531512968185406,0.030464753587020253,7.902423403374392,Rodney Mott
Jimmy Butler,S.Anderson,5,698,8.494706539350942,7.897305072444164,0.5974014669067778,106.97999999999999,110.09267241379311,-3.1126724137931205,1.0643023289757458,0.4669008620689681,7.902423403374392,Steve Anderson
Jimmy Butler,S.Corbin,31,672,7.576708006326563,7.916933828950017,-0.340225822623454,110.83870967741939,110.03492537313431,0.8037843042850739,-0.4607934682662151,0.12056764564276107,7.902423403374392,Sean Corbin
Jimmy Butler,S.Foster,44,659,7.967379655406392,7.897999717558408,0.0693799378479838,109.56590909090909,110.10426179604259,-0.5383527051335051,0.15013284361800955,0.08075290577002577,7.902423403374392,Scott Foster
Jimmy Butler,S.Jelks,5,698,13.031303357996583,7.871879136458893,5.15942422153769,113.78,110.04382183908046,3.736178160919536,4.598997497399759,0.5604267241379304,7.902423403374392,Simone Jelks
Jimmy Butler,S.Mehta,8,695,10.226196738558654,7.878361699044937,2.3478350395137166,113.4625,110.03131313131311,3.4311868686868934,1.8331570092106828,0.5146780303030339,7.902423403374392,Suyash Mehta
Jimmy Butler,S.Twardoski,28,675,7.970690796733613,7.89971443126463,0.070976365468983,108.32857142857142,110.14294205052008,-1.8143706219486546,0.34313195876128116,0.27215559329229816,7.902423403374392,Scott Twardoski
Jimmy Butler,S.Wall,24,679,7.462680805561882,7.918331971948157,-0.455651166386275,109.125,110.103988183161,-0.9789881831609932,-0.30880293891212607,0.14684822747414897,7.902423403374392,Scott Wall
Jimmy Butler,S.Wright,35,668,7.803235810150267,7.90786891960838,-0.10463310945811344,109.95428571428572,110.07657657657657,-0.1222908622908534,-0.08628948011448542,0.018343629343628008,7.902423403374392,Sean Wright
Jimmy Butler,T.Brothers,43,660,8.309805417779474,7.874761005822217,0.4350444119572572,110.09767441860464,110.06869300911853,0.028981409486107168,0.43069720053434113,0.004347211422916075,7.902423403374392,Tony Brothers
Jimmy Butler,T.Brown,27,676,7.46063458738275,7.92073593364043,-0.4601013462576802,107.1962962962963,110.18560830860535,-2.989312012309057,-0.011704544411321682,0.4483968018463585,7.902423403374392,Tony Brown
Jimmy Butler,T.Ford,28,675,7.66774510441398,7.911781303540096,-0.24403619912611596,110.04999999999998,110.07132243684993,-0.021322436849942505,-0.2408378335986246,0.0031983655274913756,7.902423403374392,Tyler Ford
Jimmy Butler,T.Maddox,33,670,8.14678343386417,7.890085870944257,0.2566975629199133,109.17575757575759,110.11467065868263,-0.9389130829250405,0.3975345253586694,0.14083696243875607,7.902423403374392,Tre Maddox
Jimmy Butler,T.Ricks,5,698,6.760883998861804,7.910591829734299,-1.1497078308724955,113.38,110.04669540229885,3.3333045977011437,-1.6497035205276671,0.49999568965517155,7.902423403374392,Tyler Ricks
Jimmy Butler,T.Washington,28,675,7.025197309694468,7.937192407697,-0.9119950980025324,110.52142857142859,110.05170876671617,0.4697198047124118,-0.9824530687093942,0.07045797070686177,7.902423403374392,Tom Washington
Jimmy Butler,Z.Zarba,51,652,7.603267096872525,7.926427781020836,-0.323160684148311,109.14313725490196,110.14323076923078,-1.0000935143288245,-0.17314665699898732,0.1500140271493237,7.902423403374392,Zach Zarba
Joel Embiid,A.Moyer-Gleich,11,465,11.865707216307628,11.221238598458473,0.6444686178491548,113.67272727272726,111.11870967741935,2.5540175953079114,0.26136597855296806,0.3831026392961867,11.23669420073094,Ashley Moyer-Gleich
Joel Embiid,A.Nagy,8,468,11.297869633441243,11.235737124639714,0.062132508801528985,115.03750000000001,111.11175213675213,3.925747863247878,-0.5267296706856527,0.5888621794871817,11.23669420073094,Andy Nagy
Joel Embiid,A.Smith,33,443,10.875501730863643,11.263636236001068,-0.3881345051374243,111.75757575757575,111.13453724604966,0.6230385115260901,-0.48159028186633784,0.09345577672891352,11.23669420073094,Aaron Smith
Joel Embiid,B.Adair,19,457,12.965459140690818,11.162114955019335,1.8033441856714827,111.80526315789473,111.15164113785558,0.6536220200391512,1.70530088266561,0.09804330300587268,11.23669420073094,Brandon Adair
Joel Embiid,B.Barnaky,20,456,9.573644320341648,11.309170362240046,-1.7355260418983978,110.98999999999998,111.18596491228071,-0.1959649122807292,-1.7061313050562883,0.02939473684210938,11.23669420073094,Brent Barnaky
Joel Embiid,B.Forte,21,455,12.294146831643022,11.188913049316557,1.105233782326465,110.89047619047618,111.190989010989,-0.3005128205128216,1.1503107054033883,0.045076923076923237,11.23669420073094,Brian Forte
Joel Embiid,B.Kennedy,18,458,13.53211538905698,11.146735319798145,2.3853800692588347,112.67777777777776,111.11877729257641,1.5590004852013521,2.151529996478632,0.2338500727802028,11.23669420073094,Bill Kennedy
Joel Embiid,B.Nansel,18,458,11.18267598185209,11.238893220475148,-0.0562172386230575,111.97777777777777,111.146288209607,0.831489568170781,-0.18094067384867463,0.12472343522561714,11.23669420073094,Brett Nansel
Joel Embiid,B.Schwab,9,467,12.501774579288204,11.210955175042862,1.290819404245342,112.19999999999999,111.15802997858673,1.0419700214132632,1.1345239010333525,0.15629550321198948,11.23669420073094,Brandon Schwab
Joel Embiid,B.Taylor,33,443,12.018753070266781,11.179196423958746,0.8395566463080346,110.86969696969697,111.20067720090292,-0.3309802312059418,0.8892036809889259,0.04964703468089127,11.23669420073094,Ben Taylor
Joel Embiid,C.Blair,27,449,9.775443251937949,11.329806676250008,-1.5543634243120596,110.95185185185184,111.1913140311804,-0.23946217932855518,-1.5184440974127764,0.035919326899283274,11.23669420073094,Curtis Blair
Joel Embiid,C.Kirkland,31,445,11.794783654879044,11.20055700909487,0.5942266457841736,110.89677419354838,111.19730337078653,-0.30052917723814687,0.6393060223698956,0.04507937658572203,11.23669420073094,Courtney Kirkland
Joel Embiid,C.Washington,11,465,10.546826416815222,11.253394745980334,-0.7065683291651119,111.89090909090909,111.16086021505377,0.7300488758553172,-0.8160756605434095,0.10950733137829757,11.23669420073094,CJ Washington
Joel Embiid,D.Collins,16,460,12.028175160137945,11.209316450585883,0.8188587095520621,111.0375,111.18260869565218,-0.14510869565218343,0.8406250138998896,0.021766304347827514,11.23669420073094,Derrick Collins
Joel Embiid,D.Guthrie,26,450,10.879180964960932,11.257724485622232,-0.3785435206612995,109.78076923076924,111.25844444444445,-1.4776752136752123,-0.15689223861001764,0.22165128205128184,11.23669420073094,David Guthrie
Joel Embiid,D.Richardson,16,460,12.264940997335364,11.200147744211744,1.0647932531236197,110.20625000000001,111.21152173913042,-1.0052717391304071,1.2155840139931808,0.15079076086956106,11.23669420073094,Derek Richardson
Joel Embiid,D.Stafford,6,470,7.483857420337025,11.276019107138024,-3.7921616868009993,106.88333333333334,111.23255319148937,-4.349219858156033,-3.1397787080775945,0.6523829787234049,11.23669420073094,Derrick Stafford
Joel Embiid,D.Taylor,21,455,9.865841273851926,11.301010222134426,-1.4351689482825005,110.30952380952382,111.21780219780217,-0.9082783882783474,-1.2989271900407484,0.1362417582417521,11.23669420073094,Dedric Taylor
Joel Embiid,E.Dalen,16,460,9.474402820422338,11.296859979151952,-1.8224571587296143,111.225,111.17608695652174,0.048913043478250984,-1.829794115251352,0.007336956521737647,11.23669420073094,Eric Dalen
Joel Embiid,E.Lewis,20,456,10.652933184427484,11.264789658194566,-0.611856473767082,110.215,111.21995614035089,-1.0049561403508847,-0.46111305271444925,0.1507434210526327,11.23669420073094,Eric Lewis
Joel Embiid,E.Malloy,25,451,9.571255847518248,11.327304888330495,-1.7560490408122469,110.94,111.19090909090909,-0.2509090909090901,-1.7184126771758834,0.03763636363636351,11.23669420073094,Ed Malloy
Joel Embiid,E.Scott,12,464,10.389521940671436,11.258932428304254,-0.8694104876328179,113.79166666666667,111.11012931034483,2.68153735632184,-1.271641091081094,0.402230603448276,11.23669420073094,Evan Scott
Joel Embiid,G.Petraitis,18,458,12.530695924482393,11.184653492763541,1.3460424317188515,111.30000000000001,111.17292576419213,0.12707423580788202,1.3269812963476693,0.019061135371182304,11.23669420073094,Gediminas Petraitis
Joel Embiid,G.Zielinski,7,469,10.170069407801273,11.251194346857531,-1.0811249390562576,108.94285714285714,111.21108742004265,-2.268230277185509,-0.7408903974784313,0.34023454157782634,11.23669420073094,Gary Zielinski
Joel Embiid,H.Workman,8,468,12.036502858341636,11.223186844856565,0.8133160134850712,111.8375,111.166452991453,0.6710470085470064,0.7126589622030203,0.10065705128205095,11.23669420073094,Haywoode Workman
Joel Embiid,J.Butler,5,471,11.438209739737582,11.234431717002385,0.20377802273519663,111.53999999999999,111.17388535031846,0.36611464968153484,0.1488608252829664,0.054917197452230226,11.23669420073094,John Butler
Joel Embiid,J.Capers,28,448,10.727260622266048,11.269504269383743,-0.5422436471176955,111.50357142857145,111.15736607142857,0.34620535714287826,-0.5941744506891272,0.05193080357143174,11.23669420073094,James Capers
Joel Embiid,J.Conley,7,469,11.152992203232303,11.237948187733215,-0.0849559845009118,111.75714285714287,111.16908315565031,0.5880597014925542,-0.1731649397247949,0.08820895522388313,11.23669420073094,John Conley
Joel Embiid,J.DeRosa,18,458,12.944799107333957,11.168941836578067,1.775857270755889,110.22777777777777,111.2150655021834,-0.9872877244056326,1.923950429416734,0.14809315866084488,11.23669420073094,JB DeRosa
Joel Embiid,J.Goble,49,427,11.405658275785251,11.216751213238126,0.1889070625471252,111.2795918367347,111.16604215456672,0.1135496821679709,0.17187461022192957,0.017032452325195634,11.23669420073094,John Goble
Joel Embiid,J.Goldenberg,16,460,13.257325012693045,11.165830030307337,2.091494982385708,111.49375,111.16673913043478,0.3270108695652283,2.0424433519509235,0.04905163043478424,11.23669420073094,Jason Goldenberg
Joel Embiid,J.Orr,24,452,12.71858479056527,11.156390907541411,1.562193883023859,111.69166666666668,111.15044247787608,0.5412241887905935,1.4810102547052701,0.08118362831858902,11.23669420073094,J.T. Orr
Joel Embiid,J.Phillips,6,470,8.300581669548814,11.273758630669368,-2.9731769611205543,106.96666666666665,111.23148936170212,-4.264822695035463,-2.333453556865235,0.6397234042553194,11.23669420073094,Jason Phillips
Joel Embiid,J.Ralls,7,469,12.095208313637652,11.223645463072534,0.8715628505651178,113.55714285714285,111.14221748400853,2.4149253731343236,0.5093240445949694,0.3622388059701485,11.23669420073094,JD Ralls
Joel Embiid,J.Schroeder,5,471,14.433766265323726,11.20778491979404,3.2259813455296857,114.88,111.13842887473461,3.7415711252653807,2.6647456767398787,0.5612356687898071,11.23669420073094,Jenna Schroeder
Joel Embiid,J.Sterling,11,465,10.017596267954334,11.266602637681837,-1.2490063697275033,112.67272727272729,111.14236559139785,1.5303616813294383,-1.4785606219269192,0.22955425219941572,11.23669420073094,Jonathan Sterling
Joel Embiid,J.Tiven,23,453,12.471514943951949,11.172258925039532,1.2992560189124163,111.21739130434783,111.17571743929358,0.04167386505424986,1.2930049391542788,0.006251079758137479,11.23669420073094,Josh Tiven
Joel Embiid,J.Van Duyne,23,453,10.391140921677442,11.278675994631422,-0.8875350729539804,111.42608695652177,111.16512141280354,0.26096554371822833,-0.9266799045117147,0.039144831557734246,11.23669420073094,Justin Van Duyne
Joel Embiid,J.Williams,26,450,11.446826599153209,11.223722361184869,0.22310423796833945,110.9923076923077,111.18844444444446,-0.19613675213675208,0.2525247507888523,0.02942051282051281,11.23669420073094,James Williams
Joel Embiid,K.Cutler,19,457,11.57860254324243,11.222367778028355,0.3562347652140758,112.21578947368423,111.13457330415753,1.081216169526698,0.19405233978507114,0.16218242542900468,11.23669420073094,Kevin Cutler
Joel Embiid,K.Fitzgerald,17,459,11.272737624185146,11.235409251344823,0.03732837284032264,109.32352941176471,111.24640522875816,-1.9228758169934537,0.32575974538934066,0.288431372549018,11.23669420073094,Kane Fitzgerald
Joel Embiid,K.Lane,26,450,12.442711100472323,11.165223889892259,1.2774872105800643,112.04230769230769,111.12777777777778,0.9145299145299077,1.140307723400578,0.13717948717948616,11.23669420073094,Karl Lane
Joel Embiid,K.Mauer,12,464,12.913038317999394,11.194118831786781,1.718919486212613,111.62500000000001,111.16616379310346,0.45883620689654947,1.6500940551781305,0.06882543103448242,11.23669420073094,Ken Mauer
Joel Embiid,K.Scott,13,463,9.832168657433552,11.27393876250215,-1.4417701050685974,111.70000000000002,111.16306695464363,0.5369330453563919,-1.5223100618720562,0.08053995680345878,11.23669420073094,Kevin Scott
Joel Embiid,L.Holtkamp,14,462,9.293733124911181,11.291805406407653,-1.998072281496471,109.92142857142856,111.21580086580086,-1.2943722943722946,-1.803916437340627,0.1941558441558442,11.23669420073094,Lauren Holtkamp
Joel Embiid,L.Richardson,11,465,12.094308975898144,11.2177749863933,0.8765339895048445,109.0,111.22924731182798,-2.229247311827976,1.210921086279041,0.33438709677419637,11.23669420073094,Leroy Richardson
Joel Embiid,L.Wood,15,461,10.461880083307562,11.260018258858576,-0.7981381755510135,111.17333333333333,111.17787418655098,-0.004540853217648078,-0.7974570475683663,0.0006811279826472117,11.23669420073094,Leon Wood
Joel Embiid,M.Ayotte,10,466,10.063141278610892,11.260478717643238,-1.1973374390323457,110.73999999999998,111.18712446351931,-0.4471244635193301,-1.1302687695044462,0.06706866952789951,11.23669420073094,Mark Ayotte
Joel Embiid,M.Boland,28,448,10.827740839903784,11.260971090358705,-0.4332302504549208,111.69642857142856,111.14531250000002,0.5511160714285381,-0.5158976611692015,0.08266741071428071,11.23669420073094,Matt Boland
Joel Embiid,M.Callahan,11,465,8.966562195147263,11.285348035739249,-2.3187858405919854,108.44545454545454,111.24236559139784,-2.796911045943304,-1.89924918370049,0.4195366568914956,11.23669420073094,Mike Callahan
Joel Embiid,M.Dagher,6,470,9.569573663224618,11.258274420769867,-1.6887007575452486,114.96666666666665,111.12936170212767,3.837304964538987,-2.2642965022260966,0.5755957446808481,11.23669420073094,Mousa Dagher
Joel Embiid,M.Davis,32,444,10.386622766027807,11.298866271651745,-0.9122435056239375,110.7375,111.20945945945945,-0.4719594594594554,-0.8414495867050192,0.0707939189189183,11.23669420073094,Marc Davis
Joel Embiid,M.Ervin,29,447,11.290563461415372,11.233180135258278,0.05738332615709396,110.30344827586208,111.23445190156599,-0.9310036257039087,0.19703387001268027,0.1396505438555863,11.23669420073094,Mitchell Ervin
Joel Embiid,M.Kogut,36,440,11.543742534689278,11.21070858144952,0.3330339532397577,110.6222222222222,111.22318181818181,-0.6009595959596084,0.423177892633699,0.09014393939394125,11.23669420073094,Marat Kogut
Joel Embiid,M.Lindsay,26,450,12.774112103296835,11.143002886893651,1.6311092164031837,111.43076923076923,111.16311111111109,0.2676581196581367,1.5909604984544632,0.0401487179487205,11.23669420073094,Mark Lindsay
Joel Embiid,M.Myers,8,468,11.476797419944766,11.232387052928116,0.2444103670166502,112.7875,111.15021367521366,1.6372863247863307,-0.0011825817012993955,0.2455929487179496,11.23669420073094,Matt Myers
Joel Embiid,M.Smith,22,454,11.300491441553817,11.233691406828918,0.06680003472489915,110.4227272727273,111.21431718061673,-0.7915899078894313,0.18553852090831385,0.11873848618341469,11.23669420073094,Michael Smith
Joel Embiid,N.Buchert,27,449,10.961821008027597,11.254662560910385,-0.2928415528827877,111.46296296296295,111.16057906458795,0.30238389837499824,-0.3381991376390374,0.045357584756249736,11.23669420073094,Nick Buchert
Joel Embiid,N.Green,8,468,10.414588878688006,11.250473253169968,-0.835884374481962,114.275,111.12478632478631,3.150213675213692,-1.3084164257640158,0.4725320512820538,11.23669420073094,Nate Green
Joel Embiid,N.Sago,13,463,14.05098262045183,11.156267617290137,2.894715003161693,113.23846153846155,111.11987041036717,2.11859112809438,2.5769263339475357,0.317788669214157,11.23669420073094,Natalie Sago
Joel Embiid,P.Fraher,21,455,10.3467698840249,11.278853722961156,-0.932083838936256,111.77142857142859,111.15032967032967,0.6210989010989181,-1.0252486741010938,0.09316483516483771,11.23669420073094,Pat Fraher
Joel Embiid,P.Ransom,15,461,11.300755557971408,11.234573164305116,0.06618239366629197,111.98666666666666,111.15140997830804,0.8352566883586263,-0.05910610958750198,0.12528850325379395,11.23669420073094,Phenizee Ransom
Joel Embiid,R.Acosta,18,458,10.551477146424796,11.26500214620059,-0.7135249997757942,110.83333333333333,111.19126637554585,-0.3579330422125224,-0.6598350434439159,0.05368995633187836,11.23669420073094,Ray Acosta
Joel Embiid,R.Garretson,6,470,8.489169180148066,11.269818129888522,-2.7806489497404563,108.85000000000001,111.20744680851064,-2.3574468085106304,-2.4270319284638617,0.35361702127659456,11.23669420073094,Ron Garretson
Joel Embiid,R.Mott,17,459,11.071606969705874,11.242389612636437,-0.170782642930563,110.74117647058824,111.19389978213508,-0.45272331154683343,-0.10287414619853799,0.06790849673202501,11.23669420073094,Rodney Mott
Joel Embiid,S.Corbin,20,456,9.949224274806678,11.290595741683248,-1.34137146687657,109.87,111.23508771929824,-1.3650877192982307,-1.1366083089818353,0.2047631578947346,11.23669420073094,Sean Corbin
Joel Embiid,S.Foster,36,440,9.751330609031488,11.364286629725248,-1.61295602069376,110.50277777777778,111.23295454545455,-0.7301767676767668,-1.503429505542245,0.10952651515151501,11.23669420073094,Scott Foster
Joel Embiid,S.Mehta,9,467,11.603031805624425,11.229810390629446,0.37322141499497974,112.58888888888889,111.15053533190579,1.4383535569831025,0.15746838144751438,0.21575303354746536,11.23669420073094,Suyash Mehta
Joel Embiid,S.Twardoski,21,455,11.250119580352681,11.236120630218723,0.013998950133958132,111.22857142857144,111.17538461538462,0.0531868131868265,0.006020928155934158,0.007978021978023974,11.23669420073094,Scott Twardoski
Joel Embiid,S.Wall,16,460,10.643099027395497,11.258027018741497,-0.6149279913460006,111.70625000000001,111.15934782608696,0.546902173913054,-0.6969633174329587,0.08203532608695809,11.23669420073094,Scott Wall
Joel Embiid,S.Wright,23,453,12.279981610403258,11.178248741490409,1.1017328689128494,110.83478260869566,111.1951434878587,-0.36036087916303927,1.1557870007873052,0.05405413187445589,11.23669420073094,Sean Wright
Joel Embiid,T.Brothers,24,452,11.582521485770064,11.217732790304682,0.36478869546538206,111.52916666666665,111.15907079646017,0.3700958702064838,0.3092743149344095,0.055514380530972574,11.23669420073094,Tony Brothers
Joel Embiid,T.Brown,15,461,8.799846625766872,11.304982900085122,-2.50513627431825,110.02666666666666,111.21518438177874,-1.1885177151120843,-2.3268586170514376,0.17827765726681263,11.23669420073094,Tony Brown
Joel Embiid,T.Ford,24,452,10.813333182317564,11.258070301291248,-0.4447371189736842,109.80833333333332,111.2504424778761,-1.4421091445427834,-0.22842074729226666,0.2163163716814175,11.23669420073094,Tyler Ford
Joel Embiid,T.Maddox,21,455,10.62191165856328,11.26309930089369,-0.6411876423304115,111.32857142857141,111.17076923076922,0.15780219780218374,-0.664857972000739,0.02367032967032756,11.23669420073094,Tre Maddox
Joel Embiid,T.Washington,16,460,10.702304312370755,11.254156456593067,-0.5518521442223125,111.48124999999999,111.16717391304348,0.31407608695650424,-0.5989635572657882,0.04711141304347564,11.23669420073094,Tom Washington
Joel Embiid,Z.Zarba,20,456,11.117562493185906,11.242039448386958,-0.12447695520105206,110.715,111.19802631578948,-0.4830263157894734,-0.05202300783263106,0.072453947368421,11.23669420073094,Zach Zarba
Kevin Durant,A.Nagy,5,614,2.7620978791034143,6.666209225274317,-3.9041113461709025,111.46000000000001,110.10180032733226,1.3581996726677517,-4.107841297071065,0.20372995090016274,6.6339626877697455,Andy Nagy
Kevin Durant,A.Smith,27,592,5.697396809079042,6.677702991463116,-0.9803061823840737,111.50740740740741,110.04889643463498,1.4585109727724301,-1.1990828282999382,0.21877664591586451,6.6339626877697455,Aaron Smith
Kevin Durant,B.Adair,16,603,5.843275714931142,6.655946443755507,-0.8126707288243651,112.04375,110.06133333333331,1.982416666666694,-1.1100332288243693,0.2973625000000041,6.6339626877697455,Brandon Adair
Kevin Durant,B.Adams,13,606,4.986239508301382,6.6691627199974475,-1.6829232116960657,108.14615384615385,110.155223880597,-2.0090700344431554,-1.3815627065295923,0.3013605051664733,6.6339626877697455,Bennie Adams
Kevin Durant,B.Barnaky,29,590,6.3987750992319405,6.645130205396644,-0.24635510616470313,111.01724137931036,110.06814310051108,0.9490982787992834,-0.38871984798459563,0.1423647418198925,6.6339626877697455,Brent Barnaky
Kevin Durant,B.Forte,36,583,6.455809201292424,6.644791166655809,-0.18898196536338485,109.81388888888888,110.13137931034484,-0.3174904214559575,-0.14135840214499124,0.04762356321839362,6.6339626877697455,Brian Forte
Kevin Durant,B.Kennedy,34,585,6.365730524241657,6.648971637765264,-0.2832411135236068,110.35000000000001,110.09896907216496,0.2510309278350462,-0.3208957526988637,0.03765463917525693,6.6339626877697455,Bill Kennedy
Kevin Durant,B.Nansel,18,601,6.116054375612714,6.649014941340555,-0.5329605657278407,110.99444444444444,110.08628762541805,0.908156819026388,-0.6691840885817989,0.1362235228539582,6.6339626877697455,Brett Nansel
Kevin Durant,B.Schwab,6,613,6.672789513233698,6.633608657712572,0.039180855521125935,112.84999999999998,110.08590163934426,2.764098360655723,-0.37543389857723247,0.4146147540983584,6.6339626877697455,Brandon Schwab
Kevin Durant,B.Spooner,8,611,6.394923387164347,6.637235243954079,-0.24231185678973155,107.15,110.15180921052632,-3.001809210526318,0.2079595247892161,0.45027138157894764,6.6339626877697455,Bill Spooner
Kevin Durant,B.Taylor,24,595,7.335281133080783,6.605763256756363,0.7295178763244197,109.77500000000002,110.12652027027026,-0.35152027027024246,0.782245916864956,0.05272804054053637,6.6339626877697455,Ben Taylor
Kevin Durant,C.Blair,21,598,7.022467103574546,6.619758489829472,0.40270861374507394,110.9809523809524,110.08218487394957,0.8987675070028303,0.2678934876946494,0.13481512605042453,6.6339626877697455,Curtis Blair
Kevin Durant,C.Flores,6,613,3.7619192754822137,6.66413463419424,-2.9022153587120263,116.31666666666668,110.05180327868854,6.264863387978139,-3.8419448669087473,0.9397295081967207,6.6339626877697455,Che Flores
Kevin Durant,C.Kirkland,33,586,6.393593822614663,6.647350665699566,-0.2537568430849033,109.89393939393938,110.12521440823328,-0.23127501429389952,-0.2190655909408184,0.03469125214408492,6.6339626877697455,Courtney Kirkland
Kevin Durant,C.Washington,13,606,4.41852443103877,6.67643157834035,-2.25790714730158,111.5230769230769,110.08242122719734,1.4406556958795562,-2.4740055016835134,0.21609835438193342,6.6339626877697455,CJ Washington
Kevin Durant,D.Collins,27,592,6.766384245477445,6.6282750221119535,0.13810922336549147,109.25555555555556,110.15212224108659,-0.8965666855310275,0.2725942261951456,0.13448500282965412,6.6339626877697455,Derrick Collins
Kevin Durant,D.Crawford,13,606,5.493368184949047,6.658855458917193,-1.1654872739681457,105.20000000000003,110.21873963515753,-5.018739635157502,-0.4126763286945204,0.7528109452736252,6.6339626877697455,Dan Crawford
Kevin Durant,D.Guthrie,29,590,6.838847018505171,6.623763902960883,0.21508311554428783,110.1896551724138,110.10902896081772,0.0806262115960692,0.20298918380487746,0.012093931739410379,6.6339626877697455,David Guthrie
Kevin Durant,D.Richardson,26,593,7.0561311362918815,6.615758179571051,0.44037295672083054,109.99615384615385,110.1179661016949,-0.12181225554105879,0.45864479505198935,0.018271838331158818,6.6339626877697455,Derek Richardson
Kevin Durant,D.Stafford,14,605,6.703827388859232,6.632222107097734,0.0716052817614985,106.12142857142858,110.20564784053157,-4.084219269102988,0.6842381721269467,0.6126328903654482,6.6339626877697455,Derrick Stafford
Kevin Durant,D.Taylor,20,599,7.289826316218641,6.611364887168074,0.678461429050567,110.41,110.1028523489933,0.3071476510067015,0.6323892813995619,0.04607214765100522,6.6339626877697455,Dedric Taylor
Kevin Durant,E.Dalen,22,597,6.287707919148184,6.646516515676043,-0.3588085965278589,109.11818181818181,110.14966329966329,-1.0314814814814781,-0.2040863743056372,0.1547222222222217,6.6339626877697455,Eric Dalen
Kevin Durant,E.Lewis,27,592,6.722929583108247,6.63004522203884,0.092884361069407,109.19999999999999,110.15466893039047,-0.9546689303904827,0.2360847006279794,0.1432003395585724,6.6339626877697455,Eric Lewis
Kevin Durant,E.Malloy,35,584,6.769401842099742,6.625694739289056,0.14370710281068622,108.4542857142857,110.21273666092944,-1.758450946643734,0.40747474480724627,0.26376764199656005,6.6339626877697455,Ed Malloy
Kevin Durant,E.Roe,8,611,6.261305134270209,6.6388760134089795,-0.3775708791387702,105.025,110.1797697368421,-5.154769736842098,0.39564458138754455,0.7732154605263147,6.6339626877697455,Eli Roe
Kevin Durant,E.Scott,8,611,8.311031987595475,6.611637976309643,1.6993940112858326,113.3875,110.06973684210526,3.3177631578947455,1.2017295376016208,0.4976644736842118,6.6339626877697455,Evan Scott
Kevin Durant,G.Petraitis,28,591,6.918721449186328,6.6202546029144855,0.2984668462718423,111.15714285714286,110.06309523809523,1.094047619047629,0.13435970341469794,0.16410714285714434,6.6339626877697455,Gediminas Petraitis
Kevin Durant,G.Zielinski,15,604,7.195247583386282,6.619889643758919,0.5753579396273629,106.5642857142857,110.1953488372093,-3.6310631229235923,1.1200174080659018,0.5446594684385389,6.6339626877697455,Gary Zielinski
Kevin Durant,H.Workman,13,606,7.622380450005696,6.6132517827319575,1.009128667273739,108.9076923076923,110.13880597014925,-1.2311136624569485,1.1937957166422812,0.18466704936854228,6.6339626877697455,Haywoode Workman
Kevin Durant,J.Butler,13,606,6.347154065410948,6.639977028096216,-0.29282296268526764,112.56153846153846,110.06003316749585,2.501505294042616,-0.66804875679166,0.3752257941063924,6.6339626877697455,John Butler
Kevin Durant,J.Capers,34,585,6.247870581412974,6.656109845818884,-0.4082392644059105,109.19705882352942,110.166323024055,-0.9692642005255863,-0.2628496343270726,0.14538963007883793,6.6339626877697455,James Capers
Kevin Durant,J.Conley,6,613,4.346173623376333,6.657359870075758,-2.3111862466994246,113.18333333333334,110.08262295081967,3.100710382513668,-2.776292804076475,0.4651065573770502,6.6339626877697455,John Conley
Kevin Durant,J.DeRosa,17,602,7.444075443323516,6.609857265914484,0.8342181774090323,112.12941176470588,110.05559265442407,2.0738191102818035,0.5231453108667617,0.3110728665422705,6.6339626877697455,JB DeRosa
Kevin Durant,J.Goble,69,550,6.711783614310648,6.624010660172539,0.08777295413810915,111.20294117647059,109.97755474452555,1.22538643194504,-0.09603501065364686,0.183807964791756,6.6339626877697455,John Goble
Kevin Durant,J.Goldenberg,18,601,7.948399669334965,6.594548601600335,1.3538510677346292,112.73888888888888,110.03377926421405,2.705109624674833,0.9480846240334042,0.40576644370122494,6.6339626877697455,Jason Goldenberg
Kevin Durant,J.Orr,31,588,6.6819021455975,6.631387959153693,0.050514186443807674,110.41290322580646,110.09692307692308,0.31598014888338355,0.0031171641113001414,0.04739702233250753,6.6339626877697455,J.T. Orr
Kevin Durant,J.Phillips,21,598,6.846084289616212,6.6268661743531005,0.21921811526311163,107.03809523809527,110.22134453781513,-3.1832492997198614,0.6967055102210908,0.4774873949579792,6.6339626877697455,Jason Phillips
Kevin Durant,J.Schroeder,10,609,6.652630804732968,6.633651200388786,0.018979604344181666,112.99000000000001,110.06534653465347,2.9246534653465375,-0.4197184154577989,0.4386980198019806,6.6339626877697455,Jenna Schroeder
Kevin Durant,J.Sterling,9,610,6.909111545624796,6.629879430219184,0.27923211540561255,113.71111111111111,110.05947281713345,3.651638293977655,-0.2685136286910357,0.5477457440966482,6.6339626877697455,Jonathan Sterling
Kevin Durant,J.Tiven,32,587,7.449351392197079,6.587588495305327,0.8617628968917526,109.44999999999999,110.14914383561644,-0.6991438356164537,0.9666344722342206,0.10487157534246805,6.6339626877697455,Josh Tiven
Kevin Durant,J.Van Duyne,28,591,7.791979876568487,6.577580951136194,1.2143989254322927,112.07857142857145,110.01921768707483,2.059353741496622,0.9054958642077994,0.3089030612244933,6.6339626877697455,Justin Van Duyne
Kevin Durant,J.Williams,28,591,7.161478275065258,6.60920622847455,0.5522720465907085,111.91785714285716,110.02687074829933,1.890986394557828,0.2686240874070343,0.2836479591836742,6.6339626877697455,James Williams
Kevin Durant,K.Cutler,32,587,5.803998608712267,6.678139948881149,-0.8741413401688813,110.596875,110.08630136986301,0.5105736301369888,-0.9507273846894296,0.0765860445205483,6.6339626877697455,Kevin Cutler
Kevin Durant,K.Fitzgerald,19,600,6.635908934115213,6.633906633906634,0.0020023002085789443,107.13684210526316,110.2075376884422,-3.0706955831790452,0.4626066376854357,0.46060433747685675,6.6339626877697455,Kane Fitzgerald
Kevin Durant,K.Lane,32,587,5.830903790087463,6.677746176336045,-0.8468423862485821,110.2875,110.10325342465754,0.18424657534245625,-0.8744793725499506,0.027636986301368436,6.6339626877697455,Karl Lane
Kevin Durant,K.Mauer,24,595,8.160492909205272,6.574418847281905,1.5860740619233678,108.13333333333333,110.19307432432433,-2.0597409909910027,1.895035210572018,0.3089611486486504,6.6339626877697455,Ken Mauer
Kevin Durant,K.Scott,28,591,7.49377331232168,6.594663822590353,0.8991094897313268,110.28571428571429,110.1045918367347,0.1811224489795933,0.8719411223843878,0.027168367346938994,6.6339626877697455,Kevin Scott
Kevin Durant,L.Holtkamp,15,604,6.109085101285703,6.646139481114249,-0.5370543798285459,108.85333333333332,110.1442595673877,-1.290926234054382,-0.3434154447203886,0.19363893510815727,6.6339626877697455,Lauren Holtkamp
Kevin Durant,L.Richardson,13,606,6.175455058609643,6.643598232108137,-0.4681431734984942,107.62307692307694,110.16650082918738,-2.5434239061104478,-0.08662958758192707,0.38151358591656714,6.6339626877697455,Leroy Richardson
Kevin Durant,L.Wood,26,593,7.416132938127667,6.600259169761229,0.8158737683664379,108.79999999999998,110.1706779661017,-1.3706779661017237,1.0214754632816965,0.20560169491525854,6.6339626877697455,Leon Wood
Kevin Durant,M.Ayotte,21,598,7.718448348222316,6.598739111405132,1.119709236817184,108.25714285714287,110.1783193277311,-1.921176470588236,1.4078857074054194,0.28817647058823537,6.6339626877697455,Mark Ayotte
Kevin Durant,M.Boland,22,597,6.9146847415956705,6.623675477628898,0.29100926396677274,108.33181818181819,110.17878787878789,-1.846969696969694,0.5680547185122269,0.2770454545454541,6.6339626877697455,Matt Boland
Kevin Durant,M.Callahan,24,595,7.473090722706305,6.5978932366778755,0.8751974860284291,107.9409090909091,110.193265993266,-2.252356902356894,1.2130510213819632,0.3378535353535341,6.6339626877697455,Mike Callahan
Kevin Durant,M.Dagher,12,607,6.731196771214556,6.631993350334142,0.09920342088041423,114.10000000000001,110.03360927152316,4.066390728476847,-0.5107551883911128,0.609958609271527,6.6339626877697455,Mousa Dagher
Kevin Durant,M.Davis,43,576,6.083539855486056,6.675848564445597,-0.5923087089595409,109.55116279069767,110.15497382198953,-0.6038110312918548,-0.5017370542657626,0.09057165469377822,6.6339626877697455,Marc Davis
Kevin Durant,M.Ervin,18,601,5.884404748871468,6.656851416197278,-0.7724466673258101,111.07777777777778,110.08377926421406,0.9939985135637244,-0.9215464443603688,0.14909977703455865,6.6339626877697455,Mitchell Ervin
Kevin Durant,M.Kallio,8,611,6.935869124340889,6.62986467192025,0.30600445242063934,113.88749999999999,110.06315789473683,3.824342105263156,-0.26764686336883403,0.5736513157894734,6.6339626877697455,Matt Kallio
Kevin Durant,M.Kogut,22,597,7.232289157635024,6.611585771444417,0.6207033861906073,108.51818181818182,110.17188552188553,-1.6537037037037123,0.8687589417461641,0.24805555555555683,6.6339626877697455,Marat Kogut
Kevin Durant,M.Lindsay,27,592,6.5858146717315735,6.636076922846714,-0.050262251115140266,108.82222222222221,110.17198641765705,-1.3497641954348438,0.1522023782000863,0.20246462931522657,6.6339626877697455,Mark Lindsay
Kevin Durant,M.McCutchen,19,600,7.1667111460534745,6.616704341824738,0.5500068042287367,105.39473684210525,110.26298157453937,-4.868244732434121,1.2802435140938548,0.7302367098651181,6.6339626877697455,Monty McCutchen
Kevin Durant,M.Myers,10,609,6.22463437477486,6.640494850139793,-0.41586047536493265,114.72999999999999,110.03663366336636,4.6933663366336305,-1.1198654258599772,0.7040049504950445,6.6339626877697455,Matt Myers
Kevin Durant,M.Smith,19,600,7.316530433621624,6.6124798744962305,0.7040505591253936,111.07894736842105,110.0820770519263,0.9968703164947499,0.5545200116511811,0.1495305474742125,6.6339626877697455,Michael Smith
Kevin Durant,N.Buchert,35,584,7.457748225012198,6.584545376467084,0.8732028485451142,109.84000000000002,110.12925989672978,-0.28925989672976016,0.9165918330545783,0.043388984509464025,6.6339626877697455,Nick Buchert
Kevin Durant,N.Green,11,608,6.469930600966102,6.636949418379695,-0.16701881741359248,111.5,110.08760330578512,1.412396694214877,-0.378878321545824,0.21185950413223154,6.6339626877697455,Nate Green
Kevin Durant,N.Sago,13,606,5.547210036200401,6.657778506250919,-1.1105684700505183,114.07692307692308,110.0273631840796,4.049559892843476,-1.7180024539770398,0.6074339839265214,6.6339626877697455,Natalie Sago
Kevin Durant,P.Fraher,24,595,5.2820086636120935,6.691809887044319,-1.4098012234322255,109.28333333333335,110.1464527027027,-0.8631193693693575,-1.280333318026822,0.12946790540540362,6.6339626877697455,Pat Fraher
Kevin Durant,P.Ransom,16,603,5.042468464213294,6.679458693489002,-1.6369902292757077,114.93125,109.98433333333334,4.946916666666667,-2.3790277292757076,0.7420375,6.6339626877697455,Phenizee Ransom
Kevin Durant,R.Acosta,23,596,6.570295880874106,6.636439848485514,-0.06614396761140817,112.54347826086956,110.01854974704891,2.5249285138206545,-0.44488324468450635,0.3787392770730982,6.6339626877697455,Ray Acosta
Kevin Durant,R.Garretson,26,593,6.546569704360614,6.637800523711084,-0.09123081935046962,107.13999999999999,110.23857868020305,-3.0985786802030617,0.37355598267998963,0.46478680203045925,6.6339626877697455,Ron Garretson
Kevin Durant,R.Mott,20,599,7.225163500467145,6.613974768630292,0.6111887318368536,110.82631578947367,110.09011725293131,0.7361985365423607,0.5007589513554995,0.1104297804813541,6.6339626877697455,Rodney Mott
Kevin Durant,S.Corbin,24,595,7.452549471119846,6.600230235109244,0.8523192360106018,109.44583333333333,110.13986486486488,-0.6940315315315502,0.9564239657403343,0.10410472972973252,6.6339626877697455,Sean Corbin
Kevin Durant,S.Foster,38,581,6.183507293386004,6.664241584554449,-0.4807342911684449,108.96052631578945,110.1885813148789,-1.2280549990894514,-0.29652604130502724,0.1842082498634177,6.6339626877697455,Scott Foster
Kevin Durant,S.Mehta,9,610,5.295063966701565,6.654037568287756,-1.3589736015861913,112.83333333333333,110.07248764415156,2.760845689181764,-1.773100454963456,0.41412685337726457,6.6339626877697455,Suyash Mehta
Kevin Durant,S.Mitchell,6,613,6.5456964411101675,6.634872915826491,-0.08917647471632328,115.91666666666667,110.05573770491803,5.860928961748641,-0.9683158189786194,0.8791393442622961,6.6339626877697455,Sha'Rae Mitchell
Kevin Durant,S.Twardoski,30,589,6.52550963291708,6.639574126018004,-0.11406449310092359,111.61,110.03617747440275,1.5738225255972509,-0.3501378719405112,0.23607337883958762,6.6339626877697455,Scott Twardoski
Kevin Durant,S.Wall,21,598,7.585015380725633,6.602293468630032,0.9827219120956006,109.82857142857144,110.12285714285714,-0.2942857142857065,1.0268647692384565,0.04414285714285597,6.6339626877697455,Scott Wall
Kevin Durant,S.Wright,31,588,6.6160139590113705,6.634946630601638,-0.018932671590267347,110.99032258064514,110.06632478632478,0.923997794320357,-0.1575323407383209,0.13859966914805355,6.6339626877697455,Sean Wright
Kevin Durant,T.Brothers,33,586,6.478962137818682,6.642649577130215,-0.1636874393115333,110.41875000000002,110.09606164383563,0.3226883561643916,-0.21209069273619202,0.04840325342465874,6.6339626877697455,Tony Brothers
Kevin Durant,T.Brown,14,605,5.516407076969606,6.659628775010942,-1.1432216980413363,107.90714285714284,110.1641196013289,-2.256976744186062,-0.8046751864134271,0.3385465116279093,6.6339626877697455,Tony Brown
Kevin Durant,T.Ford,28,591,7.322199371737215,6.6002204252152135,0.7219789465220012,111.19285714285711,110.06139455782312,1.1314625850339866,0.5522595587669032,0.16971938775509798,6.6339626877697455,Tyler Ford
Kevin Durant,T.Maddox,27,592,6.9395436797324646,6.6207889088801055,0.31875477085235904,109.10370370370372,110.1590831918506,-1.0553794881468832,0.4770616940743915,0.15830692322203246,6.6339626877697455,Tre Maddox
Kevin Durant,T.Washington,32,587,6.241788974531021,6.656138716425421,-0.41434974189439977,109.50967741935484,110.14478632478632,-0.6351089054314798,-0.3190834060796778,0.09526633581472196,6.6339626877697455,Tom Washington
Kevin Durant,Z.Zarba,40,579,6.1968691137150875,6.663931115709775,-0.4670620019946874,110.3,110.09982638888889,0.20017361111111143,-0.4970880436613541,0.03002604166666671,6.6339626877697455,Zach Zarba
LeBron James,A.Moyer-Gleich,9,725,7.993809507788581,6.316119753012703,1.6776897547758773,113.07777777777777,109.9268326417704,3.1509451360073655,1.2050479843747726,0.4726417704011048,6.335031541155202,Ashley Moyer-Gleich
LeBron James,A.Nagy,15,719,5.897789845729109,6.344335108451786,-0.4465452627226769,113.5,109.89163179916316,3.6083682008368356,-0.9878004928482023,0.5412552301255253,6.335031541155202,Andy Nagy
LeBron James,A.Smith,22,712,6.095355369992688,6.342333930009274,-0.24697856001658636,111.05909090909091,109.93169014084508,1.1274007682458347,-0.41608867525346155,0.1691101152368752,6.335031541155202,Aaron Smith
LeBron James,B.Adair,17,717,5.261669499284613,6.359822267358043,-1.0981527680734295,112.49411764705881,109.90545454545453,2.5886631016042827,-1.486452233314072,0.3882994652406424,6.335031541155202,Brandon Adair
LeBron James,B.Adams,13,721,6.513129589656656,6.331916640774827,0.18121294888182948,108.36153846153846,109.99457579972184,-1.6330373381833851,0.42616854960933725,0.24495560072750777,6.335031541155202,Bennie Adams
LeBron James,B.Barnaky,41,693,6.787635945959938,6.309953595159343,0.4776823508005945,109.54634146341465,109.99044862518089,-0.4441071617662402,0.5442984250655305,0.06661607426493603,6.335031541155202,Brent Barnaky
LeBron James,B.Forte,40,694,5.520837974285802,6.3814272961097664,-0.8605893218239649,110.3025641025641,109.94660894660895,0.3559551559551579,-0.9139825952172386,0.05339327339327369,6.335031541155202,Brian Forte
LeBron James,B.Kennedy,23,711,5.3148843418011955,6.367478899802015,-1.0525945580008198,110.17391304347828,109.95881523272213,0.21509781075614853,-1.084859229614242,0.03226467161342228,6.335031541155202,Bill Kennedy
LeBron James,B.Nansel,21,713,5.992624254248948,6.344903560485925,-0.35227930623697645,112.61428571428571,109.88734177215188,2.726943942133829,-0.7613208975570508,0.40904159132007434,6.335031541155202,Brett Nansel
LeBron James,B.Spooner,13,721,6.608594126397451,6.330024575439506,0.2785695509579451,106.34615384615387,110.03101529902644,-3.6848614528725676,0.8312987688888303,0.5527292179308851,6.335031541155202,Bill Spooner
LeBron James,B.Taylor,33,701,6.007186150937121,6.350561934324379,-0.34337578338725727,110.6878787878788,109.93147353361947,0.7564052542593345,-0.4568365715261574,0.11346078813890016,6.335031541155202,Ben Taylor
LeBron James,C.Blair,35,699,5.554495365163406,6.373270350322334,-0.8187749851589272,110.56285714285715,109.93558106169297,0.6272760811641831,-0.9128663973335547,0.09409141217462746,6.335031541155202,Curtis Blair
LeBron James,C.Flores,5,729,2.8355043926083003,6.357075024949798,-3.5215706323414975,117.4,109.91444291609353,7.485557083906471,-4.644404194927468,1.1228335625859707,6.335031541155202,Che Flores
LeBron James,C.Kirkland,33,701,6.197833698247141,6.341454022056455,-0.1436203238093139,110.53636363636363,109.93862660944207,0.597737026921564,-0.23328087784754847,0.0896605540382346,6.335031541155202,Courtney Kirkland
LeBron James,C.Washington,14,720,6.792930053295596,6.326213860194833,0.46671619310076284,110.36428571428571,109.95779944289696,0.4064862713887578,0.4057432523924492,0.06097294070831367,6.335031541155202,CJ Washington
LeBron James,D.Collins,37,697,6.1016244034159834,6.347116510261312,-0.24549210684532863,109.56756756756755,109.98676258992803,-0.41919502236048345,-0.1826128534912561,0.06287925335407252,6.335031541155202,Derrick Collins
LeBron James,D.Crawford,15,719,8.480439250585201,6.28844879982687,2.1919904507583308,106.10666666666667,110.0463040446304,-3.9396373779637344,2.7829360574528907,0.5909456066945601,6.335031541155202,Dan Crawford
LeBron James,D.Guthrie,44,690,6.749030966837531,6.308662308421339,0.4403686584161921,109.97954545454546,109.96468023255815,0.014865221987307109,0.438138875118096,0.0022297832980960664,6.335031541155202,David Guthrie
LeBron James,D.Jones,9,725,7.888163372628073,6.314604800224191,1.5735585724038819,105.18888888888888,110.02503457814662,-4.836145689257734,2.298980425792542,0.72542185338866,6.335031541155202,David Jones
LeBron James,D.Richardson,28,706,6.075428815288149,6.345595707716174,-0.2701668924280254,111.05,109.92244318181817,1.12755681818183,-0.4393004151552999,0.1691335227272745,6.335031541155202,Derek Richardson
LeBron James,D.Scott,6,728,6.28480444850356,6.3354274446891425,-0.050622996185582636,112.68333333333332,109.94311294765839,2.740220385674931,-0.46165605403682225,0.4110330578512396,6.335031541155202,Danielle Scott
LeBron James,D.Stafford,20,714,6.139405432691652,6.340625056482692,-0.2012196237910393,105.80499999999999,110.08244382022474,-4.277443820224747,0.4403969492426727,0.641616573033712,6.335031541155202,Derrick Stafford
LeBron James,D.Taylor,33,701,6.6313468022003095,6.321106926976296,0.3102398752240134,109.25757575757575,109.99899856938482,-0.7414228118090733,0.4214532969953744,0.111213421771361,6.335031541155202,Dedric Taylor
LeBron James,E.Dalen,35,699,6.33722766024629,6.3349207065891475,0.0023069536571425076,109.75999999999999,109.9758967001435,-0.21589670014350304,0.034691458678667964,0.032384505021525456,6.335031541155202,Eric Dalen
LeBron James,E.Lewis,36,698,8.03849191230828,6.245178139826991,1.7933137724812882,108.92,110.01807747489241,-1.0980774748924063,1.958025393715149,0.16471162123386093,6.335031541155202,Eric Lewis
LeBron James,E.Malloy,33,701,5.329752620978155,6.381366469155486,-1.0516138481773307,110.22424242424243,109.95336194563662,0.2708804786058181,-1.0922459199682035,0.04063207179087271,6.335031541155202,Ed Malloy
LeBron James,E.Scott,6,728,4.571080298643913,6.348302234820951,-1.7772219361770372,113.71666666666665,109.93457300275482,3.782093663911837,-2.344535985763813,0.5673140495867756,6.335031541155202,Evan Scott
LeBron James,G.Petraitis,36,698,5.781930955892383,6.3638897540297545,-0.5819587981373715,110.58055555555558,109.93376436781608,0.6467911877394954,-0.6789774762982959,0.09701867816092431,6.335031541155202,Gediminas Petraitis
LeBron James,G.Zielinski,16,718,6.743090763370466,6.326254035603904,0.41683672776656167,107.56875,110.01913407821229,-2.450384078212295,0.7843943394984059,0.36755761173184426,6.335031541155202,Gary Zielinski
LeBron James,H.Workman,13,721,8.031089009091462,6.304505013130846,1.726583995960615,107.36923076923078,110.0125173852573,-2.643286616026515,2.123076988364592,0.39649299240397723,6.335031541155202,Haywoode Workman
LeBron James,J.Butler,20,714,5.076227173730945,6.370181936882945,-1.2939547631520005,112.495,109.89452247191011,2.600477528089897,-1.684026392365485,0.39007162921348454,6.335031541155202,John Butler
LeBron James,J.Capers,35,699,6.786459168939516,6.312630036941107,0.4738291319984098,108.22571428571429,110.05294117647058,-1.8272268907562932,0.7479131656118538,0.27408403361344397,6.335031541155202,James Capers
LeBron James,J.Conley,5,729,6.650758217227312,6.332943768248138,0.3178144489791741,113.7,109.93988995873453,3.7601100412654773,-0.24620205721064747,0.5640165061898216,6.335031541155202,John Conley
LeBron James,J.DeRosa,22,712,6.841981607034974,6.3192816218253824,0.5226999852095915,111.82272727272726,109.90802816901407,1.9146991037131897,0.23549511965261305,0.28720486555697844,6.335031541155202,JB DeRosa
LeBron James,J.Goble,67,667,6.6452038850811,6.303277940324943,0.34192594475615756,110.29552238805971,109.93233082706767,0.36319156099203553,0.28744721060735223,0.05447873414880533,6.335031541155202,John Goble
LeBron James,J.Goldenberg,21,713,5.933658402582241,6.346428736259057,-0.41277033367681604,111.4952380952381,109.92039381153306,1.5748442837050334,-0.648996976232571,0.23622664255575498,6.335031541155202,Jason Goldenberg
LeBron James,J.Orr,28,706,5.116379011340969,6.382326156959128,-1.265947145618159,110.05714285714286,109.96193181818181,0.09521103896105387,-1.280228801462317,0.014281655844158081,6.335031541155202,J.T. Orr
LeBron James,J.Phillips,17,717,6.893259301541177,6.32109246539399,0.5721668361471872,106.9764705882353,110.03664335664335,-3.0601727684080515,1.031192751408395,0.45902591526120773,6.335031541155202,Jason Phillips
LeBron James,J.Schroeder,6,728,5.428664996230093,6.342616880794595,-0.9139518845645025,111.46666666666665,109.95316804407713,1.5134986225895233,-1.140976677952931,0.2270247933884285,6.335031541155202,Jenna Schroeder
LeBron James,J.Sterling,17,717,5.785550881853739,6.348040013399141,-0.5624891315454015,113.22941176470589,109.88797202797203,3.341439736733861,-1.0637050920554807,0.5012159605100791,6.335031541155202,Jonathan Sterling
LeBron James,J.Tiven,52,682,6.361795163183346,6.3329783206318,0.028816842551545818,110.52307692307694,109.9229411764706,0.6001357466063411,-0.06120351943940534,0.09002036199095116,6.335031541155202,Josh Tiven
LeBron James,J.Van Duyne,41,693,5.562174466872444,6.380211042587528,-0.8180365757150838,110.08292682926829,109.95861070911724,0.12431612015105031,-0.8366839937377414,0.018647418022657545,6.335031541155202,Justin Van Duyne
LeBron James,J.Williams,46,688,6.451891823909259,6.326996986796869,0.12489483711238947,110.2021739130435,109.94970845481049,0.25246545823300437,0.08702501837743881,0.037869818734950655,6.335031541155202,James Williams
LeBron James,K.Cutler,44,690,6.774152861595522,6.3091657475237355,0.4649871140717865,111.18409090909091,109.88764534883722,1.2964455602536873,0.2705202800337334,0.1944668340380531,6.335031541155202,Kevin Cutler
LeBron James,K.Fitzgerald,24,710,5.621287268749882,6.359784255800889,-0.7384969870510076,108.05833333333334,110.03022598870055,-1.9718926553672134,-0.44271308874592563,0.295783898305082,6.335031541155202,Kane Fitzgerald
LeBron James,K.Lane,31,703,7.206473977369804,6.2965901785489775,0.9098837988208262,109.84516129032258,109.97089871611982,-0.12573742579724012,0.9287444126904122,0.018860613869586016,6.335031541155202,Karl Lane
LeBron James,K.Mauer,21,713,6.553454464078222,6.32842116121342,0.2250333028648024,107.575,110.03272471910113,-2.4577247191011224,0.5936920107299708,0.36865870786516836,6.335031541155202,Ken Mauer
LeBron James,K.Scott,35,699,6.2970506427576645,6.336933966575382,-0.0398833238177172,110.83428571428573,109.92195121951221,0.9123344947735177,-0.17673349803374486,0.13685017421602766,6.335031541155202,Kevin Scott
LeBron James,L.Holtkamp,20,714,7.609068276871354,6.300034076670626,1.3090342002007276,107.75263157894737,110.02454417952315,-2.2719126005757744,1.6498210902870938,0.34078689008636615,6.335031541155202,Lauren Holtkamp
LeBron James,L.Richardson,18,716,7.2263460533193955,6.312942090944423,0.9134039623749723,107.28888888888889,110.0330532212885,-2.744164332399606,1.3250286122349133,0.4116246498599409,6.335031541155202,Leroy Richardson
LeBron James,L.Wood,24,710,6.835380520775218,6.317123016593978,0.5182575041812401,109.6,109.97743300423132,-0.377433004231321,0.5748724548159382,0.056614950634698145,6.335031541155202,Leon Wood
LeBron James,M.Ayotte,29,705,6.823505148564442,6.315410351570809,0.5080947969936327,107.69310344827586,110.05931721194881,-2.3662137636729454,0.8630268615445744,0.3549320645509418,6.335031541155202,Mark Ayotte
LeBron James,M.Boland,32,702,6.615083073136268,6.322027324280977,0.2930557488552914,109.678125,109.97871428571429,-0.30058928571429533,0.3381441417124357,0.0450883928571443,6.335031541155202,Matt Boland
LeBron James,M.Callahan,22,712,7.3768242332579135,6.301598943836068,1.0752252894218453,106.8909090909091,110.06084507042253,-3.1699359795134257,1.5507156863488591,0.47549039692701384,6.335031541155202,Mike Callahan
LeBron James,M.Dagher,17,717,6.330760015593565,6.335128581211161,-0.004368565617595799,112.98235294117646,109.89384615384616,3.088506787330303,-0.46764458371714124,0.46327601809954544,6.335031541155202,Mousa Dagher
LeBron James,M.Davis,45,689,6.450285105507199,6.327327870846727,0.12295723466047193,109.83777777777779,109.97394468704513,-0.1361669092673452,0.14338227105057372,0.02042503639010178,6.335031541155202,Marc Davis
LeBron James,M.Ervin,22,712,5.715908234871444,6.355977143397843,-0.6400689085263993,110.64090909090909,109.94464788732397,0.6962612035851237,-0.7445080890641679,0.10443918053776854,6.335031541155202,Mitchell Ervin
LeBron James,M.Kallio,6,728,5.78928828511479,6.339573693178349,-0.5502854080635586,117.11666666666667,109.9064738292011,7.21019283746557,-1.6318143336833941,1.0815289256198355,6.335031541155202,Matt Kallio
LeBron James,M.Kogut,29,705,6.183225451212149,6.341424020912013,-0.15819856969986468,109.4,109.98890469416784,-0.5889046941678373,-0.06986286557468908,0.0883357041251756,6.335031541155202,Marat Kogut
LeBron James,M.Lindsay,28,706,6.740515857085509,6.31800082513859,0.42251503194691864,109.32142857142857,109.99119318181819,-0.6697646103896204,0.5229797235053617,0.10046469155844306,6.335031541155202,Mark Lindsay
LeBron James,M.McCutchen,20,714,7.048017074724267,6.314279664779286,0.7337374099449816,105.30500000000002,110.09648876404496,-4.791488764044942,1.452460724551723,0.7187233146067413,6.335031541155202,Monty McCutchen
LeBron James,M.Myers,18,716,5.8177686800325175,6.348738362787497,-0.5309696827549795,113.59999999999998,109.87394957983193,3.7260504201680504,-1.0898772457801869,0.5589075630252075,6.335031541155202,Matt Myers
LeBron James,M.Smith,34,700,6.9787177396542255,6.304288451568654,0.6744292880855713,109.76470588235294,109.97535816618911,-0.2106522838361684,0.7060271306609966,0.03159784257542526,6.335031541155202,Michael Smith
LeBron James,N.Buchert,35,699,5.648629237907048,6.370815710608709,-0.7221864727016607,109.54285714285716,109.98680057388809,-0.4439434310309309,-0.6555949580470211,0.06659151465463964,6.335031541155202,Nick Buchert
LeBron James,N.Green,9,725,5.011465724229099,6.350720630574537,-1.3392549063454382,113.35555555555555,109.92337482710927,3.4321807284462835,-1.8540820156123807,0.5148271092669425,6.335031541155202,Nate Green
LeBron James,N.Sago,17,717,5.349167879393293,6.357947113736261,-1.0087792343429678,112.70588235294117,109.90041958041957,2.805462772521608,-1.429598650221209,0.4208194158782412,6.335031541155202,Natalie Sago
LeBron James,P.Fraher,30,704,7.239396537406691,6.2951413772878855,0.9442551601188054,109.33000000000001,109.99273504273503,-0.6627350427350223,1.0436654165290586,0.09941025641025333,6.335031541155202,Pat Fraher
LeBron James,P.Ransom,8,726,4.714613117974462,6.351144975792586,-1.6365318578181238,112.875,109.93342541436465,2.941574585635351,-2.0777680456634267,0.44123618784530266,6.335031541155202,Phenizee Ransom
LeBron James,R.Acosta,26,708,6.176286814672563,6.340927515231042,-0.16464070055847824,111.1692307692308,109.92124645892352,1.2479843103072739,-0.3518383471045693,0.18719764654609108,6.335031541155202,Ray Acosta
LeBron James,R.Garretson,14,720,5.689649998499565,6.347502530010431,-0.6578525315108656,106.36428571428571,110.03579387186629,-3.6715081575805755,-0.1071263078737793,0.5507262236370863,6.335031541155202,Ron Garretson
LeBron James,R.Mott,31,703,6.572131168004393,6.325021186172703,0.24710998183169064,111.40322580645162,109.90199714693294,1.5012286595186737,0.021925682903889604,0.22518429892780104,6.335031541155202,Rodney Mott
LeBron James,S.Anderson,12,722,8.188804805512206,6.302640339079673,1.8861644664325325,105.44999999999999,110.04083333333332,-4.590833333333336,2.574789466432533,0.6886250000000004,6.335031541155202,Steve Anderson
LeBron James,S.Corbin,24,710,6.743614386226898,6.32082222805216,0.4227921581747376,109.86250000000001,109.96906779661018,-0.10656779661016458,0.43877732766626226,0.015985169491524686,6.335031541155202,Sean Corbin
LeBron James,S.Foster,52,682,6.4424154086783005,6.326798858804636,0.1156165498736641,109.47307692307692,110.00323529411764,-0.5301583710407272,0.19514030552977318,0.07952375565610907,6.335031541155202,Scott Foster
LeBron James,S.Mehta,7,727,6.939341003554003,6.329270059946306,0.6100709436076972,112.82857142857142,109.93793103448276,2.8906403940886634,0.1764748844943977,0.4335960591132995,6.335031541155202,Suyash Mehta
LeBron James,S.Twardoski,41,693,5.888760859966004,6.360631900724803,-0.47187104075879915,110.74878048780488,109.91910274963821,0.8296777381666658,-0.5963227014837991,0.12445166072499986,6.335031541155202,Scott Twardoski
LeBron James,S.Wall,20,714,6.619719570138783,6.326753470175962,0.29296609996282097,108.905,109.99536516853932,-1.0903651685393214,0.4565208752437192,0.1635547752808982,6.335031541155202,Scott Wall
LeBron James,S.Wright,42,692,6.041499533834913,6.353205559336779,-0.31170602550186555,109.68571428571431,109.98260869565217,-0.2968944099378632,-0.2671718640111861,0.04453416149067948,6.335031541155202,Sean Wright
LeBron James,T.Brothers,35,699,6.137903653077781,6.344884214105995,-0.20698056102821383,110.01764705882354,109.96303724928369,0.05460980953985484,-0.21517203245919206,0.008191471430978226,6.335031541155202,Tony Brothers
LeBron James,T.Brown,22,712,5.308039352415838,6.366896994700118,-1.0588576422842806,108.44090909090909,110.01281690140846,-1.5719078104993685,-0.8230714707093754,0.23578617157490525,6.335031541155202,Tony Brown
LeBron James,T.Ford,36,698,5.656026659510217,6.369656428481935,-0.7136297689717184,111.09166666666667,109.90732758620689,1.1843390804597789,-0.8912806310406852,0.17765086206896682,6.335031541155202,Tyler Ford
LeBron James,T.Maddox,34,700,5.952068753902086,6.354122019066586,-0.4020532651644997,109.84705882352942,109.97134670487107,-0.12428788134164392,-0.3834100829632531,0.018643182201246587,6.335031541155202,Tre Maddox
LeBron James,T.Washington,30,704,5.7724295225735105,6.359179155812928,-0.5867496332394175,109.75,109.97478632478632,-0.2247863247863222,-0.5530316845214692,0.03371794871794833,6.335031541155202,Tom Washington
LeBron James,Z.Zarba,42,692,7.19445166561444,6.285527259425403,0.9089244061890369,109.54523809523809,109.99115942028985,-0.4459213250517564,0.9758126049468003,0.06688819875776346,6.335031541155202,Zach Zarba
Luka Doncic,A.Moyer-Gleich,17,450,9.340032576573517,8.370935265184993,0.9690973113885235,112.12352941176471,112.11844444444445,0.0050849673202577605,0.9683345662904849,0.0007627450980386641,8.407995423441713,Ashley Moyer-Gleich
Luka Doncic,A.Nagy,16,451,7.508864631857053,8.439218254992976,-0.9303536231359235,113.11875,112.08314855875831,1.0356014412416954,-1.0856938393221778,0.1553402161862543,8.407995423441713,Andy Nagy
Luka Doncic,A.Smith,20,447,6.983714993297842,8.475394212165355,-1.491679218867513,112.7,112.09261744966442,0.6073825503355863,-1.5827866014178509,0.09110738255033794,8.407995423441713,Aaron Smith
Luka Doncic,B.Adair,26,441,7.925651154390814,8.435035803797888,-0.5093846494070737,111.75,112.14036281179139,-0.3903628117913911,-0.45083022763836506,0.05855442176870866,8.407995423441713,Brandon Adair
Luka Doncic,B.Adams,5,462,7.73569701853344,8.41414532204008,-0.6784483035066398,111.94000000000001,112.12056277056277,-0.1805627705627586,-0.651363887922226,0.02708441558441379,8.407995423441713,Bennie Adams
Luka Doncic,B.Barnaky,22,445,8.329796516325013,8.411859695024733,-0.08206317869971969,112.76363636363635,112.08674157303369,0.6768947906026597,-0.18359739729011865,0.10153421859039895,8.407995423441713,Brent Barnaky
Luka Doncic,B.Forte,28,439,8.741311803806113,8.386658107501148,0.3546536963049647,112.14642857142856,112.11685649202732,0.029572079401233964,0.3502178843947796,0.004435811910185094,8.407995423441713,Brian Forte
Luka Doncic,B.Kennedy,16,451,9.57767936830975,8.364702440336101,1.2129769279736493,113.30625,112.07649667405765,1.2297533259423545,1.0285139290822962,0.18446299889135317,8.407995423441713,Bill Kennedy
Luka Doncic,B.Nansel,17,450,7.743121706123322,8.432175599461777,-0.6890538933384551,111.59411764705882,112.13844444444445,-0.5443267973856223,-0.6074048737306118,0.08164901960784333,8.407995423441713,Brett Nansel
Luka Doncic,B.Schwab,8,459,8.84332574554149,8.39975191234236,0.4435738331991299,112.0625,112.11960784313726,-0.057107843137259806,0.4521400096697189,0.00856617647058897,8.407995423441713,Brandon Schwab
Luka Doncic,B.Taylor,28,439,8.790102472747478,8.382706967709822,0.4073955050376554,111.6392857142857,112.14920273348518,-0.5099170191994773,0.483883057917577,0.0764875528799216,8.407995423441713,Ben Taylor
Luka Doncic,C.Blair,19,448,9.357876754478815,8.36716505432315,0.9907117001556642,112.10526315789474,112.11919642857141,-0.013933270676673715,0.9928016907571653,0.002089990601501057,8.407995423441713,Curtis Blair
Luka Doncic,C.Kirkland,19,448,9.129817307042037,8.37634770814561,0.7534695988964266,112.41052631578948,112.10625,0.30427631578947967,0.7078281515280047,0.04564144736842195,8.407995423441713,Courtney Kirkland
Luka Doncic,C.Washington,17,450,8.382141382110891,8.408977612831443,-0.026836230720551413,112.2764705882353,112.11266666666666,0.16380392156864332,-0.05140681895584791,0.0245705882352965,8.407995423441713,CJ Washington
Luka Doncic,D.Collins,21,446,8.739779968398995,8.392405232698566,0.34737473570042887,111.97142857142856,112.12556053811659,-0.15413196668802698,0.3704945307036329,0.023119795003204047,8.407995423441713,Derrick Collins
Luka Doncic,D.Guthrie,24,443,8.489465153970826,8.403700760466952,0.0857643935038741,111.0625,112.17584650112866,-1.1133465011286603,0.25276636867317315,0.16700197516929904,8.407995423441713,David Guthrie
Luka Doncic,D.Richardson,16,451,8.779238726197491,8.394552988939044,0.38468573725844735,111.1125,112.15432372505542,-1.0418237250554228,0.5409592960167607,0.15627355875831342,8.407995423441713,Derek Richardson
Luka Doncic,D.Scott,5,462,7.574890640284981,8.417255361181253,-0.8423647208962715,115.08,112.08658008658008,2.9934199134199133,-1.2913777079092585,0.449012987012987,8.407995423441713,Danielle Scott
Luka Doncic,D.Taylor,19,448,9.995573618767857,8.341264452422958,1.6543091663448983,112.59473684210528,112.0984375,0.4962993421052744,1.5798642650291073,0.07444490131579115,8.407995423441713,Dedric Taylor
Luka Doncic,E.Dalen,23,444,8.021231722453757,8.428465587034156,-0.4072338645803981,111.2304347826087,112.16463963963962,-0.9342048570309203,-0.2671031360257601,0.14013072855463804,8.407995423441713,Eric Dalen
Luka Doncic,E.Lewis,15,452,10.005880787565584,8.357082022374993,1.648798765190591,110.63999999999997,112.16769911504424,-1.5276991150442711,1.8779536324472317,0.22915486725664067,8.407995423441713,Eric Lewis
Luka Doncic,E.Malloy,24,443,8.713262169838172,8.392083109630551,0.321179060207621,111.77083333333333,112.13747178329571,-0.36663844996238026,0.376174827701978,0.054995767494357035,8.407995423441713,Ed Malloy
Luka Doncic,E.Scott,10,457,11.476712459910967,8.341549824585297,3.1351626353256705,112.15,112.117943107221,0.03205689277901058,3.1303541014088188,0.004808533916851587,8.407995423441713,Evan Scott
Luka Doncic,G.Petraitis,23,444,7.293579094651537,8.466863484856852,-1.173284390205315,111.02608695652174,112.17522522522523,-1.1491382687034957,-1.0009136498997906,0.17237074030552435,8.407995423441713,Gediminas Petraitis
Luka Doncic,J.Butler,7,460,10.066926418224867,8.380463159735923,1.6864632584889439,112.8,112.10826086956521,0.6917391304347831,1.5827023889237264,0.10376086956521746,8.407995423441713,John Butler
Luka Doncic,J.Capers,17,450,8.484621756673702,8.404971486220704,0.07965027045299777,111.89999999999999,112.12688888888889,-0.2268888888888938,0.11368360378633184,0.03403333333333407,8.407995423441713,James Capers
Luka Doncic,J.DeRosa,19,448,9.228340602815909,8.372004363066432,0.856336239749476,112.21052631578948,112.11473214285714,0.09579417293234371,0.8419671138096245,0.014369125939851556,8.407995423441713,JB DeRosa
Luka Doncic,J.Goble,49,418,7.904383876778115,8.470453008635523,-0.5660691318574083,111.9265306122449,112.14114832535886,-0.2146177131139524,-0.5338764748903154,0.03219265696709286,8.407995423441713,John Goble
Luka Doncic,J.Goldenberg,19,448,8.209514929154928,8.416273669025973,-0.2067587398710451,112.51578947368422,112.10178571428573,0.4140037593984971,-0.2688593037808197,0.06210056390977456,8.407995423441713,Jason Goldenberg
Luka Doncic,J.Orr,23,444,8.564705474495257,8.40029771170051,0.16440776279474711,113.98695652173915,112.02184684684684,1.9651096748923038,-0.13035868843909842,0.29476645123384554,8.407995423441713,J.T. Orr
Luka Doncic,J.Schroeder,10,457,9.959973759519302,8.374152454480628,1.5858213050386745,112.81000000000002,112.10350109409191,0.7064989059081057,1.4798464691524587,0.10597483588621585,8.407995423441713,Jenna Schroeder
Luka Doncic,J.Sterling,19,448,8.626324120297092,8.398504468144365,0.2278196521527267,112.21578947368421,112.11450892857144,0.10128054511277185,0.21262757038581093,0.015192081766915777,8.407995423441713,Jonathan Sterling
Luka Doncic,J.Tiven,29,438,7.461781400511883,8.474940445606986,-1.0131590450951027,111.72068965517244,112.14497716894977,-0.42428751377732965,-0.9495159180285032,0.06364312706659944,8.407995423441713,Josh Tiven
Luka Doncic,J.Van Duyne,25,442,8.699037467613538,8.391739626331118,0.3072978412824199,113.084,112.06402714932128,1.0199728506787267,0.15430191368061089,0.152995927601809,8.407995423441713,Justin Van Duyne
Luka Doncic,J.Williams,26,441,8.477708156772302,8.403670448326988,0.07403770844531365,111.76153846153846,112.13968253968254,-0.378144078144075,0.1307593201669249,0.05672161172161125,8.407995423441713,James Williams
Luka Doncic,K.Cutler,19,448,10.187796060514897,8.334239307001459,1.8535567535134376,111.56315789473683,112.14218749999999,-0.5790296052631589,1.9404111943029114,0.08685444078947384,8.407995423441713,Kevin Cutler
Luka Doncic,K.Fitzgerald,17,450,8.629814388088425,8.399698161500435,0.2301162265879899,111.25294117647059,112.15133333333331,-0.8983921568627267,0.3648750501173989,0.134758823529409,8.407995423441713,Kane Fitzgerald
Luka Doncic,K.Lane,19,448,8.592002484749575,8.400878805919822,0.19112367882975256,112.16315789473684,112.11674107142858,0.04641682330826313,0.1841611553335131,0.00696252349623947,8.407995423441713,Karl Lane
Luka Doncic,K.Mauer,7,460,8.365961522210641,8.408609820605577,-0.042648298394935225,111.17142857142856,112.13304347826086,-0.9616149068322954,0.10159393762990909,0.14424223602484432,8.407995423441713,Ken Mauer
Luka Doncic,K.Scott,29,438,8.789227781326296,8.382545972589979,0.40668180873631776,112.42068965517242,112.0986301369863,0.3220595181861228,0.35837288100839937,0.048308927727918415,8.407995423441713,Kevin Scott
Luka Doncic,L.Holtkamp,9,458,9.537067819148936,8.385505278655458,1.1515625404934777,112.51111111111112,112.11091703056769,0.40019408054342875,1.0915334284119633,0.06002911208151431,8.407995423441713,Lauren Holtkamp
Luka Doncic,L.Richardson,5,462,8.463864803223181,8.407425550798038,0.05643925242514314,109.42,112.14783549783549,-2.7278354978354855,0.46561457710046594,0.4091753246753228,8.407995423441713,Leroy Richardson
Luka Doncic,L.Wood,16,451,7.932279347690776,8.42402512031153,-0.4917457726207539,111.48124999999999,112.14124168514412,-0.659991685144135,-0.3927470198491337,0.09899875277162025,8.407995423441713,Leon Wood
Luka Doncic,M.Ayotte,5,462,7.550447539854879,8.416287812984493,-0.8658402731296135,109.94000000000001,112.14220779220778,-2.2022077922077727,-0.5355091042984477,0.3303311688311659,8.407995423441713,Mark Ayotte
Luka Doncic,M.Boland,21,446,8.554118649720234,8.401301292667036,0.15281735705319832,112.19999999999999,112.11479820627802,0.08520179372196424,0.1400370879949037,0.012780269058294635,8.407995423441713,Matt Boland
Luka Doncic,M.Callahan,5,462,6.4554692169754935,8.428083403088037,-1.9726141861125432,110.7,112.13398268398267,-1.4339826839826628,-1.7575167835151437,0.21509740259739943,8.407995423441713,Mike Callahan
Luka Doncic,M.Dagher,23,444,8.70639449379375,8.393422751722241,0.31297174207150924,113.75652173913043,112.03378378378379,1.7227379553466449,0.05456104876951251,0.25841069330199673,8.407995423441713,Mousa Dagher
Luka Doncic,M.Davis,25,442,7.769722064571825,8.44213049674648,-0.6724084321746542,112.04,112.12307692307691,-0.08307692307690218,-0.6599468937131189,0.012461538461535327,8.407995423441713,Marc Davis
Luka Doncic,M.Ervin,21,446,8.371228955555226,8.409855879399982,-0.03862692384475608,112.23809523809526,112.11300448430492,0.12509075379033163,-0.057390536913305826,0.018763613068549744,8.407995423441713,Mitchell Ervin
Luka Doncic,M.Kallio,8,459,8.02833279350937,8.415390610843723,-0.3870578173343535,116.0125,112.0507625272331,3.961737472766899,-0.9813184382493884,0.5942606209150348,8.407995423441713,Matt Kallio
Luka Doncic,M.Kogut,14,453,7.716500731184519,8.429665164383596,-0.7131644331990774,111.35714285714282,112.14216335540839,-0.7850204982655669,-0.5954113584592424,0.11775307473983503,8.407995423441713,Marat Kogut
Luka Doncic,M.Lindsay,24,443,7.586763189332135,8.450926149512346,-0.8641629601802112,111.25833333333334,112.16523702031603,-0.9069036869826874,-0.7281274071328081,0.1360355530474031,8.407995423441713,Mark Lindsay
Luka Doncic,M.Myers,8,459,8.612692697857968,8.404391611134912,0.20830108672305592,112.51249999999999,112.11176470588236,0.40073529411762365,0.14819079260541237,0.06011029411764354,8.407995423441713,Matt Myers
Luka Doncic,M.Smith,24,443,8.571580873860588,8.399134265985847,0.17244660787474153,111.64166666666665,112.14446952595935,-0.5028028592927001,0.24786703676864652,0.075420428893905,8.407995423441713,Michael Smith
Luka Doncic,N.Buchert,31,436,8.173953847434664,8.42480781388333,-0.2508539664486662,111.66774193548386,112.15068807339449,-0.48294613791063057,-0.17841204576207162,0.07244192068659458,8.407995423441713,Nick Buchert
Luka Doncic,N.Green,11,456,10.217463947680196,8.364683444897349,1.8527805027828474,113.38181818181819,112.08815789473684,1.2936602870813516,1.6587314597206446,0.19404904306220275,8.407995423441713,Nate Green
Luka Doncic,N.Sago,21,446,8.473246508708614,8.404902349666813,0.06834415904180169,112.5095238095238,112.10022421524663,0.4092995942771722,0.006949219900225859,0.06139493914157583,8.407995423441713,Natalie Sago
Luka Doncic,P.Fraher,19,448,7.354171138431023,8.453186184995388,-1.0990150465643653,111.92105263157895,112.12700892857141,-0.20595629699246842,-1.068121602015495,0.03089344454887026,8.407995423441713,Pat Fraher
Luka Doncic,P.Ransom,14,453,7.757066790057804,8.427697869736333,-0.6706310796785289,111.5642857142857,112.13576158940397,-0.5714758751182671,-0.5849096984107888,0.08572138126774007,8.407995423441713,Phenizee Ransom
Luka Doncic,R.Acosta,24,443,7.834602829162132,8.438571122650877,-0.6039682934887454,112.99583333333332,112.07110609480813,0.9247272385251932,-0.7426773792675243,0.13870908577877897,8.407995423441713,Ray Acosta
Luka Doncic,R.Hussey,6,461,8.58718878894797,8.40577331514327,0.1814154738046998,114.13333333333333,112.09240780911061,2.0409255242227147,-0.12472335482870739,0.3061388286334072,8.407995423441713,Robert Hussey
Luka Doncic,R.Mott,23,444,8.062953524952906,8.425018544272481,-0.3620650193195747,112.93043478260869,112.07657657657657,0.8538582060321147,-0.4901437502243919,0.1280787309048172,8.407995423441713,Rodney Mott
Luka Doncic,S.Corbin,21,446,7.811901465266527,8.437659945758753,-0.6257584804922258,112.07142857142857,112.12085201793721,-0.04942344650864072,-0.6183449635159297,0.007413516976296108,8.407995423441713,Sean Corbin
Luka Doncic,S.Foster,28,439,8.674590890755525,8.391853970362073,0.282736920393452,110.96785714285714,112.19202733485193,-1.2241701919947872,0.46636244919267006,0.18362552879921806,8.407995423441713,Scott Foster
Luka Doncic,S.Mehta,14,453,7.339013745806491,8.441913904083737,-1.1029001582772464,113.91428571428571,112.06313465783664,1.8511510564490692,-1.3805728167446067,0.2776726584673604,8.407995423441713,Suyash Mehta
Luka Doncic,S.Twardoski,22,445,7.29121914865635,8.462191503875824,-1.1709723552194733,111.9409090909091,112.12741573033708,-0.18650663942797507,-1.142996359305277,0.02797599591419626,8.407995423441713,Scott Twardoski
Luka Doncic,S.Wall,13,454,7.167502185431646,8.444297981272483,-1.2767957958408367,110.16153846153847,112.17466960352422,-2.0131311419857525,-0.9748261245429739,0.30196967129786284,8.407995423441713,Scott Wall
Luka Doncic,S.Wright,28,439,8.776194891680014,8.384420661441515,0.39177423023849833,112.07857142857142,112.12118451025056,-0.04261308167913569,0.39816619249036866,0.006391962251870353,8.407995423441713,Sean Wright
Luka Doncic,T.Brothers,25,442,7.453538623330101,8.464149861925632,-1.0106112385955308,112.74799999999999,112.08303167420814,0.6649683257918468,-1.110356487464308,0.09974524886877702,8.407995423441713,Tony Brothers
Luka Doncic,T.Brown,5,462,8.969579913085466,8.4020333334051,0.567546579680366,109.91999999999999,112.14242424242423,-2.222424242424239,0.9009102160440019,0.33336363636363586,8.407995423441713,Tony Brown
Luka Doncic,T.Ford,27,440,9.23563175141784,8.35580750255298,0.8798242488648604,112.90370370370368,112.07045454545455,0.8332491582491315,0.7548368751274908,0.12498737373736972,8.407995423441713,Tyler Ford
Luka Doncic,T.Maddox,23,444,6.973894934005007,8.479427343430993,-1.505532409425986,111.72173913043478,112.13918918918918,-0.41745005875439745,-1.4429149006128266,0.06261750881315961,8.407995423441713,Tre Maddox
Luka Doncic,T.Washington,20,447,8.533867824302154,8.402461743109841,0.13140608119231345,111.33500000000001,112.15369127516777,-0.8186912751677653,0.2542097724674782,0.12280369127516479,8.407995423441713,Tom Washington
Luka Doncic,Z.Zarba,25,442,7.742855763122996,8.44642481748958,-0.703569054366584,111.14,112.17398190045249,-1.0339819004524884,-0.5484717692987108,0.15509728506787326,8.407995423441713,Zach Zarba
Nikola Jokic,A.Moyer-Gleich,11,768,8.234217749313814,5.384400773889084,2.84981697542473,110.55454545454546,110.578125,-0.02357954545453822,2.853353907242911,0.003536931818180733,5.4266788957497285,Ashley Moyer-Gleich
Nikola Jokic,A.Nagy,10,769,4.355672961555135,5.441003040646986,-1.0853300790918503,115.53,110.51339401820546,5.016605981794541,-1.8378209763610314,0.7524908972691812,5.4266788957497285,Andy Nagy
Nikola Jokic,A.Smith,26,753,4.370808588134905,5.464808609679395,-1.09400002154449,111.3923076923077,110.54966799468792,0.8426396976197736,-1.220395976187456,0.12639595464296605,5.4266788957497285,Aaron Smith
Nikola Jokic,B.Adair,16,763,6.929133858267717,5.39518182531442,1.5339520329532963,111.4625,110.55923984272607,0.9032601572739338,1.3984630093622061,0.13548902359109008,5.4266788957497285,Brandon Adair
Nikola Jokic,B.Adams,17,762,3.598763690024856,5.463161297870661,-1.864397607845805,108.20588235294117,110.63070866141733,-2.424826308476156,-1.5006736615743816,0.3637239462714234,5.4266788957497285,Bennie Adams
Nikola Jokic,B.Barnaky,33,746,4.9707201472805975,5.446056634244609,-0.47533648696401176,111.33030303030303,110.54450402144774,0.7857990088552924,-0.5932063382923056,0.11786985132829386,5.4266788957497285,Brent Barnaky
Nikola Jokic,B.Forte,48,731,6.3976099106292015,5.362501939119005,1.0351079715101967,110.85833333333335,110.55937072503419,0.29896260829916343,0.9902635802653222,0.044844391244874514,5.4266788957497285,Brian Forte
Nikola Jokic,B.Kennedy,38,741,5.228268017293243,5.436585291737383,-0.2083172744441395,109.52894736842106,110.63157894736842,-1.102631578947367,-0.04292253760203443,0.16539473684210507,5.4266788957497285,Bill Kennedy
Nikola Jokic,B.Nansel,36,743,6.205170364077002,5.391238861206806,0.8139315028701963,111.5777777777778,110.5293405114401,1.0484372663377002,0.6566659129195414,0.157265589950655,5.4266788957497285,Brett Nansel
Nikola Jokic,B.Schwab,10,769,8.266439594714836,5.3866256177927285,2.879813976922107,113.03,110.54590377113135,2.4840962288686512,2.5071995425918097,0.3726144343302977,5.4266788957497285,Brandon Schwab
Nikola Jokic,B.Spooner,8,771,3.8601482582868094,5.441396537534888,-1.5812482792480784,108.9,110.59520103761348,-1.6952010376134723,-1.3269681236060575,0.25428015564202083,5.4266788957497285,Bill Spooner
Nikola Jokic,B.Taylor,35,744,4.888403059541542,5.45203130956654,-0.5636282500249985,111.07428571428571,110.55443548387096,0.5198502304147468,-0.6416057845872105,0.07797753456221201,5.4266788957497285,Ben Taylor
Nikola Jokic,C.Blair,32,747,4.802743295347302,5.452944935279318,-0.6502016399320159,110.23750000000001,110.59236947791165,-0.3548694779116346,-0.5969712182452707,0.05323042168674519,5.4266788957497285,Curtis Blair
Nikola Jokic,C.Flores,7,772,3.9372949325555964,5.440395041965488,-1.5031001094098912,114.94285714285715,110.53821243523316,4.404644707623987,-2.1637968155534892,0.6606967061435981,5.4266788957497285,Che Flores
Nikola Jokic,C.Kirkland,35,744,5.79753068137645,5.409961944777685,0.3875687365987641,109.96285714285716,110.60672043010752,-0.6438632872503547,0.4841482296863173,0.0965794930875532,5.4266788957497285,Courtney Kirkland
Nikola Jokic,C.Washington,25,754,6.162082946607396,5.400755064241075,0.761327882366321,110.42400000000002,110.58289124668435,-0.15889124668433396,0.7851615693689711,0.023833687002650095,5.4266788957497285,CJ Washington
Nikola Jokic,D.Collins,30,749,5.760311232502324,5.41343796697654,0.346873265525784,109.80000000000001,110.60894526034714,-0.8089452603471301,0.4682150545778535,0.1213417890520695,5.4266788957497285,Derrick Collins
Nikola Jokic,D.Crawford,10,769,5.417116583649727,5.426771103438083,-0.00965451978835663,106.35,110.63276983094929,-4.282769830949292,0.632760954854037,0.6424154746423937,5.4266788957497285,Dan Crawford
Nikola Jokic,D.Guthrie,29,750,5.790068250533942,5.41223655581324,0.3778316947207019,110.6206896551724,110.57613333333335,0.044556321839053226,0.3711482464448439,0.006683448275857984,5.4266788957497285,David Guthrie
Nikola Jokic,D.Mosher,11,768,5.809197896669727,5.421110325597522,0.38808757107220515,113.38181818181819,110.53763020833334,2.84418797348485,-0.038540624950522295,0.42662819602272745,5.4266788957497285,Dannica Mosher
Nikola Jokic,D.Richardson,35,744,5.09241020976532,5.441969745126317,-0.3495595353609975,110.82285714285713,110.56626344086023,0.25659370199690557,-0.3880485906605333,0.038489055299535835,5.4266788957497285,Derek Richardson
Nikola Jokic,D.Scott,10,769,4.935540921575169,5.43393511437909,-0.4983941928039215,112.32000000000001,110.55513654096228,1.764863459037727,-0.7631237116595806,0.26472951885565904,5.4266788957497285,Danielle Scott
Nikola Jokic,D.Stafford,8,771,6.672238979539921,5.417489936276771,1.2547490432631507,107.625,110.60843060959793,-2.9834306095979315,1.7022636347028404,0.4475145914396897,5.4266788957497285,Derrick Stafford
Nikola Jokic,D.Taylor,34,745,5.431772495325921,5.426452266067119,0.005320229258802378,110.7764705882353,110.56872483221476,0.20774575602054313,-0.02584163414427909,0.03116186340308147,5.4266788957497285,Dedric Taylor
Nikola Jokic,E.Dalen,32,747,4.983896553381723,5.445861364859842,-0.4619648114781185,111.0625,110.55702811244981,0.5054718875501862,-0.5377855946106465,0.07582078313252794,5.4266788957497285,Eric Dalen
Nikola Jokic,E.Lewis,37,742,5.161868268575557,5.440242079497801,-0.2783738109222442,109.90540540540542,110.61132075471698,-0.7059153493115673,-0.17248650852550912,0.10588730239673509,5.4266788957497285,Eric Lewis
Nikola Jokic,E.Malloy,41,738,5.291484481133126,5.434362317400629,-0.14287783626750272,110.49512195121949,110.58238482384824,-0.08726287262875587,-0.12978840537318934,0.013089430894313381,5.4266788957497285,Ed Malloy
Nikola Jokic,E.Scott,12,767,6.013225434936809,5.4162637837097,0.596961651227109,112.99999999999999,110.53989569752282,2.4601043024771627,0.2279460058555346,0.3690156453715744,5.4266788957497285,Evan Scott
Nikola Jokic,G.Petraitis,39,740,4.870627204702673,5.456772322874179,-0.5861451181715056,111.17692307692309,110.54621621621624,0.6307068607068516,-0.6807511472775334,0.09460602910602774,5.4266788957497285,Gediminas Petraitis
Nikola Jokic,G.Zielinski,13,766,4.125050130817562,5.445074533951521,-1.3200244031339592,107.45384615384616,110.63080939947783,-3.1769632456316685,-0.8434799162892089,0.47654448684475026,5.4266788957497285,Gary Zielinski
Nikola Jokic,H.Workman,14,765,4.359733413541452,5.444922805733667,-1.0851893921922153,108.75,110.61124183006537,-1.8612418300653673,-0.8060031176824103,0.2791862745098051,5.4266788957497285,Haywoode Workman
Nikola Jokic,J.Butler,24,755,5.805938962300245,5.413366060470825,0.3925729018294204,112.675,110.51112582781457,2.16387417218543,0.06799177600160589,0.3245811258278145,5.4266788957497285,John Butler
Nikola Jokic,J.Capers,39,740,4.579948218909026,5.469087600183359,-0.8891393812743331,108.75897435897437,110.67364864864865,-1.9146742896742808,-0.601938237823191,0.2872011434511421,5.4266788957497285,James Capers
Nikola Jokic,J.Conley,6,773,6.826801517067004,5.414489013136291,1.4123125039307132,112.76666666666667,110.5608020698577,2.205864596808965,1.0814328144093683,0.3308796895213447,5.4266788957497285,John Conley
Nikola Jokic,J.DeRosa,26,753,5.3543002110889475,5.429254050143402,-0.07495383905445419,110.10384615384615,110.59415670650729,-0.49031055266114265,-0.0014072561552827961,0.07354658289917139,5.4266788957497285,JB DeRosa
Nikola Jokic,J.Goble,64,715,6.03387166428691,5.369905271888597,0.6639663923983132,111.1109375,110.53006993006993,0.5808675699300778,0.5768362569088016,0.08713013548951166,5.4266788957497285,John Goble
Nikola Jokic,J.Goldenberg,16,763,5.71116207769367,5.42016169313287,0.2910003845607996,112.20625,110.54364351245086,1.6626064875491409,0.041609411428428444,0.24939097313237113,5.4266788957497285,Jason Goldenberg
Nikola Jokic,J.Orr,30,749,4.94073457482303,5.446235067353631,-0.5055004925306008,109.69333333333334,110.613217623498,-0.91988429016466,-0.3675178490059018,0.137982643524699,5.4266788957497285,J.T. Orr
Nikola Jokic,J.Phillips,12,767,5.834533854702613,5.420250027827502,0.4142838268751108,109.06666666666666,110.60143415906126,-1.534767492394593,0.6444989507342997,0.23021512385918896,5.4266788957497285,Jason Phillips
Nikola Jokic,J.Schroeder,17,762,6.068072678748576,5.411756600037772,0.6563160787108044,112.02352941176471,110.54553805774277,1.4779913540219383,0.4346173756075137,0.22169870310329073,5.4266788957497285,Jenna Schroeder
Nikola Jokic,J.Sterling,25,754,5.427811928891843,5.426641394396911,0.0011705344949319851,111.50000000000001,110.54721485411142,0.9527851458885976,-0.14174723738835765,0.14291777188328963,5.4266788957497285,Jonathan Sterling
Nikola Jokic,J.Tiven,43,736,6.069555522690299,5.386744928796984,0.6828105938933149,110.90465116279073,110.55869565217391,0.3459555106168182,0.6309172673007921,0.05189332659252272,5.4266788957497285,Josh Tiven
Nikola Jokic,J.Van Duyne,55,724,5.887847337220855,5.391156753854735,0.49669058336611993,110.70363636363638,110.5682320441989,0.13540431943748388,0.47637993545049734,0.020310647915622582,5.4266788957497285,Justin Van Duyne
Nikola Jokic,J.Williams,42,737,5.82880957624719,5.4032821935812825,0.4255273826659076,111.65714285714287,110.51628222523745,1.1408606319054257,0.2543982878800938,0.17112909478581387,5.4266788957497285,James Williams
Nikola Jokic,K.Cutler,43,736,5.123352058610683,5.444326014363733,-0.32097395575304954,110.39302325581397,110.58858695652174,-0.19556370070776552,-0.2916394006468847,0.029334555106164825,5.4266788957497285,Kevin Cutler
Nikola Jokic,K.Fitzgerald,23,756,4.610379733171084,5.449433779986969,-0.8390540468158854,109.1478260869565,110.6212962962963,-1.4734702093397942,-0.6180335154149162,0.22102053140096914,5.4266788957497285,Kane Fitzgerald
Nikola Jokic,K.Lane,39,740,5.759692816383126,5.408726512966804,0.35096630341632196,109.07179487179488,110.65716216216215,-1.585367290367273,0.5887713969714129,0.23780509355509094,5.4266788957497285,Karl Lane
Nikola Jokic,K.Mauer,22,757,5.065102718697268,5.43691196230237,-0.37180924360510126,109.61818181818184,110.60568031704095,-0.9874984988591109,-0.22368446877623463,0.14812477482886663,5.4266788957497285,Ken Mauer
Nikola Jokic,K.Scott,37,742,5.191403291075319,5.438873281071718,-0.24746998999639924,110.47567567567569,110.58288409703503,-0.10720842135934561,-0.2313887267924974,0.016081263203901842,5.4266788957497285,Kevin Scott
Nikola Jokic,L.Holtkamp,17,762,6.129789785102624,5.41323907502948,0.7165507100731441,110.4470588235294,110.58070866141732,-0.13364983788791562,0.7365981857563314,0.020047475683187342,5.4266788957497285,Lauren Holtkamp
Nikola Jokic,L.Richardson,16,763,3.539205979556832,5.463402352087964,-1.9241963725311324,108.325,110.62503276539972,-2.3000327653997203,-1.5791914577211743,0.34500491480995804,5.4266788957497285,Leroy Richardson
Nikola Jokic,L.Wood,32,747,4.7221259131100135,5.455238023500846,-0.7331121103908327,110.0,110.6025435073628,-0.602543507362796,-0.6427305842864133,0.09038152610441941,5.4266788957497285,Leon Wood
Nikola Jokic,M.Ayotte,31,748,5.676025917926566,5.417107538994531,0.2589183789320346,108.16129032258064,110.6779411764706,-2.5166508538899564,0.636416007015528,0.37749762808349346,5.4266788957497285,Mark Ayotte
Nikola Jokic,M.Boland,31,748,5.658778143637214,5.417295572145461,0.241482571491753,109.81935483870967,110.60922459893048,-0.7898697602208102,0.3599630355248745,0.11848046403312153,5.4266788957497285,Matt Boland
Nikola Jokic,M.Callahan,14,765,3.3457484633636314,5.466766103679294,-2.121017640315663,107.68571428571428,110.63071895424837,-2.9450046685340823,-1.6792669400355504,0.4417507002801123,5.4266788957497285,Mike Callahan
Nikola Jokic,M.Dagher,26,753,6.066402514004645,5.403434114721615,0.66296839928303,112.79230769230767,110.50132802124834,2.2909796710593326,0.3193214486241301,0.3436469506588999,5.4266788957497285,Mousa Dagher
Nikola Jokic,M.Davis,55,724,4.728079111647208,5.480911982500637,-0.7528328708534291,110.45272727272727,110.58729281767957,-0.1345655449522951,-0.7326480391105848,0.020184831742844266,5.4266788957497285,Marc Davis
Nikola Jokic,M.Ervin,25,754,7.0779671540242575,5.374092322449659,1.7038748315745984,110.4,110.58368700265252,-0.18368700265251903,1.7314278819724762,0.027553050397877855,5.4266788957497285,Mitchell Ervin
Nikola Jokic,M.Kallio,8,771,4.773046326626112,5.43343953880782,-0.6603932121817078,116.6875,110.51439688715953,6.173103112840465,-1.5863586791077775,0.9259654669260697,5.4266788957497285,Matt Kallio
Nikola Jokic,M.Kogut,33,746,5.508815402469189,5.422890551731463,0.08592485073772593,111.00000000000001,110.55911528150135,0.4408847184986655,0.019792142962926113,0.06613270777479982,5.4266788957497285,Marat Kogut
Nikola Jokic,M.Lindsay,50,729,4.327642527473776,5.502359712627239,-1.1747171851534635,110.426,110.58820301783263,-0.16220301783262414,-1.15038673247857,0.02433045267489362,5.4266788957497285,Mark Lindsay
Nikola Jokic,M.McCutchen,8,771,4.6053254998578605,5.433658171593592,-0.8283326717357316,106.35,110.62166018158237,-4.2716601815823765,-0.18758364449837506,0.6407490272373565,5.4266788957497285,Monty McCutchen
Nikola Jokic,M.Myers,12,767,5.762328213419563,5.421061408051293,0.3412668053682699,113.34166666666665,110.53455019556715,2.807116471099505,-0.0798006652966558,0.4210674706649257,5.4266788957497285,Matt Myers
Nikola Jokic,M.Smith,31,748,6.622192587727969,5.377235794777232,1.2449567929507364,110.99677419354838,110.56042780748665,0.4363463860617287,1.179504835041477,0.0654519579092593,5.4266788957497285,Michael Smith
Nikola Jokic,N.Buchert,35,744,5.843731444657556,5.406236167291132,0.43749527736642424,111.25142857142858,110.54610215053762,0.7053264208909553,0.33169631423278095,0.1057989631336433,5.4266788957497285,Nick Buchert
Nikola Jokic,N.Green,10,769,6.71670709129268,5.408484368566858,1.3082227227258212,113.50999999999999,110.53966189856958,2.970338101430414,0.862672007511259,0.44555071521456213,5.4266788957497285,Nate Green
Nikola Jokic,N.Sago,24,755,6.468258611355149,5.390520862004181,1.0777377493509679,113.02500000000002,110.5,2.52500000000002,0.6989877493509649,0.378750000000003,5.4266788957497285,Natalie Sago
Nikola Jokic,P.Fraher,37,742,4.979971484825853,5.448729025767602,-0.46875754094174926,110.50540540540538,110.58140161725066,-0.07599621184527905,-0.4573581091649574,0.011399431776791856,5.4266788957497285,Pat Fraher
Nikola Jokic,P.Ransom,19,760,4.672766374406678,5.4469171261810105,-0.7741507517743322,112.94736842105263,110.51855263157896,2.428815789473674,-1.1384731201953833,0.3643223684210511,5.4266788957497285,Phenizee Ransom
Nikola Jokic,R.Acosta,29,750,5.2364071100631815,5.434621382775948,-0.19821427271276626,111.09655172413792,110.55773333333333,0.5388183908045932,-0.27903703133345525,0.08082275862068897,5.4266788957497285,Ray Acosta
Nikola Jokic,R.Garretson,21,758,2.8572473945067225,5.488891635918186,-2.631644241411464,107.86666666666666,110.65290237467019,-2.786235708003531,-2.2137088852109343,0.41793535620052963,5.4266788957497285,Ron Garretson
Nikola Jokic,R.Hussey,7,772,7.851996105160662,5.401562750513506,2.4504333546471564,115.28571428571429,110.53510362694301,4.750610658771279,1.7378417558314645,0.7125915988156919,5.4266788957497285,Robert Hussey
Nikola Jokic,R.Mott,34,745,4.309213286740968,5.47569663029352,-1.1664833435525521,110.1058823529412,110.5993288590604,-0.4934465061192128,-1.0924663676346702,0.07401697591788192,5.4266788957497285,Rodney Mott
Nikola Jokic,S.Anderson,5,774,4.836723269266654,5.429851177575495,-0.5931279083088405,104.88,110.61459948320415,-5.73459948320415,0.2670620141717819,0.8601899224806224,5.4266788957497285,Steve Anderson
Nikola Jokic,S.Corbin,29,750,5.19497846836614,5.435806263821637,-0.24082779545549649,111.26206896551726,110.55133333333333,0.7107356321839262,-0.3474381402830854,0.10661034482758892,5.4266788957497285,Sean Corbin
Nikola Jokic,S.Foster,42,737,4.992289636301957,5.45125393462657,-0.45896429832461294,110.51428571428575,110.58141112618725,-0.06712541190150034,-0.4488954865393879,0.01006881178522505,5.4266788957497285,Scott Foster
Nikola Jokic,S.Jelks,6,773,5.489199491740788,5.426100690168291,0.06309880157249648,112.18333333333332,110.5653298835705,1.6180034497628242,-0.17960171589192714,0.24270051746442362,5.4266788957497285,Simone Jelks
Nikola Jokic,S.Mitchell,8,771,5.868886576482831,5.421530191801512,0.4473563846813189,112.15,110.56147859922179,1.5885214007782196,0.20907817456458597,0.23827821011673292,5.4266788957497285,Sha'Rae Mitchell
Nikola Jokic,S.Twardoski,41,738,5.900747141527225,5.40163751322092,0.49910962830630456,109.60975609756098,110.63157181571815,-1.0218157181571712,0.6523819860298803,0.15327235772357567,5.4266788957497285,Scott Twardoski
Nikola Jokic,S.Wall,22,757,4.80770171507959,5.443987343871626,-0.6362856287920362,108.86363636363636,110.62760898282694,-1.7639726191905822,-0.3716897359134489,0.2645958928785873,5.4266788957497285,Scott Wall
Nikola Jokic,S.Wright,53,726,5.5937099744771555,5.413880902843566,0.17982907163358952,111.17358490566038,110.53429752066117,0.6392873849992071,0.08393596388370846,0.09589310774988107,5.4266788957497285,Sean Wright
Nikola Jokic,T.Brothers,45,734,6.578755943602888,5.348469757585205,1.2302861860176835,110.61555555555555,110.57547683923706,0.04007871631849014,1.22427437856991,0.006011807447773521,5.4266788957497285,Tony Brothers
Nikola Jokic,T.Brown,23,756,4.811866947229761,5.44404966187459,-0.6321827146448298,108.63478260869567,110.63690476190476,-2.0021221532090863,-0.3318643916634669,0.3003183229813629,5.4266788957497285,Tony Brown
Nikola Jokic,T.Ford,27,752,5.80970347226316,5.412327208892926,0.3973762633702336,111.46666666666668,110.54587765957447,0.9207890070922105,0.25925791230640205,0.13811835106383155,5.4266788957497285,Tyler Ford
Nikola Jokic,T.Maddox,49,730,5.557634730538922,5.417936758798459,0.13969797174046317,110.4326530612245,110.58753424657533,-0.15488118535083117,0.16293014954308785,0.023232177802624675,5.4266788957497285,Tre Maddox
Nikola Jokic,T.Washington,31,748,5.203603683127458,5.43505273517103,-0.2314490520435717,108.68709677419353,110.65614973262032,-1.9690529584267864,0.06390889172044628,0.29535794376401797,5.4266788957497285,Tom Washington
Nikola Jokic,Z.Zarba,44,735,5.734135389307801,5.40743694377752,0.3266984455302815,110.77045454545454,110.56625850340136,0.20419604205318365,0.29606903922230393,0.030629406307977544,5.4266788957497285,Zach Zarba
Paul George,A.Moyer-Gleich,16,620,6.622432274523188,5.2875011029633185,1.3349311715598695,112.05,110.22435483870969,1.8256451612903106,1.0610843973663229,0.2738467741935466,5.322472266666747,Ashley Moyer-Gleich
Paul George,A.Nagy,9,627,3.799326103327159,5.343762295389922,-1.5444361920627632,114.38888888888886,110.21116427432216,4.177724614566699,-2.171094884247768,0.6266586921850049,5.322472266666747,Andy Nagy
Paul George,A.Smith,22,614,5.706433057528321,5.308904335964507,0.39752872156381436,111.06818181818184,110.24169381107491,0.8264880071069314,0.27355552049777465,0.1239732010660397,5.322472266666747,Aaron Smith
Paul George,B.Adair,11,625,4.531052656880269,5.336436199436256,-0.8053835425559868,112.57272727272725,110.22976000000001,2.342967272727236,-1.1568286334650721,0.35144509090908543,5.322472266666747,Brandon Adair
Paul George,B.Adams,14,622,5.471180052482802,5.3190593036604845,0.15212074882231708,108.61428571428571,110.30755627009647,-1.6932705558107557,0.4061113321939304,0.25399058337161334,5.322472266666747,Bennie Adams
Paul George,B.Barnaky,29,607,5.652207247599079,5.306768058228706,0.34543918937037255,109.44827586206895,110.30955518945633,-0.8612793273873791,0.4746310884784794,0.12919189910810686,5.322472266666747,Brent Barnaky
Paul George,B.Forte,36,600,5.668888366421897,5.302142548185835,0.3667458182360619,111.02500000000002,110.225,0.8000000000000256,0.24674581823605807,0.12000000000000383,5.322472266666747,Brian Forte
Paul George,B.Kennedy,23,613,4.868455361443919,5.338593464224598,-0.4701381027806786,109.94347826086955,110.28254486133768,-0.3390666004681293,-0.41927811271045917,0.050859990070219394,5.322472266666747,Bill Kennedy
Paul George,B.Nansel,15,621,7.319165868762357,5.272588887680765,2.046576981081592,110.67333333333333,110.26054750402577,0.41278582930756613,1.984659106685457,0.061917874396134914,5.322472266666747,Brett Nansel
Paul George,B.Schwab,8,628,3.6754487961203592,5.340264476543056,-1.6648156804226968,114.5875,110.21528662420384,4.372213375796164,-2.3206476867921215,0.6558320063694246,5.322472266666747,Brandon Schwab
Paul George,B.Spooner,10,626,7.000939941010598,5.294547897181413,1.7063920438291849,107.39000000000001,110.31629392971246,-2.9262939297124433,2.1453361332860514,0.43894408945686647,5.322472266666747,Bill Spooner
Paul George,B.Taylor,28,608,5.698986421877987,5.30564064307802,0.3933457787999677,110.63214285714288,110.25361842105265,0.3785244360902311,0.336567113386433,0.056778665413534664,5.322472266666747,Ben Taylor
Paul George,C.Blair,36,600,6.014910580071453,5.280295221153401,0.7346153589180515,110.80000000000001,110.23849999999999,0.5615000000000236,0.650390358918048,0.08422500000000355,5.322472266666747,Curtis Blair
Paul George,C.Flores,7,629,3.17662630521104,5.342559228309238,-2.1659329230981976,114.15714285714284,110.22702702702703,3.9301158301158097,-2.7554502976155693,0.5895173745173714,5.322472266666747,Che Flores
Paul George,C.Kirkland,29,607,4.702516094921158,5.3525627198325445,-0.6500466249113863,110.6655172413793,110.2514003294893,0.4141169118900052,-0.712164161694887,0.06211753678350078,5.322472266666747,Courtney Kirkland
Paul George,C.Washington,21,615,4.094332382489054,5.364093569871957,-1.269761187382903,111.54285714285714,110.22682926829269,1.3160278745644547,-1.4671653685675712,0.1974041811846682,5.322472266666747,CJ Washington
Paul George,D.Collins,34,602,4.499960937839082,5.367931445586894,-0.8679705077478124,110.5529411764706,110.25431893687708,0.298622239593513,-0.9127638436868393,0.04479333593902694,5.322472266666747,Derrick Collins
Paul George,D.Crawford,8,628,6.799790129934261,5.304112141402484,1.495677988531777,106.88749999999999,110.31337579617835,-3.42587579617836,2.009559357958531,0.513881369426754,5.322472266666747,Dan Crawford
Paul George,D.Guthrie,27,609,6.272628390070056,5.2786413305707045,0.9939870594993518,109.93333333333334,110.28522167487684,-0.3518883415434999,1.0467703107308768,0.05278325123152498,5.322472266666747,David Guthrie
Paul George,D.Richardson,21,615,5.923788875404355,5.300605588298902,0.6231832871054532,110.01428571428572,110.27902439024392,-0.2647386759581991,0.6628940884991831,0.039710801393729865,5.322472266666747,Derek Richardson
Paul George,D.Stafford,10,626,4.435773693397679,5.337105176852149,-0.9013314834544701,106.33,110.33322683706069,-4.003226837060694,-0.30084745789536604,0.6004840255591041,5.322472266666747,Derrick Stafford
Paul George,D.Taylor,33,603,4.894013393081919,5.3455773992465545,-0.4515640061646353,110.64242424242425,110.24991708126036,0.3925071611638913,-0.5104400803392191,0.05887607417458369,5.322472266666747,Dedric Taylor
Paul George,E.Dalen,24,612,4.405087283989371,5.358608154298932,-0.9535208703095615,109.75,110.2906862745098,-0.5406862745097953,-0.8724179291330921,0.0811029411764693,5.322472266666747,Eric Dalen
Paul George,E.Lewis,33,603,5.664947694121113,5.303905110212053,0.3610425839090601,109.77878787878788,110.2971807628524,-0.5183928840645251,0.43880151651873883,0.07775893260967877,5.322472266666747,Eric Lewis
Paul George,E.Malloy,32,604,5.950083613166715,5.289013887923391,0.6610697252433235,109.859375,110.29205298013244,-0.4326779801324392,0.7259714222631894,0.06490169701986588,5.322472266666747,Ed Malloy
Paul George,E.Scott,5,631,3.673107731963377,5.336555159832322,-1.6634474278689453,113.63999999999999,110.24358161648178,3.39641838351821,-2.1729101853966766,0.5094627575277314,5.322472266666747,Evan Scott
Paul George,G.Petraitis,33,603,4.925742396752888,5.344600956093567,-0.41885855934067884,110.26363636363637,110.27064676616915,-0.007010402532785065,-0.41780699896076107,0.0010515603799177598,5.322472266666747,Gediminas Petraitis
Paul George,G.Zielinski,9,627,6.57802430867118,5.304731030812325,1.2732932778588548,106.45555555555556,110.32503987240827,-3.8694843168527058,1.8537159253867608,0.5804226475279058,5.322472266666747,Gary Zielinski
Paul George,H.Workman,13,623,5.806971950891657,5.312009497077099,0.4949624538145576,107.38461538461539,110.33049759229533,-2.9458822076799436,0.9368447849665491,0.44188233115199155,5.322472266666747,Haywoode Workman
Paul George,J.Butler,8,628,4.677659004914669,5.330698024953729,-0.6530390200390599,114.5375,110.21592356687898,4.32157643312101,-1.3012754850072112,0.6482364649681515,5.322472266666747,John Butler
Paul George,J.Capers,34,602,4.298938251460222,5.380533399652911,-1.0815951481926893,110.11470588235294,110.27906976744185,-0.16436388508891753,-1.0569405654293518,0.024654582763337627,5.322472266666747,James Capers
Paul George,J.Conley,6,630,3.6265341414684107,5.337919435427424,-1.7113852939590135,114.15000000000002,110.23333333333333,3.9166666666666856,-2.2988852939590165,0.5875000000000028,5.322472266666747,John Conley
Paul George,J.DeRosa,18,618,5.588284437641148,5.314782448157373,0.27350198948377535,111.75555555555555,110.22702265372169,1.5285329018338558,0.04422205420869699,0.22927993527507837,5.322472266666747,JB DeRosa
Paul George,J.Goble,58,578,5.522733852230579,5.302213185395485,0.2205206668350943,110.56724137931033,110.24048442906575,0.3267569502445866,0.1715071242984063,0.04901354253668799,5.322472266666747,John Goble
Paul George,J.Goldenberg,16,620,7.1991556545837225,5.275234168215204,1.9239214863685188,112.43125,110.21451612903226,2.2167338709677438,1.5914114057233573,0.3325100806451616,5.322472266666747,Jason Goldenberg
Paul George,J.Orr,30,606,4.685334485790501,5.3530263788229995,-0.6676918930324982,111.43666666666667,110.21254125412541,1.2241254125412553,-0.8513107049136865,0.18361881188118828,5.322472266666747,J.T. Orr
Paul George,J.Phillips,13,623,6.258688310837148,5.30144508166716,0.9572432291699879,107.46153846153844,110.32889245585874,-2.867353994320297,1.3873463283180325,0.4301030991480445,5.322472266666747,Jason Phillips
Paul George,J.Schroeder,8,628,4.716574699755084,5.3303526833794,-0.613777983624316,114.82499999999999,110.21226114649681,4.612738853503174,-1.3056888116497922,0.6919108280254761,5.322472266666747,Jenna Schroeder
Paul George,J.Sterling,14,622,5.565166182045715,5.317371028732799,0.24779515331291613,110.86428571428571,110.25691318327972,0.6073725310059928,0.15668927366201724,0.0911058796508989,5.322472266666747,Jonathan Sterling
Paul George,J.Tiven,46,590,5.8871751051544345,5.278656594928134,0.6085185102263004,109.90869565217392,110.29847457627119,-0.38977892409727133,0.6669853488408911,0.0584668386145907,5.322472266666747,Josh Tiven
Paul George,J.Van Duyne,40,596,5.089077455907681,5.337662051531901,-0.2485845956242203,110.69500000000001,110.24177852348994,0.45322147651006617,-0.31656781710073023,0.06798322147650993,5.322472266666747,Justin Van Duyne
Paul George,J.Williams,33,603,4.3277447252620735,5.375572436829912,-1.0478277115678383,110.33333333333333,110.26683250414592,0.06650082918740452,-1.057802835945949,0.009975124378110678,5.322472266666747,James Williams
Paul George,K.Cutler,37,599,4.09935167919733,5.396532350433233,-1.2971806712359033,110.9027027027027,110.23121869782972,0.6714840048729798,-1.3979032719668503,0.10072260073094697,5.322472266666747,Kevin Cutler
Paul George,K.Fitzgerald,28,608,5.25826981980555,5.325528755764429,-0.0672589359588791,108.9,110.33338815789473,-1.4333881578947256,0.14774928772532972,0.21500822368420883,5.322472266666747,Kane Fitzgerald
Paul George,K.Lane,26,610,4.68013867077543,5.349874998933438,-0.6697363281580078,109.64615384615385,110.29688524590165,-0.6507313997477979,-0.5721266181958381,0.09760970996216968,5.322472266666747,Karl Lane
Paul George,K.Mauer,20,616,6.794286452036948,5.2733784542125175,1.5209079978244304,108.92999999999999,110.31379870129868,-1.3837987012986872,1.7284778030192336,0.2075698051948031,5.322472266666747,Ken Mauer
Paul George,K.Scott,30,606,4.630471418668661,5.357686744455208,-0.7272153257865472,109.8766666666667,110.28976897689768,-0.41310231023098254,-0.6652499792518999,0.06196534653464738,5.322472266666747,Kevin Scott
Paul George,L.Holtkamp,20,616,5.55022706168191,5.315480735505913,0.23474632617599678,108.81500000000001,110.31753246753247,-1.5025324675324612,0.46012619630586593,0.22537987012986915,5.322472266666747,Lauren Holtkamp
Paul George,L.Richardson,16,620,6.242595930981201,5.29744459957444,0.9451513314067608,108.10624999999999,110.32612903225807,-2.2198790322580777,1.2781331862454723,0.3329818548387116,5.322472266666747,Leroy Richardson
Paul George,L.Wood,24,612,5.079707100776067,5.331982358694318,-0.25227525791825123,109.88333333333333,110.28545751633989,-0.4021241830065634,-0.19195663046726671,0.060318627450984506,5.322472266666747,Leon Wood
Paul George,M.Ayotte,21,615,5.697246599042412,5.3093222313045025,0.3879243677379094,109.06190476190474,110.31154471544717,-1.2496399535424274,0.5753703607692735,0.1874459930313641,5.322472266666747,Mark Ayotte
Paul George,M.Boland,26,610,4.4604412982086865,5.360105391492242,-0.8996640932835556,110.91153846153846,110.24295081967213,0.6685876418663241,-0.9999522395635042,0.10028814627994861,5.322472266666747,Matt Boland
Paul George,M.Callahan,19,617,5.098360292978691,5.329598553080166,-0.23123826010147575,106.89999999999999,110.37406807131279,-3.4740680713128,0.28987195059544424,0.52111021069692,5.322472266666747,Mike Callahan
Paul George,M.Dagher,13,623,4.163165239112167,5.345717262977179,-1.1825520238650125,111.36923076923077,110.24735152487962,1.121879244351149,-1.3508339105176848,0.16828188665267232,5.322472266666747,Mousa Dagher
Paul George,M.Davis,37,599,6.872131620538597,5.225614463362129,1.6465171571764676,109.64864864864866,110.30868113522537,-0.6600324865767107,1.7455220301629741,0.09900487298650659,5.322472266666747,Marc Davis
Paul George,M.Ervin,30,606,6.334372089575806,5.272539366337962,1.0618327232378446,111.92666666666669,110.18828382838285,1.7383828382838402,0.8010752974952686,0.26075742574257604,5.322472266666747,Mitchell Ervin
Paul George,M.Kallio,7,629,5.468172279404417,5.320796043892674,0.14737623551174295,113.37142857142855,110.23577106518283,3.135657506245721,-0.32297239042511516,0.4703486259368581,5.322472266666747,Matt Kallio
Paul George,M.Kogut,28,608,6.371749764009267,5.27603288207466,1.0957168819346066,109.55357142857143,110.3032894736842,-0.7497180451127718,1.2081745887015223,0.11245770676691577,5.322472266666747,Marat Kogut
Paul George,M.Lindsay,31,605,5.474731821878715,5.314923855801085,0.15980796607762926,109.4774193548387,110.3109090909091,-0.8334897360704048,0.28483142648818993,0.1250234604105607,5.322472266666747,Mark Lindsay
Paul George,M.McCutchen,11,625,4.5755150631887105,5.336075004646476,-0.7605599414577657,105.2909090909091,110.35792,-5.067010909090897,-0.000508305094131245,0.7600516363636345,5.322472266666747,Monty McCutchen
Paul George,M.Myers,11,625,4.47562383447296,5.337923515902907,-0.8622996814299473,112.92727272727274,110.22352,2.703752727272743,-1.2678625905208587,0.40556290909091147,5.322472266666747,Matt Myers
Paul George,M.Smith,34,602,4.590827140407195,5.362355642070479,-0.7715285016632842,110.26176470588236,110.27076411960132,-0.00899941371896773,-0.7701785896054391,0.0013499120578451594,5.322472266666747,Michael Smith
Paul George,N.Buchert,38,598,5.428225408247156,5.315721953325168,0.11250345492198832,109.89999999999999,110.29381270903009,-0.3938127090301009,0.17157536127650347,0.05907190635451513,5.322472266666747,Nick Buchert
Paul George,N.Green,8,628,4.946694067944724,5.327257001797254,-0.3805629338525298,111.1625,110.25891719745223,0.9035828025477599,-0.5161003542346938,0.135537420382164,5.322472266666747,Nate Green
Paul George,N.Sago,12,624,5.066532025618905,5.327445053635722,-0.2609130280168168,113.54166666666667,110.20737179487179,3.3342948717948815,-0.761057258786049,0.5001442307692322,5.322472266666747,Natalie Sago
Paul George,P.Fraher,30,606,4.960137134725165,5.340284118760109,-0.38014698403494407,109.96000000000002,110.28564356435642,-0.3256435643563975,-0.33130044938148445,0.048846534653459624,5.322472266666747,Pat Fraher
Paul George,P.Ransom,12,624,4.597029624467415,5.335888079520643,-0.7388584550532284,112.80833333333332,110.22147435897438,2.5868589743589467,-1.1268873012070704,0.388028846153842,5.322472266666747,Phenizee Ransom
Paul George,R.Acosta,18,618,3.7579026234043917,5.365892520014045,-1.607989896609653,111.55,110.23300970873787,1.3169902912621296,-1.8055384402989725,0.19754854368931943,5.322472266666747,Ray Acosta
Paul George,R.Garretson,12,624,7.08085918000909,5.285963359675596,1.794895820333494,106.925,110.33461538461536,-3.409615384615364,2.3063381280257986,0.5114423076923046,5.322472266666747,Ron Garretson
Paul George,R.Mott,22,614,5.202689272142648,5.326483449180417,-0.12379417703776863,110.33181818181819,110.26807817589578,0.06374000592241202,-0.13335517792613044,0.009561000888361803,5.322472266666747,Rodney Mott
Paul George,S.Corbin,29,607,6.747013041101595,5.252883220623957,1.4941298204776379,109.64827586206897,110.30000000000001,-0.6517241379310406,1.591888441167294,0.09775862068965609,5.322472266666747,Sean Corbin
Paul George,S.Foster,44,592,5.058277734642769,5.341339519065445,-0.28306178442267615,111.05227272727271,110.21216216216214,0.8401105651105638,-0.4090783691892607,0.12601658476658456,5.322472266666747,Scott Foster
Paul George,S.Jelks,6,630,4.604860686279962,5.328386908986455,-0.7235262227064929,113.78333333333335,110.2368253968254,3.5465079365079504,-1.2555024131826853,0.5319761904761925,5.322472266666747,Simone Jelks
Paul George,S.Mehta,7,629,3.9021407577768357,5.338132026103234,-1.4359912683263985,113.0,110.23990461049284,2.760095389507157,-1.850005576752472,0.4140143084260735,5.322472266666747,Suyash Mehta
Paul George,S.Twardoski,30,606,6.028047163887532,5.2853696691332175,0.7426774947543144,110.37333333333332,110.2651815181518,0.10815181518151462,0.7264547224770872,0.016222772277227192,5.322472266666747,Scott Twardoski
Paul George,S.Wall,20,616,5.547923416789396,5.314981851313946,0.23294156547544986,109.13,110.30730519480518,-1.1773051948051858,0.4095373446962277,0.17659577922077788,5.322472266666747,Scott Wall
Paul George,S.Wright,25,611,6.307953506595272,5.2795106693155835,1.0284428372796883,109.96800000000002,110.28265139116202,-0.3146513911620019,1.0756405459539886,0.04719770867430029,5.322472266666747,Sean Wright
Paul George,T.Brothers,34,602,5.121470781352594,5.333947631310998,-0.21247684995840466,109.74411764705883,110.29999999999998,-0.5558823529411541,-0.12909449701723155,0.0833823529411731,5.322472266666747,Tony Brothers
Paul George,T.Brown,22,614,6.0102720085642565,5.29702871494707,0.7132432936171869,108.38636363636361,110.33778501628663,-1.9514213799230191,1.0059565006056397,0.2927132069884529,5.322472266666747,Tony Brown
Paul George,T.Ford,30,606,5.767962049574316,5.299893574132208,0.4680684754421076,110.66666666666669,110.25066006600659,0.4160066006600971,0.40566748534309305,0.062400990099014564,5.322472266666747,Tyler Ford
Paul George,T.Maddox,28,608,4.094980804777478,5.37999464411951,-1.2850138393420316,110.72857142857143,110.24917763157895,0.47939379699248263,-1.356922908890904,0.0719090695488724,5.322472266666747,Tre Maddox
Paul George,T.Washington,28,608,4.437696366560936,5.364516441146279,-0.9268200745853425,108.63928571428573,110.34539473684211,-1.706109022556376,-0.6709037212018862,0.25591635338345636,5.322472266666747,Tom Washington
Paul George,Z.Zarba,42,594,5.797266564714233,5.287191346065556,0.5100752186486774,110.12380952380951,110.28063973063972,-0.15683020683020743,0.5335997496732086,0.023524531024531115,5.322472266666747,Zach Zarba
Russell Westbrook,A.Moyer-Gleich,13,821,5.426148422137716,6.8105131948029785,-1.3843647726652621,111.53076923076925,109.94338235294119,1.5873868778280666,-1.622472804339472,0.23810803167421,6.79111335765893,Ashley Moyer-Gleich
Russell Westbrook,A.Nagy,17,817,5.5888688362345,6.814106462248421,-1.2252376260139206,114.1705882352941,109.88029556650248,4.290292668791622,-1.868781526332664,0.6435439003187433,6.79111335765893,Andy Nagy
Russell Westbrook,A.Smith,21,813,6.410558062929135,6.799952874368518,-0.3893948114393835,111.45714285714287,109.9295792079208,1.527563649222074,-0.6185293588226946,0.2291345473833111,6.79111335765893,Aaron Smith
Russell Westbrook,B.Adair,20,814,4.5470999145108255,6.845451788702886,-2.2983518741920603,112.425,109.90754017305315,2.5174598269468476,-2.6759708482340874,0.3776189740420271,6.79111335765893,Brandon Adair
Russell Westbrook,B.Adams,19,815,10.812922761348927,6.688601411950937,4.124321349397991,107.9842105263158,110.01481481481481,-2.0306042884990063,4.428911992672842,0.3045906432748509,6.79111335765893,Bennie Adams
Russell Westbrook,B.Barnaky,35,799,7.22010662604722,6.771821674753685,0.44828495129353474,108.83142857142859,110.01838790931991,-1.1869593378913237,0.6263288519772333,0.17804390068369855,6.79111335765893,Brent Barnaky
Russell Westbrook,B.Forte,53,781,6.85948644862211,6.786540421874217,0.07294602674789274,110.50377358490566,109.93170103092784,0.5720725539778186,-0.012864856348780054,0.0858108830966728,6.79111335765893,Brian Forte
Russell Westbrook,B.Kennedy,28,806,5.714001571310652,6.82501669704732,-1.1110151257366683,110.26071428571429,109.95805243445692,0.3026618512573691,-1.1564144034252737,0.04539927768860536,6.79111335765893,Bill Kennedy
Russell Westbrook,B.Nansel,23,811,6.5456161656067815,6.797935890845755,-0.2523197252389737,112.03913043478263,109.9091811414392,2.1299492933434294,-0.5718121192404881,0.3194923940015144,6.79111335765893,Brett Nansel
Russell Westbrook,B.Schwab,8,826,3.6805452659653284,6.816807806338896,-3.1362625403735676,114.0375,109.92862362971985,4.108876370280143,-3.752593995915589,0.6163314555420214,6.79111335765893,Brandon Schwab
Russell Westbrook,B.Spooner,12,822,7.778047616256187,6.776596628539956,1.0014509877162316,107.35000000000001,110.00673194614443,-2.6567319461444185,1.3999607796378943,0.39850979192166275,6.79111335765893,Bill Spooner
Russell Westbrook,B.Taylor,35,799,6.045107648494335,6.821768988441195,-0.7766613399468598,111.21714285714286,109.9132241813602,1.3039186757826542,-0.972249141314258,0.19558780136739812,6.79111335765893,Ben Taylor
Russell Westbrook,C.Blair,39,795,6.746004760285616,6.793397527124022,-0.04739276683840643,111.00769230769231,109.91696202531645,1.0907302823758585,-0.2110023091947852,0.16360954235637876,6.79111335765893,Curtis Blair
Russell Westbrook,C.Flores,9,825,3.0395778364116093,6.823757077774521,-3.7841792413629114,114.61111111111111,109.91731707317075,4.693794037940364,-4.4882483470539665,0.7040691056910546,6.79111335765893,Che Flores
Russell Westbrook,C.Kirkland,36,798,6.947000192384794,6.7843929130249965,0.1626072793597979,109.8638888888889,109.97301387137453,-0.10912498248563907,0.17897602673264376,0.016368747372845858,6.79111335765893,Courtney Kirkland
Russell Westbrook,C.Washington,25,809,6.773519163763066,6.791650281725088,-0.018131117962022714,111.25200000000001,109.92835820895522,1.3236417910447926,-0.2166773866187416,0.1985462686567189,6.79111335765893,CJ Washington
Russell Westbrook,D.Collins,39,795,8.270665175904796,6.7172409758581955,1.5534242000466003,108.73846153846155,110.02898734177217,-1.290525803310615,1.7470030705431925,0.19357887049659225,6.79111335765893,Derrick Collins
Russell Westbrook,D.Crawford,15,819,8.618631058261652,6.753955776113424,1.8646752821482284,104.23333333333335,110.07395577395579,-5.84062244062244,2.7407686482415943,0.876093366093366,6.79111335765893,Dan Crawford
Russell Westbrook,D.Guthrie,40,794,6.756581196149979,6.792859091303848,-0.036277895153869366,109.48974358974358,109.99189873417723,-0.5021551444336438,0.039045376511177204,0.07532327166504657,6.79111335765893,David Guthrie
Russell Westbrook,D.Jones,9,825,11.231890070863136,6.741848573521078,4.490041497342058,104.54444444444444,110.02780487804878,-5.483360433604346,5.31254556238271,0.822504065040652,6.79111335765893,David Jones
Russell Westbrook,D.Richardson,35,799,5.5773011355300595,6.843497628122628,-1.2661964925925684,109.83142857142859,109.9743073047859,-0.14287873335730694,-1.2447646825889724,0.02143181000359604,6.79111335765893,Derek Richardson
Russell Westbrook,D.Scott,5,829,4.073214138390279,6.805182565197237,-2.731968426806958,112.47999999999999,109.95303398058255,2.5269660194174435,-3.1110133297195746,0.3790449029126165,6.79111335765893,Danielle Scott
Russell Westbrook,D.Stafford,23,811,8.306539536543301,6.743246694561497,1.563292841981804,106.59130434782612,110.06464019851117,-3.4733358506850465,2.084293219584561,0.521000377602757,6.79111335765893,Derrick Stafford
Russell Westbrook,D.Taylor,36,798,7.689294447033016,6.749617667968919,0.9396767790640972,109.76944444444445,109.97730138713746,-0.20785694269301302,0.9708553204680491,0.031178541403951952,6.79111335765893,Dedric Taylor
Russell Westbrook,E.Dalen,38,796,5.840329340285601,6.836742631957886,-0.996413291672285,109.41578947368421,109.99481668773703,-0.5790272140528145,-0.9095592095643628,0.08685408210792218,6.79111335765893,Eric Dalen
Russell Westbrook,E.Lewis,40,794,7.256364828994072,6.766881859898899,0.48948296909517275,108.7625,110.02940430925223,-1.2669043092522259,0.6795186154830066,0.19003564638783388,6.79111335765893,Eric Lewis
Russell Westbrook,E.Malloy,44,790,7.5035469128601155,6.748782087200511,0.7547648256596045,108.60909090909091,110.04445859872611,-1.4353676896352,0.9700699791048845,0.21530515344527998,6.79111335765893,Ed Malloy
Russell Westbrook,E.Roe,9,825,6.219439412817908,6.7978189256314305,-0.5783795128135223,105.05555555555556,110.02219512195121,-4.966639566395656,0.16661642214582617,0.7449959349593485,6.79111335765893,Eli Roe
Russell Westbrook,E.Scott,13,821,6.138173655925582,6.8023196696854376,-0.6641460137598552,111.68461538461536,109.94093137254902,1.743684012066339,-0.9256986155698059,0.2615526018099508,6.79111335765893,Evan Scott
Russell Westbrook,G.Petraitis,37,797,7.1724330777255565,6.773083386956141,0.39934969076941584,111.22432432432433,109.90959595959595,1.3147283647283814,0.20214043606015863,0.1972092547092572,6.79111335765893,Gediminas Petraitis
Russell Westbrook,G.Zielinski,17,817,8.458433852028858,6.754940546504461,1.7034933055243968,106.08125000000001,110.04477244772447,-3.9635224477244577,2.2980216726830656,0.5945283671586686,6.79111335765893,Gary Zielinski
Russell Westbrook,H.Workman,18,816,8.533996386221283,6.750003774231733,1.7839926119895493,108.0388888888889,110.0110974106042,-1.972208521715288,2.0798238902468427,0.2958312782572932,6.79111335765893,Haywoode Workman
Russell Westbrook,J.Butler,23,811,5.167379276538757,6.834249656775923,-1.6668703802371665,113.21739130434783,109.8755583126551,3.3418329916927263,-2.1681453289910753,0.5012749487539089,6.79111335765893,John Butler
Russell Westbrook,J.Capers,47,787,7.104228784635542,6.772438477895417,0.33179030674012555,108.8893617021277,110.03312020460358,-1.143758502475876,0.503354082111507,0.1715637753713814,6.79111335765893,James Capers
Russell Westbrook,J.Conley,11,823,4.494975129428484,6.818903483825327,-2.323928354396843,115.08181818181819,109.899511002445,5.182307179373197,-3.1012744313028224,0.7773460769059796,6.79111335765893,John Conley
Russell Westbrook,J.Crawford,5,829,9.931532616055977,6.768146059893508,3.163386556162469,106.4,109.98557575757576,-3.5855757575757536,3.7012229197988322,0.537836363636363,6.79111335765893,Joe Crawford
Russell Westbrook,J.DeRosa,22,812,5.183307550369969,6.83412037260636,-1.6508128222363911,111.28636363636365,109.93234200743494,1.354021628928706,-1.853916066575697,0.20310324433930588,6.79111335765893,JB DeRosa
Russell Westbrook,J.Goble,78,756,6.568319543415691,6.812831191783837,-0.24451164836814598,110.44868421052632,109.91978751660028,0.5288966939260433,-0.3238461524570525,0.0793345040889065,6.79111335765893,John Goble
Russell Westbrook,J.Goldenberg,17,817,4.828766808659197,6.83079298631144,-2.002026177652243,113.04117647058823,109.9039408866995,3.1372355838887245,-2.4726115152355517,0.47058533758330867,6.79111335765893,Jason Goldenberg
Russell Westbrook,J.Orr,29,805,5.599342551583777,6.831801296130589,-1.232458744546812,110.5896551724138,109.94575,0.6439051724137954,-1.3290445204088814,0.0965857758620693,6.79111335765893,J.T. Orr
Russell Westbrook,J.Phillips,21,813,7.781032713234144,6.763863495358816,1.0171692178753284,106.9190476190476,110.04752475247524,-3.128477133427637,1.486440787889474,0.46927157001414554,6.79111335765893,Jason Phillips
Russell Westbrook,J.Schroeder,12,822,4.022749738549919,6.82675283286119,-2.8040030943112706,114.08333333333331,109.9078335373317,4.175499796001617,-3.430328063711513,0.6263249694002425,6.79111335765893,Jenna Schroeder
Russell Westbrook,J.Sterling,14,820,5.527039413382218,6.811527137145874,-1.2844877237636565,111.32857142857144,109.94490797546013,1.3836634531113106,-1.4920372417303531,0.20754951796669657,6.79111335765893,Jonathan Sterling
Russell Westbrook,J.Tiven,52,782,6.379189665712742,6.818179172030562,-0.43898950631781997,109.9096153846154,109.97220077220078,-0.06258538758537213,-0.42960169818001415,0.00938780813780582,6.79111335765893,Josh Tiven
Russell Westbrook,J.Van Duyne,43,791,7.961001303693879,6.728390174699381,1.232611128994498,110.10930232558141,109.96055979643766,0.14874252914374608,1.2102997496229362,0.022311379371561912,6.79111335765893,Justin Van Duyne
Russell Westbrook,J.Williams,41,793,6.734395102258107,6.794051623408397,-0.05965652115029041,110.2,109.95652724968316,0.24347275031684035,-0.09617743369781645,0.03652091254752605,6.79111335765893,James Williams
Russell Westbrook,K.Cutler,39,795,5.725390674720075,6.842798931114953,-1.117408256394878,111.04871794871794,109.91493670886076,1.1337812398571714,-1.2874754423734536,0.1700671859785757,6.79111335765893,Kevin Cutler
Russell Westbrook,K.Fitzgerald,32,802,6.9634978395981895,6.783452560701613,0.18004527889657673,108.640625,110.02158092848182,-1.380955928481825,0.38718866816885045,0.20714338927227374,6.79111335765893,Kane Fitzgerald
Russell Westbrook,K.Lane,44,790,6.963844952067521,6.78153766127609,0.1823072907914307,109.89545454545458,109.9723566878981,-0.07690214244351523,0.193842612157958,0.011535321366527284,6.79111335765893,Karl Lane
Russell Westbrook,K.Mauer,28,806,8.135417738237061,6.740069946665872,1.3953477915711892,108.32142857142857,110.02584269662923,-1.7044141252006568,1.6510099103512876,0.25566211878009854,6.79111335765893,Ken Mauer
Russell Westbrook,K.Scott,46,788,5.622608652160768,6.8570263431161305,-1.2344176909553628,109.85217391304347,109.97509578544062,-0.1229218723971428,-1.2159794100957915,0.01843828085957142,6.79111335765893,Kevin Scott
Russell Westbrook,L.Holtkamp,27,807,6.840261938602015,6.789478150180277,0.0507837884217377,109.12222222222225,109.99675810473815,-0.8745358825159002,0.18196417079912272,0.13118038237738502,6.79111335765893,Lauren Holtkamp
Russell Westbrook,L.Richardson,24,810,9.974421636331158,6.6860851329856885,3.2883365033454695,108.34583333333335,110.01664596273291,-1.6708126293995633,3.5389583977554038,0.2506218944099345,6.79111335765893,Leroy Richardson
Russell Westbrook,L.Wood,31,803,6.200892878988309,6.813924800108128,-0.613031921119819,109.40967741935485,109.98997493734336,-0.5802975179885124,-0.5259872934215422,0.08704462769827685,6.79111335765893,Leon Wood
Russell Westbrook,M.Ayotte,25,809,9.217831002638272,6.710888420851984,2.506942581786288,108.324,110.01940298507463,-1.6954029850746366,2.7612530295474835,0.2543104477611955,6.79111335765893,Mark Ayotte
Russell Westbrook,M.Boland,35,799,7.3669117093253105,6.765423350626891,0.6014883586984192,109.28285714285715,109.9984886649874,-0.715631522130252,0.708833087017957,0.1073447283195378,6.79111335765893,Matt Boland
Russell Westbrook,M.Callahan,21,813,7.386155904150303,6.773832277235601,0.6123236269147014,106.27368421052631,110.05493827160494,-3.781254061078627,1.1795117360764955,0.5671881091617941,6.79111335765893,Mike Callahan
Russell Westbrook,M.Dagher,14,820,5.98615945159476,6.8032824812728165,-0.817123029678057,113.64999999999999,109.90503067484663,3.744969325153363,-1.3788684284510615,0.5617453987730044,6.79111335765893,Mousa Dagher
Russell Westbrook,M.Davis,58,776,7.075249850453195,6.769956121959067,0.30529372849412795,109.3175438596491,110.01632124352332,-0.6987773838742157,0.4101103360752603,0.10481660758113236,6.79111335765893,Marc Davis
Russell Westbrook,M.Ervin,33,801,6.035447553227064,6.823286774566369,-0.7878392213393051,110.88181818181818,109.93040201005026,0.9514161717679173,-0.9305516471044927,0.14271242576518758,6.79111335765893,Mitchell Ervin
Russell Westbrook,M.Kallio,7,827,5.3667814732946075,6.8012757068294984,-1.434494233534891,114.92857142857143,109.92603406326036,5.0025373653110705,-2.1848748383315515,0.7503806047966606,6.79111335765893,Matt Kallio
Russell Westbrook,M.Kogut,35,799,5.619394233045738,6.845162902287201,-1.2257686692414627,109.28857142857144,109.99823677581863,-0.7096653472471814,-1.1193188671543854,0.10644980208707722,6.79111335765893,Marat Kogut
Russell Westbrook,M.Lindsay,36,798,5.2876813308321555,6.860528208197275,-1.5728468773651194,110.60555555555555,109.9393442622951,0.66621129326046,-1.6727785713541885,0.099931693989069,6.79111335765893,Mark Lindsay
Russell Westbrook,M.McCutchen,20,814,8.780466303099464,6.740552606015402,2.039913697084062,105.42,110.080716934487,-4.660716934486999,2.739021237257112,0.6991075401730498,6.79111335765893,Monty McCutchen
Russell Westbrook,M.Myers,18,816,4.055932619183907,6.847049196350232,-2.791116577166325,112.28888888888889,109.91676942046855,2.372119468420337,-3.146934497429376,0.35581792026305054,6.79111335765893,Matt Myers
Russell Westbrook,M.Smith,35,799,7.320288468994752,6.767759979968671,0.5525284890260806,110.84857142857145,109.9294710327456,0.9191003958258506,0.41466342965220304,0.13786505937387758,6.79111335765893,Michael Smith
Russell Westbrook,N.Buchert,39,795,7.255419625924959,6.767206214568655,0.4882134113563037,109.01052631578946,110.01428571428572,-1.003759398496257,0.6387773211307423,0.15056390977443854,6.79111335765893,Nick Buchert
Russell Westbrook,N.Green,8,826,4.695460782848525,6.810006318422398,-2.114545535573873,112.42500000000001,109.94433617539588,2.480663824604136,-2.4866451092644932,0.37209957369062036,6.79111335765893,Nate Green
Russell Westbrook,N.Sago,24,810,4.376620686043943,6.8572471911723865,-2.480626505128443,112.53333333333335,109.89180124223601,2.641532091097332,-2.8768563187930427,0.3962298136645998,6.79111335765893,Natalie Sago
Russell Westbrook,P.Fraher,35,799,6.296910284692398,6.8126983065174525,-0.5157880218250543,109.52285714285715,109.98790931989923,-0.46505217704208235,-0.446030195268742,0.06975782655631235,6.79111335765893,Pat Fraher
Russell Westbrook,P.Ransom,15,819,3.860562753419521,6.842763031844619,-2.9822002784250983,112.30666666666667,109.92518427518428,2.3814823914823933,-3.3394226371474574,0.35722235872235897,6.79111335765893,Phenizee Ransom
Russell Westbrook,R.Acosta,26,808,4.73328468426685,6.851545107667209,-2.1182604234003595,111.66538461538462,109.91332503113325,1.75205958425137,-2.381069361038065,0.26280893763770546,6.79111335765893,Ray Acosta
Russell Westbrook,R.Garretson,22,812,7.234549611928762,6.778212759068086,0.4563368528606766,106.15714285714287,110.06732673267327,-3.910183875530393,1.0428644341902356,0.586527581329559,6.79111335765893,Ron Garretson
Russell Westbrook,R.Hussey,6,828,6.398104265402843,6.793544227566875,-0.39543996216403254,114.35000000000001,109.93633049817741,4.413669501822596,-1.057490387437422,0.6620504252733894,6.79111335765893,Robert Hussey
Russell Westbrook,R.Mott,36,798,7.262194945510114,6.769406672466486,0.4927882730436277,110.47142857142858,109.94609571788413,0.525332853544441,0.4139883450119616,0.07879992803166615,6.79111335765893,Rodney Mott
Russell Westbrook,S.Anderson,5,829,9.295537468425483,6.774759161644448,2.520778306781035,108.52000000000001,109.97706310679612,-1.457063106796113,2.739337772800452,0.21855946601941695,6.79111335765893,Steve Anderson
Russell Westbrook,S.Corbin,28,806,8.311081263549418,6.737496982269632,1.5735842812797864,109.24642857142855,109.99350811485644,-0.747079543427887,1.6856462127939695,0.11206193151418305,6.79111335765893,Sean Corbin
Russell Westbrook,S.Foster,42,792,6.373346597088156,6.813285203060137,-0.43993860597198076,109.42619047619048,109.9972045743329,-0.5710140981424132,-0.3542864912506188,0.08565211472136199,6.79111335765893,Scott Foster
Russell Westbrook,S.Jelks,8,826,5.444709440986562,6.803876984951224,-1.359167543964662,112.17500000000001,109.94677222898906,2.2282277710109497,-1.6934017096163045,0.33423416565164243,6.79111335765893,Simone Jelks
Russell Westbrook,S.Mehta,8,826,5.86666022863075,6.800504256078507,-0.9338440274477566,111.65,109.95188794153471,1.6981120584652984,-1.1885608362175515,0.25471680876979474,6.79111335765893,Suyash Mehta
Russell Westbrook,S.Mitchell,8,826,5.585992873836251,6.798798747437962,-1.2128058736017104,113.75,109.93142509135203,3.8185749086479746,-1.7855921098989067,0.5727862362971962,6.79111335765893,Sha'Rae Mitchell
Russell Westbrook,S.Twardoski,42,792,6.787438241808166,6.791299045019002,-0.003860803210836039,111.16666666666667,109.9043202033037,1.2623464633629737,-0.1932127727152821,0.18935196950444605,6.79111335765893,Scott Twardoski
Russell Westbrook,S.Wall,25,809,8.72907008824661,6.728619935335949,2.000450152910661,109.26799999999999,109.99004975124379,-0.7220497512438016,2.108757615597231,0.10830746268657022,6.79111335765893,Scott Wall
Russell Westbrook,S.Wright,49,785,6.736381445681718,6.794615382131568,-0.058233936449849644,109.80408163265307,109.97858974358972,-0.17450811093665664,-0.032057719809351154,0.026176216640498493,6.79111335765893,Sean Wright
Russell Westbrook,T.Brothers,49,785,6.0500478495296734,6.8360806795238895,-0.7860328299942161,110.35625,109.94443021766966,0.41181978233034044,-0.8478057973437672,0.06177296734955107,6.79111335765893,Tony Brothers
Russell Westbrook,T.Brown,30,804,7.841191667523792,6.7472149811644675,1.0939766863593245,107.9,110.04593241551942,-2.145932415519411,1.4158665486872362,0.32188986232791167,6.79111335765893,Tony Brown
Russell Westbrook,T.Ford,33,801,6.363873298831057,6.807756279641354,-0.4438829808102973,110.36666666666666,109.95175879396986,0.4149078726968014,-0.5061191617148175,0.06223618090452021,6.79111335765893,Tyler Ford
Russell Westbrook,T.Maddox,37,797,7.284220626208182,6.768948620908598,0.5152720052995834,111.14054054054056,109.9135101010101,1.227030439530452,0.3312174393700156,0.18405456592956781,6.79111335765893,Tre Maddox
Russell Westbrook,T.Washington,43,791,7.639481014497488,6.742794383314172,0.8966866311833153,108.95714285714286,110.02223634053367,-1.065093483390811,1.056450653691937,0.15976402250862165,6.79111335765893,Tom Washington
Russell Westbrook,Z.Zarba,42,792,6.88855463275338,6.786020123076545,0.1025345096768353,109.91666666666669,109.97102922490471,-0.05436255823802583,0.11068889341253918,0.008154383735703874,6.79111335765893,Zach Zarba
Shai Gilgeous-Alexander,A.Moyer-Gleich,7,474,7.739266229947066,7.5345644126068585,0.2047018173402071,112.87142857142855,112.21139240506328,0.6600361663652734,0.10569639238541609,0.099005424954791,7.537707376166985,Ashley Moyer-Gleich
Shai Gilgeous-Alexander,A.Nagy,19,462,8.384895228153187,7.502799673095883,0.8820955550573046,112.57894736842105,112.20627705627706,0.3726703121439954,0.8261950082357054,0.055900546821599305,7.537707376166985,Andy Nagy
Shai Gilgeous-Alexander,A.Smith,16,465,7.064051633754316,7.553554223161529,-0.4895025894072136,110.9125,112.26602150537634,-1.3535215053763494,-0.2864743636007612,0.2030282258064524,7.537707376166985,Aaron Smith
Shai Gilgeous-Alexander,B.Adair,17,464,6.101732385976333,7.587948363018743,-1.4862159770424102,111.9235294117647,112.23189655172412,-0.3083671399594152,-1.439960906048498,0.04625507099391228,7.537707376166985,Brandon Adair
Shai Gilgeous-Alexander,B.Barnaky,22,459,7.164084688020981,7.5562390590893065,-0.39215437106832507,112.78181818181817,112.1941176470588,0.5877005347593638,-0.4803094512822296,0.08815508021390457,7.537707376166985,Brent Barnaky
Shai Gilgeous-Alexander,B.Forte,20,461,6.341961787818314,7.592066107308155,-1.2501043194898411,110.975,112.27505422993491,-1.300054229934915,-1.055096184999604,0.19500813449023724,7.537707376166985,Brian Forte
Shai Gilgeous-Alexander,B.Kennedy,25,456,8.926971849818324,7.456065157817276,1.4709066920010478,112.08,112.22872807017544,-0.1487280701754372,1.4932159025273635,0.02230921052631558,7.537707376166985,Bill Kennedy
Shai Gilgeous-Alexander,B.Nansel,20,461,7.922612701610931,7.520644341723028,0.4019683598879027,113.11500000000001,112.1822125813449,0.93278741865511,0.2620502470896362,0.1399181127982665,7.537707376166985,Brett Nansel
Shai Gilgeous-Alexander,B.Schwab,16,465,10.577833058432253,7.4289162046153665,3.1489168538168864,113.89999999999999,112.16322580645162,1.7367741935483707,2.888400724784631,0.2605161290322556,7.537707376166985,Brandon Schwab
Shai Gilgeous-Alexander,B.Taylor,21,460,6.600559995830828,7.580652882654831,-0.9800928868240026,111.0809523809524,112.27304347826089,-1.1920910973084915,-0.801279222227729,0.1788136645962737,7.537707376166985,Ben Taylor
Shai Gilgeous-Alexander,C.Blair,26,455,7.010250161278761,7.566716495725363,-0.5564663344466023,112.35000000000001,112.21362637362637,0.13637362637363992,-0.5769223784026483,0.02045604395604599,7.537707376166985,Curtis Blair
Shai Gilgeous-Alexander,C.Flores,5,476,12.128256907846131,7.488821527120387,4.639435380725744,115.24000000000001,112.18928571428572,3.0507142857142924,4.1818282378686,0.4576071428571438,7.537707376166985,Che Flores
Shai Gilgeous-Alexander,C.Kirkland,25,456,8.251326639926257,7.500151598669428,0.751175041256829,112.52400000000002,112.20438596491228,0.31961403508773856,0.7032329359936682,0.047942105263160784,7.537707376166985,Courtney Kirkland
Shai Gilgeous-Alexander,C.Washington,22,459,9.134264117858043,7.4591767936721975,1.6750873241858457,112.88636363636364,112.18910675381262,0.6972568825510166,1.5704987918031932,0.10458853238265249,7.537707376166985,CJ Washington
Shai Gilgeous-Alexander,D.Collins,24,457,6.549222628088642,7.59046245770284,-1.0412398296141978,111.44166666666666,112.26192560175053,-0.8202589350838707,-0.9182009893516172,0.1230388402625806,7.537707376166985,Derrick Collins
Shai Gilgeous-Alexander,D.Guthrie,19,462,7.538713054978968,7.537665958791967,0.0010470961870003848,112.54736842105264,112.20757575757574,0.3397926634768993,-0.049921803334534505,0.05096889952153489,7.537707376166985,David Guthrie
Shai Gilgeous-Alexander,D.Mosher,5,476,12.38508037085269,7.485375699346097,4.899704671506592,114.06000000000002,112.20168067226889,1.8583193277311238,4.620956772346924,0.2787478991596686,7.537707376166985,Dannica Mosher
Shai Gilgeous-Alexander,D.Richardson,16,465,6.640343545551488,7.567768200518138,-0.92742465496665,112.11875,112.22451612903224,-0.10576612903223293,-0.9115597356118151,0.015864919354834937,7.537707376166985,Derek Richardson
Shai Gilgeous-Alexander,D.Scott,11,470,7.5857458385871075,7.536499292120431,0.04924654646667648,114.37272727272729,112.17063829787233,2.2020889748549592,-0.2810667997615674,0.3303133462282439,7.537707376166985,Danielle Scott
Shai Gilgeous-Alexander,D.Taylor,18,463,8.405504313699515,7.503794575135392,0.9017097385641231,112.90555555555555,112.19438444924405,0.7111711063114967,0.7950340726173986,0.10667566594672451,7.537707376166985,Dedric Taylor
Shai Gilgeous-Alexander,E.Dalen,20,461,6.596074829003066,7.578793020036748,-0.9827181910336824,111.99000000000001,112.23101952277658,-0.24101952277656835,-0.9465652626171972,0.03615292841648525,7.537707376166985,Eric Dalen
Shai Gilgeous-Alexander,E.Lewis,16,465,6.12332593282246,7.588677978765699,-1.4653520459432396,111.1625,112.2574193548387,-1.0949193548387086,-1.3011141427174333,0.16423790322580628,7.537707376166985,Eric Lewis
Shai Gilgeous-Alexander,E.Malloy,27,454,7.57715173587962,7.535344618557119,0.04180711732250142,112.31111111111113,112.21563876651982,0.0954723445913146,0.02748626563380423,0.014320851688697189,7.537707376166985,Ed Malloy
Shai Gilgeous-Alexander,E.Scott,13,468,10.984047664808765,7.4459908322117005,3.5380568325970643,113.33846153846156,112.18995726495727,1.1485042735042867,3.365781191571421,0.172275641025643,7.537707376166985,Evan Scott
Shai Gilgeous-Alexander,G.Petraitis,28,453,9.210483156755338,7.424684878733538,1.7857982780217991,112.8107142857143,112.18454746136867,0.6261668243456313,1.6918732543699544,0.0939250236518447,7.537707376166985,Gediminas Petraitis
Shai Gilgeous-Alexander,H.Workman,6,475,5.194138959248454,7.568453294525282,-2.3743143352768286,111.18333333333334,112.23410526315789,-1.050771929824549,-2.2166985458031463,0.15761578947368235,7.537707376166985,Haywoode Workman
Shai Gilgeous-Alexander,I.Hwang,6,475,8.982533961741057,7.519078251187906,1.4634557105531503,113.56666666666666,112.20400000000001,1.3626666666666551,1.259055710553152,0.20439999999999828,7.537707376166985,Intae Hwang
Shai Gilgeous-Alexander,J.Butler,19,462,8.162356771810673,7.5116103741401705,0.6507463976705026,112.6842105263158,112.20194805194807,0.4822624743677295,0.5784070265153431,0.07233937115515943,7.537707376166985,John Butler
Shai Gilgeous-Alexander,J.Capers,28,453,7.209460836325564,7.558320465895212,-0.348859629569648,112.79285714285713,112.18565121412803,0.6072059287291012,-0.4399405188790132,0.09108088930936517,7.537707376166985,James Capers
Shai Gilgeous-Alexander,J.Conley,9,472,7.143902796076709,7.545393571807571,-0.40149077573086167,113.3111111111111,112.20021186440678,1.1108992467043208,-0.5681256627365098,0.16663488700564813,7.537707376166985,John Conley
Shai Gilgeous-Alexander,J.DeRosa,28,453,7.580374229798373,7.535138559084127,0.045235670714245835,112.625,112.19602649006622,0.42897350993378325,-0.019110355775821652,0.06434602649006749,7.537707376166985,JB DeRosa
Shai Gilgeous-Alexander,J.Goble,53,428,7.244898942681177,7.573046670931147,-0.32814772824997007,111.90188679245283,112.2605140186916,-0.35862722623876664,-0.2743536443141551,0.053794083935814994,7.537707376166985,John Goble
Shai Gilgeous-Alexander,J.Goldenberg,15,466,7.705276913082824,7.5329436585618925,0.1723332545209315,111.57999999999998,112.24163090128755,-0.6616309012875661,0.27157788971406643,0.09924463519313491,7.537707376166985,Jason Goldenberg
Shai Gilgeous-Alexander,J.Orr,28,453,6.126977515744724,7.6242760499458475,-1.4972985342011231,112.18214285714286,112.22339955849888,-0.04125670135601922,-1.4911100289977202,0.006188505203402883,7.537707376166985,J.T. Orr
Shai Gilgeous-Alexander,J.Phillips,5,476,5.307684206831186,7.557666194488821,-2.249981987657635,109.38,112.25084033613444,-2.8708403361344494,-1.8193559372374675,0.4306260504201674,7.537707376166985,Jason Phillips
Shai Gilgeous-Alexander,J.Schroeder,16,465,8.273306531589043,7.511060434668925,0.7622460969201175,113.2125,112.18688172043011,1.0256182795698976,0.6084033549846328,0.15384274193548464,7.537707376166985,Jenna Schroeder
Shai Gilgeous-Alexander,J.Sterling,20,461,6.228107646304999,7.590682195261267,-1.3625745489562675,111.43999999999998,112.25488069414317,-0.8148806941431843,-1.24034244483479,0.12223210412147764,7.537707376166985,Jonathan Sterling
Shai Gilgeous-Alexander,J.Tiven,27,454,7.607754509032741,7.533506179726141,0.07424832930660052,113.25555555555556,112.15947136563875,1.0960841899168088,-0.09016429918092078,0.1644126284875213,7.537707376166985,Josh Tiven
Shai Gilgeous-Alexander,J.Van Duyne,21,460,7.77367304621398,7.52696305507169,0.24670999114229009,111.57142857142857,112.25065217391304,-0.6792236024844698,0.34859353151496053,0.10188354037267046,7.537707376166985,Justin Van Duyne
Shai Gilgeous-Alexander,J.Williams,25,456,8.094466347426147,7.5060911961648165,0.5883751512613307,111.83200000000001,112.2423245614035,-0.41032456140349893,0.6499238354718555,0.06154868421052484,7.537707376166985,James Williams
Shai Gilgeous-Alexander,K.Cutler,17,464,6.4227148496811415,7.5755352948783505,-1.152820445197209,112.51176470588236,112.2103448275862,0.30141987829615857,-1.1980334269416328,0.045212981744423786,7.537707376166985,Kevin Cutler
Shai Gilgeous-Alexander,K.Fitzgerald,8,473,3.623368098606958,7.594219361392892,-3.9708512627859345,109.0,112.27547568710357,-3.2754756871035653,-3.4795299097203998,0.49132135306553476,7.537707376166985,Kane Fitzgerald
Shai Gilgeous-Alexander,K.Lane,21,460,8.71744431367526,7.484763021548464,1.232681292126796,112.61428571428571,112.20304347826085,0.41124223602486154,1.1709949567230669,0.061686335403729226,7.537707376166985,Karl Lane
Shai Gilgeous-Alexander,K.Mauer,8,473,3.5803599097703183,7.595536601748685,-4.0151766919783665,109.0875,112.27399577167019,-3.186495771670181,-3.537202326227839,0.4779743657505271,7.537707376166985,Ken Mauer
Shai Gilgeous-Alexander,K.Scott,28,453,6.759927489140473,7.587964836939712,-0.8280373477992384,112.2857142857143,112.21699779249447,0.06871649321983853,-0.8383448217822143,0.010307473982975778,7.537707376166985,Kevin Scott
Shai Gilgeous-Alexander,L.Holtkamp,9,472,9.702652326788138,7.493291629080158,2.2093606977079805,112.54444444444444,112.21483050847456,0.3296139359698742,2.159918607312499,0.04944209039548113,7.537707376166985,Lauren Holtkamp
Shai Gilgeous-Alexander,L.Wood,14,467,8.022914449388924,7.523183622198763,0.49973082719016126,111.51428571428572,112.24218415417559,-0.72789843988987,0.6089155931736417,0.1091847659834805,7.537707376166985,Leon Wood
Shai Gilgeous-Alexander,M.Ayotte,9,472,4.6628945395050785,7.591211549471642,-2.9283170099665634,109.94444444444443,112.26440677966103,-2.3199623352166014,-2.5803226596840734,0.3479943502824902,7.537707376166985,Mark Ayotte
Shai Gilgeous-Alexander,M.Boland,15,466,8.603803647112674,7.505067435293656,1.098736211819018,112.21333333333334,112.22124463519312,-0.007911301859778064,1.0999229070979848,0.0011866952789667095,7.537707376166985,Matt Boland
Shai Gilgeous-Alexander,M.Dagher,20,461,9.14154153476325,7.46578377650281,1.675757758260441,113.71499999999999,112.15618221258134,1.558817787418647,1.441935090147644,0.23382266811279706,7.537707376166985,Mousa Dagher
Shai Gilgeous-Alexander,M.Davis,28,453,5.860170903443014,7.6391172892585555,-1.7789463858155417,111.9607142857143,112.23708609271523,-0.27637180700092756,-1.7374906147654026,0.04145577105013913,7.537707376166985,Marc Davis
Shai Gilgeous-Alexander,M.Ervin,29,452,7.013461408374484,7.571988464196334,-0.55852705582185,112.92413793103451,112.17588495575221,0.7482529752822984,-0.6707650021141948,0.11223794629234475,7.537707376166985,Mitchell Ervin
Shai Gilgeous-Alexander,M.Kallio,12,469,10.532944248195362,7.454487206362749,3.0784570418326123,112.52499999999999,112.2132196162047,0.3117803837952948,3.031689984263318,0.046767057569294224,7.537707376166985,Matt Kallio
Shai Gilgeous-Alexander,M.Kogut,16,465,7.238949391415758,7.548542548430146,-0.3095931570143877,112.39375,112.21505376344086,0.17869623655913358,-0.33639759249825774,0.026804435483870036,7.537707376166985,Marat Kogut
Shai Gilgeous-Alexander,M.Lindsay,20,461,7.671007554051924,7.532316113983918,0.1386914400680057,111.42499999999998,112.25553145336227,-0.8305314533622834,0.26327115807234824,0.1245797180043425,7.537707376166985,Mark Lindsay
Shai Gilgeous-Alexander,M.Myers,13,468,8.726054765542369,7.50314441559801,1.2229103499443585,111.50769230769232,112.24081196581196,-0.7331196581196338,1.3328782986623036,0.10996794871794506,7.537707376166985,Matt Myers
Shai Gilgeous-Alexander,M.Smith,12,469,8.727089076408324,7.507632082437346,1.2194569939709785,113.49999999999999,112.18827292110873,1.311727078891252,1.0226979321372907,0.1967590618336878,7.537707376166985,Michael Smith
Shai Gilgeous-Alexander,N.Buchert,27,454,6.127659574468085,7.616131576066811,-1.4884720015987263,110.89999999999999,112.29955947136564,-1.3995594713656487,-1.2785380808938789,0.20993392070484732,7.537707376166985,Nick Buchert
Shai Gilgeous-Alexander,N.Green,10,471,7.431785543322164,7.539959118379143,-0.10817357505697878,111.96,112.22653927813163,-0.26653927813163136,-0.06819268333723408,0.039980891719744706,7.537707376166985,Nate Green
Shai Gilgeous-Alexander,N.Sago,24,457,7.9883307231728535,7.51387113410681,0.47445958906604346,112.27916666666665,112.21794310722099,0.06122355944566493,0.46527605514919373,0.00918353391684974,7.537707376166985,Natalie Sago
Shai Gilgeous-Alexander,P.Fraher,23,458,8.764724688291567,7.472244930581303,1.2924797577102645,113.25217391304346,112.16921397379913,1.0829599392443328,1.1300357668236145,0.1624439908866499,7.537707376166985,Pat Fraher
Shai Gilgeous-Alexander,P.Ransom,15,466,9.0354838390925,7.488971675747974,1.5465121633445253,112.89333333333333,112.19935622317595,0.6939771101573768,1.442415596820919,0.10409656652360652,7.537707376166985,Phenizee Ransom
Shai Gilgeous-Alexander,R.Acosta,30,451,7.8983549969284175,7.513101791201827,0.38525320572659005,111.52666666666667,112.26718403547672,-0.7405173688100462,0.49633081104809695,0.11107760532150691,7.537707376166985,Ray Acosta
Shai Gilgeous-Alexander,R.Hussey,9,472,10.210571551353674,7.485042013818217,2.725529537535457,114.38888888888889,112.17966101694915,2.2092278719397314,2.394145356744497,0.3313841807909597,7.537707376166985,Robert Hussey
Shai Gilgeous-Alexander,R.Mott,21,460,6.902984191313981,7.566814236291099,-0.663830044977118,112.29047619047618,112.21782608695652,0.07265010351966339,-0.6747275605050674,0.010897515527949509,7.537707376166985,Rodney Mott
Shai Gilgeous-Alexander,S.Corbin,19,462,7.046751505667118,7.5585504598035955,-0.5117989541364771,112.72105263157894,112.2004329004329,0.5206197311460414,-0.5898919138083834,0.07809295967190621,7.537707376166985,Sean Corbin
Shai Gilgeous-Alexander,S.Foster,18,463,6.5071440867619215,7.579072561198582,-1.0719284744366604,111.59444444444443,112.24535637149029,-0.6509119270458541,-0.9742916853797823,0.09763678905687811,7.537707376166985,Scott Foster
Shai Gilgeous-Alexander,S.Mehta,13,468,9.83232825590538,7.472599635409005,2.3597286204963757,113.93076923076924,112.17350427350426,1.7572649572649794,2.096138876906629,0.2635897435897469,7.537707376166985,Suyash Mehta
Shai Gilgeous-Alexander,S.Mitchell,5,476,7.362505757715338,7.539703910725372,-0.17719815301003372,114.35999999999999,112.19852941176471,2.161470588235275,-0.501418741245325,0.32422058823529126,7.537707376166985,Sha'Rae Mitchell
Shai Gilgeous-Alexander,S.Twardoski,19,462,6.460787965966658,7.5804473943722925,-1.119659428405635,111.35263157894738,112.25670995670997,-0.9040783777625876,-0.9840476717412467,0.13561175666438813,7.537707376166985,Scott Twardoski
Shai Gilgeous-Alexander,S.Wall,13,468,6.752235673269795,7.560244012756727,-0.808008339486932,112.77692307692307,112.20555555555555,0.5713675213675202,-0.89371346769206,0.08570512820512803,7.537707376166985,Scott Wall
Shai Gilgeous-Alexander,S.Wright,24,457,7.604790809573795,7.534342737599945,0.07044807197384984,112.04583333333333,112.23019693654267,-0.18436360320933431,0.09810261245524998,0.027654540481400147,7.537707376166985,Sean Wright
Shai Gilgeous-Alexander,T.Brothers,24,457,7.282730036944066,7.5512652781373095,-0.2685352411932431,112.35833333333335,112.21378555798687,0.14454777534648144,-0.29021740749521535,0.021682166301972217,7.537707376166985,Tony Brothers
Shai Gilgeous-Alexander,T.Brown,10,471,6.033844811785406,7.5702481231854595,-1.5364033114000533,109.75999999999999,112.27324840764331,-2.5132484076433173,-1.1594160502535558,0.37698726114649755,7.537707376166985,Tony Brown
Shai Gilgeous-Alexander,T.Ford,22,459,8.51085151789151,7.491239861403842,1.019611656487668,112.42727272727274,112.2111111111111,0.2161616161616422,0.9871874140634217,0.03242424242424633,7.537707376166985,Tyler Ford
Shai Gilgeous-Alexander,T.Maddox,22,459,6.19327687284067,7.599295579941072,-1.4060187071004018,112.20454545454544,112.22178649237472,-0.01724103782927955,-1.4034325514260098,0.002586155674391932,7.537707376166985,Tre Maddox
Shai Gilgeous-Alexander,T.Washington,20,461,5.47506958270067,7.628536985959341,-2.153467403258671,112.14500000000001,112.22429501084598,-0.0792950108459678,-2.1415731516317758,0.01189425162689517,7.537707376166985,Tom Washington
Shai Gilgeous-Alexander,Z.Zarba,21,460,8.251506833809673,7.504841176301336,0.7466656575083368,111.85238095238095,112.23782608695653,-0.3854451345755763,0.8044824276946733,0.057816770186336436,7.537707376166985,Zach Zarba
Stephen Curry,A.Moyer-Gleich,6,724,4.248477799822125,5.182180386968799,-0.9337025871466738,114.75,110.02430555555556,4.725694444444443,-1.64255675381334,0.7088541666666665,5.174772461815753,Ashley Moyer-Gleich
Stephen Curry,A.Nagy,11,719,4.932102993915461,5.178506497452151,-0.2464035035366905,114.7909090909091,109.99062937062935,4.800279720279747,-0.9664454615786525,0.720041958041962,5.174772461815753,Andy Nagy
Stephen Curry,A.Smith,27,703,5.915409642117716,5.14618653368861,0.7692231084291059,110.58888888888889,110.04306151645208,0.5458273724368041,0.6873490025635853,0.08187410586552062,5.174772461815753,Aaron Smith
Stephen Curry,B.Adair,10,720,5.226847347809555,5.174047047373042,0.052800300436512515,111.77000000000001,110.03952513966479,1.730474860335221,-0.2067709286137706,0.2595712290502831,5.174772461815753,Brandon Adair
Stephen Curry,B.Adams,24,706,5.775611091740235,5.155090807730114,0.6205202840101203,107.74166666666667,110.14273504273504,-2.401068376068366,0.9806805404203751,0.3601602564102549,5.174772461815753,Bennie Adams
Stephen Curry,B.Barnaky,37,693,4.773163563007711,5.1959305229420725,-0.42276695993436153,110.44054054054054,110.04310595065311,0.39743458988742475,-0.48238214841747523,0.05961518848311371,5.174772461815753,Brent Barnaky
Stephen Curry,B.Forte,41,689,4.77054133112795,5.198990739141334,-0.4284494080133845,110.38292682926829,110.04423357664231,0.3386932526259727,-0.4792533959072804,0.050803987893895904,5.174772461815753,Brian Forte
Stephen Curry,B.Kennedy,36,694,5.485294819163176,5.158993021028886,0.32630179813429017,109.88333333333335,110.07275362318842,-0.18942028985506454,0.35471484161254985,0.02841304347825968,5.174772461815753,Bill Kennedy
Stephen Curry,B.Nansel,21,709,5.004778868711443,5.179689412709535,-0.17491054399809158,113.4,109.96397163120568,3.436028368794325,-0.6903147993172404,0.5154042553191488,5.174772461815753,Brett Nansel
Stephen Curry,B.Schwab,7,723,3.4202627158317958,5.1922354656527165,-1.7719727498209208,112.08571428571429,110.04367176634213,2.04204251937216,-2.078279127726745,0.306306377905824,5.174772461815753,Brandon Schwab
Stephen Curry,B.Spooner,15,715,5.836832167430611,5.16120133903089,0.6756308283997212,106.70666666666668,110.13417721518987,-3.4275105485231876,1.1897574106781992,0.5141265822784781,5.174772461815753,Bill Spooner
Stephen Curry,B.Taylor,40,690,4.68435734458901,5.203177709920201,-0.5188203653311909,109.48205128205132,110.09636098981076,-0.6143097077594462,-0.426673909167274,0.09214645616391692,5.174772461815753,Ben Taylor
Stephen Curry,C.Blair,27,703,4.4047572276071865,5.203748575599565,-0.7989913479923789,110.6888888888889,110.03919885550786,0.6496900333810345,-0.8964448529995341,0.09745350500715518,5.174772461815753,Curtis Blair
Stephen Curry,C.Flores,6,724,7.175138773547794,5.1591251297494445,2.01601364379835,114.86666666666667,110.02333333333331,4.843333333333362,1.2895136437983457,0.7265000000000043,5.174772461815753,Che Flores
Stephen Curry,C.Kirkland,36,694,5.980965102688262,5.133446338120643,0.847518764567619,109.52777777777777,110.09130434782608,-0.5635265700483103,0.9320477500748655,0.08452898550724654,5.174772461815753,Courtney Kirkland
Stephen Curry,C.Washington,19,711,4.706440464796851,5.186583796182682,-0.48014333138583076,112.64210526315789,109.99405940594058,2.648045857217312,-0.8773502099684276,0.3972068785825968,5.174772461815753,CJ Washington
Stephen Curry,D.Collins,40,690,4.680858613636536,5.202711552097118,-0.5218529384605821,110.32000000000001,110.04839650145772,0.2716034985422908,-0.5625934632419257,0.04074052478134362,5.174772461815753,Derrick Collins
Stephen Curry,D.Crawford,15,715,3.8168120512306425,5.202438194634926,-1.3856261434042834,106.22000000000001,110.14444444444445,-3.9244444444444326,-0.7969594767376185,0.5886666666666649,5.174772461815753,Dan Crawford
Stephen Curry,D.Guthrie,43,687,4.7995413771572935,5.199178041151272,-0.3996366639939781,110.74761904761904,110.02134502923975,0.7262740183792857,-0.508577766750871,0.10894110275689285,5.174772461815753,David Guthrie
Stephen Curry,D.Richardson,28,702,5.418760121247352,5.1648137389401105,0.25394638230724187,111.07857142857141,110.02263610315184,1.0559353254195685,0.09555608349430661,0.15839029881293526,5.174772461815753,Derek Richardson
Stephen Curry,D.Scott,9,721,6.446067898581865,5.160154718993114,1.2859131795887508,114.32222222222224,110.00990237099025,4.31231985123199,0.6390652019039523,0.6468479776847985,5.174772461815753,Danielle Scott
Stephen Curry,D.Stafford,18,712,4.864080576688341,5.183234513190453,-0.3191539365021123,106.54444444444445,110.15282485875706,-3.608380414312606,0.22210312564477852,0.5412570621468908,5.174772461815753,Derrick Stafford
Stephen Curry,D.Taylor,18,712,6.5800884810029325,5.139149470484361,1.440939010518571,109.23333333333333,110.08446327683615,-0.8511299435028121,1.5686085020439928,0.1276694915254218,5.174772461815753,Dedric Taylor
Stephen Curry,E.Dalen,28,702,4.586830172719924,5.198010374692453,-0.6111802019725294,109.52499999999999,110.08495702005729,-0.559957020057297,-0.5271866489639349,0.08399355300859454,5.174772461815753,Eric Dalen
Stephen Curry,E.Lewis,32,698,4.969790118400648,5.184259074952175,-0.21446895655152698,108.521875,110.1344380403458,-1.6125630403458047,0.02741549950034372,0.2418844560518707,5.174772461815753,Eric Lewis
Stephen Curry,E.Malloy,42,688,4.475405288029883,5.217802398738274,-0.7423971107083913,109.66190476190475,110.08801169590643,-0.4261069340016803,-0.6784810706081392,0.06391604010025205,5.174772461815753,Ed Malloy
Stephen Curry,E.Scott,9,721,5.810777253538614,5.166320521505057,0.6444567320335572,113.25555555555556,110.02329149232915,3.2322640632264097,0.1596171225495958,0.48483960948396143,5.174772461815753,Evan Scott
Stephen Curry,G.Petraitis,35,695,5.525944206281564,5.1570652792099,0.36887892707166436,110.44571428571429,110.04399421128798,0.40172007442630786,0.3086209159077182,0.060258011163946176,5.174772461815753,Gediminas Petraitis
Stephen Curry,G.Zielinski,18,712,5.092180888207173,5.176693963252188,-0.08451307504501493,106.4111111111111,110.15621468926552,-3.7451035781544277,0.47725246167814916,0.5617655367231641,5.174772461815753,Gary Zielinski
Stephen Curry,H.Workman,16,714,6.873276377451642,5.138145821309229,1.7351305561424128,107.6375,110.11802816901408,-2.480528169014079,2.1072097814945248,0.3720792253521118,5.174772461815753,Haywoode Workman
Stephen Curry,I.Hwang,6,724,4.335970825875307,5.181632317605841,-0.8456614917305334,113.91666666666667,110.03125,3.8854166666666714,-1.428473991730534,0.5828125000000007,5.174772461815753,Intae Hwang
Stephen Curry,J.Butler,15,715,5.1415479524063,5.175468601350849,-0.03392064894454894,113.56,109.98959212376934,3.570407876230661,-0.569481830379148,0.5355611814345991,5.174772461815753,John Butler
Stephen Curry,J.Capers,41,689,5.81068029988888,5.1370554172725535,0.673624882616326,108.255,110.16880466472301,-1.913804664723017,0.9606955823247785,0.2870706997084525,5.174772461815753,James Capers
Stephen Curry,J.DeRosa,13,717,5.545592183010584,5.167986792204107,0.3776053908064769,112.18461538461537,110.02468443197755,2.159930952637822,0.053615747910803646,0.3239896428956733,5.174772461815753,JB DeRosa
Stephen Curry,J.Goble,62,668,5.2286184494907975,5.1696847691427665,0.058933680348030926,110.35645161290323,110.03599397590361,0.3204576369996204,0.01086503479808787,0.048068645549943056,5.174772461815753,John Goble
Stephen Curry,J.Goldenberg,12,718,5.921617240392868,5.161797293817021,0.7598199465758464,111.76666666666665,110.03473389355743,1.7319327731092216,0.5000300306094632,0.25978991596638323,5.174772461815753,Jason Goldenberg
Stephen Curry,J.Orr,45,685,5.524106252314219,5.152071577648864,0.3720346746653549,109.53333333333333,110.09838472834068,-0.5650513950073446,0.4567923839164566,0.08475770925110168,5.174772461815753,J.T. Orr
Stephen Curry,J.Phillips,29,701,3.9181198466569165,5.2297182921454235,-1.311598445488507,106.83793103448275,110.19756097560973,-3.3596299411269825,-0.8076539543194596,0.5039444911690474,5.174772461815753,Jason Phillips
Stephen Curry,J.Schroeder,11,719,4.741125753970693,5.181579885136326,-0.4404541311656329,113.66363636363636,110.00797202797204,3.655664335664312,-0.9888037815152797,0.5483496503496468,5.174772461815753,Jenna Schroeder
Stephen Curry,J.Sterling,11,719,5.0830524955709775,5.176195761247654,-0.09314326567667663,112.0,110.03356643356643,1.9664335664335653,-0.3881083006417114,0.2949650349650348,5.174772461815753,Jonathan Sterling
Stephen Curry,J.Tiven,41,689,5.139296897698292,5.176906705597239,-0.03760980789894752,110.76585365853657,110.02131386861312,0.7445397899234507,-0.14929077638746513,0.1116809684885176,5.174772461815753,Josh Tiven
Stephen Curry,J.Van Duyne,36,694,5.316967193504804,5.167436094139565,0.14953109936523923,111.36388888888888,109.9955072463768,1.3683816425120767,-0.055726147011572275,0.2052572463768115,5.174772461815753,Justin Van Duyne
Stephen Curry,J.Williams,38,692,4.512917408524399,5.211285362331883,-0.6983679538074838,110.22105263157894,110.0546511627907,0.16640146878823714,-0.7233281741257194,0.02496022031823557,5.174772461815753,James Williams
Stephen Curry,K.Cutler,37,693,4.787469126053298,5.195638724978314,-0.40816959892501536,110.57027027027027,110.03613933236574,0.5341309379045356,-0.4882892396106957,0.08011964068568034,5.174772461815753,Kevin Cutler
Stephen Curry,K.Fitzgerald,23,707,4.562655810032822,5.19634791846159,-0.6336921084287681,106.80434782608695,110.16998577524893,-3.365637949161979,-0.12884641605447134,0.5048456923742968,5.174772461815753,Kane Fitzgerald
Stephen Curry,K.Lane,38,692,5.704397731169615,5.145933812279299,0.5584639188903155,109.45135135135138,110.09622641509435,-0.6448750637429725,0.6551951784517615,0.09673125956144588,5.174772461815753,Karl Lane
Stephen Curry,K.Mauer,29,701,6.558316616858394,5.117460980532963,1.4408556363254315,108.43793103448276,110.13098995695837,-1.6930589224756147,1.6948144746967737,0.2539588383713422,5.174772461815753,Ken Mauer
Stephen Curry,K.Scott,46,684,4.897715765998025,5.194201336145911,-0.2964855701478859,111.35333333333332,109.97812041116006,1.3752129221732616,-0.5027675084738752,0.20628193832598923,5.174772461815753,Kevin Scott
Stephen Curry,L.Holtkamp,17,713,4.148498480024248,5.198512291064264,-1.0500138110400163,109.57647058823531,110.07503526093089,-0.49856467269557925,-0.9752291101356795,0.07478470090433688,5.174772461815753,Lauren Holtkamp
Stephen Curry,L.Richardson,19,711,5.19847436078542,5.174141357460529,0.024333003324890967,108.34736842105262,110.1094766619519,-1.7621082408992805,0.28864923945978305,0.2643162361348921,5.174772461815753,Leroy Richardson
Stephen Curry,L.Wood,36,694,4.508263889764375,5.208698904786549,-0.7004350150221734,109.95833333333334,110.06884057971014,-0.11050724637679821,-0.6838589280656537,0.016576086956519732,5.174772461815753,Leon Wood
Stephen Curry,M.Ayotte,29,701,4.916594732870272,5.185180165910858,-0.26858543304058635,108.71071428571429,110.11762177650431,-1.4069074907900188,-0.057549309422083555,0.2110361236185028,5.174772461815753,Mark Ayotte
Stephen Curry,M.Boland,31,699,5.7284330182102305,5.150062009915066,0.5783710082951643,109.81612903225808,110.07438848920863,-0.2582594569505545,0.6171099268377475,0.03873891854258318,5.174772461815753,Matt Boland
Stephen Curry,M.Callahan,27,703,4.077681000784569,5.21950311509893,-1.141822114314361,106.72222222222224,110.19241773962804,-3.4701955174057986,-0.6212927867034912,0.5205293276108698,5.174772461815753,Mike Callahan
Stephen Curry,M.Dagher,12,718,4.387805019609144,5.187866256582763,-0.8000612369736189,113.59999999999998,110.00392156862743,3.596078431372547,-1.339473001679501,0.539411764705882,5.174772461815753,Mousa Dagher
Stephen Curry,M.Davis,39,691,4.859634184995743,5.192967246844641,-0.3333330618488981,108.82820512820513,110.13347889374091,-1.3052737655357873,-0.13754199701853,0.1957910648303681,5.174772461815753,Marc Davis
Stephen Curry,M.Ervin,29,701,5.850497203077853,5.14582352195334,0.7046736811245129,111.05862068965517,110.02195121951218,1.0366694701429964,0.5491732606030635,0.15550042052144944,5.174772461815753,Mitchell Ervin
Stephen Curry,M.Kallio,5,725,5.989573705031981,5.168747279237065,0.820826425794916,113.22,110.04147018030513,3.178529819694873,0.3440469528406851,0.47677947295423095,5.174772461815753,Matt Kallio
Stephen Curry,M.Kogut,28,702,6.682992087503318,5.114225320623564,1.5687667668797536,110.95357142857145,110.02765042979941,0.9259209987720425,1.4298786170639473,0.13888814981580636,5.174772461815753,Marat Kogut
Stephen Curry,M.Lindsay,39,691,5.606028484976969,5.150729597870552,0.45529888710641675,109.74871794871794,110.08122270742359,-0.3325047587056531,0.5051746009122647,0.04987571380584797,5.174772461815753,Mark Lindsay
Stephen Curry,M.McCutchen,19,711,5.085527580242168,5.177366094385091,-0.09183851414292299,105.9421052631579,110.17411598302688,-4.232010719868981,0.5429630938374241,0.6348016079803471,5.174772461815753,Monty McCutchen
Stephen Curry,M.Myers,12,718,6.844626967830253,5.14751945810707,1.6971075097231836,113.18333333333332,110.0109243697479,3.1724089635854256,1.2212461651853697,0.4758613445378138,5.174772461815753,Matt Myers
Stephen Curry,M.Smith,24,706,5.39990924522277,5.167258687626847,0.2326505575959228,110.51739130434785,110.04850640113797,0.46888490320988296,0.16231782211444035,0.07033273548148244,5.174772461815753,Michael Smith
Stephen Curry,N.Buchert,35,695,4.826575198189606,5.192202263801441,-0.365627065611835,110.71142857142857,110.03053545586108,0.6808931155674856,-0.4677610329469578,0.10213396733512282,5.174772461815753,Nick Buchert
Stephen Curry,N.Green,9,721,3.4531612632925204,5.19622546323036,-1.7430641999378396,114.28888888888888,110.01032078103206,4.278568107856813,-2.3848494161163614,0.6417852161785219,5.174772461815753,Nate Green
Stephen Curry,N.Sago,10,720,5.27174667285596,5.1733778066166485,0.09836886623931118,113.30999999999999,110.01801675977653,3.291983240223459,-0.3954286197942076,0.4937974860335188,5.174772461815753,Natalie Sago
Stephen Curry,P.Fraher,28,702,5.048316437077922,5.179850997277708,-0.1315345601997855,109.20357142857142,110.09785100286534,-0.8942795742939182,0.0026073759443022426,0.13414193614408773,5.174772461815753,Pat Fraher
Stephen Curry,P.Ransom,11,719,4.057721684191794,5.190316703096918,-1.132595018905124,114.2181818181818,109.99944055944057,4.2187412587412325,-1.7654062077163086,0.6328111888111848,5.174772461815753,Phenizee Ransom
Stephen Curry,R.Acosta,24,706,4.782372011017493,5.188332485050462,-0.40596047403296875,111.50416666666666,110.01410256410256,1.490064102564105,-0.6294700894175845,0.22350961538461575,5.174772461815753,Ray Acosta
Stephen Curry,R.Garretson,23,707,5.289154101543112,5.1711429057438245,0.1180111957992871,107.83913043478262,110.13613086770984,-2.29700043292722,0.46256126073837006,0.34455006493908297,5.174772461815753,Ron Garretson
Stephen Curry,R.Hussey,6,724,5.93896068188067,5.167922924480841,0.7710377573998288,113.45,110.03513888888887,3.4148611111111364,0.25880859073315843,0.5122291666666704,5.174772461815753,Robert Hussey
Stephen Curry,R.Mott,28,702,6.792937188369069,5.112411986233755,1.680525202135314,110.38928571428572,110.0502865329513,0.3389991813344153,1.6296753249351519,0.0508498772001623,5.174772461815753,Rodney Mott
Stephen Curry,S.Anderson,9,721,2.7675051104497776,5.203147821230247,-2.4356427107804692,108.07777777777778,110.08828451882846,-2.0105067410506763,-2.134066699622868,0.3015760111576014,5.174772461815753,Steve Anderson
Stephen Curry,S.Corbin,26,704,4.959296007980477,5.182421023301223,-0.22312501532074602,110.72692307692309,110.03871428571429,0.688208791208794,-0.3263563340020651,0.10323131868131909,5.174772461815753,Sean Corbin
Stephen Curry,S.Foster,48,682,4.26886167763493,5.239412478561094,-0.9705508009261639,109.47872340425532,110.1038291605302,-0.625105756274877,-0.8767849374849324,0.09376586344123154,5.174772461815753,Scott Foster
Stephen Curry,S.Mehta,8,722,4.824844117966163,5.1785325598341965,-0.3536884418680337,114.4,110.0150417827298,4.38495821727021,-1.011432174458565,0.6577437325905314,5.174772461815753,Suyash Mehta
Stephen Curry,S.Twardoski,36,694,5.9903637597893935,5.1325923251874865,0.857771434601907,110.99166666666667,110.0149275362319,0.9767391304347797,0.71126056503669,0.14651086956521694,5.174772461815753,Scott Twardoski
Stephen Curry,S.Wall,16,714,5.434970639206646,5.169035768765576,0.26593487044107,108.80624999999999,110.09169014084507,-1.2854401408450826,0.4587508915678324,0.19281602112676238,5.174772461815753,Scott Wall
Stephen Curry,S.Wright,32,698,5.546951681589093,5.158023166180848,0.3889285154082449,110.61999999999999,110.03936781609194,0.580632183908051,0.30183368782203723,0.08709482758620765,5.174772461815753,Sean Wright
Stephen Curry,T.Brothers,35,695,5.701094720789641,5.14789559928065,0.5531991215089906,110.59411764705882,110.0372832369942,0.5568344100646243,0.469673959999297,0.08352516150969365,5.174772461815753,Tony Brothers
Stephen Curry,T.Brown,18,712,5.809417210914663,5.158516567421514,0.6509006434931495,108.28333333333335,110.10861581920904,-1.8252824858756895,0.9246930163745029,0.27379237288135344,5.174772461815753,Tony Brown
Stephen Curry,T.Ford,31,699,5.909404760353834,5.142834204256767,0.7665705560970677,111.57419354838709,109.99597122302158,1.5782223253655019,0.5298372072922424,0.23673334880482527,5.174772461815753,Tyler Ford
Stephen Curry,T.Maddox,38,692,4.341076675722126,5.21768349081186,-0.8766068150897333,108.73947368421054,110.13648255813952,-1.397008873928982,-0.667055484000386,0.20955133108934731,5.174772461815753,Tre Maddox
Stephen Curry,T.Washington,27,703,5.176766539145603,5.1746944435318225,0.0020720956137800783,109.69259259259259,110.07768240343349,-0.38508981084089555,0.05983556723991441,0.05776347162613433,5.174772461815753,Tom Washington
Stephen Curry,Z.Zarba,55,675,5.685580362978634,5.13257989485395,0.5530004681246838,110.1418181818182,110.05692995529061,0.08488822652758188,0.5402672341455466,0.012733233979137282,5.174772461815753,Zach Zarba
Trae Young,A.Moyer-Gleich,16,478,6.556333545512412,8.032580658588046,-1.476247113075634,111.53125,111.95857740585774,-0.42732740585773854,-1.4121480021969732,0.06409911087866078,7.983649490843863,Ashley Moyer-Gleich
Trae Young,A.Nagy,17,477,7.102291573527928,8.014543294275342,-0.9122517207474132,112.98823529411766,111.90754716981132,1.0806881243063344,-1.0743549393933634,0.16210321864595015,7.983649490843863,Andy Nagy
Trae Young,A.Smith,24,470,7.071644399216764,8.028468438001983,-0.9568240387852196,112.6875,111.90680851063829,0.7806914893617147,-1.0739277621894767,0.1171037234042572,7.983649490843863,Aaron Smith
Trae Young,B.Adair,19,475,7.351717669838292,8.009119322448488,-0.6574016526101953,112.08421052631579,111.93915789473685,0.14505263157893467,-0.6791595473470355,0.0217578947368402,7.983649490843863,Brandon Adair
Trae Young,B.Adams,7,487,4.696775315836396,8.02854959777745,-3.3317742819410547,110.98571428571428,111.95852156057495,-0.9728072748606706,-3.185853190711954,0.1459210912291006,7.983649490843863,Bennie Adams
Trae Young,B.Barnaky,21,473,7.827177700348432,7.990518009989371,-0.16334030964093849,112.48095238095237,111.92093023255815,0.5600221483942249,-0.24734363190007222,0.08400332225913373,7.983649490843863,Brent Barnaky
Trae Young,B.Forte,36,458,8.313186396209845,7.95805222250714,0.35513417370270517,111.51666666666668,111.97838427947597,-0.461717612809295,0.42439181562409944,0.06925764192139425,7.983649490843863,Brian Forte
Trae Young,B.Kennedy,17,477,9.7908787541713,7.9178597069646015,1.8730190472066992,111.90588235294118,111.94612159329141,-0.04023924035023185,1.879054933259234,0.006035886052534778,7.983649490843863,Bill Kennedy
Trae Young,B.Nansel,24,470,8.51427551896833,7.957432108990529,0.5568434099777999,112.25,111.92914893617021,0.32085106382979234,0.5087157504033311,0.04812765957446885,7.983649490843863,Brett Nansel
Trae Young,B.Schwab,8,486,6.460036004118043,8.009972321739532,-1.5499363176214889,113.0,111.92736625514402,1.0726337448559775,-1.7108313793498855,0.16089506172839663,7.983649490843863,Brandon Schwab
Trae Young,B.Taylor,26,468,8.582776069316049,7.950873555779525,0.6319025135365237,112.81153846153846,111.8965811965812,0.9149572649572661,0.4946589237929338,0.1372435897435899,7.983649490843863,Ben Taylor
Trae Young,C.Blair,29,465,7.0379092911950165,8.041728539927213,-1.0038192487321966,112.31379310344829,111.92172043010754,0.39207267334074913,-1.062630149733309,0.058810901001112366,7.983649490843863,Curtis Blair
Trae Young,C.Flores,5,489,11.71377361091962,7.943584163735377,3.7701894471842436,112.2,111.94212678936604,0.25787321063396007,3.7315084655891497,0.03868098159509401,7.983649490843863,Che Flores
Trae Young,C.Kirkland,24,470,8.11261122676075,7.977020017109694,0.1355912096510563,111.69166666666666,111.9576595744681,-0.2659929078014329,0.17549014582127126,0.039898936170214935,7.983649490843863,Courtney Kirkland
Trae Young,C.Washington,21,473,9.16098100682279,7.931550393701109,1.2294306131216821,112.56666666666665,111.91712473572939,0.6495419309372608,1.131999323481093,0.09743128964058911,7.983649490843863,CJ Washington
Trae Young,D.Collins,19,475,5.6513634065162766,8.077862431425617,-2.42649902490934,111.07368421052632,111.97957894736842,-0.9058947368421002,-2.290614814383025,0.13588421052631502,7.983649490843863,Derrick Collins
Trae Young,D.Guthrie,18,476,8.551949131739608,7.961810606354912,0.5901385253846962,110.93333333333334,111.98298319327732,-1.0496498599439832,0.7475860043762937,0.15744747899159747,7.983649490843863,David Guthrie
Trae Young,D.Mosher,5,489,8.25434107876856,7.980782661356595,0.27355841741196496,112.7,111.93701431492843,0.7629856850715697,0.15911056465122952,0.11444785276073545,7.983649490843863,Dannica Mosher
Trae Young,D.Richardson,17,477,7.153298008404898,8.01306544901558,-0.8597674406106819,111.2470588235294,111.96960167714884,-0.7225428536194443,-0.7513860125677653,0.10838142804291663,7.983649490843863,Derek Richardson
Trae Young,D.Scott,9,485,6.06436913175641,8.01901136939815,-1.9546422376417398,113.16666666666667,111.9220618556701,1.2446048109965773,-2.1413329592912262,0.18669072164948658,7.983649490843863,Danielle Scott
Trae Young,D.Taylor,21,473,8.783387589218917,7.947298223119452,0.8360893660994648,111.93333333333335,111.94524312896405,-0.01190979563070016,0.8378758354440698,0.001786469344605024,7.983649490843863,Dedric Taylor
Trae Young,E.Dalen,19,475,6.236824554813685,8.05307864186714,-1.816254087053455,112.1842105263158,111.93515789473683,0.2490526315789623,-1.8536119817902992,0.037357894736844345,7.983649490843863,Eric Dalen
Trae Young,E.Lewis,15,479,7.966310820234965,7.984169776491056,-0.017858956256090686,111.24000000000001,111.96680584551147,-0.7268058455114641,0.09116192057062893,0.10902087682671961,7.983649490843863,Eric Lewis
Trae Young,E.Malloy,25,469,8.554423634365698,7.952001964556944,0.6024216698087539,112.156,111.93347547974415,0.22252452025585967,0.569042991770375,0.03337867803837895,7.983649490843863,Ed Malloy
Trae Young,E.Scott,16,478,7.561597798491333,7.997640985336688,-0.4360431868453549,112.46875,111.92719665271966,0.5415533472803418,-0.5172761889374062,0.08123300209205127,7.983649490843863,Evan Scott
Trae Young,G.Petraitis,29,465,7.415083848404021,8.020330948766171,-0.60524710036215,112.2241379310345,111.92731182795698,0.296826103077521,-0.6497710158237782,0.04452391546162815,7.983649490843863,Gediminas Petraitis
Trae Young,I.Hwang,6,488,4.30909467578206,8.031030745310735,-3.7219360695286756,113.98333333333333,111.91967213114755,2.0636612021857843,-4.031485249856543,0.30954918032786766,7.983649490843863,Intae Hwang
Trae Young,J.Butler,15,479,8.05525404612185,7.9812658623389705,0.07398818378287864,112.37333333333332,111.93131524008352,0.4420180932497999,0.007685469795408656,0.06630271398746998,7.983649490843863,John Butler
Trae Young,J.Capers,23,471,8.928505653983573,7.936287483426576,0.9922181705569963,111.0695652173913,111.98747346072186,-0.9179082433305581,1.12990440705658,0.1376862364995837,7.983649490843863,James Capers
Trae Young,J.Conley,9,485,6.717765560415747,8.008788676092099,-1.291023115676352,111.58888888888889,111.95134020618556,-0.36245131729667435,-1.236655418081851,0.05436769759450115,7.983649490843863,John Conley
Trae Young,J.DeRosa,19,475,9.855554040147299,7.906891472118598,1.9486625680287002,112.04210526315791,111.94084210526316,0.10126315789474916,1.9334730943444878,0.015189473684212373,7.983649490843863,JB DeRosa
Trae Young,J.Goble,46,448,7.514913891611659,8.032151889156305,-0.5172379975446457,112.13695652173914,111.92499999999998,0.2119565217391539,-0.5490314758055188,0.03179347826087309,7.983649490843863,John Goble
Trae Young,J.Goldenberg,16,478,9.170794467674494,7.946469082155582,1.2243253855189113,111.93125,111.94518828451882,-0.01393828451881518,1.2264161281967336,0.002090742677822277,7.983649490843863,Jason Goldenberg
Trae Young,J.Orr,17,477,8.608044955417299,7.961626602017972,0.6464183533993264,111.60588235294118,111.95681341719076,-0.3509310642495791,0.6990580130367633,0.052639659637436866,7.983649490843863,J.T. Orr
Trae Young,J.Phillips,5,489,6.234099412079101,7.999783915378424,-1.7656845032993225,108.88,111.9760736196319,-3.096073619631909,-1.3012734603545362,0.4644110429447863,7.983649490843863,Jason Phillips
Trae Young,J.Schroeder,8,486,8.831833020723137,7.970689170433905,0.8611438502892312,113.36250000000001,111.92139917695474,1.441100823045275,0.64497872683244,0.21616512345679126,7.983649490843863,Jenna Schroeder
Trae Young,J.Sterling,15,479,7.079240528079271,8.012291689193267,-0.9330511611139958,111.52666666666666,111.95782881002089,-0.43116214335422853,-0.8683768396108615,0.06467432150313428,7.983649490843863,Jonathan Sterling
Trae Young,J.Tiven,33,461,6.004878515400804,8.122008204276707,-2.1171296888759024,110.6969696969697,112.03405639913231,-1.3370867021626083,-1.9165666835515112,0.20056300532439122,7.983649490843863,Josh Tiven
Trae Young,J.Van Duyne,20,474,6.765418140426734,8.032242897196461,-1.2668247567697275,111.58500000000001,111.95991561181435,-0.37491561181434463,-1.2105874149975757,0.05623734177215169,7.983649490843863,Justin Van Duyne
Trae Young,J.Williams,20,474,7.029735919973379,8.023310469159817,-0.9935745491864383,111.19500000000001,111.97637130801687,-0.7813713080168583,-0.8763688529839095,0.11720569620252874,7.983649490843863,James Williams
Trae Young,K.Cutler,23,471,8.655329748978087,7.950309132551596,0.7050206164264905,112.42608695652174,111.92123142250531,0.5048555340164285,0.6292922863240262,0.07572833010246427,7.983649490843863,Kevin Cutler
Trae Young,K.Fitzgerald,15,479,9.562019391507855,7.932225052588603,1.6297943389192522,110.28666666666666,111.99665970772443,-1.7099930410577713,1.8862932950779179,0.2564989561586657,7.983649490843863,Kane Fitzgerald
Trae Young,K.Lane,24,470,9.6701583919548,7.9002383332051975,1.7699200587496025,112.27500000000002,111.92787234042554,0.34712765957448255,1.71785090981343,0.05206914893617238,7.983649490843863,Karl Lane
Trae Young,K.Mauer,9,485,9.414552099107608,7.958192092529828,1.4563600065777802,110.03333333333335,111.980206185567,-1.9468728522336534,1.7483909344128281,0.29203092783504797,7.983649490843863,Ken Mauer
Trae Young,K.Scott,26,468,7.601163968424944,8.005773970943121,-0.4046100025181767,112.06153846153846,111.93824786324787,0.12329059829059474,-0.4231035922617659,0.018493589743589212,7.983649490843863,Kevin Scott
Trae Young,L.Holtkamp,16,478,9.145007644360815,7.94374072755386,1.2012669168069552,113.89375,111.87949790794981,2.014252092050185,0.8991291029994275,0.30213781380752774,7.983649490843863,Lauren Holtkamp
Trae Young,L.Richardson,9,485,9.809698929971866,7.9508664864701455,1.8588324435017203,109.6888888888889,111.98659793814433,-2.297709049255431,2.203488800890035,0.3446563573883146,7.983649490843863,Leroy Richardson
Trae Young,L.Wood,16,478,9.517055313960821,7.932357805252604,1.5846975087082171,111.1875,111.97008368200837,-0.7825836820083651,1.702085061009472,0.11738755230125476,7.983649490843863,Leon Wood
Trae Young,M.Ayotte,10,484,7.162595335470322,7.999174341446238,-0.8365790059759162,110.85,111.96735537190082,-1.1173553719008282,-0.6689757001907919,0.16760330578512422,7.983649490843863,Mark Ayotte
Trae Young,M.Boland,19,475,9.559090434445347,7.919223304129629,1.639867130315718,112.11052631578947,111.9381052631579,0.17242105263157725,1.6140039724209814,0.025863157894736588,7.983649490843863,Matt Boland
Trae Young,M.Callahan,6,488,4.619377667175395,8.017797594104225,-3.39841992692883,110.31666666666666,111.96475409836066,-1.6480874316939946,-3.151206812174731,0.24721311475409918,7.983649490843863,Mike Callahan
Trae Young,M.Dagher,17,477,7.05987934386997,8.017416347042301,-0.9575370031723311,112.1470588235294,111.93752620545074,0.20953261807866852,-0.9889668958841314,0.03142989271180028,7.983649490843863,Mousa Dagher
Trae Young,M.Davis,18,476,7.076927208518524,8.017873449917028,-0.9409462413985041,112.4,111.92752100840336,0.4724789915966454,-1.011818090138001,0.07087184873949681,7.983649490843863,Marc Davis
Trae Young,M.Ervin,22,472,8.600743417611724,7.954313021859053,0.6464303957526711,111.60000000000001,111.96080508474576,-0.3608050847457491,0.7005511584645335,0.05412076271186237,7.983649490843863,Mitchell Ervin
Trae Young,M.Kallio,6,488,10.662940207031161,7.948741214794738,2.7141989922364234,115.53333333333335,111.90061475409836,3.6327185792349894,2.169291205351175,0.5449077868852484,7.983649490843863,Matt Kallio
Trae Young,M.Kogut,21,473,8.667386891123432,7.95431474511588,0.7130721460075513,111.9,111.94672304439747,-0.046723044397467106,0.7200806026671713,0.007008456659620066,7.983649490843863,Marat Kogut
Trae Young,M.Lindsay,17,477,8.855730249795679,7.95088183508208,0.9048484147135989,113.05882352941175,111.90503144654087,1.1537920828708792,0.731779602282967,0.17306881243063188,7.983649490843863,Mark Lindsay
Trae Young,M.Myers,27,467,7.930374251249676,7.986643533781087,-0.05626928253141106,111.06666666666669,111.99550321199143,-0.9288365453247422,0.08305619926730026,0.13932548179871132,7.983649490843863,Matt Myers
Trae Young,M.Smith,20,474,9.258068664009258,7.932286410752786,1.325782253256472,110.52500000000002,112.00464135021097,-1.4796413502109544,1.5477284557881152,0.22194620253164316,7.983649490843863,Michael Smith
Trae Young,N.Buchert,19,475,8.24226903130802,7.973394396749794,0.2688746345582258,111.31052631578947,111.9701052631579,-0.6595789473684306,0.3678114766634904,0.09893684210526459,7.983649490843863,Nick Buchert
Trae Young,N.Green,12,482,9.036947938184765,7.955367806072262,1.081580132112503,112.51666666666667,111.9304979253112,0.5861687413554648,0.9936548209091832,0.08792531120331971,7.983649490843863,Nate Green
Trae Young,N.Sago,15,479,8.655884539261363,7.961476466389024,0.6944080728723394,113.08,111.90918580375782,1.1708141962421763,0.5187859434360129,0.17562212943632644,7.983649490843863,Natalie Sago
Trae Young,P.Fraher,27,467,7.431125026166576,8.014979626580724,-0.5838546004141474,112.54444444444442,111.9100642398287,0.6343802046157236,-0.679011631106506,0.09515703069235855,7.983649490843863,Pat Fraher
Trae Young,P.Ransom,21,473,7.598121435759811,8.00052199835652,-0.40240056259670887,112.67142857142856,111.91247357293868,0.7589549984898838,-0.5162438123701915,0.11384324977348256,7.983649490843863,Phenizee Ransom
Trae Young,R.Acosta,25,469,7.76803156241621,7.994022808415981,-0.22599124599977038,111.6,111.96311300639658,-0.3631130063965884,-0.17152429504028213,0.05446695095948826,7.983649490843863,Ray Acosta
Trae Young,R.Hussey,10,484,10.416637685191628,7.93129642192645,2.4853412632651777,113.35999999999999,111.9154958677686,1.444504132231387,2.2686656434304697,0.21667561983470804,7.983649490843863,Robert Hussey
Trae Young,R.Mott,22,472,7.946028571368165,7.985471799382533,-0.039443228014367726,112.38636363636361,111.92415254237288,0.46221109399073157,-0.10877489211297746,0.06933166409860973,7.983649490843863,Rodney Mott
Trae Young,S.Corbin,13,481,7.615710929584365,7.993594883611327,-0.37788395402696207,113.15384615384616,111.91205821205823,1.2417879417879334,-0.5641521452951521,0.18626819126819,7.983649490843863,Sean Corbin
Trae Young,S.Foster,24,470,7.417301046352142,8.012783612261924,-0.5954825659097818,111.65833333333335,111.95936170212765,-0.30102836879430583,-0.5503283105906359,0.045154255319145874,7.983649490843863,Scott Foster
Trae Young,S.Jelks,6,488,9.337967279816903,7.967861669364691,1.370105610452212,112.83333333333333,111.93381147540983,0.8995218579235029,1.2351773317636865,0.13492827868852544,7.983649490843863,Simone Jelks
Trae Young,S.Mehta,13,481,8.173380125984018,7.978518816801405,0.19486130918261235,112.76153846153846,111.92266112266111,0.8388773388773529,0.06902970835100941,0.12583160083160294,7.983649490843863,Suyash Mehta
Trae Young,S.Twardoski,16,478,6.647543922552887,8.028804072767928,-1.3812601502150406,110.375,111.99728033472803,-1.622280334728032,-1.1379181000058358,0.24334205020920477,7.983649490843863,Scott Twardoski
Trae Young,S.Wall,23,471,8.792149506826378,7.944172782684605,0.8479767241417733,111.84782608695652,111.94946921443737,-0.10164312748085536,0.8632231932639016,0.015246469122128303,7.983649490843863,Scott Wall
Trae Young,S.Wright,25,469,7.08015574523717,8.032759011153416,-0.9526032659162462,111.536,111.96652452025587,-0.4305245202558723,-0.8880245878778654,0.06457867803838084,7.983649490843863,Sean Wright
Trae Young,T.Brothers,21,473,8.30523080263542,7.969134691488305,0.33609611114711413,112.0047619047619,111.94207188160676,0.06269002315514172,0.3266926076738429,0.009403503473271258,7.983649490843863,Tony Brothers
Trae Young,T.Brown,7,487,7.73212021776419,7.986987652165547,-0.2548674344013575,107.85714285714286,112.00349075975359,-4.146347902610728,0.3670847509902516,0.6219521853916091,7.983649490843863,Tony Brown
Trae Young,T.Ford,27,467,7.41737918538151,8.015642109653898,-0.5982629242723885,112.58148148148148,111.90792291220556,0.6735585692759116,-0.6992967096637752,0.10103378539138674,7.983649490843863,Tyler Ford
Trae Young,T.Maddox,21,473,8.797261993965046,7.946728548347225,0.8505334456178213,111.22857142857144,111.97653276955602,-0.747961340984574,0.9627276467655074,0.11219420114768609,7.983649490843863,Tre Maddox
Trae Young,T.Ricks,6,488,5.916907624410288,8.010524915933658,-2.09361729152337,114.35000000000001,111.91516393442625,2.434836065573762,-2.4588427013594343,0.36522540983606433,7.983649490843863,Tyler Ricks
Trae Young,T.Washington,21,473,8.229345733046598,7.972728056425131,0.25661767662146673,111.82857142857141,111.94989429175476,-0.12132286318335161,0.27481610609896945,0.01819842947750274,7.983649490843863,Tom Washington
Trae Young,Z.Zarba,24,470,9.00982890425919,7.927911599023718,1.0819173052354731,111.61666666666667,111.96148936170214,-0.3448226950354609,1.1336407094907923,0.051723404255319134,7.983649490843863,Zach Zarba
