player_name,official_pbp_name,n_games_with_official,n_games_without_official,n_games_with_rs,n_games_with_po,fta_with,fta_without,fta_per_game_with,fta_per_game_without,fta_delta,sf_with,sf_without,sf_per_game_with,sf_per_game_without,sf_delta,baseline_fta_per_game,baseline_sf_per_game,official_name,official_id
James Harden,A.Abazi,2,896,2,0,15,7996,7.5,8.924107142857142,-1.4241071428571423,2,513,1.0,0.5725446428571429,0.4274553571428571,8.920935412026726,0.5801781737193764,Agon Abazi,196295108
James Harden,A.Moyer-Gleich,13,885,12,1,78,7933,6.0,8.963841807909604,-2.9638418079096045,6,509,0.46153846153846156,0.5751412429378531,-0.1136027813993915,8.920935412026726,0.5801781737193764,Ashley Moyer-Gleich,1628953
James Harden,A.Nagy,9,889,9,0,65,7946,7.222222222222222,8.938132733408324,-1.7159105111861015,8,507,0.8888888888888888,0.5703037120359955,0.31858517685289334,8.920935412026726,0.5801781737193764,Andy Nagy,1627534
James Harden,A.Smith,39,859,38,1,307,7704,7.871794871794871,8.968568102444703,-1.0967732306498315,22,493,0.5641025641025641,0.5739231664726426,-0.009820602370078535,8.920935412026726,0.5801781737193764,Aaron Smith,1626302
James Harden,B.Adair,13,885,13,0,89,7922,6.846153846153846,8.95141242937853,-2.1052585832246846,8,507,0.6153846153846154,0.5728813559322034,0.04250325945241207,8.920935412026726,0.5801781737193764,Brandon Adair,1627961
James Harden,B.Adams,10,888,10,0,90,7921,9.0,8.920045045045045,0.07995495495495497,7,508,0.7,0.5720720720720721,0.12792792792792784,8.920935412026726,0.5801781737193764,Bennie Adams,1363
James Harden,B.Barnaky,38,860,37,1,395,7616,10.394736842105264,8.855813953488372,1.5389228886168915,22,493,0.5789473684210527,0.5732558139534883,0.005691554467564308,8.920935412026726,0.5801781737193764,Brent Barnaky,201638
James Harden,B.Burns,1,897,1,0,15,7996,15.0,8.914158305462653,6.085841694537347,1,514,1.0,0.5730211817168339,0.4269788182831661,8.920935412026726,0.5801781737193764,Blanca Burns,1629174
James Harden,B.Forte,46,852,45,1,416,7595,9.043478260869565,8.914319248826292,0.12915901204327263,31,484,0.6739130434782609,0.568075117370892,0.10583792610736886,8.920935412026726,0.5801781737193764,Brian Forte,101283
James Harden,B.Haskill,1,897,1,0,3,8008,3.0,8.927536231884059,-5.9275362318840585,0,515,0.0,0.5741360089186176,-0.5741360089186176,8.920935412026726,0.5801781737193764,Brent Haskill,1629175
James Harden,B.Kennedy,39,859,36,3,342,7669,8.76923076923077,8.927823050058207,-0.15859228082743648,27,488,0.6923076923076923,0.5681024447031432,0.1242052476045491,8.920935412026726,0.5801781737193764,Bill Kennedy,1662
James Harden,B.Nansel,26,872,26,0,259,7752,9.961538461538462,8.889908256880734,1.071630204657728,14,501,0.5384615384615384,0.5745412844036697,-0.03607974594213126,8.920935412026726,0.5801781737193764,Brett Nansel,202035
James Harden,B.Salvatore,1,897,1,0,6,8005,6.0,8.924191750278707,-2.924191750278707,1,514,1.0,0.5730211817168339,0.4269788182831661,8.920935412026726,0.5801781737193764,Bennett Salvatore,1192
James Harden,B.Schwab,12,886,12,0,98,7913,8.166666666666666,8.93115124153499,-0.7644845748683231,9,506,0.75,0.5711060948081265,0.17889390519187354,8.920935412026726,0.5801781737193764,Brandon Schwab,1628171
James Harden,B.Spooner,13,885,12,1,141,7870,10.846153846153847,8.892655367231638,1.9534984789222083,8,507,0.6153846153846154,0.5728813559322034,0.04250325945241207,8.920935412026726,0.5801781737193764,Bill Spooner,1194
James Harden,B.Taylor,41,857,36,5,380,7631,9.268292682926829,8.904317386231039,0.36397529669578965,20,495,0.4878048780487805,0.5775962660443408,-0.0897913879955603,8.920935412026726,0.5801781737193764,Ben Taylor,202049
James Harden,C.Aubry,1,897,1,0,2,8009,2.0,8.928651059085842,-6.928651059085842,0,515,0.0,0.5741360089186176,-0.5741360089186176,8.920935412026726,0.5801781737193764,Clare Aubry,1629422
James Harden,C.Blair,38,860,38,0,323,7688,8.5,8.93953488372093,-0.4395348837209294,25,490,0.6578947368421053,0.5697674418604651,0.08812729498164018,8.920935412026726,0.5801781737193764,Curtis Blair,200832
James Harden,C.Flores,6,892,6,0,32,7979,5.333333333333333,8.945067264573991,-3.611733931240658,4,511,0.6666666666666666,0.5728699551569507,0.09379671150971591,8.920935412026726,0.5801781737193764,Che Flores,203054
James Harden,C.Kirkland,44,854,40,4,427,7584,9.704545454545455,8.880562060889929,0.8239833936555261,27,488,0.6136363636363636,0.5714285714285714,0.04220779220779225,8.920935412026726,0.5801781737193764,Courtney Kirkland,2004
James Harden,C.Washington,14,884,14,0,106,7905,7.571428571428571,8.942307692307692,-1.3708791208791204,9,506,0.6428571428571429,0.5723981900452488,0.07045895281189407,8.920935412026726,0.5801781737193764,CJ Washington,202056
James Harden,D.Collins,38,860,38,0,339,7672,8.921052631578947,8.92093023255814,0.000122399020806796,26,489,0.6842105263157895,0.5686046511627907,0.1156058751529988,8.920935412026726,0.5801781737193764,Derrick Collins,2002
James Harden,D.Crawford,17,881,17,0,170,7841,10.0,8.900113507377979,1.099886492622021,13,502,0.7647058823529411,0.5698070374574348,0.19489884489550635,8.920935412026726,0.5801781737193764,Dan Crawford,1152
James Harden,D.Guthrie,39,859,36,3,307,7704,7.871794871794871,8.968568102444703,-1.0967732306498315,21,494,0.5384615384615384,0.5750873108265425,-0.03662577236500408,8.920935412026726,0.5801781737193764,David Guthrie,2714
James Harden,D.Jones,9,889,9,0,81,7930,9.0,8.92013498312711,0.07986501687289049,6,509,0.6666666666666666,0.5725534308211474,0.09411323584551923,8.920935412026726,0.5801781737193764,David Jones,1168
James Harden,D.Mosher,1,897,1,0,6,8005,6.0,8.924191750278707,-2.924191750278707,0,515,0.0,0.5741360089186176,-0.5741360089186176,8.920935412026726,0.5801781737193764,Dannica Mosher,1628484
James Harden,D.Richardson,31,867,31,0,300,7711,9.67741935483871,8.893886966551326,0.7835323882873837,14,501,0.45161290322580644,0.5778546712802768,-0.12624176805447035,8.920935412026726,0.5801781737193764,Derek Richardson,1204
James Harden,D.Scott,8,890,8,0,56,7955,7.0,8.938202247191011,-1.9382022471910112,5,510,0.625,0.5730337078651685,0.051966292134831504,8.920935412026726,0.5801781737193764,Danielle Scott,1628487
James Harden,D.Stafford,18,880,17,1,181,7830,10.055555555555555,8.897727272727273,1.157828282828282,13,502,0.7222222222222222,0.5704545454545454,0.15176767676767677,8.920935412026726,0.5801781737193764,Derrick Stafford,1195
James Harden,D.Taylor,34,864,33,1,370,7641,10.882352941176471,8.84375,2.038602941176471,21,494,0.6176470588235294,0.5717592592592593,0.04588779956427014,8.920935412026726,0.5801781737193764,Dedric Taylor,203592
James Harden,E.Dalen,29,869,29,0,246,7765,8.482758620689655,8.935558112773302,-0.45279949208364734,19,496,0.6551724137931034,0.570771001150748,0.08440141264235546,8.920935412026726,0.5801781737193764,Eric Dalen,200833
James Harden,E.Lewis,39,859,36,3,403,7608,10.333333333333334,8.856810244470314,1.4765230888630203,22,493,0.5641025641025641,0.5739231664726426,-0.009820602370078535,8.920935412026726,0.5801781737193764,Eric Lewis,2715
James Harden,E.Malloy,40,858,37,3,312,7699,7.8,8.973193473193474,-1.1731934731934741,23,492,0.575,0.5734265734265734,0.0015734265734265174,8.920935412026726,0.5801781737193764,Ed Malloy,2530
James Harden,E.Roe,8,890,8,0,66,7945,8.25,8.926966292134832,-0.6769662921348321,6,509,0.75,0.5719101123595506,0.17808988764044942,8.920935412026726,0.5801781737193764,Eli Roe,2532
James Harden,E.Scott,10,888,10,0,80,7931,8.0,8.931306306306306,-0.9313063063063058,8,507,0.8,0.5709459459459459,0.2290540540540541,8.920935412026726,0.5801781737193764,Evan Scott,1628172
James Harden,G.Petraitis,30,868,29,1,275,7736,9.166666666666666,8.912442396313365,0.2542242703533013,19,496,0.6333333333333333,0.5714285714285714,0.06190476190476191,8.920935412026726,0.5801781737193764,Gediminas Petraitis,204058
James Harden,G.Zielinski,13,885,13,0,149,7862,11.461538461538462,8.883615819209039,2.5779226423294226,7,508,0.5384615384615384,0.5740112994350283,-0.03554976097348983,8.920935412026726,0.5801781737193764,Gary Zielinski,1664
James Harden,H.Workman,20,878,20,0,180,7831,9.0,8.919134396355354,0.08086560364464646,16,499,0.8,0.5683371298405467,0.2316628701594533,8.920935412026726,0.5801781737193764,Haywoode Workman,201637
James Harden,I.Barnett,1,897,1,0,10,8001,10.0,8.919732441471572,1.080267558528428,1,514,1.0,0.5730211817168339,0.4269788182831661,8.920935412026726,0.5801781737193764,Isaac Barnett,203800
James Harden,I.Hwang,2,896,2,0,9,8002,4.5,8.930803571428571,-4.430803571428571,2,513,1.0,0.5725446428571429,0.4274553571428571,8.920935412026726,0.5801781737193764,Intae Hwang,1630886
James Harden,J.Butler,15,883,15,0,143,7868,9.533333333333333,8.910532276330692,0.6228010570026417,8,507,0.5333333333333333,0.5741789354473387,-0.04084560211400534,8.920935412026726,0.5801781737193764,John Butler,1628951
James Harden,J.Capers,42,856,36,6,374,7637,8.904761904761905,8.921728971962617,-0.01696706720071184,30,485,0.7142857142857143,0.5665887850467289,0.14769692923898536,8.920935412026726,0.5801781737193764,James Capers,1148
James Harden,J.Conley,8,890,8,0,54,7957,6.75,8.940449438202247,-2.190449438202247,2,513,0.25,0.5764044943820225,-0.32640449438202246,8.920935412026726,0.5801781737193764,John Conley,1627519
James Harden,J.Crawford,7,891,6,1,89,7922,12.714285714285714,8.891133557800224,3.82315215648549,5,510,0.7142857142857143,0.5723905723905723,0.14189514189514196,8.920935412026726,0.5801781737193764,Joe Crawford,1153
James Harden,J.DeRosa,23,875,22,1,167,7844,7.260869565217392,8.964571428571428,-1.7037018633540368,14,501,0.6086956521739131,0.5725714285714286,0.03612422360248446,8.920935412026726,0.5801781737193764,JB DeRosa,1155
James Harden,J.Goble,81,817,77,4,730,7281,9.012345679012345,8.911872705018359,0.1004729739939858,55,460,0.6790123456790124,0.5630354957160343,0.11597684996297808,8.920935412026726,0.5801781737193764,John Goble,101284
James Harden,J.Goldenberg,24,874,24,0,202,7809,8.416666666666666,8.934782608695652,-0.5181159420289863,17,498,0.7083333333333334,0.5697940503432495,0.1385392829900839,8.920935412026726,0.5801781737193764,Jason Goldenberg,1626301
James Harden,J.Orr,33,865,32,1,249,7762,7.545454545454546,8.973410404624277,-1.4279558591697308,24,491,0.7272727272727273,0.5676300578034682,0.1596426694692591,8.920935412026726,0.5801781737193764,J.T. Orr,202037
James Harden,J.Phillips,22,876,19,3,215,7796,9.772727272727273,8.899543378995434,0.8731838937318397,13,502,0.5909090909090909,0.5730593607305936,0.017849730178497336,8.920935412026726,0.5801781737193764,Jason Phillips,2001
James Harden,J.Ralls,3,895,3,0,22,7989,7.333333333333333,8.926256983240224,-1.5929236499068908,0,515,0.0,0.5754189944134078,-0.5754189944134078,8.920935412026726,0.5801781737193764,JD Ralls,1628485
James Harden,J.Reneau,2,896,2,0,12,7999,6.0,8.927455357142858,-2.9274553571428577,2,513,1.0,0.5725446428571429,0.4274553571428571,8.920935412026726,0.5801781737193764,Jenna Reneau,1628168
James Harden,J.Schroeder,8,890,8,0,55,7956,6.875,8.939325842696629,-2.064325842696629,4,511,0.5,0.5741573033707865,-0.07415730337078652,8.920935412026726,0.5801781737193764,Jenna Schroeder,1628954
James Harden,J.Sterling,21,877,21,0,196,7815,9.333333333333334,8.911060433295326,0.4222729000380081,13,502,0.6190476190476191,0.572405929304447,0.046641689743172066,8.920935412026726,0.5801781737193764,Jonathan Sterling,1627964
James Harden,J.Tiven,51,847,47,4,455,7556,8.92156862745098,8.920897284533648,0.0006713429173323959,36,479,0.7058823529411765,0.5655253837072018,0.14035696923397467,8.920935412026726,0.5801781737193764,Josh Tiven,201639
James Harden,J.Van Duyne,30,868,28,2,242,7769,8.066666666666666,8.950460829493087,-0.8837941628264208,18,497,0.6,0.5725806451612904,0.02741935483870961,8.920935412026726,0.5801781737193764,Justin Van Duyne,203593
James Harden,J.Williams,44,854,42,2,410,7601,9.318181818181818,8.90046838407494,0.41771343410687756,28,487,0.6363636363636364,0.5702576112412178,0.06610602512241859,8.920935412026726,0.5801781737193764,James Williams,202058
James Harden,K.Cutler,44,854,43,1,387,7624,8.795454545454545,8.927400468384075,-0.1319459229295301,35,480,0.7954545454545454,0.5620608899297423,0.23339365552480307,8.920935412026726,0.5801781737193764,Kevin Cutler,201246
James Harden,K.Fitzgerald,32,866,31,1,341,7670,10.65625,8.856812933025404,1.7994370669745958,17,498,0.53125,0.5750577367205543,-0.04380773672055427,8.920935412026726,0.5801781737193764,Kane Fitzgerald,201640
James Harden,K.Lane,46,852,45,1,416,7595,9.043478260869565,8.914319248826292,0.12915901204327263,28,487,0.6086956521739131,0.5715962441314554,0.037099408042457704,8.920935412026726,0.5801781737193764,Karl Lane,202026
James Harden,K.Mauer,31,867,27,4,294,7717,9.483870967741936,8.90080738177624,0.5830635859656965,16,499,0.5161290322580645,0.5755478662053056,-0.05941883394724112,8.920935412026726,0.5801781737193764,Ken Mauer,1174
James Harden,K.Scott,39,859,34,5,354,7657,9.076923076923077,8.913853317811409,0.16306975911166788,21,494,0.5384615384615384,0.5750873108265425,-0.03662577236500408,8.920935412026726,0.5801781737193764,Kevin Scott,202041
James Harden,L.Holtkamp,16,882,16,0,133,7878,8.3125,8.931972789115646,-0.6194727891156457,8,507,0.5,0.5748299319727891,-0.07482993197278909,8.920935412026726,0.5801781737193764,Lauren Holtkamp,203177
James Harden,L.Richardson,15,883,15,0,147,7864,9.8,8.906002265005663,0.893997734994338,12,503,0.8,0.5696489241223103,0.23035107587768977,8.920935412026726,0.5801781737193764,Leroy Richardson,1188
James Harden,L.Wood,30,868,29,1,293,7718,9.766666666666667,8.891705069124423,0.874961597542244,21,494,0.7,0.5691244239631337,0.13087557603686628,8.920935412026726,0.5801781737193764,Leon Wood,1201
James Harden,M.Ayotte,25,873,25,0,204,7807,8.16,8.942726231386025,-0.7827262313860253,16,499,0.64,0.5715922107674685,0.06840778923253155,8.920935412026726,0.5801781737193764,Mark Ayotte,2148
James Harden,M.Boland,32,866,32,0,310,7701,9.6875,8.892609699769054,0.7948903002309464,22,493,0.6875,0.569284064665127,0.11821593533487296,8.920935412026726,0.5801781737193764,Matt Boland,2005
James Harden,M.Callahan,25,873,21,4,269,7742,10.76,8.868270332187858,1.8917296678121414,11,504,0.44,0.5773195876288659,-0.13731958762886592,8.920935412026726,0.5801781737193764,Mike Callahan,1147
James Harden,M.Dagher,11,887,11,0,69,7942,6.2727272727272725,8.953776775648253,-2.68104950292098,6,509,0.5454545454545454,0.5738444193912063,-0.028389873936660925,8.920935412026726,0.5801781737193764,Mousa Dagher,1628159
James Harden,M.Davis,52,846,43,9,489,7522,9.403846153846153,8.891252955082741,0.5125931987634118,33,482,0.6346153846153846,0.5697399527186762,0.06487543189670841,8.920935412026726,0.5801781737193764,Marc Davis,1830
James Harden,M.Ervin,32,866,32,0,332,7679,10.375,8.867205542725173,1.5077944572748265,20,495,0.625,0.5715935334872979,0.05340646651270209,8.920935412026726,0.5801781737193764,Mitchell Ervin,203591
James Harden,M.Kallio,8,890,8,0,41,7970,5.125,8.955056179775282,-3.8300561797752817,5,510,0.625,0.5730337078651685,0.051966292134831504,8.920935412026726,0.5801781737193764,Matt Kallio,1627526
James Harden,M.Kogut,39,859,37,2,329,7682,8.435897435897436,8.942956926658905,-0.5070594907614687,19,496,0.48717948717948717,0.5774155995343423,-0.09023611235485512,8.920935412026726,0.5801781737193764,Marat Kogut,201245
James Harden,M.Lindsay,42,856,39,3,410,7601,9.761904761904763,8.879672897196262,0.8822318647085012,27,488,0.6428571428571429,0.5700934579439252,0.07276368491321772,8.920935412026726,0.5801781737193764,Mark Lindsay,200834
James Harden,M.McCutchen,15,883,15,0,159,7852,10.6,8.892412231030578,1.7075877689694217,11,504,0.7333333333333333,0.5707814269535674,0.1625519063797659,8.920935412026726,0.5801781737193764,Monty McCutchen,1176
James Harden,M.Myers,15,883,15,0,105,7906,7.0,8.95356738391846,-1.9535673839184593,12,503,0.8,0.5696489241223103,0.23035107587768977,8.920935412026726,0.5801781737193764,Matt Myers,202901
James Harden,M.Smith,37,861,37,0,319,7692,8.621621621621621,8.933797909407666,-0.3121762877860448,26,489,0.7027027027027027,0.5679442508710801,0.1347584518316226,8.920935412026726,0.5801781737193764,Michael Smith,1193
James Harden,N.Buchert,49,849,45,4,476,7535,9.714285714285714,8.87514723203769,0.839138482248023,30,485,0.6122448979591837,0.5712603062426383,0.04098459171654534,8.920935412026726,0.5801781737193764,Nick Buchert,202007
James Harden,N.Green,15,883,15,0,103,7908,6.866666666666666,8.955832389580975,-2.0891657229143084,11,504,0.7333333333333333,0.5707814269535674,0.1625519063797659,8.920935412026726,0.5801781737193764,Nate Green,1627524
James Harden,N.Sago,17,881,17,0,162,7849,9.529411764705882,8.909194097616345,0.6202176670895376,10,505,0.5882352941176471,0.5732122587968218,0.015023035320825273,8.920935412026726,0.5801781737193764,Natalie Sago,1627541
James Harden,P.Fraher,38,860,36,2,352,7659,9.263157894736842,8.905813953488373,0.3573439412484696,21,494,0.5526315789473685,0.5744186046511628,-0.021787025703794316,8.920935412026726,0.5801781737193764,Pat Fraher,2003
James Harden,P.O'Connell,2,896,2,0,13,7998,6.5,8.926339285714286,-2.4263392857142865,2,513,1.0,0.5725446428571429,0.4274553571428571,8.920935412026726,0.5801781737193764,Pat O'Connell,1629183
James Harden,P.Ransom,19,879,19,0,195,7816,10.263157894736842,8.891922639362912,1.3712352553739304,14,501,0.7368421052631579,0.5699658703071673,0.16687623495599058,8.920935412026726,0.5801781737193764,Phenizee Ransom,1627963
James Harden,R.Acosta,25,873,24,1,194,7817,7.76,8.95418098510882,-1.1941809851088205,16,499,0.64,0.5715922107674685,0.06840778923253155,8.920935412026726,0.5801781737193764,Ray Acosta,1626300
James Harden,R.Garretson,14,884,13,1,100,7911,7.142857142857143,8.949095022624434,-1.8062378797672904,10,505,0.7142857142857143,0.5712669683257918,0.14301874595992248,8.920935412026726,0.5801781737193764,Ron Garretson,1164
James Harden,R.Hussey,9,889,9,0,62,7949,6.888888888888889,8.941507311586053,-2.0526184226971633,6,509,0.6666666666666666,0.5725534308211474,0.09411323584551923,8.920935412026726,0.5801781737193764,Robert Hussey,1628480
James Harden,R.Mott,33,865,30,3,305,7706,9.242424242424242,8.908670520231214,0.3337537221930287,15,500,0.45454545454545453,0.5780346820809249,-0.12348922753547037,8.920935412026726,0.5801781737193764,Rodney Mott,1179
James Harden,S.Anderson,8,890,8,0,75,7936,9.375,8.916853932584269,0.45814606741573094,6,509,0.75,0.5719101123595506,0.17808988764044942,8.920935412026726,0.5801781737193764,Steve Anderson,202000
James Harden,S.Corbin,32,866,31,1,298,7713,9.3125,8.906466512702078,0.4060334872979219,18,497,0.5625,0.5739030023094688,-0.01140300230946878,8.920935412026726,0.5801781737193764,Sean Corbin,1151
James Harden,S.Foster,45,853,39,6,392,7619,8.71111111111111,8.93200468933177,-0.22089357822065914,27,488,0.6,0.5720984759671747,0.02790152403282531,8.920935412026726,0.5801781737193764,Scott Foster,1162
James Harden,S.Mehta,11,887,11,0,66,7945,6.0,8.957158962795942,-2.9571589627959423,8,507,0.7272727272727273,0.5715896279594137,0.1556830993133136,8.920935412026726,0.5801781737193764,Suyash Mehta,1627529
James Harden,S.Mitchell,7,891,7,0,34,7977,4.857142857142857,8.952861952861953,-4.0957190957190965,2,513,0.2857142857142857,0.5757575757575758,-0.2900432900432901,8.920935412026726,0.5801781737193764,Sha'Rae Mitchell,1629178
James Harden,S.Twardoski,35,863,35,0,291,7720,8.314285714285715,8.945538818076477,-0.6312531037907618,23,492,0.6571428571428571,0.5701042873696408,0.08703856977321633,8.920935412026726,0.5801781737193764,Scott Twardoski,202053
James Harden,S.Wall,26,872,26,0,239,7772,9.192307692307692,8.912844036697248,0.27946365561044395,16,499,0.6153846153846154,0.5722477064220184,0.04313690896259703,8.920935412026726,0.5801781737193764,Scott Wall,1198
James Harden,S.Wright,42,856,36,6,421,7590,10.023809523809524,8.866822429906541,1.1569870939029823,32,483,0.7619047619047619,0.5642523364485982,0.19765242545616368,8.920935412026726,0.5801781737193764,Sean Wright,2882
James Harden,T.Brothers,39,859,34,5,365,7646,9.35897435897436,8.90104772991851,0.4579266290558497,20,495,0.5128205128205128,0.5762514551804424,-0.06343094235992963,8.920935412026726,0.5801781737193764,Tony Brothers,1146
James Harden,T.Brown,31,867,29,2,358,7653,11.548387096774194,8.826989619377162,2.7213974773970318,20,495,0.6451612903225806,0.5709342560553633,0.07422703426721733,8.920935412026726,0.5801781737193764,Tony Brown,2529
James Harden,T.Ford,36,862,33,3,321,7690,8.916666666666666,8.921113689095128,-0.004447022428461622,26,489,0.7222222222222222,0.5672853828306265,0.15493683939159575,8.920935412026726,0.5801781737193764,Tyler Ford,204059
James Harden,T.Maddox,43,855,41,2,341,7670,7.930232558139535,8.970760233918128,-1.040527675778593,23,492,0.5348837209302325,0.5754385964912281,-0.040554875560995574,8.920935412026726,0.5801781737193764,Tre Maddox,202027
James Harden,T.Mirkovich,1,897,1,0,6,8005,6.0,8.924191750278707,-2.924191750278707,1,514,1.0,0.5730211817168339,0.4269788182831661,8.920935412026726,0.5801781737193764,Tyler Mirkovich,1628482
James Harden,T.Ricks,4,894,4,0,25,7986,6.25,8.93288590604027,-2.682885906040269,4,511,1.0,0.5715883668903803,0.4284116331096197,8.920935412026726,0.5801781737193764,Tyler Ricks,1627539
James Harden,T.Washington,39,859,36,3,352,7659,9.025641025641026,8.916181606519208,0.10945941912181745,24,491,0.6153846153846154,0.5715948777648429,0.04378973761977256,8.920935412026726,0.5801781737193764,Tom Washington,1199
James Harden,V.Palmer,2,896,2,0,21,7990,10.5,8.917410714285714,1.5825892857142865,0,515,0.0,0.5747767857142857,-0.5747767857142857,8.920935412026726,0.5801781737193764,Violet Palmer,1185
James Harden,Z.Zarba,47,851,44,3,449,7562,9.553191489361701,8.886016451233843,0.6671750381278585,33,482,0.7021276595744681,0.5663924794359577,0.13573518013851038,8.920935412026726,0.5801781737193764,Zach Zarba,2534
Luka Doncic,A.Moyer-Gleich,17,488,16,1,163,3990,9.588235294117647,8.176229508196721,1.4120057859209254,0,0,0.0,0.0,0.0,8.223762376237623,0.0,Ashley Moyer-Gleich,1628953
Luka Doncic,A.Nagy,16,489,16,0,115,4038,7.1875,8.257668711656441,-1.0701687116564411,0,0,0.0,0.0,0.0,8.223762376237623,0.0,Andy Nagy,1627534
Luka Doncic,A.Smith,20,485,20,0,144,4009,7.2,8.2659793814433,-1.0659793814432996,0,0,0.0,0.0,0.0,8.223762376237623,0.0,Aaron Smith,1626302
Luka Doncic,B.Adair,26,479,26,0,192,3961,7.384615384615385,8.269311064718163,-0.8846956801027783,0,0,0.0,0.0,0.0,8.223762376237623,0.0,Brandon Adair,1627961
Luka Doncic,B.Adams,5,500,5,0,32,4121,6.4,8.242,-1.8420000000000005,0,0,0.0,0.0,0.0,8.223762376237623,0.0,Bennie Adams,1363
Luka Doncic,B.Barnaky,22,483,21,1,179,3974,8.136363636363637,8.227743271221533,-0.09137963485789591,0,0,0.0,0.0,0.0,8.223762376237623,0.0,Brent Barnaky,201638
Luka Doncic,B.Forte,28,477,25,3,240,3913,8.571428571428571,8.20335429769392,0.36807427373465096,0,0,0.0,0.0,0.0,8.223762376237623,0.0,Brian Forte,101283
Luka Doncic,B.Haskill,2,503,2,0,17,4136,8.5,8.222664015904572,0.27733598409542815,0,0,0.0,0.0,0.0,8.223762376237623,0.0,Brent Haskill,1629175
Luka Doncic,B.Kennedy,16,489,14,2,156,3997,9.75,8.173824130879346,1.5761758691206538,0,0,0.0,0.0,0.0,8.223762376237623,0.0,Bill Kennedy,1662
Luka Doncic,B.Nansel,17,488,17,0,124,4029,7.294117647058823,8.256147540983607,-0.9620298939247833,0,0,0.0,0.0,0.0,8.223762376237623,0.0,Brett Nansel,202035
Luka Doncic,B.Schwab,8,497,8,0,75,4078,9.375,8.20523138832998,1.1697686116700208,0,0,0.0,0.0,0.0,8.223762376237623,0.0,Brandon Schwab,1628171
Luka Doncic,B.Spooner,1,504,1,0,6,4147,6.0,8.228174603174603,-2.228174603174603,0,0,0.0,0.0,0.0,8.223762376237623,0.0,Bill Spooner,1194
Luka Doncic,B.Taylor,28,477,25,3,249,3904,8.892857142857142,8.184486373165619,0.7083707696915233,0,0,0.0,0.0,0.0,8.223762376237623,0.0,Ben Taylor,202049
Luka Doncic,C.Blair,19,486,18,1,176,3977,9.263157894736842,8.183127572016462,1.080030322720381,0,0,0.0,0.0,0.0,8.223762376237623,0.0,Curtis Blair,200832
Luka Doncic,C.Flores,4,501,4,0,42,4111,10.5,8.20558882235529,2.29441117764471,0,0,0.0,0.0,0.0,8.223762376237623,0.0,Che Flores,203054
Luka Doncic,C.Kirkland,19,486,19,0,175,3978,9.210526315789474,8.185185185185185,1.0253411306042892,0,0,0.0,0.0,0.0,8.223762376237623,0.0,Courtney Kirkland,2004
Luka Doncic,C.Washington,17,488,17,0,140,4013,8.235294117647058,8.223360655737705,0.011933461909352516,0,0,0.0,0.0,0.0,8.223762376237623,0.0,CJ Washington,202056
Luka Doncic,D.Collins,21,484,20,1,179,3974,8.523809523809524,8.210743801652892,0.3130657221566313,0,0,0.0,0.0,0.0,8.223762376237623,0.0,Derrick Collins,2002
Luka Doncic,D.Guthrie,24,481,22,2,194,3959,8.083333333333334,8.23076923076923,-0.14743589743589602,0,0,0.0,0.0,0.0,8.223762376237623,0.0,David Guthrie,2714
Luka Doncic,D.Mosher,4,501,4,0,37,4116,9.25,8.215568862275449,1.0344311377245514,0,0,0.0,0.0,0.0,8.223762376237623,0.0,Dannica Mosher,1628484
Luka Doncic,D.Richardson,16,489,16,0,140,4013,8.75,8.206543967280163,0.5434560327198366,0,0,0.0,0.0,0.0,8.223762376237623,0.0,Derek Richardson,1204
Luka Doncic,D.Scott,5,500,5,0,38,4115,7.6,8.23,-0.6300000000000008,0,0,0.0,0.0,0.0,8.223762376237623,0.0,Danielle Scott,1628487
Luka Doncic,D.Taylor,19,486,19,0,184,3969,9.68421052631579,8.166666666666666,1.5175438596491233,0,0,0.0,0.0,0.0,8.223762376237623,0.0,Dedric Taylor,203592
Luka Doncic,E.Dalen,23,482,22,1,184,3969,8.0,8.234439834024895,-0.23443983402489543,0,0,0.0,0.0,0.0,8.223762376237623,0.0,Eric Dalen,200833
Luka Doncic,E.Lewis,15,490,14,1,141,4012,9.4,8.187755102040816,1.2122448979591844,0,0,0.0,0.0,0.0,8.223762376237623,0.0,Eric Lewis,2715
Luka Doncic,E.Malloy,24,481,23,1,197,3956,8.208333333333334,8.224532224532224,-0.016198891198889953,0,0,0.0,0.0,0.0,8.223762376237623,0.0,Ed Malloy,2530
Luka Doncic,E.Scott,10,495,10,0,111,4042,11.1,8.165656565656565,2.9343434343434343,0,0,0.0,0.0,0.0,8.223762376237623,0.0,Evan Scott,1628172
Luka Doncic,G.Petraitis,23,482,19,4,167,3986,7.260869565217392,8.269709543568466,-1.008839978351074,0,0,0.0,0.0,0.0,8.223762376237623,0.0,Gediminas Petraitis,204058
Luka Doncic,H.Workman,4,501,4,0,30,4123,7.5,8.229540918163673,-0.7295409181636732,0,0,0.0,0.0,0.0,8.223762376237623,0.0,Haywoode Workman,201637
Luka Doncic,I.Hwang,3,502,3,0,33,4120,11.0,8.207171314741036,2.7928286852589643,0,0,0.0,0.0,0.0,8.223762376237623,0.0,Intae Hwang,1630886
Luka Doncic,J.Butler,7,498,7,0,75,4078,10.714285714285714,8.188755020080322,2.5255306942053917,0,0,0.0,0.0,0.0,8.223762376237623,0.0,John Butler,1628951
Luka Doncic,J.Capers,17,488,16,1,147,4006,8.647058823529411,8.209016393442623,0.43804243008678867,0,0,0.0,0.0,0.0,8.223762376237623,0.0,James Capers,1148
Luka Doncic,J.Conley,3,502,3,0,15,4138,5.0,8.243027888446216,-3.243027888446216,0,0,0.0,0.0,0.0,8.223762376237623,0.0,John Conley,1627519
Luka Doncic,J.DeRosa,19,486,18,1,177,3976,9.31578947368421,8.181069958847736,1.1347195148364744,0,0,0.0,0.0,0.0,8.223762376237623,0.0,JB DeRosa,1155
Luka Doncic,J.Goble,49,456,44,5,398,3755,8.122448979591837,8.234649122807017,-0.11220014321517979,0,0,0.0,0.0,0.0,8.223762376237623,0.0,John Goble,101284
Luka Doncic,J.Goldenberg,19,486,19,0,150,4003,7.894736842105263,8.236625514403292,-0.3418886722980288,0,0,0.0,0.0,0.0,8.223762376237623,0.0,Jason Goldenberg,1626301
Luka Doncic,J.Orr,23,482,22,1,183,3970,7.956521739130435,8.236514522821576,-0.27999278369114133,0,0,0.0,0.0,0.0,8.223762376237623,0.0,J.T. Orr,202037
Luka Doncic,J.Phillips,3,502,3,0,27,4126,9.0,8.219123505976096,0.7808764940239037,0,0,0.0,0.0,0.0,8.223762376237623,0.0,Jason Phillips,2001
Luka Doncic,J.Reneau,2,503,2,0,16,4137,8.0,8.22465208747515,-0.22465208747514964,0,0,0.0,0.0,0.0,8.223762376237623,0.0,Jenna Reneau,1628168
Luka Doncic,J.Schroeder,10,495,10,0,97,4056,9.7,8.193939393939393,1.5060606060606059,0,0,0.0,0.0,0.0,8.223762376237623,0.0,Jenna Schroeder,1628954
Luka Doncic,J.Sterling,19,486,19,0,164,3989,8.631578947368421,8.207818930041153,0.4237600173272682,0,0,0.0,0.0,0.0,8.223762376237623,0.0,Jonathan Sterling,1627964
Luka Doncic,J.Tiven,29,476,26,3,225,3928,7.758620689655173,8.252100840336135,-0.49348015068096274,0,0,0.0,0.0,0.0,8.223762376237623,0.0,Josh Tiven,201639
Luka Doncic,J.Van Duyne,25,480,25,0,210,3943,8.4,8.214583333333334,0.18541666666666679,0,0,0.0,0.0,0.0,8.223762376237623,0.0,Justin Van Duyne,203593
Luka Doncic,J.Williams,26,479,22,4,226,3927,8.692307692307692,8.198329853862212,0.4939778384454794,0,0,0.0,0.0,0.0,8.223762376237623,0.0,James Williams,202058
Luka Doncic,K.Cutler,19,486,18,1,185,3968,9.736842105263158,8.164609053497943,1.572233051765215,0,0,0.0,0.0,0.0,8.223762376237623,0.0,Kevin Cutler,201246
Luka Doncic,K.Fitzgerald,17,488,15,2,142,4011,8.352941176470589,8.219262295081966,0.13367888138862227,0,0,0.0,0.0,0.0,8.223762376237623,0.0,Kane Fitzgerald,201640
Luka Doncic,K.Lane,19,486,19,0,146,4007,7.684210526315789,8.24485596707819,-0.5606454407624,0,0,0.0,0.0,0.0,8.223762376237623,0.0,Karl Lane,202026
Luka Doncic,K.Mauer,7,498,7,0,55,4098,7.857142857142857,8.228915662650602,-0.37177280550774494,0,0,0.0,0.0,0.0,8.223762376237623,0.0,Ken Mauer,1174
Luka Doncic,K.Scott,29,476,26,3,251,3902,8.655172413793103,8.197478991596638,0.45769342219646525,0,0,0.0,0.0,0.0,8.223762376237623,0.0,Kevin Scott,202041
Luka Doncic,L.Holtkamp,9,496,9,0,85,4068,9.444444444444445,8.201612903225806,1.2428315412186386,0,0,0.0,0.0,0.0,8.223762376237623,0.0,Lauren Holtkamp,203177
Luka Doncic,L.Richardson,5,500,5,0,39,4114,7.8,8.228,-0.42799999999999994,0,0,0.0,0.0,0.0,8.223762376237623,0.0,Leroy Richardson,1188
Luka Doncic,L.Wood,16,489,16,0,118,4035,7.375,8.251533742331288,-0.8765337423312882,0,0,0.0,0.0,0.0,8.223762376237623,0.0,Leon Wood,1201
Luka Doncic,M.Ayotte,5,500,5,0,33,4120,6.6,8.24,-1.6400000000000006,0,0,0.0,0.0,0.0,8.223762376237623,0.0,Mark Ayotte,2148
Luka Doncic,M.Boland,21,484,21,0,171,3982,8.142857142857142,8.227272727272727,-0.08441558441558428,0,0,0.0,0.0,0.0,8.223762376237623,0.0,Matt Boland,2005
Luka Doncic,M.Callahan,5,500,5,0,30,4123,6.0,8.246,-2.2460000000000004,0,0,0.0,0.0,0.0,8.223762376237623,0.0,Mike Callahan,1147
Luka Doncic,M.Dagher,23,482,23,0,185,3968,8.043478260869565,8.232365145228215,-0.18888688435865042,0,0,0.0,0.0,0.0,8.223762376237623,0.0,Mousa Dagher,1628159
Luka Doncic,M.Davis,25,480,22,3,180,3973,7.2,8.277083333333334,-1.0770833333333334,0,0,0.0,0.0,0.0,8.223762376237623,0.0,Marc Davis,1830
Luka Doncic,M.Ervin,21,484,18,3,184,3969,8.761904761904763,8.200413223140496,0.5614915387642672,0,0,0.0,0.0,0.0,8.223762376237623,0.0,Mitchell Ervin,203591
Luka Doncic,M.Kallio,8,497,8,0,70,4083,8.75,8.215291750503019,0.5347082494969815,0,0,0.0,0.0,0.0,8.223762376237623,0.0,Matt Kallio,1627526
Luka Doncic,M.Kogut,14,491,14,0,107,4046,7.642857142857143,8.240325865580449,-0.5974687227233053,0,0,0.0,0.0,0.0,8.223762376237623,0.0,Marat Kogut,201245
Luka Doncic,M.Lindsay,24,481,23,1,172,3981,7.166666666666667,8.276507276507276,-1.1098406098406093,0,0,0.0,0.0,0.0,8.223762376237623,0.0,Mark Lindsay,200834
Luka Doncic,M.Myers,8,497,8,0,68,4085,8.5,8.219315895372233,0.28068410462776683,0,0,0.0,0.0,0.0,8.223762376237623,0.0,Matt Myers,202901
Luka Doncic,M.Smith,24,481,23,1,201,3952,8.375,8.216216216216216,0.15878378378378422,0,0,0.0,0.0,0.0,8.223762376237623,0.0,Michael Smith,1193
Luka Doncic,N.Buchert,31,474,29,2,250,3903,8.064516129032258,8.234177215189874,-0.16966108615761577,0,0,0.0,0.0,0.0,8.223762376237623,0.0,Nick Buchert,202007
Luka Doncic,N.Green,11,494,11,0,109,4044,9.909090909090908,8.186234817813766,1.7228560912771425,0,0,0.0,0.0,0.0,8.223762376237623,0.0,Nate Green,1627524
Luka Doncic,N.Sago,21,484,21,0,175,3978,8.333333333333334,8.21900826446281,0.1143250688705244,0,0,0.0,0.0,0.0,8.223762376237623,0.0,Natalie Sago,1627541
Luka Doncic,P.Fraher,19,486,18,1,138,4015,7.2631578947368425,8.261316872427983,-0.9981589776911406,0,0,0.0,0.0,0.0,8.223762376237623,0.0,Pat Fraher,2003
Luka Doncic,P.O'Connell,1,504,1,0,7,4146,7.0,8.226190476190476,-1.2261904761904763,0,0,0.0,0.0,0.0,8.223762376237623,0.0,Pat O'Connell,1629183
Luka Doncic,P.Ransom,14,491,14,0,104,4049,7.428571428571429,8.246435845213849,-0.8178644166424203,0,0,0.0,0.0,0.0,8.223762376237623,0.0,Phenizee Ransom,1627963
Luka Doncic,R.Acosta,24,481,23,1,181,3972,7.541666666666667,8.257796257796258,-0.7161295911295911,0,0,0.0,0.0,0.0,8.223762376237623,0.0,Ray Acosta,1626300
Luka Doncic,R.Garretson,4,501,4,0,28,4125,7.0,8.233532934131736,-1.2335329341317358,0,0,0.0,0.0,0.0,8.223762376237623,0.0,Ron Garretson,1164
Luka Doncic,R.Hussey,6,499,6,0,48,4105,8.0,8.226452905811623,-0.22645290581162314,0,0,0.0,0.0,0.0,8.223762376237623,0.0,Robert Hussey,1628480
Luka Doncic,R.Mott,23,482,23,0,173,3980,7.521739130434782,8.257261410788383,-0.7355222803536003,0,0,0.0,0.0,0.0,8.223762376237623,0.0,Rodney Mott,1179
Luka Doncic,S.Corbin,21,484,17,4,169,3984,8.047619047619047,8.231404958677686,-0.18378591105863862,0,0,0.0,0.0,0.0,8.223762376237623,0.0,Sean Corbin,1151
Luka Doncic,S.Foster,28,477,27,1,226,3927,8.071428571428571,8.232704402515724,-0.1612758310871527,0,0,0.0,0.0,0.0,8.223762376237623,0.0,Scott Foster,1162
Luka Doncic,S.Jelks,2,503,2,0,17,4136,8.5,8.222664015904572,0.27733598409542815,0,0,0.0,0.0,0.0,8.223762376237623,0.0,Simone Jelks,1628481
Luka Doncic,S.Mehta,14,491,14,0,103,4050,7.357142857142857,8.24847250509165,-0.8913296479487931,0,0,0.0,0.0,0.0,8.223762376237623,0.0,Suyash Mehta,1627529
Luka Doncic,S.Mitchell,2,503,2,0,21,4132,10.5,8.214711729622266,2.285288270377734,0,0,0.0,0.0,0.0,8.223762376237623,0.0,Sha'Rae Mitchell,1629178
Luka Doncic,S.Twardoski,22,483,22,0,154,3999,7.0,8.279503105590063,-1.279503105590063,0,0,0.0,0.0,0.0,8.223762376237623,0.0,Scott Twardoski,202053
Luka Doncic,S.Wall,13,492,13,0,93,4060,7.153846153846154,8.252032520325203,-1.098186366479049,0,0,0.0,0.0,0.0,8.223762376237623,0.0,Scott Wall,1198
Luka Doncic,S.Wright,28,477,26,2,241,3912,8.607142857142858,8.20125786163522,0.40588499550763757,0,0,0.0,0.0,0.0,8.223762376237623,0.0,Sean Wright,2882
Luka Doncic,T.Brothers,25,480,23,2,189,3964,7.56,8.258333333333333,-0.6983333333333333,0,0,0.0,0.0,0.0,8.223762376237623,0.0,Tony Brothers,1146
Luka Doncic,T.Brown,5,500,5,0,43,4110,8.6,8.22,0.379999999999999,0,0,0.0,0.0,0.0,8.223762376237623,0.0,Tony Brown,2529
Luka Doncic,T.Ford,27,478,26,1,250,3903,9.25925925925926,8.165271966527197,1.0939872927320629,0,0,0.0,0.0,0.0,8.223762376237623,0.0,Tyler Ford,204059
Luka Doncic,T.Maddox,23,482,22,1,151,4002,6.565217391304348,8.302904564315353,-1.7376871730110057,0,0,0.0,0.0,0.0,8.223762376237623,0.0,Tre Maddox,202027
Luka Doncic,T.Ricks,1,504,1,0,6,4147,6.0,8.228174603174603,-2.228174603174603,0,0,0.0,0.0,0.0,8.223762376237623,0.0,Tyler Ricks,1627539
Luka Doncic,T.Washington,20,485,20,0,164,3989,8.2,8.224742268041236,-0.024742268041237025,0,0,0.0,0.0,0.0,8.223762376237623,0.0,Tom Washington,1199
Luka Doncic,Z.Zarba,25,480,21,4,193,3960,7.72,8.25,-0.5300000000000002,0,0,0.0,0.0,0.0,8.223762376237623,0.0,Zach Zarba,2534
Trae Young,A.Moyer-Gleich,16,494,16,0,103,3786,6.4375,7.663967611336032,-1.226467611336032,4,249,0.25,0.5040485829959515,-0.25404858299595146,7.625490196078432,1.6235294117647059,Ashley Moyer-Gleich,1628953
Trae Young,A.Nagy,17,493,17,0,114,3775,6.705882352941177,7.657200811359027,-0.95131845841785,9,244,0.5294117647058824,0.4949290060851927,0.03448275862068967,7.625490196078432,1.6235294117647059,Andy Nagy,1627534
Trae Young,A.Smith,24,486,24,0,157,3732,6.541666666666667,7.679012345679013,-1.1373456790123457,13,240,0.5416666666666666,0.49382716049382713,0.0478395061728395,7.625490196078432,1.6235294117647059,Aaron Smith,1626302
Trae Young,B.Adair,19,491,19,0,135,3754,7.105263157894737,7.6456211812627295,-0.5403580233679923,8,245,0.42105263157894735,0.4989816700610998,-0.07792903848215244,7.625490196078432,1.6235294117647059,Brandon Adair,1627961
Trae Young,B.Adams,7,503,7,0,30,3859,4.285714285714286,7.671968190854871,-3.3862539051405856,4,249,0.5714285714285714,0.49502982107355864,0.07639875035501276,7.625490196078432,1.6235294117647059,Bennie Adams,1363
Trae Young,B.Barnaky,21,489,21,0,156,3733,7.428571428571429,7.633946830265849,-0.20537540169442003,11,242,0.5238095238095238,0.4948875255623722,0.028921998247151637,7.625490196078432,1.6235294117647059,Brent Barnaky,201638
Trae Young,B.Burns,1,509,1,0,7,3882,7.0,7.626719056974459,-0.6267190569744594,0,253,0.0,0.49705304518664045,-0.49705304518664045,7.625490196078432,1.6235294117647059,Blanca Burns,1629174
Trae Young,B.Forte,36,474,36,0,284,3605,7.888888888888889,7.605485232067511,0.28340365682137847,15,238,0.4166666666666667,0.5021097046413502,-0.0854430379746835,7.625490196078432,1.6235294117647059,Brian Forte,101283
Trae Young,B.Haskill,3,507,3,0,26,3863,8.666666666666666,7.619329388560158,1.0473372781065082,3,250,1.0,0.4930966469428008,0.5069033530571991,7.625490196078432,1.6235294117647059,Brent Haskill,1629175
Trae Young,B.Kennedy,17,493,15,2,163,3726,9.588235294117647,7.557809330628803,2.0304259634888435,9,244,0.5294117647058824,0.4949290060851927,0.03448275862068967,7.625490196078432,1.6235294117647059,Bill Kennedy,1662
Trae Young,B.Maru,2,508,2,0,16,3873,8.0,7.624015748031496,0.3759842519685037,2,251,1.0,0.4940944881889764,0.5059055118110236,7.625490196078432,1.6235294117647059,Biniam Maru,1629177
Trae Young,B.Nansel,24,486,24,0,190,3699,7.916666666666667,7.611111111111111,0.30555555555555625,11,242,0.4583333333333333,0.49794238683127573,-0.039609053497942415,7.625490196078432,1.6235294117647059,Brett Nansel,202035
Trae Young,B.Schwab,8,502,8,0,52,3837,6.5,7.643426294820717,-1.143426294820717,3,250,0.375,0.49800796812749004,-0.12300796812749004,7.625490196078432,1.6235294117647059,Brandon Schwab,1628171
Trae Young,B.Taylor,26,484,24,2,211,3678,8.115384615384615,7.599173553719008,0.516211061665607,16,237,0.6153846153846154,0.4896694214876033,0.12571519389701213,7.625490196078432,1.6235294117647059,Ben Taylor,202049
Trae Young,C.Aubry,1,509,1,0,10,3879,10.0,7.620825147347741,2.379174852652259,1,252,1.0,0.4950884086444008,0.5049115913555993,7.625490196078432,1.6235294117647059,Clare Aubry,1629422
Trae Young,C.Blair,29,481,28,1,193,3696,6.655172413793103,7.683991683991684,-1.0288192701985812,17,236,0.5862068965517241,0.49064449064449067,0.09556240590723342,7.625490196078432,1.6235294117647059,Curtis Blair,200832
Trae Young,C.Flores,5,505,5,0,59,3830,11.8,7.584158415841584,4.215841584158417,3,250,0.6,0.49504950495049505,0.10495049504950493,7.625490196078432,1.6235294117647059,Che Flores,203054
Trae Young,C.Kirkland,24,486,23,1,188,3701,7.833333333333333,7.61522633744856,0.21810699588477345,10,243,0.4166666666666667,0.5,-0.08333333333333331,7.625490196078432,1.6235294117647059,Courtney Kirkland,2004
Trae Young,C.Washington,21,489,21,0,184,3705,8.761904761904763,7.576687116564417,1.1852176453403453,12,241,0.5714285714285714,0.49284253578732107,0.07858603564125033,7.625490196078432,1.6235294117647059,CJ Washington,202056
Trae Young,D.Collins,19,491,18,1,104,3785,5.473684210526316,7.708757637474542,-2.235073426948226,10,243,0.5263157894736842,0.49490835030549896,0.031407439168185225,7.625490196078432,1.6235294117647059,Derrick Collins,2002
Trae Young,D.Guthrie,18,492,17,1,150,3739,8.333333333333334,7.599593495934959,0.7337398373983746,10,243,0.5555555555555556,0.49390243902439024,0.06165311653116534,7.625490196078432,1.6235294117647059,David Guthrie,2714
Trae Young,D.Mosher,5,505,5,0,41,3848,8.2,7.6198019801980195,0.5801980198019798,4,249,0.8,0.49306930693069306,0.306930693069307,7.625490196078432,1.6235294117647059,Dannica Mosher,1628484
Trae Young,D.Richardson,17,493,17,0,116,3773,6.823529411764706,7.653144016227181,-0.829614604462475,8,245,0.47058823529411764,0.4969574036511156,-0.026369168356997985,7.625490196078432,1.6235294117647059,Derek Richardson,1204
Trae Young,D.Scott,9,501,9,0,52,3837,5.777777777777778,7.658682634730539,-1.8809048569527613,5,248,0.5555555555555556,0.49500998003992014,0.06054557551563544,7.625490196078432,1.6235294117647059,Danielle Scott,1628487
Trae Young,D.Taylor,21,489,21,0,181,3708,8.619047619047619,7.58282208588957,1.0362255331580483,12,241,0.5714285714285714,0.49284253578732107,0.07858603564125033,7.625490196078432,1.6235294117647059,Dedric Taylor,203592
Trae Young,E.Dalen,19,491,19,0,113,3776,5.947368421052632,7.6904276985743385,-1.7430592775217066,14,239,0.7368421052631579,0.48676171079429736,0.2500803944688605,7.625490196078432,1.6235294117647059,Eric Dalen,200833
Trae Young,E.Lewis,15,495,12,3,110,3779,7.333333333333333,7.634343434343434,-0.3010101010101014,5,248,0.3333333333333333,0.501010101010101,-0.1676767676767677,7.625490196078432,1.6235294117647059,Eric Lewis,2715
Trae Young,E.Malloy,25,485,24,1,213,3676,8.52,7.579381443298969,0.9406185567010308,14,239,0.56,0.4927835051546392,0.06721649484536085,7.625490196078432,1.6235294117647059,Ed Malloy,2530
Trae Young,E.Scott,16,494,16,0,115,3774,7.1875,7.6396761133603235,-0.4521761133603235,8,245,0.5,0.4959514170040486,0.0040485829959514,7.625490196078432,1.6235294117647059,Evan Scott,1628172
Trae Young,G.Petraitis,29,481,29,0,213,3676,7.344827586206897,7.642411642411642,-0.2975840562047454,19,234,0.6551724137931034,0.4864864864864865,0.1686859273066169,7.625490196078432,1.6235294117647059,Gediminas Petraitis,204058
Trae Young,H.Workman,3,507,3,0,24,3865,8.0,7.6232741617357,0.3767258382643002,2,251,0.6666666666666666,0.49506903353057197,0.17159763313609466,7.625490196078432,1.6235294117647059,Haywoode Workman,201637
Trae Young,I.Hwang,6,504,6,0,26,3863,4.333333333333333,7.6646825396825395,-3.3313492063492065,3,250,0.5,0.49603174603174605,0.003968253968253954,7.625490196078432,1.6235294117647059,Intae Hwang,1630886
Trae Young,J.Butler,15,495,15,0,123,3766,8.2,7.608080808080808,0.5919191919191915,12,241,0.8,0.4868686868686869,0.31313131313131315,7.625490196078432,1.6235294117647059,John Butler,1628951
Trae Young,J.Capers,23,487,21,2,202,3687,8.782608695652174,7.570841889117043,1.211766806535131,9,244,0.391304347826087,0.5010266940451745,-0.10972234621908755,7.625490196078432,1.6235294117647059,James Capers,1148
Trae Young,J.Conley,9,501,9,0,62,3827,6.888888888888889,7.63872255489022,-0.7498336660013303,5,248,0.5555555555555556,0.49500998003992014,0.06054557551563544,7.625490196078432,1.6235294117647059,John Conley,1627519
Trae Young,J.DeRosa,19,491,17,2,184,3705,9.68421052631579,7.545824847250509,2.13838567906528,8,245,0.42105263157894735,0.4989816700610998,-0.07792903848215244,7.625490196078432,1.6235294117647059,JB DeRosa,1155
Trae Young,J.Goble,46,464,45,1,334,3555,7.260869565217392,7.661637931034483,-0.4007683658170915,26,227,0.5652173913043478,0.4892241379310345,0.07599325337331331,7.625490196078432,1.6235294117647059,John Goble,101284
Trae Young,J.Goldenberg,16,494,16,0,132,3757,8.25,7.605263157894737,0.6447368421052628,8,245,0.5,0.4959514170040486,0.0040485829959514,7.625490196078432,1.6235294117647059,Jason Goldenberg,1626301
Trae Young,J.Orr,17,493,17,0,139,3750,8.176470588235293,7.606490872210953,0.5699797160243403,8,245,0.47058823529411764,0.4969574036511156,-0.026369168356997985,7.625490196078432,1.6235294117647059,J.T. Orr,202037
Trae Young,J.Phillips,5,505,5,0,27,3862,5.4,7.647524752475247,-2.247524752475247,2,251,0.4,0.497029702970297,-0.097029702970297,7.625490196078432,1.6235294117647059,Jason Phillips,2001
Trae Young,J.Ralls,4,506,4,0,24,3865,6.0,7.638339920948616,-1.6383399209486162,3,250,0.75,0.49407114624505927,0.25592885375494073,7.625490196078432,1.6235294117647059,JD Ralls,1628485
Trae Young,J.Reneau,3,507,3,0,26,3863,8.666666666666666,7.619329388560158,1.0473372781065082,2,251,0.6666666666666666,0.49506903353057197,0.17159763313609466,7.625490196078432,1.6235294117647059,Jenna Reneau,1628168
Trae Young,J.Schroeder,8,502,8,0,63,3826,7.875,7.621513944223108,0.2534860557768921,4,249,0.5,0.4960159362549801,0.003984063745019917,7.625490196078432,1.6235294117647059,Jenna Schroeder,1628954
Trae Young,J.Sterling,15,495,15,0,103,3786,6.866666666666666,7.648484848484848,-0.7818181818181822,12,241,0.8,0.4868686868686869,0.31313131313131315,7.625490196078432,1.6235294117647059,Jonathan Sterling,1627964
Trae Young,J.Tiven,33,477,31,2,186,3703,5.636363636363637,7.763102725366877,-2.12673908900324,16,237,0.48484848484848486,0.4968553459119497,-0.012006861063464824,7.625490196078432,1.6235294117647059,Josh Tiven,201639
Trae Young,J.Van Duyne,20,490,20,0,123,3766,6.15,7.685714285714286,-1.5357142857142856,10,243,0.5,0.4959183673469388,0.004081632653061218,7.625490196078432,1.6235294117647059,Justin Van Duyne,203593
Trae Young,J.Williams,20,490,19,1,133,3756,6.65,7.66530612244898,-1.0153061224489797,7,246,0.35,0.5020408163265306,-0.15204081632653066,7.625490196078432,1.6235294117647059,James Williams,202058
Trae Young,K.Cutler,23,487,23,0,194,3695,8.434782608695652,7.587268993839836,0.8475136148558162,14,239,0.6086956521739131,0.49075975359342916,0.11793589858048392,7.625490196078432,1.6235294117647059,Kevin Cutler,201246
Trae Young,K.Fitzgerald,15,495,14,1,143,3746,9.533333333333333,7.567676767676768,1.9656565656565652,8,245,0.5333333333333333,0.494949494949495,0.03838383838383835,7.625490196078432,1.6235294117647059,Kane Fitzgerald,201640
Trae Young,K.Lane,24,486,24,0,216,3673,9.0,7.55761316872428,1.4423868312757202,13,240,0.5416666666666666,0.49382716049382713,0.0478395061728395,7.625490196078432,1.6235294117647059,Karl Lane,202026
Trae Young,K.Mauer,9,501,9,0,78,3811,8.666666666666666,7.606786427145709,1.0598802395209574,6,247,0.6666666666666666,0.4930139720558882,0.17365269461077842,7.625490196078432,1.6235294117647059,Ken Mauer,1174
Trae Young,K.Scott,26,484,26,0,197,3692,7.576923076923077,7.628099173553719,-0.05117609663064204,10,243,0.38461538461538464,0.5020661157024794,-0.11745073108709475,7.625490196078432,1.6235294117647059,Kevin Scott,202041
Trae Young,L.Holtkamp,16,494,16,0,144,3745,9.0,7.580971659919029,1.4190283400809713,9,244,0.5625,0.4939271255060729,0.06857287449392713,7.625490196078432,1.6235294117647059,Lauren Holtkamp,203177
Trae Young,L.Richardson,9,501,9,0,82,3807,9.11111111111111,7.598802395209581,1.51230871590153,5,248,0.5555555555555556,0.49500998003992014,0.06054557551563544,7.625490196078432,1.6235294117647059,Leroy Richardson,1188
Trae Young,L.Wood,16,494,16,0,146,3743,9.125,7.576923076923077,1.5480769230769234,6,247,0.375,0.5,-0.125,7.625490196078432,1.6235294117647059,Leon Wood,1201
Trae Young,M.Ayotte,10,500,10,0,63,3826,6.3,7.652,-1.3520000000000003,4,249,0.4,0.498,-0.09799999999999998,7.625490196078432,1.6235294117647059,Mark Ayotte,2148
Trae Young,M.Boland,19,491,19,0,178,3711,9.368421052631579,7.558044806517311,1.8103762461142674,10,243,0.5263157894736842,0.49490835030549896,0.031407439168185225,7.625490196078432,1.6235294117647059,Matt Boland,2005
Trae Young,M.Callahan,6,504,6,0,22,3867,3.6666666666666665,7.6726190476190474,-4.005952380952381,4,249,0.6666666666666666,0.49404761904761907,0.17261904761904756,7.625490196078432,1.6235294117647059,Mike Callahan,1147
Trae Young,M.Dagher,17,493,17,0,118,3771,6.9411764705882355,7.649087221095335,-0.7079107505070992,9,244,0.5294117647058824,0.4949290060851927,0.03448275862068967,7.625490196078432,1.6235294117647059,Mousa Dagher,1628159
Trae Young,M.Davis,18,492,18,0,122,3767,6.777777777777778,7.65650406504065,-0.8787262872628725,9,244,0.5,0.4959349593495935,0.004065040650406526,7.625490196078432,1.6235294117647059,Marc Davis,1830
Trae Young,M.Ervin,22,488,20,2,185,3704,8.409090909090908,7.590163934426229,0.818926974664679,11,242,0.5,0.4959016393442623,0.0040983606557377095,7.625490196078432,1.6235294117647059,Mitchell Ervin,203591
Trae Young,M.Kallio,6,504,6,0,65,3824,10.833333333333334,7.587301587301587,3.246031746031747,3,250,0.5,0.49603174603174605,0.003968253968253954,7.625490196078432,1.6235294117647059,Matt Kallio,1627526
Trae Young,M.Kogut,21,489,21,0,169,3720,8.047619047619047,7.607361963190184,0.4402570844288638,10,243,0.47619047619047616,0.49693251533742333,-0.020742039146947167,7.625490196078432,1.6235294117647059,Marat Kogut,201245
Trae Young,M.Lindsay,17,493,17,0,152,3737,8.941176470588236,7.580121703853956,1.3610547667342798,10,243,0.5882352941176471,0.49290060851926976,0.09533468559837732,7.625490196078432,1.6235294117647059,Mark Lindsay,200834
Trae Young,M.Myers,27,483,27,0,200,3689,7.407407407407407,7.63768115942029,-0.23027375201288258,9,244,0.3333333333333333,0.505175983436853,-0.17184265010351968,7.625490196078432,1.6235294117647059,Matt Myers,202901
Trae Young,M.Smith,20,490,20,0,170,3719,8.5,7.589795918367347,0.9102040816326529,10,243,0.5,0.4959183673469388,0.004081632653061218,7.625490196078432,1.6235294117647059,Michael Smith,1193
Trae Young,N.Buchert,19,491,19,0,149,3740,7.842105263157895,7.617107942973523,0.22499732018437157,3,250,0.15789473684210525,0.5091649694501018,-0.35127023260799656,7.625490196078432,1.6235294117647059,Nick Buchert,202007
Trae Young,N.Green,12,498,12,0,112,3777,9.333333333333334,7.5843373493975905,1.7489959839357434,9,244,0.75,0.4899598393574297,0.2600401606425703,7.625490196078432,1.6235294117647059,Nate Green,1627524
Trae Young,N.Sago,15,495,15,0,131,3758,8.733333333333333,7.5919191919191915,1.141414141414141,5,248,0.3333333333333333,0.501010101010101,-0.1676767676767677,7.625490196078432,1.6235294117647059,Natalie Sago,1627541
Trae Young,P.Fraher,27,483,25,2,189,3700,7.0,7.6604554865424435,-0.6604554865424435,13,240,0.48148148148148145,0.4968944099378882,-0.015412928456406738,7.625490196078432,1.6235294117647059,Pat Fraher,2003
Trae Young,P.O'Connell,2,508,2,0,17,3872,8.5,7.622047244094488,0.877952755905512,2,251,1.0,0.4940944881889764,0.5059055118110236,7.625490196078432,1.6235294117647059,Pat O'Connell,1629183
Trae Young,P.Ransom,21,489,21,0,151,3738,7.190476190476191,7.644171779141105,-0.4536955886649139,12,241,0.5714285714285714,0.49284253578732107,0.07858603564125033,7.625490196078432,1.6235294117647059,Phenizee Ransom,1627963
Trae Young,R.Acosta,25,485,25,0,169,3720,6.76,7.670103092783505,-0.9101030927835057,17,236,0.68,0.4865979381443299,0.19340206185567016,7.625490196078432,1.6235294117647059,Ray Acosta,1626300
Trae Young,R.Garretson,3,507,3,0,17,3872,5.666666666666667,7.6370808678500985,-1.9704142011834316,1,252,0.3333333333333333,0.4970414201183432,-0.16370808678500987,7.625490196078432,1.6235294117647059,Ron Garretson,1164
Trae Young,R.Hussey,10,500,10,0,104,3785,10.4,7.57,2.83,5,248,0.5,0.496,0.0040000000000000036,7.625490196078432,1.6235294117647059,Robert Hussey,1628480
Trae Young,R.Mott,22,488,22,0,174,3715,7.909090909090909,7.612704918032787,0.2963859910581226,9,244,0.4090909090909091,0.5,-0.09090909090909088,7.625490196078432,1.6235294117647059,Rodney Mott,1179
Trae Young,S.Corbin,13,497,13,0,95,3794,7.3076923076923075,7.633802816901408,-0.32611050920910056,6,247,0.46153846153846156,0.4969818913480885,-0.03544342980962695,7.625490196078432,1.6235294117647059,Sean Corbin,1151
Trae Young,S.Foster,24,486,22,2,172,3717,7.166666666666667,7.648148148148148,-0.48148148148148096,10,243,0.4166666666666667,0.5,-0.08333333333333331,7.625490196078432,1.6235294117647059,Scott Foster,1162
Trae Young,S.Jelks,6,504,6,0,51,3838,8.5,7.615079365079365,0.8849206349206353,3,250,0.5,0.49603174603174605,0.003968253968253954,7.625490196078432,1.6235294117647059,Simone Jelks,1628481
Trae Young,S.Mehta,13,497,13,0,102,3787,7.846153846153846,7.619718309859155,0.22643553629469082,8,245,0.6153846153846154,0.49295774647887325,0.12242686890574217,7.625490196078432,1.6235294117647059,Suyash Mehta,1627529
Trae Young,S.Mitchell,3,507,3,0,8,3881,2.6666666666666665,7.654832347140039,-4.988165680473372,3,250,1.0,0.4930966469428008,0.5069033530571991,7.625490196078432,1.6235294117647059,Sha'Rae Mitchell,1629178
Trae Young,S.Twardoski,16,494,16,0,103,3786,6.4375,7.663967611336032,-1.226467611336032,8,245,0.5,0.4959514170040486,0.0040485829959514,7.625490196078432,1.6235294117647059,Scott Twardoski,202053
Trae Young,S.Wall,23,487,23,0,194,3695,8.434782608695652,7.587268993839836,0.8475136148558162,8,245,0.34782608695652173,0.5030800821355236,-0.15525399517900185,7.625490196078432,1.6235294117647059,Scott Wall,1198
Trae Young,S.Wright,25,485,24,1,173,3716,6.92,7.661855670103093,-0.7418556701030932,12,241,0.48,0.49690721649484537,-0.01690721649484539,7.625490196078432,1.6235294117647059,Sean Wright,2882
Trae Young,T.Brothers,21,489,20,1,170,3719,8.095238095238095,7.605316973415133,0.4899211218229622,12,241,0.5714285714285714,0.49284253578732107,0.07858603564125033,7.625490196078432,1.6235294117647059,Tony Brothers,1146
Trae Young,T.Brown,7,503,7,0,48,3841,6.857142857142857,7.636182902584493,-0.7790400454416364,6,247,0.8571428571428571,0.49105367793240556,0.36608917921045153,7.625490196078432,1.6235294117647059,Tony Brown,2529
Trae Young,T.Ford,27,483,26,1,188,3701,6.962962962962963,7.662525879917184,-0.6995629169542212,15,238,0.5555555555555556,0.4927536231884058,0.06280193236714976,7.625490196078432,1.6235294117647059,Tyler Ford,204059
Trae Young,T.Maddox,21,489,20,1,181,3708,8.619047619047619,7.58282208588957,1.0362255331580483,11,242,0.5238095238095238,0.4948875255623722,0.028921998247151637,7.625490196078432,1.6235294117647059,Tre Maddox,202027
Trae Young,T.Ricks,6,504,6,0,36,3853,6.0,7.64484126984127,-1.6448412698412698,3,250,0.5,0.49603174603174605,0.003968253968253954,7.625490196078432,1.6235294117647059,Tyler Ricks,1627539
Trae Young,T.Washington,21,489,20,1,166,3723,7.904761904761905,7.613496932515337,0.29126497224656767,7,246,0.3333333333333333,0.5030674846625767,-0.16973415132924335,7.625490196078432,1.6235294117647059,Tom Washington,1199
Trae Young,Z.Zarba,24,486,22,2,220,3669,9.166666666666666,7.549382716049383,1.6172839506172831,14,239,0.5833333333333334,0.49176954732510286,0.09156378600823051,7.625490196078432,1.6235294117647059,Zach Zarba,2534
Shai Gilgeous-Alexander,A.Abazi,1,507,1,0,9,3575,9.0,7.051282051282051,1.948717948717949,1,309,1.0,0.6094674556213018,0.3905325443786982,7.05511811023622,0.610236220472441,Agon Abazi,196295108
Shai Gilgeous-Alexander,A.Moyer-Gleich,7,501,7,0,53,3531,7.571428571428571,7.047904191616767,0.5235243798118043,4,306,0.5714285714285714,0.6107784431137725,-0.0393498716852011,7.05511811023622,0.610236220472441,Ashley Moyer-Gleich,1628953
Shai Gilgeous-Alexander,A.Nagy,19,489,19,0,148,3436,7.7894736842105265,7.026584867075664,0.7628888171348622,14,296,0.7368421052631579,0.6053169734151329,0.13152513184802495,7.05511811023622,0.610236220472441,Andy Nagy,1627534
Shai Gilgeous-Alexander,A.Smith,16,492,16,0,102,3482,6.375,7.0772357723577235,-0.7022357723577235,10,300,0.625,0.6097560975609756,0.015243902439024404,7.05511811023622,0.610236220472441,Aaron Smith,1626302
Shai Gilgeous-Alexander,B.Adair,17,491,17,0,92,3492,5.411764705882353,7.112016293279022,-1.7002515873966688,10,300,0.5882352941176471,0.6109979633401222,-0.022762669222475163,7.05511811023622,0.610236220472441,Brandon Adair,1627961
Shai Gilgeous-Alexander,B.Adams,3,505,3,0,13,3571,4.333333333333333,7.071287128712871,-2.7379537953795383,1,309,0.3333333333333333,0.6118811881188119,-0.27854785478547855,7.05511811023622,0.610236220472441,Bennie Adams,1363
Shai Gilgeous-Alexander,B.Barnaky,22,486,19,3,151,3433,6.863636363636363,7.063786008230453,-0.2001496445940898,14,296,0.6363636363636364,0.6090534979423868,0.02731013842124952,7.05511811023622,0.610236220472441,Brent Barnaky,201638
Shai Gilgeous-Alexander,B.Forte,20,488,20,0,123,3461,6.15,7.092213114754099,-0.9422131147540984,14,296,0.7,0.6065573770491803,0.09344262295081962,7.05511811023622,0.610236220472441,Brian Forte,101283
Shai Gilgeous-Alexander,B.Haskill,1,507,1,0,7,3577,7.0,7.055226824457594,-0.05522682445759397,1,309,1.0,0.6094674556213018,0.3905325443786982,7.05511811023622,0.610236220472441,Brent Haskill,1629175
Shai Gilgeous-Alexander,B.Kennedy,25,483,22,3,221,3363,8.84,6.962732919254658,1.8772670807453418,15,295,0.6,0.6107660455486542,-0.010766045548654235,7.05511811023622,0.610236220472441,Bill Kennedy,1662
Shai Gilgeous-Alexander,B.Nansel,20,488,20,0,150,3434,7.5,7.036885245901639,0.46311475409836067,15,295,0.75,0.6045081967213115,0.1454918032786885,7.05511811023622,0.610236220472441,Brett Nansel,202035
Shai Gilgeous-Alexander,B.Schwab,16,492,16,0,163,3421,10.1875,6.953252032520325,3.234247967479675,10,300,0.625,0.6097560975609756,0.015243902439024404,7.05511811023622,0.610236220472441,Brandon Schwab,1628171
Shai Gilgeous-Alexander,B.Taylor,21,487,20,1,129,3455,6.142857142857143,7.094455852156058,-0.9515987092989144,14,296,0.6666666666666666,0.6078028747433265,0.058863791923340125,7.05511811023622,0.610236220472441,Ben Taylor,202049
Shai Gilgeous-Alexander,C.Aubry,1,507,1,0,5,3579,5.0,7.059171597633136,-2.059171597633136,1,309,1.0,0.6094674556213018,0.3905325443786982,7.05511811023622,0.610236220472441,Clare Aubry,1629422
Shai Gilgeous-Alexander,C.Blair,26,482,24,2,163,3421,6.269230769230769,7.097510373443983,-0.8282796042132139,15,295,0.5769230769230769,0.6120331950207469,-0.03511011809767006,7.05511811023622,0.610236220472441,Curtis Blair,200832
Shai Gilgeous-Alexander,C.Flores,5,503,5,0,57,3527,11.4,7.01192842942346,4.388071570576541,3,307,0.6,0.610337972166998,-0.010337972166998055,7.05511811023622,0.610236220472441,Che Flores,203054
Shai Gilgeous-Alexander,C.Kirkland,25,483,24,1,184,3400,7.36,7.0393374741200825,0.32066252587991784,19,291,0.76,0.6024844720496895,0.15751552795031054,7.05511811023622,0.610236220472441,Courtney Kirkland,2004
Shai Gilgeous-Alexander,C.Washington,22,486,22,0,191,3393,8.681818181818182,6.981481481481482,1.7003367003366998,14,296,0.6363636363636364,0.6090534979423868,0.02731013842124952,7.05511811023622,0.610236220472441,CJ Washington,202056
Shai Gilgeous-Alexander,D.Collins,24,484,24,0,148,3436,6.166666666666667,7.099173553719008,-0.932506887052341,14,296,0.5833333333333334,0.6115702479338843,-0.02823691460055089,7.05511811023622,0.610236220472441,Derrick Collins,2002
Shai Gilgeous-Alexander,D.Guthrie,19,489,15,4,133,3451,7.0,7.0572597137014315,-0.05725971370143146,7,303,0.3684210526315789,0.6196319018404908,-0.25121084920891185,7.05511811023622,0.610236220472441,David Guthrie,2714
Shai Gilgeous-Alexander,D.Mosher,5,503,5,0,59,3525,11.8,7.007952286282306,4.792047713717695,4,306,0.8,0.6083499005964215,0.19165009940357858,7.05511811023622,0.610236220472441,Dannica Mosher,1628484
Shai Gilgeous-Alexander,D.Richardson,16,492,16,0,96,3488,6.0,7.0894308943089435,-1.0894308943089435,11,299,0.6875,0.6077235772357723,0.0797764227642277,7.05511811023622,0.610236220472441,Derek Richardson,1204
Shai Gilgeous-Alexander,D.Scott,11,497,11,0,83,3501,7.545454545454546,7.044265593561368,0.5011889518931776,11,299,1.0,0.6016096579476862,0.39839034205231383,7.05511811023622,0.610236220472441,Danielle Scott,1628487
Shai Gilgeous-Alexander,D.Taylor,18,490,17,1,141,3443,7.833333333333333,7.026530612244898,0.8068027210884354,14,296,0.7777777777777778,0.6040816326530613,0.17369614512471654,7.05511811023622,0.610236220472441,Dedric Taylor,203592
Shai Gilgeous-Alexander,E.Dalen,20,488,19,1,123,3461,6.15,7.092213114754099,-0.9422131147540984,14,296,0.7,0.6065573770491803,0.09344262295081962,7.05511811023622,0.610236220472441,Eric Dalen,200833
Shai Gilgeous-Alexander,E.Lewis,16,492,15,1,95,3489,5.9375,7.091463414634147,-1.1539634146341466,9,301,0.5625,0.6117886178861789,-0.04928861788617889,7.05511811023622,0.610236220472441,Eric Lewis,2715
Shai Gilgeous-Alexander,E.Malloy,27,481,26,1,191,3393,7.074074074074074,7.054054054054054,0.020020020020020013,18,292,0.6666666666666666,0.6070686070686071,0.05959805959805953,7.05511811023622,0.610236220472441,Ed Malloy,2530
Shai Gilgeous-Alexander,E.Scott,13,495,13,0,127,3457,9.76923076923077,6.983838383838384,2.7853923853923863,7,303,0.5384615384615384,0.6121212121212121,-0.07365967365967363,7.05511811023622,0.610236220472441,Evan Scott,1628172
Shai Gilgeous-Alexander,G.Petraitis,28,480,24,4,260,3324,9.285714285714286,6.925,2.3607142857142867,20,290,0.7142857142857143,0.6041666666666666,0.11011904761904767,7.05511811023622,0.610236220472441,Gediminas Petraitis,204058
Shai Gilgeous-Alexander,H.Workman,6,502,6,0,30,3554,5.0,7.079681274900398,-2.0796812749003983,2,308,0.3333333333333333,0.6135458167330677,-0.2802124833997344,7.05511811023622,0.610236220472441,Haywoode Workman,201637
Shai Gilgeous-Alexander,I.Hwang,6,502,6,0,51,3533,8.5,7.03784860557769,1.4621513944223103,3,307,0.5,0.6115537848605578,-0.11155378486055778,7.05511811023622,0.610236220472441,Intae Hwang,1630886
Shai Gilgeous-Alexander,J.Butler,19,489,19,0,146,3438,7.684210526315789,7.030674846625767,0.6535356796900222,13,297,0.6842105263157895,0.6073619631901841,0.0768485631256054,7.05511811023622,0.610236220472441,John Butler,1628951
Shai Gilgeous-Alexander,J.Capers,28,480,25,3,190,3394,6.785714285714286,7.070833333333334,-0.28511904761904816,17,293,0.6071428571428571,0.6104166666666667,-0.003273809523809623,7.05511811023622,0.610236220472441,James Capers,1148
Shai Gilgeous-Alexander,J.Conley,9,499,9,0,61,3523,6.777777777777778,7.060120240480962,-0.2823424627031841,5,305,0.5555555555555556,0.6112224448897795,-0.055666889334223923,7.05511811023622,0.610236220472441,John Conley,1627519
Shai Gilgeous-Alexander,J.DeRosa,28,480,28,0,192,3392,6.857142857142857,7.066666666666666,-0.20952380952380967,17,293,0.6071428571428571,0.6104166666666667,-0.003273809523809623,7.05511811023622,0.610236220472441,JB DeRosa,1155
Shai Gilgeous-Alexander,J.Goble,53,455,49,4,348,3236,6.566037735849057,7.112087912087912,-0.5460501762388548,34,276,0.6415094339622641,0.6065934065934065,0.03491602736885757,7.05511811023622,0.610236220472441,John Goble,101284
Shai Gilgeous-Alexander,J.Goldenberg,15,493,15,0,95,3489,6.333333333333333,7.077079107505071,-0.7437457741717379,11,299,0.7333333333333333,0.6064908722109533,0.12684246112237996,7.05511811023622,0.610236220472441,Jason Goldenberg,1626301
Shai Gilgeous-Alexander,J.Orr,28,480,26,2,158,3426,5.642857142857143,7.1375,-1.494642857142857,18,292,0.6428571428571429,0.6083333333333333,0.03452380952380962,7.05511811023622,0.610236220472441,J.T. Orr,202037
Shai Gilgeous-Alexander,J.Phillips,5,503,5,0,21,3563,4.2,7.083499005964215,-2.8834990059642145,2,308,0.4,0.6123260437375746,-0.21232604373757458,7.05511811023622,0.610236220472441,Jason Phillips,2001
Shai Gilgeous-Alexander,J.Reneau,3,505,3,0,25,3559,8.333333333333334,7.047524752475248,1.2858085808580864,1,309,0.3333333333333333,0.6118811881188119,-0.27854785478547855,7.05511811023622,0.610236220472441,Jenna Reneau,1628168
Shai Gilgeous-Alexander,J.Schroeder,16,492,16,0,129,3455,8.0625,7.022357723577236,1.0401422764227641,10,300,0.625,0.6097560975609756,0.015243902439024404,7.05511811023622,0.610236220472441,Jenna Schroeder,1628954
Shai Gilgeous-Alexander,J.Sterling,20,488,20,0,108,3476,5.4,7.122950819672131,-1.722950819672131,10,300,0.5,0.6147540983606558,-0.11475409836065575,7.05511811023622,0.610236220472441,Jonathan Sterling,1627964
Shai Gilgeous-Alexander,J.Tiven,27,481,20,7,192,3392,7.111111111111111,7.051975051975052,0.05913605913605835,17,293,0.6296296296296297,0.6091476091476091,0.020482020482020524,7.05511811023622,0.610236220472441,Josh Tiven,201639
Shai Gilgeous-Alexander,J.Van Duyne,21,487,21,0,151,3433,7.190476190476191,7.049281314168378,0.14119487630781258,9,301,0.42857142857142855,0.6180698151950719,-0.18949838662364332,7.05511811023622,0.610236220472441,Justin Van Duyne,203593
Shai Gilgeous-Alexander,J.Williams,25,483,23,2,194,3390,7.76,7.0186335403726705,0.7413664596273293,17,293,0.68,0.6066252587991718,0.07337474120082821,7.05511811023622,0.610236220472441,James Williams,202058
Shai Gilgeous-Alexander,K.Cutler,17,491,16,1,94,3490,5.529411764705882,7.107942973523421,-1.5785312088175392,10,300,0.5882352941176471,0.6109979633401222,-0.022762669222475163,7.05511811023622,0.610236220472441,Kevin Cutler,201246
Shai Gilgeous-Alexander,K.Fitzgerald,8,500,8,0,23,3561,2.875,7.122,-4.247,6,304,0.75,0.608,0.14200000000000002,7.05511811023622,0.610236220472441,Kane Fitzgerald,201640
Shai Gilgeous-Alexander,K.Lane,21,487,20,1,167,3417,7.9523809523809526,7.016427104722792,0.9359538476581601,16,294,0.7619047619047619,0.6036960985626283,0.15820866334213357,7.05511811023622,0.610236220472441,Karl Lane,202026
Shai Gilgeous-Alexander,K.Mauer,8,500,7,1,23,3561,2.875,7.122,-4.247,5,305,0.625,0.61,0.015000000000000013,7.05511811023622,0.610236220472441,Ken Mauer,1174
Shai Gilgeous-Alexander,K.Scott,28,480,25,3,183,3401,6.535714285714286,7.085416666666666,-0.5497023809523807,18,292,0.6428571428571429,0.6083333333333333,0.03452380952380962,7.05511811023622,0.610236220472441,Kevin Scott,202041
Shai Gilgeous-Alexander,L.Holtkamp,9,499,9,0,87,3497,9.666666666666666,7.008016032064128,2.6586506346025383,7,303,0.7777777777777778,0.6072144288577155,0.1705633489200623,7.05511811023622,0.610236220472441,Lauren Holtkamp,203177
Shai Gilgeous-Alexander,L.Richardson,4,504,4,0,15,3569,3.75,7.0813492063492065,-3.3313492063492065,1,309,0.25,0.6130952380952381,-0.36309523809523814,7.05511811023622,0.610236220472441,Leroy Richardson,1188
Shai Gilgeous-Alexander,L.Wood,14,494,13,1,104,3480,7.428571428571429,7.044534412955466,0.38403701561596293,8,302,0.5714285714285714,0.611336032388664,-0.03990746096009257,7.05511811023622,0.610236220472441,Leon Wood,1201
Shai Gilgeous-Alexander,M.Ayotte,9,499,9,0,38,3546,4.222222222222222,7.1062124248497,-2.8839902026274773,4,306,0.4444444444444444,0.6132264529058116,-0.16878200846136715,7.05511811023622,0.610236220472441,Mark Ayotte,2148
Shai Gilgeous-Alexander,M.Boland,15,493,15,0,114,3470,7.6,7.0385395537525355,0.5614604462474642,9,301,0.6,0.6105476673427992,-0.010547667342799216,7.05511811023622,0.610236220472441,Matt Boland,2005
Shai Gilgeous-Alexander,M.Callahan,3,505,3,0,6,3578,2.0,7.085148514851485,-5.085148514851485,2,308,0.6666666666666666,0.6099009900990099,0.05676567656765674,7.05511811023622,0.610236220472441,Mike Callahan,1147
Shai Gilgeous-Alexander,M.Dagher,20,488,20,0,175,3409,8.75,6.985655737704918,1.764344262295082,16,294,0.8,0.6024590163934426,0.19754098360655747,7.05511811023622,0.610236220472441,Mousa Dagher,1628159
Shai Gilgeous-Alexander,M.Davis,28,480,25,3,149,3435,5.321428571428571,7.15625,-1.8348214285714288,17,293,0.6071428571428571,0.6104166666666667,-0.003273809523809623,7.05511811023622,0.610236220472441,Marc Davis,1830
Shai Gilgeous-Alexander,M.Ervin,29,479,27,2,192,3392,6.620689655172414,7.081419624217119,-0.46072996904470553,17,293,0.5862068965517241,0.6116910229645094,-0.025484126412785302,7.05511811023622,0.610236220472441,Mitchell Ervin,203591
Shai Gilgeous-Alexander,M.Kallio,12,496,12,0,127,3457,10.583333333333334,6.969758064516129,3.613575268817205,7,303,0.5833333333333334,0.6108870967741935,-0.027553763440860135,7.05511811023622,0.610236220472441,Matt Kallio,1627526
Shai Gilgeous-Alexander,M.Kogut,16,492,14,2,113,3471,7.0625,7.054878048780488,0.007621951219512368,9,301,0.5625,0.6117886178861789,-0.04928861788617889,7.05511811023622,0.610236220472441,Marat Kogut,201245
Shai Gilgeous-Alexander,M.Lindsay,20,488,20,0,133,3451,6.65,7.07172131147541,-0.4217213114754097,13,297,0.65,0.6086065573770492,0.04139344262295086,7.05511811023622,0.610236220472441,Mark Lindsay,200834
Shai Gilgeous-Alexander,M.Myers,13,495,13,0,110,3474,8.461538461538462,7.0181818181818185,1.4433566433566432,9,301,0.6923076923076923,0.6080808080808081,0.08422688422688418,7.05511811023622,0.610236220472441,Matt Myers,202901
Shai Gilgeous-Alexander,M.Smith,12,496,12,0,96,3488,8.0,7.032258064516129,0.967741935483871,8,302,0.6666666666666666,0.6088709677419355,0.05779569892473113,7.05511811023622,0.610236220472441,Michael Smith,1193
Shai Gilgeous-Alexander,N.Buchert,27,481,26,1,144,3440,5.333333333333333,7.151767151767152,-1.8184338184338191,15,295,0.5555555555555556,0.6133056133056133,-0.057750057750057704,7.05511811023622,0.610236220472441,Nick Buchert,202007
Shai Gilgeous-Alexander,N.Green,10,498,10,0,69,3515,6.9,7.0582329317269075,-0.1582329317269071,8,302,0.8,0.606425702811245,0.19357429718875507,7.05511811023622,0.610236220472441,Nate Green,1627524
Shai Gilgeous-Alexander,N.Sago,24,484,24,0,179,3405,7.458333333333333,7.035123966942149,0.423209366391184,17,293,0.7083333333333334,0.6053719008264463,0.10296143250688705,7.05511811023622,0.610236220472441,Natalie Sago,1627541
Shai Gilgeous-Alexander,P.Fraher,23,485,19,4,198,3386,8.608695652173912,6.981443298969072,1.62725235320484,17,293,0.7391304347826086,0.6041237113402061,0.1350067234424025,7.05511811023622,0.610236220472441,Pat Fraher,2003
Shai Gilgeous-Alexander,P.O'Connell,2,506,2,0,8,3576,4.0,7.067193675889328,-3.067193675889328,2,308,1.0,0.6086956521739131,0.3913043478260869,7.05511811023622,0.610236220472441,Pat O'Connell,1629183
Shai Gilgeous-Alexander,P.Ransom,15,493,15,0,127,3457,8.466666666666667,7.012170385395538,1.4544962812711288,14,296,0.9333333333333333,0.6004056795131846,0.3329276538201488,7.05511811023622,0.610236220472441,Phenizee Ransom,1627963
Shai Gilgeous-Alexander,R.Acosta,30,478,29,1,225,3359,7.5,7.027196652719665,0.472803347280335,21,289,0.7,0.604602510460251,0.09539748953974891,7.05511811023622,0.610236220472441,Ray Acosta,1626300
Shai Gilgeous-Alexander,R.Garretson,4,504,4,0,11,3573,2.75,7.089285714285714,-4.339285714285714,4,306,1.0,0.6071428571428571,0.3928571428571429,7.05511811023622,0.610236220472441,Ron Garretson,1164
Shai Gilgeous-Alexander,R.Hussey,9,499,9,0,88,3496,9.777777777777779,7.006012024048096,2.7717657537296825,7,303,0.7777777777777778,0.6072144288577155,0.1705633489200623,7.05511811023622,0.610236220472441,Robert Hussey,1628480
Shai Gilgeous-Alexander,R.Mott,21,487,20,1,135,3449,6.428571428571429,7.082135523613963,-0.6535640950425341,14,296,0.6666666666666666,0.6078028747433265,0.058863791923340125,7.05511811023622,0.610236220472441,Rodney Mott,1179
Shai Gilgeous-Alexander,S.Corbin,19,489,17,2,128,3456,6.7368421052631575,7.067484662576687,-0.33064255731352965,9,301,0.47368421052631576,0.6155419222903885,-0.14185771176407275,7.05511811023622,0.610236220472441,Sean Corbin,1151
Shai Gilgeous-Alexander,S.Foster,18,490,15,3,112,3472,6.222222222222222,7.085714285714285,-0.8634920634920631,12,298,0.6666666666666666,0.6081632653061224,0.058503401360544216,7.05511811023622,0.610236220472441,Scott Foster,1162
Shai Gilgeous-Alexander,S.Jelks,2,506,2,0,23,3561,11.5,7.037549407114624,4.462450592885376,2,308,1.0,0.6086956521739131,0.3913043478260869,7.05511811023622,0.610236220472441,Simone Jelks,1628481
Shai Gilgeous-Alexander,S.Mehta,13,495,13,0,121,3463,9.307692307692308,6.995959595959596,2.311732711732712,11,299,0.8461538461538461,0.604040404040404,0.2421134421134421,7.05511811023622,0.610236220472441,Suyash Mehta,1627529
Shai Gilgeous-Alexander,S.Mitchell,5,503,5,0,37,3547,7.4,7.0516898608349905,0.34831013916500986,4,306,0.8,0.6083499005964215,0.19165009940357858,7.05511811023622,0.610236220472441,Sha'Rae Mitchell,1629178
Shai Gilgeous-Alexander,S.Twardoski,19,489,19,0,110,3474,5.7894736842105265,7.104294478527607,-1.3148207943170807,13,297,0.6842105263157895,0.6073619631901841,0.0768485631256054,7.05511811023622,0.610236220472441,Scott Twardoski,202053
Shai Gilgeous-Alexander,S.Wall,13,495,13,0,84,3500,6.461538461538462,7.070707070707071,-0.6091686091686093,7,303,0.5384615384615384,0.6121212121212121,-0.07365967365967363,7.05511811023622,0.610236220472441,Scott Wall,1198
Shai Gilgeous-Alexander,S.Wright,24,484,22,2,162,3422,6.75,7.070247933884297,-0.3202479338842972,10,300,0.4166666666666667,0.6198347107438017,-0.203168044077135,7.05511811023622,0.610236220472441,Sean Wright,2882
Shai Gilgeous-Alexander,T.Brothers,24,484,20,4,164,3420,6.833333333333333,7.066115702479339,-0.23278236914600559,10,300,0.4166666666666667,0.6198347107438017,-0.203168044077135,7.05511811023622,0.610236220472441,Tony Brothers,1146
Shai Gilgeous-Alexander,T.Brown,10,498,9,1,57,3527,5.7,7.082329317269076,-1.3823293172690763,5,305,0.5,0.6124497991967871,-0.1124497991967871,7.05511811023622,0.610236220472441,Tony Brown,2529
Shai Gilgeous-Alexander,T.Ford,22,486,20,2,173,3411,7.863636363636363,7.018518518518518,0.8451178451178452,14,296,0.6363636363636364,0.6090534979423868,0.02731013842124952,7.05511811023622,0.610236220472441,Tyler Ford,204059
Shai Gilgeous-Alexander,T.Maddox,22,486,21,1,121,3463,5.5,7.125514403292181,-1.6255144032921809,15,295,0.6818181818181818,0.6069958847736625,0.07482229704451926,7.05511811023622,0.610236220472441,Tre Maddox,202027
Shai Gilgeous-Alexander,T.Ricks,3,505,3,0,15,3569,5.0,7.067326732673267,-2.0673267326732674,0,310,0.0,0.6138613861386139,-0.6138613861386139,7.05511811023622,0.610236220472441,Tyler Ricks,1627539
Shai Gilgeous-Alexander,T.Washington,20,488,20,0,103,3481,5.15,7.133196721311475,-1.983196721311475,17,293,0.85,0.6004098360655737,0.24959016393442623,7.05511811023622,0.610236220472441,Tom Washington,1199
Shai Gilgeous-Alexander,Z.Zarba,21,487,18,3,162,3422,7.714285714285714,7.026694045174538,0.6875916691111765,9,301,0.42857142857142855,0.6180698151950719,-0.18949838662364332,7.05511811023622,0.610236220472441,Zach Zarba,2534
Joel Embiid,A.Moyer-Gleich,11,500,11,0,121,4987,11.0,9.974,1.0259999999999998,9,372,0.8181818181818182,0.744,0.07418181818181824,9.996086105675147,0.7455968688845401,Ashley Moyer-Gleich,1628953
Joel Embiid,A.Nagy,8,503,8,0,74,5034,9.25,10.007952286282306,-0.7579522862823058,6,375,0.75,0.7455268389662028,0.004473161033797246,9.996086105675147,0.7455968688845401,Andy Nagy,1627534
Joel Embiid,A.Smith,33,478,31,2,321,4787,9.727272727272727,10.014644351464435,-0.28737162419170836,23,358,0.696969696969697,0.7489539748953975,-0.051984277925700484,9.996086105675147,0.7455968688845401,Aaron Smith,1626302
Joel Embiid,B.Adair,19,492,19,0,228,4880,12.0,9.91869918699187,2.0813008130081307,14,367,0.7368421052631579,0.7459349593495935,-0.009092854086435675,9.996086105675147,0.7455968688845401,Brandon Adair,1627961
Joel Embiid,B.Adams,4,507,4,0,31,5077,7.75,10.013806706114398,-2.263806706114398,4,377,1.0,0.7435897435897436,0.2564102564102564,9.996086105675147,0.7455968688845401,Bennie Adams,1363
Joel Embiid,B.Barnaky,20,491,20,0,170,4938,8.5,10.057026476578411,-1.557026476578411,15,366,0.75,0.745417515274949,0.0045824847250509615,9.996086105675147,0.7455968688845401,Brent Barnaky,201638
Joel Embiid,B.Forte,21,490,20,1,226,4882,10.761904761904763,9.963265306122448,0.7986394557823147,17,364,0.8095238095238095,0.7428571428571429,0.06666666666666665,9.996086105675147,0.7455968688845401,Brian Forte,101283
Joel Embiid,B.Haskill,1,510,1,0,17,5091,17.0,9.98235294117647,7.017647058823529,1,380,1.0,0.7450980392156863,0.2549019607843137,9.996086105675147,0.7455968688845401,Brent Haskill,1629175
Joel Embiid,B.Kennedy,18,493,15,3,217,4891,12.055555555555555,9.920892494929006,2.134663060626549,15,366,0.8333333333333334,0.742393509127789,0.09093982420554436,9.996086105675147,0.7455968688845401,Bill Kennedy,1662
Joel Embiid,B.Nansel,18,493,18,0,186,4922,10.333333333333334,9.983772819472616,0.34956051386071785,17,364,0.9444444444444444,0.7383367139959433,0.20610773044850117,9.996086105675147,0.7455968688845401,Brett Nansel,202035
Joel Embiid,B.Schwab,9,502,9,0,106,5002,11.777777777777779,9.96414342629482,1.8136343514829587,8,373,0.8888888888888888,0.7430278884462151,0.1458610004426737,9.996086105675147,0.7455968688845401,Brandon Schwab,1628171
Joel Embiid,B.Spooner,4,507,4,0,42,5066,10.5,9.992110453648916,0.507889546351084,4,377,1.0,0.7435897435897436,0.2564102564102564,9.996086105675147,0.7455968688845401,Bill Spooner,1194
Joel Embiid,B.Taylor,33,478,28,5,350,4758,10.606060606060606,9.95397489539749,0.6520857106631155,25,356,0.7575757575757576,0.7447698744769874,0.012805883098770177,9.996086105675147,0.7455968688845401,Ben Taylor,202049
Joel Embiid,C.Aubry,1,510,1,0,10,5098,10.0,9.996078431372549,0.0039215686274509665,1,380,1.0,0.7450980392156863,0.2549019607843137,9.996086105675147,0.7455968688845401,Clare Aubry,1629422
Joel Embiid,C.Blair,27,484,25,2,249,4859,9.222222222222221,10.039256198347108,-0.8170339761248862,23,358,0.8518518518518519,0.7396694214876033,0.11218243036424858,9.996086105675147,0.7455968688845401,Curtis Blair,200832
Joel Embiid,C.Flores,2,509,2,0,33,5075,16.5,9.970530451866404,6.529469548133596,2,379,1.0,0.7445972495088409,0.2554027504911591,9.996086105675147,0.7455968688845401,Che Flores,203054
Joel Embiid,C.Kirkland,31,480,28,3,305,4803,9.838709677419354,10.00625,-0.16754032258064555,24,357,0.7741935483870968,0.74375,0.03044354838709673,9.996086105675147,0.7455968688845401,Courtney Kirkland,2004
Joel Embiid,C.Washington,11,500,11,0,106,5002,9.636363636363637,10.004,-0.3676363636363629,10,371,0.9090909090909091,0.742,0.16709090909090907,9.996086105675147,0.7455968688845401,CJ Washington,202056
Joel Embiid,D.Collins,16,495,16,0,171,4937,10.6875,9.973737373737373,0.7137626262626267,15,366,0.9375,0.7393939393939394,0.19810606060606062,9.996086105675147,0.7455968688845401,Derrick Collins,2002
Joel Embiid,D.Guthrie,26,485,22,4,257,4851,9.884615384615385,10.002061855670103,-0.11744647105471806,18,363,0.6923076923076923,0.7484536082474227,-0.056145915939730395,9.996086105675147,0.7455968688845401,David Guthrie,2714
Joel Embiid,D.Mosher,2,509,2,0,22,5086,11.0,9.99214145383104,1.0078585461689595,2,379,1.0,0.7445972495088409,0.2554027504911591,9.996086105675147,0.7455968688845401,Dannica Mosher,1628484
Joel Embiid,D.Richardson,16,495,16,0,179,4929,11.1875,9.957575757575757,1.229924242424243,14,367,0.875,0.7414141414141414,0.13358585858585859,9.996086105675147,0.7455968688845401,Derek Richardson,1204
Joel Embiid,D.Scott,4,507,4,0,45,5063,11.25,9.986193293885602,1.2638067061143978,4,377,1.0,0.7435897435897436,0.2564102564102564,9.996086105675147,0.7455968688845401,Danielle Scott,1628487
Joel Embiid,D.Stafford,6,505,6,0,33,5075,5.5,10.049504950495049,-4.549504950495049,5,376,0.8333333333333334,0.7445544554455445,0.08877887788778882,9.996086105675147,0.7455968688845401,Derrick Stafford,1195
Joel Embiid,D.Taylor,21,490,21,0,188,4920,8.952380952380953,10.040816326530612,-1.0884353741496593,18,363,0.8571428571428571,0.7408163265306122,0.11632653061224485,9.996086105675147,0.7455968688845401,Dedric Taylor,203592
Joel Embiid,E.Dalen,16,495,16,0,133,4975,8.3125,10.05050505050505,-1.7380050505050502,15,366,0.9375,0.7393939393939394,0.19810606060606062,9.996086105675147,0.7455968688845401,Eric Dalen,200833
Joel Embiid,E.Lewis,20,491,18,2,208,4900,10.4,9.979633401221996,0.42036659877800453,18,363,0.9,0.7393075356415478,0.1606924643584522,9.996086105675147,0.7455968688845401,Eric Lewis,2715
Joel Embiid,E.Malloy,25,486,24,1,210,4898,8.4,10.078189300411523,-1.678189300411523,18,363,0.72,0.7469135802469136,-0.026913580246913593,9.996086105675147,0.7455968688845401,Ed Malloy,2530
Joel Embiid,E.Scott,12,499,12,0,113,4995,9.416666666666666,10.01002004008016,-0.5933533734134944,11,370,0.9166666666666666,0.7414829659318637,0.17518370073480294,9.996086105675147,0.7455968688845401,Evan Scott,1628172
Joel Embiid,G.Petraitis,18,493,16,2,206,4902,11.444444444444445,9.943204868154158,1.5012395762902866,13,368,0.7222222222222222,0.7464503042596349,-0.024228082037412668,9.996086105675147,0.7455968688845401,Gediminas Petraitis,204058
Joel Embiid,G.Zielinski,7,504,7,0,58,5050,8.285714285714286,10.01984126984127,-1.7341269841269842,6,375,0.8571428571428571,0.7440476190476191,0.11309523809523803,9.996086105675147,0.7455968688845401,Gary Zielinski,1664
Joel Embiid,H.Workman,8,503,8,0,85,5023,10.625,9.986083499005964,0.6389165009940356,5,376,0.625,0.7475149105367793,-0.12251491053677932,9.996086105675147,0.7455968688845401,Haywoode Workman,201637
Joel Embiid,I.Hwang,1,510,1,0,13,5095,13.0,9.990196078431373,3.0098039215686274,1,380,1.0,0.7450980392156863,0.2549019607843137,9.996086105675147,0.7455968688845401,Intae Hwang,1630886
Joel Embiid,J.Butler,5,506,3,2,54,5054,10.8,9.988142292490119,0.8118577075098816,2,379,0.4,0.7490118577075099,-0.34901185770750986,9.996086105675147,0.7455968688845401,John Butler,1628951
Joel Embiid,J.Capers,28,483,23,5,276,4832,9.857142857142858,10.004140786749483,-0.14699792960662528,20,361,0.7142857142857143,0.7474120082815735,-0.0331262939958592,9.996086105675147,0.7455968688845401,James Capers,1148
Joel Embiid,J.Conley,7,504,7,0,70,5038,10.0,9.996031746031745,0.003968253968254842,5,376,0.7142857142857143,0.746031746031746,-0.031746031746031744,9.996086105675147,0.7455968688845401,John Conley,1627519
Joel Embiid,J.DeRosa,18,493,17,1,210,4898,11.666666666666666,9.935091277890466,1.7315753887762,13,368,0.7222222222222222,0.7464503042596349,-0.024228082037412668,9.996086105675147,0.7455968688845401,JB DeRosa,1155
Joel Embiid,J.Goble,49,462,46,3,512,4596,10.448979591836734,9.948051948051948,0.5009276437847863,38,343,0.7755102040816326,0.7424242424242424,0.033085961657390195,9.996086105675147,0.7455968688845401,John Goble,101284
Joel Embiid,J.Goldenberg,16,495,16,0,191,4917,11.9375,9.933333333333334,2.0041666666666664,14,367,0.875,0.7414141414141414,0.13358585858585859,9.996086105675147,0.7455968688845401,Jason Goldenberg,1626301
Joel Embiid,J.Orr,24,487,24,0,278,4830,11.583333333333334,9.917864476386036,1.6654688569472977,20,361,0.8333333333333334,0.7412731006160165,0.09206023271731689,9.996086105675147,0.7455968688845401,J.T. Orr,202037
Joel Embiid,J.Phillips,6,505,5,1,44,5064,7.333333333333333,10.027722772277228,-2.6943894389438947,4,377,0.6666666666666666,0.7465346534653465,-0.0798679867986799,9.996086105675147,0.7455968688845401,Jason Phillips,2001
Joel Embiid,J.Ralls,7,504,7,0,77,5031,11.0,9.982142857142858,1.0178571428571423,6,375,0.8571428571428571,0.7440476190476191,0.11309523809523803,9.996086105675147,0.7455968688845401,JD Ralls,1628485
Joel Embiid,J.Schroeder,5,506,5,0,55,5053,11.0,9.986166007905139,1.0138339920948614,5,376,1.0,0.7430830039525692,0.2569169960474308,9.996086105675147,0.7455968688845401,Jenna Schroeder,1628954
Joel Embiid,J.Sterling,11,500,11,0,102,5006,9.272727272727273,10.012,-0.7392727272727271,9,372,0.8181818181818182,0.744,0.07418181818181824,9.996086105675147,0.7455968688845401,Jonathan Sterling,1627964
Joel Embiid,J.Tiven,23,488,21,2,263,4845,11.434782608695652,9.92827868852459,1.5065039201710615,20,361,0.8695652173913043,0.7397540983606558,0.12981111903064857,9.996086105675147,0.7455968688845401,Josh Tiven,201639
Joel Embiid,J.Van Duyne,23,488,21,2,209,4899,9.08695652173913,10.038934426229508,-0.9519779044903771,15,366,0.6521739130434783,0.75,-0.09782608695652173,9.996086105675147,0.7455968688845401,Justin Van Duyne,203593
Joel Embiid,J.Williams,26,485,24,2,283,4825,10.884615384615385,9.948453608247423,0.9361617763679622,19,362,0.7307692307692307,0.7463917525773196,-0.015622521808088874,9.996086105675147,0.7455968688845401,James Williams,202058
Joel Embiid,K.Cutler,19,492,18,1,198,4910,10.421052631578947,9.979674796747968,0.4413778348309787,16,365,0.8421052631578947,0.741869918699187,0.10023534445870774,9.996086105675147,0.7455968688845401,Kevin Cutler,201246
Joel Embiid,K.Fitzgerald,17,494,15,2,165,4943,9.705882352941176,10.006072874493928,-0.30019052155275183,11,370,0.6470588235294118,0.7489878542510121,-0.10192903072160031,9.996086105675147,0.7455968688845401,Kane Fitzgerald,201640
Joel Embiid,K.Lane,26,485,26,0,296,4812,11.384615384615385,9.921649484536083,1.4629659000793023,24,357,0.9230769230769231,0.7360824742268042,0.18699444885011896,9.996086105675147,0.7455968688845401,Karl Lane,202026
Joel Embiid,K.Mauer,12,499,12,0,136,4972,11.333333333333334,9.963927855711423,1.3694054776219104,11,370,0.9166666666666666,0.7414829659318637,0.17518370073480294,9.996086105675147,0.7455968688845401,Ken Mauer,1174
Joel Embiid,K.Scott,13,498,13,0,108,5000,8.307692307692308,10.040160642570282,-1.7324683348779732,11,370,0.8461538461538461,0.7429718875502008,0.10318195860364532,9.996086105675147,0.7455968688845401,Kevin Scott,202041
Joel Embiid,L.Holtkamp,14,497,14,0,109,4999,7.785714285714286,10.058350100603622,-2.2726358148893366,12,369,0.8571428571428571,0.7424547283702213,0.11468812877263579,9.996086105675147,0.7455968688845401,Lauren Holtkamp,203177
Joel Embiid,L.Richardson,11,500,11,0,111,4997,10.090909090909092,9.994,0.09690909090909194,11,370,1.0,0.74,0.26,9.996086105675147,0.7455968688845401,Leroy Richardson,1188
Joel Embiid,L.Wood,15,496,15,0,130,4978,8.666666666666666,10.036290322580646,-1.3696236559139798,12,369,0.8,0.7439516129032258,0.05604838709677429,9.996086105675147,0.7455968688845401,Leon Wood,1201
Joel Embiid,M.Ayotte,10,501,10,0,85,5023,8.5,10.025948103792414,-1.5259481037924143,9,372,0.9,0.7425149700598802,0.15748502994011981,9.996086105675147,0.7455968688845401,Mark Ayotte,2148
Joel Embiid,M.Boland,28,483,28,0,258,4850,9.214285714285714,10.041407867494824,-0.8271221532091104,23,358,0.8214285714285714,0.7412008281573499,0.08022774327122151,9.996086105675147,0.7455968688845401,Matt Boland,2005
Joel Embiid,M.Callahan,11,500,10,1,80,5028,7.2727272727272725,10.056,-2.7832727272727267,10,371,0.9090909090909091,0.742,0.16709090909090907,9.996086105675147,0.7455968688845401,Mike Callahan,1147
Joel Embiid,M.Dagher,6,505,6,0,52,5056,8.666666666666666,10.011881188118812,-1.3452145214521458,6,375,1.0,0.7425742574257426,0.25742574257425743,9.996086105675147,0.7455968688845401,Mousa Dagher,1628159
Joel Embiid,M.Davis,32,479,30,2,301,4807,9.40625,10.035490605427976,-0.6292406054279756,25,356,0.78125,0.7432150313152401,0.03803496868475986,9.996086105675147,0.7455968688845401,Marc Davis,1830
Joel Embiid,M.Ervin,29,482,29,0,294,4814,10.137931034482758,9.987551867219917,0.15037916726284095,23,358,0.7931034482758621,0.7427385892116183,0.05036485906424382,9.996086105675147,0.7455968688845401,Mitchell Ervin,203591
Joel Embiid,M.Kallio,3,508,3,0,25,5083,8.333333333333334,10.005905511811024,-1.6725721784776901,2,379,0.6666666666666666,0.7460629921259843,-0.07939632545931763,9.996086105675147,0.7455968688845401,Matt Kallio,1627526
Joel Embiid,M.Kogut,36,475,36,0,383,4725,10.63888888888889,9.947368421052632,0.6915204678362574,30,351,0.8333333333333334,0.7389473684210527,0.09438596491228068,9.996086105675147,0.7455968688845401,Marat Kogut,201245
Joel Embiid,M.Lindsay,26,485,23,3,312,4796,12.0,9.888659793814433,2.1113402061855666,18,363,0.6923076923076923,0.7484536082474227,-0.056145915939730395,9.996086105675147,0.7455968688845401,Mark Lindsay,200834
Joel Embiid,M.McCutchen,2,509,2,0,13,5095,6.5,10.009823182711198,-3.509823182711198,1,380,0.5,0.7465618860510805,-0.24656188605108054,9.996086105675147,0.7455968688845401,Monty McCutchen,1176
Joel Embiid,M.Myers,8,503,8,0,86,5022,10.75,9.984095427435388,0.7659045725646116,6,375,0.75,0.7455268389662028,0.004473161033797246,9.996086105675147,0.7455968688845401,Matt Myers,202901
Joel Embiid,M.Smith,22,489,20,2,216,4892,9.818181818181818,10.004089979550102,-0.1859081613682836,17,364,0.7727272727272727,0.7443762781186094,0.028350994608663305,9.996086105675147,0.7455968688845401,Michael Smith,1193
Joel Embiid,N.Buchert,27,484,25,2,286,4822,10.592592592592593,9.962809917355372,0.6297826752372213,20,361,0.7407407407407407,0.7458677685950413,-0.0051270278543006365,9.996086105675147,0.7455968688845401,Nick Buchert,202007
Joel Embiid,N.Green,8,503,8,0,73,5035,9.125,10.009940357852882,-0.8849403578528818,6,375,0.75,0.7455268389662028,0.004473161033797246,9.996086105675147,0.7455968688845401,Nate Green,1627524
Joel Embiid,N.Sago,13,498,13,0,166,4942,12.76923076923077,9.923694779116467,2.8455359901143034,11,370,0.8461538461538461,0.7429718875502008,0.10318195860364532,9.996086105675147,0.7455968688845401,Natalie Sago,1627541
Joel Embiid,P.Fraher,21,490,19,2,199,4909,9.476190476190476,10.018367346938776,-0.5421768707482997,14,367,0.6666666666666666,0.7489795918367347,-0.08231292517006805,9.996086105675147,0.7455968688845401,Pat Fraher,2003
Joel Embiid,P.O'Connell,1,510,1,0,17,5091,17.0,9.98235294117647,7.017647058823529,1,380,1.0,0.7450980392156863,0.2549019607843137,9.996086105675147,0.7455968688845401,Pat O'Connell,1629183
Joel Embiid,P.Ransom,15,496,15,0,154,4954,10.266666666666667,9.987903225806452,0.27876344086021554,15,366,1.0,0.7379032258064516,0.2620967741935484,9.996086105675147,0.7455968688845401,Phenizee Ransom,1627963
Joel Embiid,R.Acosta,18,493,17,1,178,4930,9.88888888888889,10.0,-0.11111111111111072,15,366,0.8333333333333334,0.742393509127789,0.09093982420554436,9.996086105675147,0.7455968688845401,Ray Acosta,1626300
Joel Embiid,R.Garretson,6,505,6,0,43,5065,7.166666666666667,10.029702970297029,-2.863036303630362,5,376,0.8333333333333334,0.7445544554455445,0.08877887788778882,9.996086105675147,0.7455968688845401,Ron Garretson,1164
Joel Embiid,R.Hussey,2,509,2,0,27,5081,13.5,9.982318271119842,3.5176817288801576,2,379,1.0,0.7445972495088409,0.2554027504911591,9.996086105675147,0.7455968688845401,Robert Hussey,1628480
Joel Embiid,R.Mott,17,494,17,0,157,4951,9.235294117647058,10.022267206477732,-0.7869730888306741,13,368,0.7647058823529411,0.7449392712550608,0.01976661109788036,9.996086105675147,0.7455968688845401,Rodney Mott,1179
Joel Embiid,S.Anderson,1,510,1,0,18,5090,18.0,9.980392156862745,8.019607843137255,0,381,0.0,0.7470588235294118,-0.7470588235294118,9.996086105675147,0.7455968688845401,Steve Anderson,202000
Joel Embiid,S.Corbin,20,491,17,3,170,4938,8.5,10.057026476578411,-1.557026476578411,13,368,0.65,0.7494908350305499,-0.0994908350305499,9.996086105675147,0.7455968688845401,Sean Corbin,1151
Joel Embiid,S.Foster,36,475,29,7,328,4780,9.11111111111111,10.063157894736841,-0.9520467836257307,27,354,0.75,0.7452631578947368,0.00473684210526315,9.996086105675147,0.7455968688845401,Scott Foster,1162
Joel Embiid,S.Jelks,1,510,1,0,16,5092,16.0,9.984313725490196,6.015686274509804,1,380,1.0,0.7450980392156863,0.2549019607843137,9.996086105675147,0.7455968688845401,Simone Jelks,1628481
Joel Embiid,S.Mehta,9,502,9,0,91,5017,10.11111111111111,9.99402390438247,0.11708720672864104,7,374,0.7777777777777778,0.7450199203187251,0.032757857459052686,9.996086105675147,0.7455968688845401,Suyash Mehta,1627529
Joel Embiid,S.Mitchell,1,510,1,0,12,5096,12.0,9.992156862745098,2.007843137254902,1,380,1.0,0.7450980392156863,0.2549019607843137,9.996086105675147,0.7455968688845401,Sha'Rae Mitchell,1629178
Joel Embiid,S.Twardoski,21,490,21,0,196,4912,9.333333333333334,10.024489795918367,-0.6911564625850328,18,363,0.8571428571428571,0.7408163265306122,0.11632653061224485,9.996086105675147,0.7455968688845401,Scott Twardoski,202053
Joel Embiid,S.Wall,16,495,15,1,157,4951,9.8125,10.002020202020201,-0.18952020202020137,12,369,0.75,0.7454545454545455,0.004545454545454519,9.996086105675147,0.7455968688845401,Scott Wall,1198
Joel Embiid,S.Wright,23,488,19,4,277,4831,12.043478260869565,9.899590163934427,2.1438880969351377,17,364,0.7391304347826086,0.7459016393442623,-0.006771204561653699,9.996086105675147,0.7455968688845401,Sean Wright,2882
Joel Embiid,T.Brothers,24,487,21,3,256,4852,10.666666666666666,9.963039014373717,0.7036276522929494,18,363,0.75,0.7453798767967146,0.00462012320328542,9.996086105675147,0.7455968688845401,Tony Brothers,1146
Joel Embiid,T.Brown,15,496,15,0,102,5006,6.8,10.09274193548387,-3.2927419354838703,10,371,0.6666666666666666,0.7479838709677419,-0.08131720430107525,9.996086105675147,0.7455968688845401,Tony Brown,2529
Joel Embiid,T.Ford,24,487,24,0,221,4887,9.208333333333334,10.034907597535934,-0.8265742642026002,20,361,0.8333333333333334,0.7412731006160165,0.09206023271731689,9.996086105675147,0.7455968688845401,Tyler Ford,204059
Joel Embiid,T.Maddox,21,490,21,0,186,4922,8.857142857142858,10.044897959183674,-1.187755102040816,18,363,0.8571428571428571,0.7408163265306122,0.11632653061224485,9.996086105675147,0.7455968688845401,Tre Maddox,202027
Joel Embiid,T.Ricks,1,510,1,0,4,5104,4.0,10.007843137254902,-6.007843137254902,0,381,0.0,0.7470588235294118,-0.7470588235294118,9.996086105675147,0.7455968688845401,Tyler Ricks,1627539
Joel Embiid,T.Washington,16,495,15,1,144,4964,9.0,10.028282828282828,-1.028282828282828,14,367,0.875,0.7414141414141414,0.13358585858585859,9.996086105675147,0.7455968688845401,Tom Washington,1199
Joel Embiid,V.Voyard-Tadal,1,510,1,0,16,5092,16.0,9.984313725490196,6.015686274509804,1,380,1.0,0.7450980392156863,0.2549019607843137,9.996086105675147,0.7455968688845401,Vladimir Voyard-Tadal,1626303
Joel Embiid,Z.Zarba,20,491,19,1,203,4905,10.15,9.989816700610998,0.16018329938900244,15,366,0.75,0.745417515274949,0.0045824847250509615,9.996086105675147,0.7455968688845401,Zach Zarba,2534
Giannis Antetokounmpo,A.Moyer-Gleich,11,855,11,0,108,7631,9.818181818181818,8.92514619883041,0.8930356193514086,8,572,0.7272727272727273,0.6690058479532164,0.05826687931951091,8.9364896073903,0.7009237875288684,Ashley Moyer-Gleich,1628953
Giannis Antetokounmpo,A.Nagy,13,853,13,0,159,7580,12.23076923076923,8.886283704572099,3.344485526197131,9,571,0.6923076923076923,0.6694021101992966,0.02290558210839566,8.9364896073903,0.7009237875288684,Andy Nagy,1627534
Giannis Antetokounmpo,A.Smith,33,833,33,0,320,7419,9.696969696969697,8.906362545018007,0.79060715195169,25,555,0.7575757575757576,0.6662665066026411,0.09130925097311648,8.9364896073903,0.7009237875288684,Aaron Smith,1626302
Giannis Antetokounmpo,B.Adair,22,844,22,0,217,7522,9.863636363636363,8.912322274881516,0.951314088754847,16,564,0.7272727272727273,0.6682464454976303,0.059026281775096945,8.9364896073903,0.7009237875288684,Brandon Adair,1627961
Giannis Antetokounmpo,B.Adams,19,847,19,0,134,7605,7.052631578947368,8.97874852420307,-1.9261169452557017,15,565,0.7894736842105263,0.667060212514758,0.12241347169576833,8.9364896073903,0.7009237875288684,Bennie Adams,1363
Giannis Antetokounmpo,B.Barnaky,35,831,35,0,347,7392,9.914285714285715,8.895306859205776,1.0189788550799381,23,557,0.6571428571428571,0.6702767749699158,-0.013133917827058639,8.9364896073903,0.7009237875288684,Brent Barnaky,201638
Giannis Antetokounmpo,B.Burns,2,864,2,0,26,7713,13.0,8.927083333333334,4.072916666666666,3,577,1.5,0.6678240740740741,0.8321759259259259,8.9364896073903,0.7009237875288684,Blanca Burns,1629174
Giannis Antetokounmpo,B.Forte,41,825,40,1,352,7387,8.585365853658537,8.953939393939393,-0.3685735402808561,34,546,0.8292682926829268,0.6618181818181819,0.16745011086474493,8.9364896073903,0.7009237875288684,Brian Forte,101283
Giannis Antetokounmpo,B.Haskill,1,865,1,0,7,7732,7.0,8.938728323699422,-1.9387283236994222,1,579,1.0,0.669364161849711,0.33063583815028896,8.9364896073903,0.7009237875288684,Brent Haskill,1629175
Giannis Antetokounmpo,B.Kennedy,30,836,30,0,253,7486,8.433333333333334,8.954545454545455,-0.5212121212121215,24,556,0.8,0.6650717703349283,0.13492822966507179,8.9364896073903,0.7009237875288684,Bill Kennedy,1662
Giannis Antetokounmpo,B.Nansel,25,841,25,0,242,7497,9.68,8.914387633769323,0.7656123662306769,18,562,0.72,0.6682520808561236,0.05174791914387633,8.9364896073903,0.7009237875288684,Brett Nansel,202035
Giannis Antetokounmpo,B.Salvatore,4,862,4,0,15,7724,3.75,8.960556844547563,-5.210556844547563,4,576,1.0,0.6682134570765661,0.3317865429234339,8.9364896073903,0.7009237875288684,Bennett Salvatore,1192
Giannis Antetokounmpo,B.Schwab,6,860,6,0,59,7680,9.833333333333334,8.930232558139535,0.9031007751937992,5,575,0.8333333333333334,0.6686046511627907,0.1647286821705427,8.9364896073903,0.7009237875288684,Brandon Schwab,1628171
Giannis Antetokounmpo,B.Spooner,8,858,8,0,37,7702,4.625,8.976689976689977,-4.351689976689977,5,575,0.625,0.6701631701631702,-0.045163170163170174,8.9364896073903,0.7009237875288684,Bill Spooner,1194
Giannis Antetokounmpo,B.Taylor,45,821,43,2,392,7347,8.71111111111111,8.94884287454324,-0.2377317634321301,33,547,0.7333333333333333,0.6662606577344702,0.0670726755988631,8.9364896073903,0.7009237875288684,Ben Taylor,202049
Giannis Antetokounmpo,C.Blair,37,829,36,1,321,7418,8.675675675675675,8.948130277442703,-0.27245460176702707,22,558,0.5945945945945946,0.6731001206272618,-0.07850552603266714,8.9364896073903,0.7009237875288684,Curtis Blair,200832
Giannis Antetokounmpo,C.Flores,4,862,4,0,43,7696,10.75,8.928074245939674,1.8219257540603255,4,576,1.0,0.6682134570765661,0.3317865429234339,8.9364896073903,0.7009237875288684,Che Flores,203054
Giannis Antetokounmpo,C.Kirkland,41,825,39,2,379,7360,9.24390243902439,8.921212121212122,0.32269031781226865,29,551,0.7073170731707317,0.6678787878787878,0.03943828529194382,8.9364896073903,0.7009237875288684,Courtney Kirkland,2004
Giannis Antetokounmpo,C.Washington,20,846,20,0,183,7556,9.15,8.93144208037825,0.21855791962174997,18,562,0.9,0.6643026004728132,0.23569739952718682,8.9364896073903,0.7009237875288684,CJ Washington,202056
Giannis Antetokounmpo,D.Collins,37,829,37,0,320,7419,8.64864864864865,8.949336550060314,-0.30068790141166524,28,552,0.7567567567567568,0.6658624849215923,0.09089427183516452,8.9364896073903,0.7009237875288684,Derrick Collins,2002
Giannis Antetokounmpo,D.Crawford,16,850,16,0,83,7656,5.1875,9.007058823529412,-3.8195588235294125,11,569,0.6875,0.6694117647058824,0.018088235294117627,8.9364896073903,0.7009237875288684,Dan Crawford,1152
Giannis Antetokounmpo,D.Guthrie,38,828,34,4,412,7327,10.842105263157896,8.849033816425122,1.993071446732774,22,558,0.5789473684210527,0.6739130434782609,-0.09496567505720821,8.9364896073903,0.7009237875288684,David Guthrie,2714
Giannis Antetokounmpo,D.Jones,10,856,10,0,44,7695,4.4,8.98948598130841,-4.58948598130841,6,574,0.6,0.6705607476635514,-0.07056074766355147,8.9364896073903,0.7009237875288684,David Jones,1168
Giannis Antetokounmpo,D.Mosher,1,865,1,0,12,7727,12.0,8.932947976878612,3.067052023121388,1,579,1.0,0.669364161849711,0.33063583815028896,8.9364896073903,0.7009237875288684,Dannica Mosher,1628484
Giannis Antetokounmpo,D.Richardson,26,840,26,0,208,7531,8.0,8.96547619047619,-0.9654761904761902,18,562,0.6923076923076923,0.669047619047619,0.02326007326007329,8.9364896073903,0.7009237875288684,Derek Richardson,1204
Giannis Antetokounmpo,D.Scott,9,857,9,0,69,7670,7.666666666666667,8.949824970828471,-1.2831583041618044,9,571,1.0,0.6662777129521587,0.33372228704784135,8.9364896073903,0.7009237875288684,Danielle Scott,1628487
Giannis Antetokounmpo,D.Stafford,14,852,14,0,97,7642,6.928571428571429,8.969483568075118,-2.040912139503689,6,574,0.42857142857142855,0.6737089201877934,-0.24513749161636483,8.9364896073903,0.7009237875288684,Derrick Stafford,1195
Giannis Antetokounmpo,D.Taylor,35,831,35,0,291,7448,8.314285714285715,8.962695547533093,-0.6484098332473778,25,555,0.7142857142857143,0.6678700361010831,0.046415678184631215,8.9364896073903,0.7009237875288684,Dedric Taylor,203592
Giannis Antetokounmpo,E.Dalen,32,834,32,0,211,7528,6.59375,9.026378896882495,-2.4326288968824947,17,563,0.53125,0.6750599520383693,-0.14380995203836933,8.9364896073903,0.7009237875288684,Eric Dalen,200833
Giannis Antetokounmpo,E.Lewis,29,837,26,3,242,7497,8.344827586206897,8.956989247311828,-0.6121616611049312,18,562,0.6206896551724138,0.6714456391875747,-0.050755984015160904,8.9364896073903,0.7009237875288684,Eric Lewis,2715
Giannis Antetokounmpo,E.Malloy,38,828,37,1,279,7460,7.342105263157895,9.009661835748792,-1.6675565725908976,31,549,0.8157894736842105,0.6630434782608695,0.152745995423341,8.9364896073903,0.7009237875288684,Ed Malloy,2530
Giannis Antetokounmpo,E.Roe,9,857,9,0,48,7691,5.333333333333333,8.974329054842475,-3.6409957215091415,4,576,0.4444444444444444,0.6721120186697783,-0.2276675742253339,8.9364896073903,0.7009237875288684,Eli Roe,2532
Giannis Antetokounmpo,E.Scott,14,852,14,0,153,7586,10.928571428571429,8.9037558685446,2.0248155600268287,15,565,1.0714285714285714,0.6631455399061033,0.40828303152246814,8.9364896073903,0.7009237875288684,Evan Scott,1628172
Giannis Antetokounmpo,G.Petraitis,35,831,35,0,361,7378,10.314285714285715,8.878459687123947,1.4358260271617684,19,561,0.5428571428571428,0.6750902527075813,-0.13223310985043846,8.9364896073903,0.7009237875288684,Gediminas Petraitis,204058
Giannis Antetokounmpo,G.Zielinski,20,846,20,0,142,7597,7.1,8.979905437352246,-1.879905437352246,14,566,0.7,0.6690307328605201,0.030969267139479895,8.9364896073903,0.7009237875288684,Gary Zielinski,1664
Giannis Antetokounmpo,H.Workman,24,842,24,0,203,7536,8.458333333333334,8.950118764845605,-0.4917854315122714,21,559,0.875,0.663895486935867,0.21110451306413303,8.9364896073903,0.7009237875288684,Haywoode Workman,201637
Giannis Antetokounmpo,I.Hwang,5,861,5,0,68,7671,13.6,8.909407665505226,4.690592334494774,2,578,0.4,0.6713124274099884,-0.2713124274099884,8.9364896073903,0.7009237875288684,Intae Hwang,1630886
Giannis Antetokounmpo,J.Butler,15,851,15,0,174,7565,11.6,8.889541715628672,2.7104582843713274,9,571,0.6,0.6709753231492362,-0.07097532314923627,8.9364896073903,0.7009237875288684,John Butler,1628951
Giannis Antetokounmpo,J.Capers,49,817,47,2,442,7297,9.020408163265307,8.931456548347613,0.08895161491769343,32,548,0.6530612244897959,0.6707466340269278,-0.017685409537131935,8.9364896073903,0.7009237875288684,James Capers,1148
Giannis Antetokounmpo,J.Conley,5,861,5,0,65,7674,13.0,8.912891986062718,4.087108013937282,5,575,1.0,0.667828106852497,0.33217189314750295,8.9364896073903,0.7009237875288684,John Conley,1627519
Giannis Antetokounmpo,J.Crawford,5,861,5,0,24,7715,4.8,8.960511033681765,-4.1605110336817654,2,578,0.4,0.6713124274099884,-0.2713124274099884,8.9364896073903,0.7009237875288684,Joe Crawford,1153
Giannis Antetokounmpo,J.DeRosa,30,836,30,0,316,7423,10.533333333333333,8.879186602870814,1.6541467304625197,27,553,0.9,0.6614832535885168,0.23851674641148324,8.9364896073903,0.7009237875288684,JB DeRosa,1155
Giannis Antetokounmpo,J.Goble,74,792,70,4,633,7106,8.554054054054054,8.972222222222221,-0.41816816816816704,57,523,0.7702702702702703,0.6603535353535354,0.10991673491673493,8.9364896073903,0.7009237875288684,John Goble,101284
Giannis Antetokounmpo,J.Goldenberg,17,849,17,0,186,7553,10.941176470588236,8.896348645465253,2.044827825122983,11,569,0.6470588235294118,0.6702002355712603,-0.023141412041848497,8.9364896073903,0.7009237875288684,Jason Goldenberg,1626301
Giannis Antetokounmpo,J.Orr,34,832,34,0,313,7426,9.205882352941176,8.92548076923077,0.2804015837104057,24,556,0.7058823529411765,0.6682692307692307,0.03761312217194579,8.9364896073903,0.7009237875288684,J.T. Orr,202037
Giannis Antetokounmpo,J.Phillips,18,848,18,0,118,7621,6.555555555555555,8.987028301886792,-2.4314727463312362,12,568,0.6666666666666666,0.6698113207547169,-0.0031446540880503138,8.9364896073903,0.7009237875288684,Jason Phillips,2001
Giannis Antetokounmpo,J.Ralls,2,864,2,0,25,7714,12.5,8.92824074074074,3.5717592592592595,2,578,1.0,0.6689814814814815,0.3310185185185185,8.9364896073903,0.7009237875288684,JD Ralls,1628485
Giannis Antetokounmpo,J.Reneau,1,865,1,0,13,7726,13.0,8.931791907514452,4.068208092485548,1,579,1.0,0.669364161849711,0.33063583815028896,8.9364896073903,0.7009237875288684,Jenna Reneau,1628168
Giannis Antetokounmpo,J.Schroeder,11,855,11,0,102,7637,9.272727272727273,8.932163742690058,0.3405635300372154,6,574,0.5454545454545454,0.6713450292397661,-0.12589048378522072,8.9364896073903,0.7009237875288684,Jenna Schroeder,1628954
Giannis Antetokounmpo,J.Sterling,22,844,22,0,203,7536,9.227272727272727,8.928909952606634,0.2983627746660922,15,565,0.6818181818181818,0.669431279620853,0.012386902197328742,8.9364896073903,0.7009237875288684,Jonathan Sterling,1627964
Giannis Antetokounmpo,J.Tiven,45,821,42,3,407,7332,9.044444444444444,8.930572472594397,0.11387197185004716,35,545,0.7777777777777778,0.6638246041412911,0.11395317363648672,8.9364896073903,0.7009237875288684,Josh Tiven,201639
Giannis Antetokounmpo,J.Van Duyne,29,837,29,0,232,7507,8.0,8.968936678614098,-0.9689366786140976,22,558,0.7586206896551724,0.6666666666666666,0.09195402298850575,8.9364896073903,0.7009237875288684,Justin Van Duyne,203593
Giannis Antetokounmpo,J.Williams,39,827,37,2,308,7431,7.897435897435898,8.985489721886337,-1.088053824450439,29,551,0.7435897435897436,0.6662636033857315,0.07732614020401207,8.9364896073903,0.7009237875288684,James Williams,202058
Giannis Antetokounmpo,K.Cutler,34,832,33,1,239,7500,7.029411764705882,9.014423076923077,-1.9850113122171944,27,553,0.7941176470588235,0.6646634615384616,0.12945418552036192,8.9364896073903,0.7009237875288684,Kevin Cutler,201246
Giannis Antetokounmpo,K.Fitzgerald,31,835,30,1,305,7434,9.838709677419354,8.902994011976048,0.9357156654433059,18,562,0.5806451612903226,0.6730538922155689,-0.09240873092524626,8.9364896073903,0.7009237875288684,Kane Fitzgerald,201640
Giannis Antetokounmpo,K.Kissinger,1,865,1,0,0,7739,0.0,8.946820809248555,-8.946820809248555,1,579,1.0,0.669364161849711,0.33063583815028896,8.9364896073903,0.7009237875288684,Kipp Kissinger,204055
Giannis Antetokounmpo,K.Lane,43,823,43,0,397,7342,9.232558139534884,8.921020656136088,0.31153748339879606,33,547,0.7674418604651163,0.6646415552855407,0.10280030517957561,8.9364896073903,0.7009237875288684,Karl Lane,202026
Giannis Antetokounmpo,K.Mauer,16,850,15,1,101,7638,6.3125,8.985882352941177,-2.673382352941177,8,572,0.5,0.6729411764705883,-0.17294117647058826,8.9364896073903,0.7009237875288684,Ken Mauer,1174
Giannis Antetokounmpo,K.Scott,38,828,37,1,341,7398,8.973684210526315,8.934782608695652,0.03890160183066271,28,552,0.7368421052631579,0.6666666666666666,0.07017543859649122,8.9364896073903,0.7009237875288684,Kevin Scott,202041
Giannis Antetokounmpo,L.Holtkamp,22,844,22,0,173,7566,7.863636363636363,8.964454976303317,-1.100818612666954,15,565,0.6818181818181818,0.669431279620853,0.012386902197328742,8.9364896073903,0.7009237875288684,Lauren Holtkamp,203177
Giannis Antetokounmpo,L.Richardson,21,845,21,0,170,7569,8.095238095238095,8.957396449704142,-0.8621583544660467,14,566,0.6666666666666666,0.6698224852071006,-0.0031558185404340078,8.9364896073903,0.7009237875288684,Leroy Richardson,1188
Giannis Antetokounmpo,L.Wood,29,837,29,0,266,7473,9.172413793103448,8.92831541218638,0.24409838091706781,24,556,0.8275862068965517,0.6642771804062126,0.16330902649033907,8.9364896073903,0.7009237875288684,Leon Wood,1201
Giannis Antetokounmpo,M.Ayotte,25,841,25,0,238,7501,9.52,8.919143876337694,0.6008561236623056,18,562,0.72,0.6682520808561236,0.05174791914387633,8.9364896073903,0.7009237875288684,Mark Ayotte,2148
Giannis Antetokounmpo,M.Boland,39,827,39,0,336,7403,8.615384615384615,8.951632406287787,-0.33624779090317247,26,554,0.6666666666666666,0.6698911729141476,-0.0032245062474809405,8.9364896073903,0.7009237875288684,Matt Boland,2005
Giannis Antetokounmpo,M.Callahan,18,848,17,1,134,7605,7.444444444444445,8.96816037735849,-1.5237159329140457,13,567,0.7222222222222222,0.6686320754716981,0.05359014675052409,8.9364896073903,0.7009237875288684,Mike Callahan,1147
Giannis Antetokounmpo,M.Dagher,11,855,11,0,147,7592,13.363636363636363,8.87953216374269,4.4841041998936735,6,574,0.5454545454545454,0.6713450292397661,-0.12589048378522072,8.9364896073903,0.7009237875288684,Mousa Dagher,1628159
Giannis Antetokounmpo,M.Davis,42,824,35,7,372,7367,8.857142857142858,8.940533980582524,-0.08339112343966626,27,553,0.6428571428571429,0.6711165048543689,-0.028259361997226007,8.9364896073903,0.7009237875288684,Marc Davis,1830
Giannis Antetokounmpo,M.Ervin,33,833,33,0,367,7372,11.121212121212121,8.849939975990397,2.271272145221724,27,553,0.8181818181818182,0.6638655462184874,0.15431627196333086,8.9364896073903,0.7009237875288684,Mitchell Ervin,203591
Giannis Antetokounmpo,M.Kallio,7,859,7,0,81,7658,11.571428571428571,8.91501746216531,2.656411109263262,7,573,1.0,0.6670547147846333,0.3329452852153667,8.9364896073903,0.7009237875288684,Matt Kallio,1627526
Giannis Antetokounmpo,M.Kogut,42,824,42,0,447,7292,10.642857142857142,8.849514563106796,1.7933425797503464,36,544,0.8571428571428571,0.6601941747572816,0.1969486823855755,8.9364896073903,0.7009237875288684,Marat Kogut,201245
Giannis Antetokounmpo,M.Lindsay,42,824,40,2,385,7354,9.166666666666666,8.924757281553399,0.2419093851132672,33,547,0.7857142857142857,0.6638349514563107,0.12187933425797504,8.9364896073903,0.7009237875288684,Mark Lindsay,200834
Giannis Antetokounmpo,M.McCutchen,9,857,9,0,60,7679,6.666666666666667,8.960326721120186,-2.293660054453519,6,574,0.6666666666666666,0.6697782963827305,-0.003111629716063824,8.9364896073903,0.7009237875288684,Monty McCutchen,1176
Giannis Antetokounmpo,M.Myers,18,848,18,0,182,7557,10.11111111111111,8.911556603773585,1.1995545073375258,16,564,0.8888888888888888,0.6650943396226415,0.2237945492662473,8.9364896073903,0.7009237875288684,Matt Myers,202901
Giannis Antetokounmpo,M.Smith,33,833,32,1,272,7467,8.242424242424242,8.963985594237695,-0.7215613518134525,26,554,0.7878787878787878,0.6650660264105642,0.12281276146822362,8.9364896073903,0.7009237875288684,Michael Smith,1193
Giannis Antetokounmpo,N.Buchert,34,832,34,0,287,7452,8.441176470588236,8.95673076923077,-0.5155542986425345,26,554,0.7647058823529411,0.6658653846153846,0.09884049773755654,8.9364896073903,0.7009237875288684,Nick Buchert,202007
Giannis Antetokounmpo,N.Green,12,854,12,0,136,7603,11.333333333333334,8.902810304449648,2.4305230288836857,11,569,0.9166666666666666,0.6662763466042154,0.2503903200624512,8.9364896073903,0.7009237875288684,Nate Green,1627524
Giannis Antetokounmpo,N.Sago,18,848,18,0,207,7532,11.5,8.882075471698114,2.617924528301886,17,563,0.9444444444444444,0.6639150943396226,0.28052935010482183,8.9364896073903,0.7009237875288684,Natalie Sago,1627541
Giannis Antetokounmpo,P.Fraher,44,822,41,3,395,7344,8.977272727272727,8.934306569343066,0.0429661579296603,21,559,0.4772727272727273,0.6800486618004866,-0.20277593452775933,8.9364896073903,0.7009237875288684,Pat Fraher,2003
Giannis Antetokounmpo,P.O'Connell,1,865,1,0,13,7726,13.0,8.931791907514452,4.068208092485548,0,580,0.0,0.6705202312138728,-0.6705202312138728,8.9364896073903,0.7009237875288684,Pat O'Connell,1629183
Giannis Antetokounmpo,P.Ransom,25,841,25,0,256,7483,10.24,8.897740784780023,1.3422592152199773,20,560,0.8,0.6658739595719382,0.13412604042806187,8.9364896073903,0.7009237875288684,Phenizee Ransom,1627963
Giannis Antetokounmpo,R.Acosta,27,839,27,0,309,7430,11.444444444444445,8.855780691299165,2.58866375314528,19,561,0.7037037037037037,0.6686531585220501,0.035050545181653625,8.9364896073903,0.7009237875288684,Ray Acosta,1626300
Giannis Antetokounmpo,R.Garretson,15,851,15,0,88,7651,5.866666666666666,8.99059929494712,-3.1239326282804543,11,569,0.7333333333333333,0.6686251468860165,0.0647081864473168,8.9364896073903,0.7009237875288684,Ron Garretson,1164
Giannis Antetokounmpo,R.Hussey,8,858,8,0,98,7641,12.25,8.905594405594405,3.344405594405595,8,572,1.0,0.6666666666666666,0.33333333333333337,8.9364896073903,0.7009237875288684,Robert Hussey,1628480
Giannis Antetokounmpo,R.Mott,27,839,27,0,232,7507,8.592592592592593,8.947556615017879,-0.35496402242528546,19,561,0.7037037037037037,0.6686531585220501,0.035050545181653625,8.9364896073903,0.7009237875288684,Rodney Mott,1179
Giannis Antetokounmpo,S.Anderson,13,853,13,0,82,7657,6.3076923076923075,8.976553341148886,-2.6688610334565785,10,570,0.7692307692307693,0.6682297772567409,0.10100099197402834,8.9364896073903,0.7009237875288684,Steve Anderson,202000
Giannis Antetokounmpo,S.Corbin,28,838,28,0,284,7455,10.142857142857142,8.89618138424821,1.2466757586089319,21,559,0.75,0.6670644391408115,0.08293556085918852,8.9364896073903,0.7009237875288684,Sean Corbin,1151
Giannis Antetokounmpo,S.Foster,46,820,45,1,418,7321,9.08695652173913,8.928048780487805,0.15890774125132623,36,544,0.782608695652174,0.6634146341463415,0.11919406150583245,8.9364896073903,0.7009237875288684,Scott Foster,1162
Giannis Antetokounmpo,S.Jelks,1,865,1,0,10,7729,10.0,8.935260115606937,1.064739884393063,1,579,1.0,0.669364161849711,0.33063583815028896,8.9364896073903,0.7009237875288684,Simone Jelks,1628481
Giannis Antetokounmpo,S.Mehta,12,854,12,0,118,7621,9.833333333333334,8.923887587822014,0.9094457455113201,10,570,0.8333333333333334,0.667447306791569,0.16588602654176432,8.9364896073903,0.7009237875288684,Suyash Mehta,1627529
Giannis Antetokounmpo,S.Mitchell,7,859,7,0,76,7663,10.857142857142858,8.920838183934809,1.936304673208049,4,576,0.5714285714285714,0.670547147846333,-0.09911857641776156,8.9364896073903,0.7009237875288684,Sha'Rae Mitchell,1629178
Giannis Antetokounmpo,S.Twardoski,38,828,38,0,319,7420,8.394736842105264,8.96135265700483,-0.566615814899567,25,555,0.6578947368421053,0.6702898550724637,-0.012395118230358437,8.9364896073903,0.7009237875288684,Scott Twardoski,202053
Giannis Antetokounmpo,S.Wall,33,833,33,0,248,7491,7.515151515151516,8.99279711884754,-1.4776456036960237,27,553,0.8181818181818182,0.6638655462184874,0.15431627196333086,8.9364896073903,0.7009237875288684,Scott Wall,1198
Giannis Antetokounmpo,S.Wright,53,813,48,5,471,7268,8.88679245283019,8.939729397293974,-0.052936944463784386,37,543,0.6981132075471698,0.6678966789667896,0.030216528580380153,8.9364896073903,0.7009237875288684,Sean Wright,2882
Giannis Antetokounmpo,T.Brothers,41,825,38,3,341,7398,8.317073170731707,8.967272727272727,-0.6501995565410201,30,550,0.7317073170731707,0.6666666666666666,0.06504065040650409,8.9364896073903,0.7009237875288684,Tony Brothers,1146
Giannis Antetokounmpo,T.Brown,22,844,22,0,137,7602,6.2272727272727275,9.007109004739336,-2.7798362774666083,8,572,0.36363636363636365,0.6777251184834123,-0.3140887548470487,8.9364896073903,0.7009237875288684,Tony Brown,2529
Giannis Antetokounmpo,T.Ford,45,821,41,4,437,7302,9.71111111111111,8.89403166869671,0.8170794424143999,28,552,0.6222222222222222,0.6723507917174177,-0.05012856949519551,8.9364896073903,0.7009237875288684,Tyler Ford,204059
Giannis Antetokounmpo,T.Maddox,26,840,26,0,213,7526,8.192307692307692,8.959523809523809,-0.7672161172161172,21,559,0.8076923076923077,0.6654761904761904,0.14221611721611727,8.9364896073903,0.7009237875288684,Tre Maddox,202027
Giannis Antetokounmpo,T.Mirkovich,1,865,1,0,9,7730,9.0,8.936416184971097,0.06358381502890254,1,579,1.0,0.669364161849711,0.33063583815028896,8.9364896073903,0.7009237875288684,Tyler Mirkovich,1628482
Giannis Antetokounmpo,T.Ricks,1,865,1,0,6,7733,6.0,8.939884393063585,-2.9398843930635845,1,579,1.0,0.669364161849711,0.33063583815028896,8.9364896073903,0.7009237875288684,Tyler Ricks,1627539
Giannis Antetokounmpo,T.Washington,39,827,38,1,370,7369,9.487179487179487,8.910519951632406,0.5766595355470816,31,549,0.7948717948717948,0.6638452237001209,0.13102657117167393,8.9364896073903,0.7009237875288684,Tom Washington,1199
Giannis Antetokounmpo,V.Palmer,1,865,1,0,5,7734,5.0,8.941040462427745,-3.941040462427745,1,579,1.0,0.669364161849711,0.33063583815028896,8.9364896073903,0.7009237875288684,Violet Palmer,1185
Giannis Antetokounmpo,V.Voyard-Tadal,2,864,2,0,19,7720,9.5,8.935185185185185,0.5648148148148149,2,578,1.0,0.6689814814814815,0.3310185185185185,8.9364896073903,0.7009237875288684,Vladimir Voyard-Tadal,1626303
Giannis Antetokounmpo,Z.Zarba,48,818,44,4,478,7261,9.958333333333334,8.876528117359413,1.0818052159739207,33,547,0.6875,0.6687041564792175,0.01879584352078245,8.9364896073903,0.7009237875288684,Zach Zarba,2534
Jimmy Butler,A.Moyer-Gleich,9,779,9,0,92,5934,10.222222222222221,7.617458279845956,2.604763942376265,6,314,0.6666666666666666,0.4030808729139923,0.2635857937526743,7.647208121827411,0.6230964467005076,Ashley Moyer-Gleich,1628953
Jimmy Butler,A.Nagy,18,770,18,0,119,5907,6.611111111111111,7.671428571428572,-1.060317460317461,7,313,0.3888888888888889,0.4064935064935065,-0.017604617604617623,7.647208121827411,0.6230964467005076,Andy Nagy,1627534
Jimmy Butler,A.Smith,26,762,26,0,194,5832,7.461538461538462,7.653543307086614,-0.19200484554815223,14,306,0.5384615384615384,0.4015748031496063,0.13688673531193213,7.647208121827411,0.6230964467005076,Aaron Smith,1626302
Jimmy Butler,B.Adair,19,769,19,0,135,5891,7.105263157894737,7.660598179453836,-0.5553350215590989,7,313,0.3684210526315789,0.4070221066319896,-0.038601054000410695,7.647208121827411,0.6230964467005076,Brandon Adair,1627961
Jimmy Butler,B.Adams,15,773,15,0,111,5915,7.4,7.652005174644243,-0.25200517464424266,8,312,0.5333333333333333,0.4036222509702458,0.12971108236308754,7.647208121827411,0.6230964467005076,Bennie Adams,1363
Jimmy Butler,B.Barnaky,47,741,47,0,351,5675,7.468085106382978,7.658569500674764,-0.19048439429178554,22,298,0.46808510638297873,0.40215924426450744,0.06592586211847129,7.647208121827411,0.6230964467005076,Brent Barnaky,201638
Jimmy Butler,B.Forte,30,758,30,0,221,5805,7.366666666666666,7.658311345646438,-0.29164467897977175,14,306,0.4666666666666667,0.40369393139841686,0.06297273526824981,7.647208121827411,0.6230964467005076,Brian Forte,101283
Jimmy Butler,B.Haskill,2,786,2,0,9,6017,4.5,7.655216284987278,-3.1552162849872776,1,319,0.5,0.405852417302799,0.09414758269720103,7.647208121827411,0.6230964467005076,Brent Haskill,1629175
Jimmy Butler,B.Kennedy,24,764,21,3,148,5878,6.166666666666667,7.693717277486911,-1.5270506108202442,9,311,0.375,0.40706806282722513,-0.03206806282722513,7.647208121827411,0.6230964467005076,Bill Kennedy,1662
Jimmy Butler,B.Nansel,24,764,24,0,167,5859,6.958333333333333,7.6688481675392675,-0.7105148342059344,11,309,0.4583333333333333,0.40445026178010474,0.05388307155322858,7.647208121827411,0.6230964467005076,Brett Nansel,202035
Jimmy Butler,B.Salvatore,1,787,1,0,2,6024,2.0,7.65438373570521,-5.65438373570521,0,320,0.0,0.40660736975857686,-0.40660736975857686,7.647208121827411,0.6230964467005076,Bennett Salvatore,1192
Jimmy Butler,B.Schwab,11,777,11,0,99,5927,9.0,7.628056628056628,1.371943371943372,7,313,0.6363636363636364,0.40283140283140284,0.2335322335322335,7.647208121827411,0.6230964467005076,Brandon Schwab,1628171
Jimmy Butler,B.Spooner,15,773,15,0,109,5917,7.266666666666667,7.654592496765847,-0.3879258300991806,9,311,0.6,0.4023285899094437,0.19767141009055628,7.647208121827411,0.6230964467005076,Bill Spooner,1194
Jimmy Butler,B.Taylor,27,761,24,3,171,5855,6.333333333333333,7.693823915900132,-1.3604905825667988,11,309,0.4074074074074074,0.4060446780551905,0.0013627293522168737,7.647208121827411,0.6230964467005076,Ben Taylor,202049
Jimmy Butler,C.Blair,38,750,38,0,289,5737,7.605263157894737,7.649333333333334,-0.04407017543859659,16,304,0.42105263157894735,0.4053333333333333,0.015719298245614022,7.647208121827411,0.6230964467005076,Curtis Blair,200832
Jimmy Butler,C.Flores,3,785,3,0,36,5990,12.0,7.630573248407643,4.369426751592357,1,319,0.3333333333333333,0.4063694267515924,-0.07303609341825906,7.647208121827411,0.6230964467005076,Che Flores,203054
Jimmy Butler,C.Kirkland,41,747,39,2,319,5707,7.780487804878049,7.639892904953146,0.1405948999249027,18,302,0.43902439024390244,0.4042838018741633,0.034740588369739145,7.647208121827411,0.6230964467005076,Courtney Kirkland,2004
Jimmy Butler,C.Washington,22,766,22,0,214,5812,9.727272727272727,7.587467362924282,2.1398053643484447,12,308,0.5454545454545454,0.402088772845953,0.1433657726085924,7.647208121827411,0.6230964467005076,CJ Washington,202056
Jimmy Butler,D.Collins,27,761,27,0,191,5835,7.074074074074074,7.667542706964521,-0.5934686328904464,11,309,0.4074074074074074,0.4060446780551905,0.0013627293522168737,7.647208121827411,0.6230964467005076,Derrick Collins,2002
Jimmy Butler,D.Crawford,14,774,14,0,93,5933,6.642857142857143,7.665374677002584,-1.0225175341454404,7,313,0.5,0.4043927648578811,0.09560723514211888,7.647208121827411,0.6230964467005076,Dan Crawford,1152
Jimmy Butler,D.Guthrie,33,755,27,6,269,5757,8.151515151515152,7.6251655629139075,0.5263495886012448,13,307,0.3939393939393939,0.4066225165562914,-0.012683122616897469,7.647208121827411,0.6230964467005076,David Guthrie,2714
Jimmy Butler,D.Jones,9,779,9,0,43,5983,4.777777777777778,7.680359435173299,-2.9025816573955217,5,315,0.5555555555555556,0.40436456996148906,0.15119098559406652,7.647208121827411,0.6230964467005076,David Jones,1168
Jimmy Butler,D.Mosher,4,784,4,0,35,5991,8.75,7.641581632653061,1.108418367346939,3,317,0.75,0.40433673469387754,0.34566326530612246,7.647208121827411,0.6230964467005076,Dannica Mosher,1628484
Jimmy Butler,D.Richardson,23,765,23,0,180,5846,7.826086956521739,7.6418300653594775,0.18425689116226174,10,310,0.43478260869565216,0.40522875816993464,0.029553850525717518,7.647208121827411,0.6230964467005076,Derek Richardson,1204
Jimmy Butler,D.Scott,8,780,8,0,51,5975,6.375,7.660256410256411,-1.2852564102564106,4,316,0.5,0.40512820512820513,0.09487179487179487,7.647208121827411,0.6230964467005076,Danielle Scott,1628487
Jimmy Butler,D.Stafford,12,776,12,0,85,5941,7.083333333333333,7.655927835051546,-0.5725945017182132,8,312,0.6666666666666666,0.4020618556701031,0.2646048109965635,7.647208121827411,0.6230964467005076,Derrick Stafford,1195
Jimmy Butler,D.Taylor,33,755,33,0,294,5732,8.909090909090908,7.592052980132451,1.3170379289584577,16,304,0.48484848484848486,0.40264900662251657,0.08219947822596829,7.647208121827411,0.6230964467005076,Dedric Taylor,203592
Jimmy Butler,E.Dalen,27,761,27,0,149,5877,5.518518518518518,7.722733245729303,-2.2042147272107853,14,306,0.5185185185185185,0.4021024967148489,0.11641602180366961,7.647208121827411,0.6230964467005076,Eric Dalen,200833
Jimmy Butler,E.Lewis,29,759,26,3,251,5775,8.655172413793103,7.608695652173913,1.0464767616191901,13,307,0.4482758620689655,0.4044795783926219,0.04379628367634364,7.647208121827411,0.6230964467005076,Eric Lewis,2715
Jimmy Butler,E.Malloy,35,753,33,2,290,5736,8.285714285714286,7.617529880478088,0.6681844052361985,16,304,0.45714285714285713,0.4037184594953519,0.05342439764750523,7.647208121827411,0.6230964467005076,Ed Malloy,2530
Jimmy Butler,E.Roe,10,778,10,0,86,5940,8.6,7.634961439588689,0.965038560411311,9,311,0.9,0.39974293059125965,0.5002570694087404,7.647208121827411,0.6230964467005076,Eli Roe,2532
Jimmy Butler,E.Scott,11,777,11,0,89,5937,8.090909090909092,7.640926640926641,0.44998244998245074,5,315,0.45454545454545453,0.40540540540540543,0.0491400491400491,7.647208121827411,0.6230964467005076,Evan Scott,1628172
Jimmy Butler,G.Petraitis,30,758,30,0,227,5799,7.566666666666666,7.650395778364116,-0.08372911169744945,15,305,0.5,0.4023746701846966,0.09762532981530342,7.647208121827411,0.6230964467005076,Gediminas Petraitis,204058
Jimmy Butler,G.Zielinski,10,778,10,0,79,5947,7.9,7.643958868894601,0.25604113110539917,6,314,0.6,0.40359897172236503,0.19640102827763495,7.647208121827411,0.6230964467005076,Gary Zielinski,1664
Jimmy Butler,H.Workman,14,774,14,0,128,5898,9.142857142857142,7.62015503875969,1.5227021040974522,7,313,0.5,0.4043927648578811,0.09560723514211888,7.647208121827411,0.6230964467005076,Haywoode Workman,201637
Jimmy Butler,I.Hwang,4,784,4,0,34,5992,8.5,7.642857142857143,0.8571428571428568,2,318,0.5,0.40561224489795916,0.09438775510204084,7.647208121827411,0.6230964467005076,Intae Hwang,1630886
Jimmy Butler,J.Butler,10,778,10,0,73,5953,7.3,7.651670951156812,-0.35167095115681235,3,317,0.3,0.4074550128534704,-0.10745501285347042,7.647208121827411,0.6230964467005076,John Butler,1628951
Jimmy Butler,J.Capers,31,757,29,2,258,5768,8.32258064516129,7.619550858652576,0.7030297865087141,12,308,0.3870967741935484,0.40686922060766184,-0.019772446414113465,7.647208121827411,0.6230964467005076,James Capers,1148
Jimmy Butler,J.Conley,7,781,7,0,53,5973,7.571428571428571,7.647887323943662,-0.07645875251509082,2,318,0.2857142857142857,0.40717029449423814,-0.12145600877995244,7.647208121827411,0.6230964467005076,John Conley,1627519
Jimmy Butler,J.Crawford,5,783,5,0,32,5994,6.4,7.655172413793103,-1.2551724137931028,0,320,0.0,0.4086845466155811,-0.4086845466155811,7.647208121827411,0.6230964467005076,Joe Crawford,1153
Jimmy Butler,J.DeRosa,23,765,22,1,177,5849,7.695652173913044,7.6457516339869285,0.04990053992611543,11,309,0.4782608695652174,0.403921568627451,0.07433930093776642,7.647208121827411,0.6230964467005076,JB DeRosa,1155
Jimmy Butler,J.Goble,59,729,56,3,424,5602,7.186440677966102,7.684499314128944,-0.49805863616284185,20,300,0.3389830508474576,0.411522633744856,-0.07253958289739837,7.647208121827411,0.6230964467005076,John Goble,101284
Jimmy Butler,J.Goldenberg,21,767,21,0,154,5872,7.333333333333333,7.65580182529335,-0.32246849196001737,13,307,0.6190476190476191,0.4002607561929596,0.21878686285465948,7.647208121827411,0.6230964467005076,Jason Goldenberg,1626301
Jimmy Butler,J.Orr,21,767,21,0,151,5875,7.190476190476191,7.659713168187745,-0.4692369777115539,8,312,0.38095238095238093,0.4067796610169492,-0.025827280064568248,7.647208121827411,0.6230964467005076,J.T. Orr,202037
Jimmy Butler,J.Phillips,13,775,12,1,100,5926,7.6923076923076925,7.646451612903226,0.045856079404466676,7,313,0.5384615384615384,0.4038709677419355,0.13459057071960295,7.647208121827411,0.6230964467005076,Jason Phillips,2001
Jimmy Butler,J.Ralls,1,787,1,0,7,6019,7.0,7.648030495552732,-0.6480304955527316,0,320,0.0,0.40660736975857686,-0.40660736975857686,7.647208121827411,0.6230964467005076,JD Ralls,1628485
Jimmy Butler,J.Schroeder,10,778,10,0,74,5952,7.4,7.650385604113111,-0.2503856041131103,3,317,0.3,0.4074550128534704,-0.10745501285347042,7.647208121827411,0.6230964467005076,Jenna Schroeder,1628954
Jimmy Butler,J.Sterling,24,764,24,0,170,5856,7.083333333333333,7.664921465968586,-0.581588132635253,15,305,0.625,0.3992146596858639,0.2257853403141361,7.647208121827411,0.6230964467005076,Jonathan Sterling,1627964
Jimmy Butler,J.Tiven,37,751,34,3,303,5723,8.18918918918919,7.620505992010653,0.5686831971785367,13,307,0.35135135135135137,0.40878828229027964,-0.057436930938928266,7.647208121827411,0.6230964467005076,Josh Tiven,201639
Jimmy Butler,J.Van Duyne,33,755,33,0,252,5774,7.636363636363637,7.647682119205298,-0.011318482841661037,19,301,0.5757575757575758,0.39867549668874175,0.17708207906883405,7.647208121827411,0.6230964467005076,Justin Van Duyne,203593
Jimmy Butler,J.Williams,38,750,35,3,255,5771,6.7105263157894735,7.6946666666666665,-0.9841403508771931,14,306,0.3684210526315789,0.408,-0.03957894736842105,7.647208121827411,0.6230964467005076,James Williams,202058
Jimmy Butler,K.Cutler,27,761,25,2,227,5799,8.407407407407407,7.620236530880421,0.7871708765269858,16,304,0.5925925925925926,0.39947437582128775,0.1931182167713048,7.647208121827411,0.6230964467005076,Kevin Cutler,201246
Jimmy Butler,K.Fitzgerald,24,764,22,2,190,5836,7.916666666666667,7.638743455497382,0.2779232111692851,13,307,0.5416666666666666,0.4018324607329843,0.13983420593368234,7.647208121827411,0.6230964467005076,Kane Fitzgerald,201640
Jimmy Butler,K.Lane,33,755,33,0,264,5762,8.0,7.631788079470199,0.36821192052980134,15,305,0.45454545454545453,0.40397350993377484,0.05057194461167969,7.647208121827411,0.6230964467005076,Karl Lane,202026
Jimmy Butler,K.Mauer,29,759,29,0,198,5828,6.827586206896552,7.678524374176548,-0.8509381672799963,17,303,0.5862068965517241,0.39920948616600793,0.18699741038571616,7.647208121827411,0.6230964467005076,Ken Mauer,1174
Jimmy Butler,K.Scott,36,752,34,2,274,5752,7.611111111111111,7.648936170212766,-0.0378250591016549,16,304,0.4444444444444444,0.40425531914893614,0.04018912529550828,7.647208121827411,0.6230964467005076,Kevin Scott,202041
Jimmy Butler,L.Holtkamp,18,770,18,0,154,5872,8.555555555555555,7.625974025974026,0.9295815295815295,8,312,0.4444444444444444,0.4051948051948052,0.0392496392496392,7.647208121827411,0.6230964467005076,Lauren Holtkamp,203177
Jimmy Butler,L.Richardson,23,765,23,0,154,5872,6.695652173913044,7.6758169934640526,-0.9801648195510086,11,309,0.4782608695652174,0.403921568627451,0.07433930093776642,7.647208121827411,0.6230964467005076,Leroy Richardson,1188
Jimmy Butler,L.Wood,23,765,23,0,151,5875,6.565217391304348,7.6797385620915035,-1.1145211707871558,11,309,0.4782608695652174,0.403921568627451,0.07433930093776642,7.647208121827411,0.6230964467005076,Leon Wood,1201
Jimmy Butler,M.Ayotte,22,766,22,0,188,5838,8.545454545454545,7.6214099216710185,0.9240446237835265,13,307,0.5909090909090909,0.4007832898172324,0.19012580109185856,7.647208121827411,0.6230964467005076,Mark Ayotte,2148
Jimmy Butler,M.Boland,25,763,25,0,237,5789,9.48,7.587155963302752,1.892844036697248,9,311,0.36,0.4076015727391874,-0.047601572739187414,7.647208121827411,0.6230964467005076,Matt Boland,2005
Jimmy Butler,M.Callahan,18,770,17,1,107,5919,5.944444444444445,7.687012987012987,-1.7425685425685424,8,312,0.4444444444444444,0.4051948051948052,0.0392496392496392,7.647208121827411,0.6230964467005076,Mike Callahan,1147
Jimmy Butler,M.Dagher,11,777,11,0,72,5954,6.545454545454546,7.662805662805662,-1.1173511173511166,7,313,0.6363636363636364,0.40283140283140284,0.2335322335322335,7.647208121827411,0.6230964467005076,Mousa Dagher,1628159
Jimmy Butler,M.Davis,36,752,29,7,313,5713,8.694444444444445,7.597074468085107,1.0973699763593379,17,303,0.4722222222222222,0.4029255319148936,0.0692966903073286,7.647208121827411,0.6230964467005076,Marc Davis,1830
Jimmy Butler,M.Ervin,33,755,33,0,324,5702,9.818181818181818,7.552317880794702,2.2658639373871168,14,306,0.42424242424242425,0.4052980132450331,0.018944410997391137,7.647208121827411,0.6230964467005076,Mitchell Ervin,203591
Jimmy Butler,M.Kallio,5,783,5,0,49,5977,9.8,7.63346104725415,2.1665389527458503,2,318,0.4,0.4061302681992337,-0.006130268199233679,7.647208121827411,0.6230964467005076,Matt Kallio,1627526
Jimmy Butler,M.Kogut,42,746,42,0,332,5694,7.904761904761905,7.632707774798928,0.27205412996297706,18,302,0.42857142857142855,0.40482573726541554,0.023745691306013006,7.647208121827411,0.6230964467005076,Marat Kogut,201245
Jimmy Butler,M.Lindsay,27,761,26,1,194,5832,7.185185185185185,7.663600525624179,-0.4784153404389935,12,308,0.4444444444444444,0.40473061760841,0.039713826836034416,7.647208121827411,0.6230964467005076,Mark Lindsay,200834
Jimmy Butler,M.McCutchen,15,773,15,0,100,5926,6.666666666666667,7.666235446313066,-0.999568779646399,7,313,0.4666666666666667,0.4049159120310479,0.0617507546356188,7.647208121827411,0.6230964467005076,Monty McCutchen,1176
Jimmy Butler,M.Myers,14,774,14,0,111,5915,7.928571428571429,7.642118863049095,0.28645256552233356,8,312,0.5714285714285714,0.40310077519379844,0.16832779623477295,7.647208121827411,0.6230964467005076,Matt Myers,202901
Jimmy Butler,M.Smith,33,755,32,1,257,5769,7.787878787878788,7.6410596026490065,0.14681918522978155,17,303,0.5151515151515151,0.4013245033112583,0.11382701184025684,7.647208121827411,0.6230964467005076,Michael Smith,1193
Jimmy Butler,N.Buchert,40,748,40,0,305,5721,7.625,7.648395721925134,-0.023395721925133728,17,303,0.425,0.4050802139037433,0.019919786096256664,7.647208121827411,0.6230964467005076,Nick Buchert,202007
Jimmy Butler,N.Green,7,781,7,0,40,5986,5.714285714285714,7.664532650448144,-1.9502469361624293,2,318,0.2857142857142857,0.40717029449423814,-0.12145600877995244,7.647208121827411,0.6230964467005076,Nate Green,1627524
Jimmy Butler,N.Sago,21,767,21,0,161,5865,7.666666666666667,7.646675358539765,0.019991308126901863,5,315,0.23809523809523808,0.4106910039113429,-0.1725957658161048,7.647208121827411,0.6230964467005076,Natalie Sago,1627541
Jimmy Butler,P.Fraher,39,749,37,2,342,5684,8.76923076923077,7.588785046728972,1.1804457225017977,24,296,0.6153846153846154,0.3951935914552737,0.2201910239293417,7.647208121827411,0.6230964467005076,Pat Fraher,2003
Jimmy Butler,P.Ransom,15,773,15,0,112,5914,7.466666666666667,7.650711513583441,-0.18404484691677414,6,314,0.4,0.40620957309184996,-0.00620957309184994,7.647208121827411,0.6230964467005076,Phenizee Ransom,1627963
Jimmy Butler,R.Acosta,21,767,21,0,178,5848,8.476190476190476,7.624511082138201,0.8516793940522751,13,307,0.6190476190476191,0.4002607561929596,0.21878686285465948,7.647208121827411,0.6230964467005076,Ray Acosta,1626300
Jimmy Butler,R.Garretson,11,777,11,0,89,5937,8.090909090909092,7.640926640926641,0.44998244998245074,5,315,0.45454545454545453,0.40540540540540543,0.0491400491400491,7.647208121827411,0.6230964467005076,Ron Garretson,1164
Jimmy Butler,R.Hussey,10,778,10,0,107,5919,10.7,7.607969151670951,3.092030848329048,2,318,0.2,0.4087403598971722,-0.2087403598971722,7.647208121827411,0.6230964467005076,Robert Hussey,1628480
Jimmy Butler,R.Mott,14,774,14,0,113,5913,8.071428571428571,7.6395348837209305,0.4318936877076407,5,315,0.35714285714285715,0.4069767441860465,-0.04983388704318936,7.647208121827411,0.6230964467005076,Rodney Mott,1179
Jimmy Butler,R.Richardson,1,787,1,0,10,6016,10.0,7.644218551461245,2.355781448538755,0,320,0.0,0.40660736975857686,-0.40660736975857686,7.647208121827411,0.6230964467005076,Randy Richardson,1627538
Jimmy Butler,S.Anderson,5,783,5,0,50,5976,10.0,7.632183908045977,2.3678160919540234,2,318,0.4,0.4061302681992337,-0.006130268199233679,7.647208121827411,0.6230964467005076,Steve Anderson,202000
Jimmy Butler,S.Corbin,31,757,30,1,222,5804,7.161290322580645,7.667107001321004,-0.5058166787403593,16,304,0.5161290322580645,0.40158520475561427,0.11454382750245024,7.647208121827411,0.6230964467005076,Sean Corbin,1151
Jimmy Butler,S.Foster,44,744,40,4,349,5677,7.931818181818182,7.630376344086022,0.3014418377321597,19,301,0.4318181818181818,0.40456989247311825,0.02724828934506357,7.647208121827411,0.6230964467005076,Scott Foster,1162
Jimmy Butler,S.Jelks,5,783,5,0,53,5973,10.6,7.628352490421456,2.9716475095785437,2,318,0.4,0.4061302681992337,-0.006130268199233679,7.647208121827411,0.6230964467005076,Simone Jelks,1628481
Jimmy Butler,S.Mehta,8,780,8,0,72,5954,9.0,7.633333333333334,1.3666666666666663,2,318,0.25,0.4076923076923077,-0.1576923076923077,7.647208121827411,0.6230964467005076,Suyash Mehta,1627529
Jimmy Butler,S.Mitchell,4,784,4,0,37,5989,9.25,7.639030612244898,1.6109693877551017,3,317,0.75,0.40433673469387754,0.34566326530612246,7.647208121827411,0.6230964467005076,Sha'Rae Mitchell,1629178
Jimmy Butler,S.Twardoski,28,760,28,0,209,5817,7.464285714285714,7.653947368421052,-0.18966165413533798,10,310,0.35714285714285715,0.40789473684210525,-0.050751879699248104,7.647208121827411,0.6230964467005076,Scott Twardoski,202053
Jimmy Butler,S.Wall,24,764,23,1,179,5847,7.458333333333333,7.653141361256544,-0.1948080279232114,12,308,0.5,0.4031413612565445,0.09685863874345552,7.647208121827411,0.6230964467005076,Scott Wall,1198
Jimmy Butler,S.Wright,35,753,31,4,279,5747,7.9714285714285715,7.632138114209828,0.33929045721874385,12,308,0.34285714285714286,0.40903054448871184,-0.06617340163156898,7.647208121827411,0.6230964467005076,Sean Wright,2882
Jimmy Butler,T.Brothers,43,745,38,5,363,5663,8.44186046511628,7.6013422818791945,0.8405181832370854,14,306,0.32558139534883723,0.41073825503355704,-0.08515685968471981,7.647208121827411,0.6230964467005076,Tony Brothers,1146
Jimmy Butler,T.Brown,27,761,26,1,204,5822,7.555555555555555,7.650459921156373,-0.09490436560081772,11,309,0.4074074074074074,0.4060446780551905,0.0013627293522168737,7.647208121827411,0.6230964467005076,Tony Brown,2529
Jimmy Butler,T.Ford,28,760,25,3,202,5824,7.214285714285714,7.663157894736842,-0.44887218045112753,12,308,0.42857142857142855,0.4052631578947368,0.023308270676691722,7.647208121827411,0.6230964467005076,Tyler Ford,204059
Jimmy Butler,T.Maddox,33,755,28,5,269,5757,8.151515151515152,7.6251655629139075,0.5263495886012448,11,309,0.3333333333333333,0.40927152317880794,-0.07593818984547462,7.647208121827411,0.6230964467005076,Tre Maddox,202027
Jimmy Butler,T.Mirkovich,3,785,3,0,21,6005,7.0,7.649681528662421,-0.6496815286624207,2,318,0.6666666666666666,0.4050955414012739,0.2615711252653927,7.647208121827411,0.6230964467005076,Tyler Mirkovich,1628482
Jimmy Butler,T.Ricks,5,783,5,0,33,5993,6.6,7.653895274584929,-1.0538952745849297,3,317,0.6,0.40485312899106,0.19514687100893996,7.647208121827411,0.6230964467005076,Tyler Ricks,1627539
Jimmy Butler,T.Washington,28,760,28,0,184,5842,6.571428571428571,7.686842105263158,-1.1154135338345865,14,306,0.5,0.4026315789473684,0.0973684210526316,7.647208121827411,0.6230964467005076,Tom Washington,1199
Jimmy Butler,V.Palmer,1,787,1,0,10,6016,10.0,7.644218551461245,2.355781448538755,1,319,1.0,0.40533672172808133,0.5946632782719187,7.647208121827411,0.6230964467005076,Violet Palmer,1185
Jimmy Butler,Z.Zarba,51,737,45,6,388,5638,7.607843137254902,7.649932157394844,-0.04208902013994198,20,300,0.39215686274509803,0.40705563093622793,-0.014898768191129896,7.647208121827411,0.6230964467005076,Zach Zarba,2534
Stephen Curry,A.Moyer-Gleich,6,820,6,0,23,4019,3.8333333333333335,4.901219512195122,-1.0678861788617886,4,436,0.6666666666666666,0.5317073170731708,0.13495934959349587,4.893462469733656,0.7893462469733656,Ashley Moyer-Gleich,1628953
Stephen Curry,A.Nagy,11,815,11,0,51,3991,4.636363636363637,4.896932515337423,-0.26056887897378633,7,433,0.6363636363636364,0.5312883435582823,0.1050752928053541,4.893462469733656,0.7893462469733656,Andy Nagy,1627534
Stephen Curry,A.Smith,27,799,27,0,150,3892,5.555555555555555,4.871088861076346,0.6844666944792097,22,418,0.8148148148148148,0.523153942428035,0.29166087238677973,4.893462469733656,0.7893462469733656,Aaron Smith,1626302
Stephen Curry,B.Adair,10,816,10,0,49,3993,4.9,4.893382352941177,0.006617647058823728,9,431,0.9,0.5281862745098039,0.3718137254901961,4.893462469733656,0.7893462469733656,Brandon Adair,1627961
Stephen Curry,B.Adams,24,802,23,1,125,3917,5.208333333333333,4.884039900249377,0.3242934330839562,16,424,0.6666666666666666,0.5286783042394015,0.1379883624272651,4.893462469733656,0.7893462469733656,Bennie Adams,1363
Stephen Curry,B.Barnaky,37,789,36,1,163,3879,4.405405405405405,4.916349809885932,-0.5109444044805267,24,416,0.6486486486486487,0.5272496831432193,0.12139896550542939,4.893462469733656,0.7893462469733656,Brent Barnaky,201638
Stephen Curry,B.Forte,41,785,39,2,184,3858,4.487804878048781,4.914649681528663,-0.42684480347988174,28,412,0.6829268292682927,0.5248407643312102,0.15808606493708255,4.893462469733656,0.7893462469733656,Brian Forte,101283
Stephen Curry,B.Haskill,1,825,1,0,7,4035,7.0,4.890909090909091,2.1090909090909093,1,439,1.0,0.5321212121212121,0.4678787878787879,4.893462469733656,0.7893462469733656,Brent Haskill,1629175
Stephen Curry,B.Kennedy,36,790,33,3,181,3861,5.027777777777778,4.887341772151899,0.14043600562587866,23,417,0.6388888888888888,0.5278481012658228,0.11104078762306602,4.893462469733656,0.7893462469733656,Bill Kennedy,1662
Stephen Curry,B.Nansel,21,805,21,0,96,3946,4.571428571428571,4.901863354037267,-0.3304347826086955,13,427,0.6190476190476191,0.5304347826086957,0.08861283643892337,4.893462469733656,0.7893462469733656,Brett Nansel,202035
Stephen Curry,B.Salvatore,1,825,1,0,5,4037,5.0,4.8933333333333335,0.10666666666666647,1,439,1.0,0.5321212121212121,0.4678787878787879,4.893462469733656,0.7893462469733656,Bennett Salvatore,1192
Stephen Curry,B.Schwab,7,819,7,0,23,4019,3.2857142857142856,4.9072039072039075,-1.621489621489622,5,435,0.7142857142857143,0.5311355311355311,0.18315018315018317,4.893462469733656,0.7893462469733656,Brandon Schwab,1628171
Stephen Curry,B.Spooner,15,811,14,1,80,3962,5.333333333333333,4.885326757090012,0.44800657624332096,9,431,0.6,0.531442663378545,0.06855733662145502,4.893462469733656,0.7893462469733656,Bill Spooner,1194
Stephen Curry,B.Taylor,40,786,38,2,175,3867,4.375,4.919847328244275,-0.5448473282442752,22,418,0.55,0.5318066157760815,0.018193384223918585,4.893462469733656,0.7893462469733656,Ben Taylor,202049
Stephen Curry,C.Blair,27,799,26,1,109,3933,4.037037037037037,4.9224030037546935,-0.8853659667176563,16,424,0.5925925925925926,0.5306633291614519,0.06192926343114069,4.893462469733656,0.7893462469733656,Curtis Blair,200832
Stephen Curry,C.Flores,6,820,6,0,38,4004,6.333333333333333,4.882926829268293,1.4504065040650405,2,438,0.3333333333333333,0.5341463414634147,-0.20081300813008135,4.893462469733656,0.7893462469733656,Che Flores,203054
Stephen Curry,C.Kirkland,36,790,34,2,199,3843,5.527777777777778,4.864556962025317,0.6632208157524611,16,424,0.4444444444444444,0.5367088607594936,-0.09226441631504922,4.893462469733656,0.7893462469733656,Courtney Kirkland,2004
Stephen Curry,C.Washington,19,807,19,0,79,3963,4.157894736842105,4.910780669144981,-0.7528859323028758,11,429,0.5789473684210527,0.5315985130111525,0.04734885540990019,4.893462469733656,0.7893462469733656,CJ Washington,202056
Stephen Curry,D.Collins,40,786,40,0,171,3871,4.275,4.924936386768448,-0.6499363867684478,22,418,0.55,0.5318066157760815,0.018193384223918585,4.893462469733656,0.7893462469733656,Derrick Collins,2002
Stephen Curry,D.Crawford,15,811,14,1,52,3990,3.466666666666667,4.919852034525277,-1.4531853678586106,9,431,0.6,0.531442663378545,0.06855733662145502,4.893462469733656,0.7893462469733656,Dan Crawford,1152
Stephen Curry,D.Guthrie,43,783,39,4,200,3842,4.651162790697675,4.9067688378033205,-0.25560604710564583,29,411,0.6744186046511628,0.524904214559387,0.1495143900917758,4.893462469733656,0.7893462469733656,David Guthrie,2714
Stephen Curry,D.Jones,4,822,4,0,11,4031,2.75,4.90389294403893,-2.1538929440389296,1,439,0.25,0.5340632603406326,-0.28406326034063256,4.893462469733656,0.7893462469733656,David Jones,1168
Stephen Curry,D.Mosher,3,823,3,0,15,4027,5.0,4.893074119076549,0.10692588092345101,2,438,0.6666666666666666,0.5321992709599028,0.1344673957067638,4.893462469733656,0.7893462469733656,Dannica Mosher,1628484
Stephen Curry,D.Richardson,28,798,28,0,145,3897,5.178571428571429,4.883458646616542,0.2951127819548871,14,426,0.5,0.5338345864661654,-0.03383458646616544,4.893462469733656,0.7893462469733656,Derek Richardson,1204
Stephen Curry,D.Scott,9,817,9,0,50,3992,5.555555555555555,4.886168910648715,0.6693866449068402,5,435,0.5555555555555556,0.5324357405140759,0.02311981504147964,4.893462469733656,0.7893462469733656,Danielle Scott,1628487
Stephen Curry,D.Stafford,18,808,13,5,88,3954,4.888888888888889,4.893564356435643,-0.004675467546753964,14,426,0.7777777777777778,0.5272277227722773,0.25055005500550054,4.893462469733656,0.7893462469733656,Derrick Stafford,1195
Stephen Curry,D.Taylor,18,808,18,0,111,3931,6.166666666666667,4.86509900990099,1.3015676567656769,11,429,0.6111111111111112,0.530940594059406,0.08017051705170519,4.893462469733656,0.7893462469733656,Dedric Taylor,203592
Stephen Curry,E.Dalen,28,798,28,0,119,3923,4.25,4.916040100250626,-0.6660401002506262,13,427,0.4642857142857143,0.5350877192982456,-0.07080200501253131,4.893462469733656,0.7893462469733656,Eric Dalen,200833
Stephen Curry,E.Lewis,32,794,27,5,150,3892,4.6875,4.9017632241813605,-0.21426322418136046,18,422,0.5625,0.5314861460957179,0.03101385390428213,4.893462469733656,0.7893462469733656,Eric Lewis,2715
Stephen Curry,E.Malloy,42,784,36,6,177,3865,4.214285714285714,4.92984693877551,-0.7155612244897958,24,416,0.5714285714285714,0.5306122448979592,0.04081632653061218,4.893462469733656,0.7893462469733656,Ed Malloy,2530
Stephen Curry,E.Roe,4,822,4,0,19,4023,4.75,4.894160583941606,-0.14416058394160558,3,437,0.75,0.5316301703163017,0.21836982968369834,4.893462469733656,0.7893462469733656,Eli Roe,2532
Stephen Curry,E.Scott,9,817,9,0,52,3990,5.777777777777778,4.883720930232558,0.8940568475452197,5,435,0.5555555555555556,0.5324357405140759,0.02311981504147964,4.893462469733656,0.7893462469733656,Evan Scott,1628172
Stephen Curry,G.Petraitis,35,791,33,2,181,3861,5.171428571428572,4.881163084702908,0.290265486725664,28,412,0.8,0.5208596713021492,0.2791403286978509,4.893462469733656,0.7893462469733656,Gediminas Petraitis,204058
Stephen Curry,G.Zielinski,18,808,18,0,79,3963,4.388888888888889,4.90470297029703,-0.5158140814081404,11,429,0.6111111111111112,0.530940594059406,0.08017051705170519,4.893462469733656,0.7893462469733656,Gary Zielinski,1664
Stephen Curry,H.Workman,16,810,16,0,99,3943,6.1875,4.867901234567901,1.319598765432099,10,430,0.625,0.5308641975308642,0.09413580246913578,4.893462469733656,0.7893462469733656,Haywoode Workman,201637
Stephen Curry,I.Hwang,6,820,6,0,24,4018,4.0,4.9,-0.9000000000000004,5,435,0.8333333333333334,0.5304878048780488,0.30284552845528456,4.893462469733656,0.7893462469733656,Intae Hwang,1630886
Stephen Curry,J.Butler,15,811,15,0,72,3970,4.8,4.895191122071517,-0.09519112207151714,8,432,0.5333333333333333,0.5326757090012331,0.0006576243321002595,4.893462469733656,0.7893462469733656,John Butler,1628951
Stephen Curry,J.Capers,41,785,35,6,222,3820,5.414634146341464,4.86624203821656,0.5483921081249035,20,420,0.4878048780487805,0.535031847133758,-0.04722696908497748,4.893462469733656,0.7893462469733656,James Capers,1148
Stephen Curry,J.Conley,4,822,4,0,18,4024,4.5,4.895377128953771,-0.3953771289537711,2,438,0.5,0.5328467153284672,-0.03284671532846717,4.893462469733656,0.7893462469733656,John Conley,1627519
Stephen Curry,J.Crawford,4,822,3,1,12,4030,3.0,4.902676399026764,-1.902676399026764,3,437,0.75,0.5316301703163017,0.21836982968369834,4.893462469733656,0.7893462469733656,Joe Crawford,1153
Stephen Curry,J.DeRosa,13,813,13,0,68,3974,5.230769230769231,4.888068880688807,0.342700350080424,5,435,0.38461538461538464,0.5350553505535055,-0.15043996593812087,4.893462469733656,0.7893462469733656,JB DeRosa,1155
Stephen Curry,J.Goble,62,764,56,6,308,3734,4.967741935483871,4.887434554973822,0.08030738051004871,40,400,0.6451612903225806,0.5235602094240838,0.12160108089849686,4.893462469733656,0.7893462469733656,John Goble,101284
Stephen Curry,J.Goldenberg,12,814,12,0,69,3973,5.75,4.880835380835381,0.8691646191646187,8,432,0.6666666666666666,0.5307125307125307,0.13595413595413597,4.893462469733656,0.7893462469733656,Jason Goldenberg,1626301
Stephen Curry,J.Orr,45,781,44,1,230,3812,5.111111111111111,4.880921895006402,0.23018921610470855,33,407,0.7333333333333333,0.5211267605633803,0.21220657276995303,4.893462469733656,0.7893462469733656,J.T. Orr,202037
Stephen Curry,J.Phillips,29,797,22,7,112,3930,3.8620689655172415,4.93099121706399,-1.068922251546748,15,425,0.5172413793103449,0.533249686323714,-0.016008307013369083,4.893462469733656,0.7893462469733656,Jason Phillips,2001
Stephen Curry,J.Ralls,2,824,2,0,12,4030,6.0,4.890776699029126,1.109223300970874,2,438,1.0,0.5315533980582524,0.4684466019417476,4.893462469733656,0.7893462469733656,JD Ralls,1628485
Stephen Curry,J.Reneau,2,824,2,0,9,4033,4.5,4.894417475728155,-0.39441747572815533,1,439,0.5,0.5327669902912622,-0.03276699029126218,4.893462469733656,0.7893462469733656,Jenna Reneau,1628168
Stephen Curry,J.Schroeder,11,815,11,0,50,3992,4.545454545454546,4.898159509202454,-0.3527049637479083,6,434,0.5454545454545454,0.5325153374233129,0.012939208031232496,4.893462469733656,0.7893462469733656,Jenna Schroeder,1628954
Stephen Curry,J.Sterling,11,815,11,0,53,3989,4.818181818181818,4.894478527607362,-0.07629670942554334,9,431,0.8181818181818182,0.5288343558282208,0.28934746235359743,4.893462469733656,0.7893462469733656,Jonathan Sterling,1627964
Stephen Curry,J.Tiven,41,785,36,5,199,3843,4.853658536585366,4.895541401273885,-0.041882864688519206,21,419,0.5121951219512195,0.5337579617834395,-0.02156283983221996,4.893462469733656,0.7893462469733656,Josh Tiven,201639
Stephen Curry,J.Van Duyne,36,790,34,2,178,3864,4.944444444444445,4.891139240506329,0.05330520393811522,23,417,0.6388888888888888,0.5278481012658228,0.11104078762306602,4.893462469733656,0.7893462469733656,Justin Van Duyne,203593
Stephen Curry,J.Williams,38,788,36,2,161,3881,4.2368421052631575,4.925126903553299,-0.6882847982901419,23,417,0.6052631578947368,0.5291878172588832,0.07607534063585364,4.893462469733656,0.7893462469733656,James Williams,202058
Stephen Curry,K.Cutler,37,789,36,1,167,3875,4.513513513513513,4.91128010139417,-0.3977665878806569,18,422,0.4864864864864865,0.5348542458808618,-0.04836775939437532,4.893462469733656,0.7893462469733656,Kevin Cutler,201246
Stephen Curry,K.Fitzgerald,23,803,19,4,106,3936,4.608695652173913,4.901618929016189,-0.29292327684227626,16,424,0.6956521739130435,0.5280199252801993,0.1676322486328442,4.893462469733656,0.7893462469733656,Kane Fitzgerald,201640
Stephen Curry,K.Lane,38,788,36,2,201,3841,5.2894736842105265,4.874365482233503,0.4151082019770236,18,422,0.47368421052631576,0.5355329949238579,-0.0618487843975421,4.893462469733656,0.7893462469733656,Karl Lane,202026
Stephen Curry,K.Mauer,29,797,25,4,178,3864,6.137931034482759,4.848180677540778,1.2897503569419806,21,419,0.7241379310344828,0.5257214554579673,0.19841647557651543,4.893462469733656,0.7893462469733656,Ken Mauer,1174
Stephen Curry,K.Scott,46,780,43,3,219,3823,4.760869565217392,4.901282051282052,-0.14041248606466006,27,413,0.5869565217391305,0.5294871794871795,0.057469342251950994,4.893462469733656,0.7893462469733656,Kevin Scott,202041
Stephen Curry,L.Holtkamp,17,809,17,0,64,3978,3.764705882352941,4.917181705809641,-1.1524758234567,9,431,0.5294117647058824,0.5327564894932015,-0.0033447247873191754,4.893462469733656,0.7893462469733656,Lauren Holtkamp,203177
Stephen Curry,L.Richardson,19,807,19,0,92,3950,4.842105263157895,4.8946716232961585,-0.05256636013826377,12,428,0.631578947368421,0.530359355638166,0.10121959173025497,4.893462469733656,0.7893462469733656,Leroy Richardson,1188
Stephen Curry,L.Wood,36,790,36,0,149,3893,4.138888888888889,4.927848101265822,-0.7889592123769331,20,420,0.5555555555555556,0.5316455696202531,0.02390998593530247,4.893462469733656,0.7893462469733656,Leon Wood,1201
Stephen Curry,M.Ayotte,29,797,29,0,130,3912,4.482758620689655,4.90840652446675,-0.4256479037770955,17,423,0.5862068965517241,0.5307402760351317,0.055466620516592346,4.893462469733656,0.7893462469733656,Mark Ayotte,2148
Stephen Curry,M.Boland,31,795,31,0,167,3875,5.387096774193548,4.8742138364779874,0.5128829377155606,25,415,0.8064516129032258,0.5220125786163522,0.28443903428687356,4.893462469733656,0.7893462469733656,Matt Boland,2005
Stephen Curry,M.Callahan,27,799,22,5,109,3933,4.037037037037037,4.9224030037546935,-0.8853659667176563,16,424,0.5925925925925926,0.5306633291614519,0.06192926343114069,4.893462469733656,0.7893462469733656,Mike Callahan,1147
Stephen Curry,M.Dagher,12,814,12,0,49,3993,4.083333333333333,4.905405405405405,-0.8220720720720722,7,433,0.5833333333333334,0.5319410319410319,0.05139230139230144,4.893462469733656,0.7893462469733656,Mousa Dagher,1628159
Stephen Curry,M.Davis,39,787,32,7,181,3861,4.641025641025641,4.905972045743329,-0.26494640471768793,22,418,0.5641025641025641,0.531130876747141,0.03297168735542311,4.893462469733656,0.7893462469733656,Marc Davis,1830
Stephen Curry,M.Ervin,29,797,27,2,164,3878,5.655172413793103,4.865746549560853,0.7894258642322498,14,426,0.4827586206896552,0.534504391468005,-0.0517457707783498,4.893462469733656,0.7893462469733656,Mitchell Ervin,203591
Stephen Curry,M.Kallio,5,821,5,0,30,4012,6.0,4.886723507917174,1.113276492082826,1,439,0.2,0.5347137637028014,-0.3347137637028014,4.893462469733656,0.7893462469733656,Matt Kallio,1627526
Stephen Curry,M.Kogut,28,798,28,0,176,3866,6.285714285714286,4.844611528822055,1.4411027568922306,17,423,0.6071428571428571,0.5300751879699248,0.07706766917293228,4.893462469733656,0.7893462469733656,Marat Kogut,201245
Stephen Curry,M.Lindsay,39,787,37,2,202,3840,5.17948717948718,4.879288437102923,0.30019874238425714,20,420,0.5128205128205128,0.5336721728081322,-0.020851659987619398,4.893462469733656,0.7893462469733656,Mark Lindsay,200834
Stephen Curry,M.McCutchen,19,807,15,4,98,3944,5.157894736842105,4.88723667905824,0.27065805778386487,14,426,0.7368421052631579,0.5278810408921933,0.2089610643709645,4.893462469733656,0.7893462469733656,Monty McCutchen,1176
Stephen Curry,M.Myers,12,814,12,0,75,3967,6.25,4.8734643734643734,1.3765356265356266,5,435,0.4166666666666667,0.5343980343980343,-0.11773136773136766,4.893462469733656,0.7893462469733656,Matt Myers,202901
Stephen Curry,M.Smith,24,802,24,0,119,3923,4.958333333333333,4.8915211970074814,0.06681213632585159,14,426,0.5833333333333334,0.5311720698254364,0.05216126350789696,4.893462469733656,0.7893462469733656,Michael Smith,1193
Stephen Curry,N.Buchert,35,791,33,2,157,3885,4.485714285714286,4.911504424778761,-0.4257901390644756,16,424,0.45714285714285713,0.5360303413400759,-0.07888748419721875,4.893462469733656,0.7893462469733656,Nick Buchert,202007
Stephen Curry,N.Green,9,817,9,0,29,4013,3.2222222222222223,4.91187270501836,-1.6896504827961376,6,434,0.6666666666666666,0.5312117503059975,0.1354549163606691,4.893462469733656,0.7893462469733656,Nate Green,1627524
Stephen Curry,N.Sago,10,816,10,0,51,3991,5.1,4.890931372549019,0.20906862745098032,4,436,0.4,0.5343137254901961,-0.13431372549019605,4.893462469733656,0.7893462469733656,Natalie Sago,1627541
Stephen Curry,P.Fraher,28,798,23,5,133,3909,4.75,4.898496240601504,-0.1484962406015038,19,421,0.6785714285714286,0.5275689223057645,0.15100250626566414,4.893462469733656,0.7893462469733656,Pat Fraher,2003
Stephen Curry,P.Ransom,11,815,11,0,38,4004,3.4545454545454546,4.912883435582822,-1.4583379810373676,6,434,0.5454545454545454,0.5325153374233129,0.012939208031232496,4.893462469733656,0.7893462469733656,Phenizee Ransom,1627963
Stephen Curry,R.Acosta,24,802,24,0,109,3933,4.541666666666667,4.903990024937656,-0.3623233582709888,14,426,0.5833333333333334,0.5311720698254364,0.05216126350789696,4.893462469733656,0.7893462469733656,Ray Acosta,1626300
Stephen Curry,R.Garretson,23,803,23,0,111,3931,4.826086956521739,4.895392278953922,-0.06930532243218313,12,428,0.5217391304347826,0.5330012453300125,-0.01126211489522988,4.893462469733656,0.7893462469733656,Ron Garretson,1164
Stephen Curry,R.Hussey,6,820,6,0,36,4006,6.0,4.885365853658537,1.114634146341463,4,436,0.6666666666666666,0.5317073170731708,0.13495934959349587,4.893462469733656,0.7893462469733656,Robert Hussey,1628480
Stephen Curry,R.Mott,28,798,27,1,172,3870,6.142857142857143,4.849624060150376,1.2932330827067675,16,424,0.5714285714285714,0.531328320802005,0.040100250626566414,4.893462469733656,0.7893462469733656,Rodney Mott,1179
Stephen Curry,S.Anderson,9,817,9,0,22,4020,2.4444444444444446,4.9204406364749085,-2.475996192030464,8,432,0.8888888888888888,0.5287637698898409,0.360125118999048,4.893462469733656,0.7893462469733656,Steve Anderson,202000
Stephen Curry,S.Corbin,26,800,23,3,116,3926,4.461538461538462,4.9075,-0.4459615384615381,16,424,0.6153846153846154,0.53,0.08538461538461539,4.893462469733656,0.7893462469733656,Sean Corbin,1151
Stephen Curry,S.Foster,48,778,43,5,194,3848,4.041666666666667,4.946015424164524,-0.904348757497857,33,407,0.6875,0.5231362467866324,0.1643637532133676,4.893462469733656,0.7893462469733656,Scott Foster,1162
Stephen Curry,S.Jelks,4,822,4,0,20,4022,5.0,4.89294403892944,0.10705596107055992,4,436,1.0,0.5304136253041363,0.46958637469586373,4.893462469733656,0.7893462469733656,Simone Jelks,1628481
Stephen Curry,S.Mehta,8,818,8,0,35,4007,4.375,4.898533007334963,-0.5235330073349633,5,435,0.625,0.5317848410757946,0.0932151589242054,4.893462469733656,0.7893462469733656,Suyash Mehta,1627529
Stephen Curry,S.Mitchell,4,822,4,0,21,4021,5.25,4.891727493917275,0.35827250608272543,2,438,0.5,0.5328467153284672,-0.03284671532846717,4.893462469733656,0.7893462469733656,Sha'Rae Mitchell,1629178
Stephen Curry,S.Twardoski,36,790,35,1,201,3841,5.583333333333333,4.862025316455696,0.7213080168776367,22,418,0.6111111111111112,0.529113924050633,0.0819971870604782,4.893462469733656,0.7893462469733656,Scott Twardoski,202053
Stephen Curry,S.Wall,16,810,16,0,80,3962,5.0,4.891358024691358,0.10864197530864228,10,430,0.625,0.5308641975308642,0.09413580246913578,4.893462469733656,0.7893462469733656,Scott Wall,1198
Stephen Curry,S.Wright,32,794,30,2,163,3879,5.09375,4.885390428211587,0.2083595717884128,23,417,0.71875,0.5251889168765743,0.19356108312342568,4.893462469733656,0.7893462469733656,Sean Wright,2882
Stephen Curry,T.Brothers,35,791,31,4,189,3853,5.4,4.871049304677623,0.5289506953223775,20,420,0.5714285714285714,0.5309734513274337,0.04045512010113772,4.893462469733656,0.7893462469733656,Tony Brothers,1146
Stephen Curry,T.Brown,18,808,18,0,99,3943,5.5,4.8799504950495045,0.6200495049504955,9,431,0.5,0.5334158415841584,-0.033415841584158446,4.893462469733656,0.7893462469733656,Tony Brown,2529
Stephen Curry,T.Ford,31,795,30,1,168,3874,5.419354838709677,4.8729559748427675,0.5463988638669095,16,424,0.5161290322580645,0.5333333333333333,-0.017204301075268824,4.893462469733656,0.7893462469733656,Tyler Ford,204059
Stephen Curry,T.Maddox,38,788,36,2,145,3897,3.8157894736842106,4.945431472081219,-1.129641998397008,22,418,0.5789473684210527,0.5304568527918782,0.0484905156291745,4.893462469733656,0.7893462469733656,Tre Maddox,202027
Stephen Curry,T.Ricks,2,824,2,0,20,4022,10.0,4.881067961165049,5.118932038834951,1,439,0.5,0.5327669902912622,-0.03276699029126218,4.893462469733656,0.7893462469733656,Tyler Ricks,1627539
Stephen Curry,T.Washington,27,799,24,3,133,3909,4.925925925925926,4.892365456821026,0.033560469104899404,16,424,0.5925925925925926,0.5306633291614519,0.06192926343114069,4.893462469733656,0.7893462469733656,Tom Washington,1199
Stephen Curry,V.Palmer,3,823,3,0,8,4034,2.6666666666666665,4.901579586877278,-2.2349129202106117,1,439,0.3333333333333333,0.5334143377885784,-0.20008100445524507,4.893462469733656,0.7893462469733656,Violet Palmer,1185
Stephen Curry,Z.Zarba,55,771,50,5,296,3746,5.381818181818182,4.858625162127107,0.5231930196910746,34,406,0.6181818181818182,0.5265888456549935,0.09159297252682463,4.893462469733656,0.7893462469733656,Zach Zarba,2534
Kevin Durant,A.Moyer-Gleich,4,674,4,0,26,4485,6.5,6.654302670623146,-0.15430267062314584,4,375,1.0,0.5563798219584569,0.4436201780415431,6.653392330383481,0.5752212389380531,Ashley Moyer-Gleich,1628953
Kevin Durant,A.Nagy,5,673,5,0,14,4497,2.8,6.682020802377415,-3.882020802377415,1,378,0.2,0.5616641901931649,-0.3616641901931649,6.653392330383481,0.5752212389380531,Andy Nagy,1627534
Kevin Durant,A.Smith,27,651,26,1,156,4355,5.777777777777778,6.689708141321044,-0.9119303635432665,14,365,0.5185185185185185,0.5606758832565284,-0.042157364738009906,6.653392330383481,0.5752212389380531,Aaron Smith,1626302
Kevin Durant,B.Adair,16,662,16,0,97,4414,6.0625,6.667673716012085,-0.6051737160120849,12,367,0.75,0.554380664652568,0.19561933534743203,6.653392330383481,0.5752212389380531,Brandon Adair,1627961
Kevin Durant,B.Adams,13,665,12,1,64,4447,4.923076923076923,6.687218045112782,-1.7641411220358583,7,372,0.5384615384615384,0.5593984962406015,-0.020936957779063015,6.653392330383481,0.5752212389380531,Bennie Adams,1363
Kevin Durant,B.Barnaky,29,649,29,0,178,4333,6.137931034482759,6.676425269645609,-0.5384942351628501,23,356,0.7931034482758621,0.5485362095531587,0.24456723872270336,6.653392330383481,0.5752212389380531,Brent Barnaky,201638
Kevin Durant,B.Burns,1,677,1,0,5,4506,5.0,6.655834564254062,-1.6558345642540617,1,378,1.0,0.5583456425406204,0.44165435745937964,6.653392330383481,0.5752212389380531,Blanca Burns,1629174
Kevin Durant,B.Forte,36,642,34,2,227,4284,6.305555555555555,6.672897196261682,-0.36734164070612696,24,355,0.6666666666666666,0.5529595015576324,0.11370716510903423,6.653392330383481,0.5752212389380531,Brian Forte,101283
Kevin Durant,B.Kennedy,34,644,33,1,207,4304,6.088235294117647,6.683229813664596,-0.5949945195469493,20,359,0.5882352941176471,0.5574534161490683,0.030781877968578786,6.653392330383481,0.5752212389380531,Bill Kennedy,1662
Kevin Durant,B.Nansel,18,660,18,0,106,4405,5.888888888888889,6.674242424242424,-0.7853535353535346,14,365,0.7777777777777778,0.553030303030303,0.2247474747474748,6.653392330383481,0.5752212389380531,Brett Nansel,202035
Kevin Durant,B.Salvatore,1,677,1,0,7,4504,7.0,6.65288035450517,0.3471196454948302,0,379,0.0,0.5598227474150664,-0.5598227474150664,6.653392330383481,0.5752212389380531,Bennett Salvatore,1192
Kevin Durant,B.Schwab,6,672,6,0,37,4474,6.166666666666667,6.657738095238095,-0.49107142857142794,3,376,0.5,0.5595238095238095,-0.059523809523809534,6.653392330383481,0.5752212389380531,Brandon Schwab,1628171
Kevin Durant,B.Spooner,7,671,6,1,50,4461,7.142857142857143,6.648286140089419,0.49457100276772437,6,373,0.8571428571428571,0.555886736214605,0.30125612092825205,6.653392330383481,0.5752212389380531,Bill Spooner,1194
Kevin Durant,B.Taylor,24,654,22,2,174,4337,7.25,6.631498470948012,0.6185015290519882,15,364,0.625,0.5565749235474006,0.06842507645259943,6.653392330383481,0.5752212389380531,Ben Taylor,202049
Kevin Durant,C.Blair,21,657,20,1,152,4359,7.238095238095238,6.634703196347032,0.6033920417482062,11,368,0.5238095238095238,0.5601217656012176,-0.03631224179169379,6.653392330383481,0.5752212389380531,Curtis Blair,200832
Kevin Durant,C.Flores,6,672,6,0,24,4487,4.0,6.677083333333333,-2.677083333333333,2,377,0.3333333333333333,0.5610119047619048,-0.22767857142857145,6.653392330383481,0.5752212389380531,Che Flores,203054
Kevin Durant,C.Kirkland,33,645,32,1,207,4304,6.2727272727272725,6.672868217054264,-0.4001409443269912,24,355,0.7272727272727273,0.5503875968992248,0.1768851303735025,6.653392330383481,0.5752212389380531,Courtney Kirkland,2004
Kevin Durant,C.Washington,13,665,13,0,51,4460,3.923076923076923,6.706766917293233,-2.7836899942163105,9,370,0.6923076923076923,0.556390977443609,0.1359167148640833,6.653392330383481,0.5752212389380531,CJ Washington,202056
Kevin Durant,D.Collins,27,651,26,1,171,4340,6.333333333333333,6.666666666666667,-0.3333333333333339,14,365,0.5185185185185185,0.5606758832565284,-0.042157364738009906,6.653392330383481,0.5752212389380531,Derrick Collins,2002
Kevin Durant,D.Crawford,11,667,10,1,58,4453,5.2727272727272725,6.67616191904048,-1.4034346463132072,7,372,0.6363636363636364,0.5577211394302849,0.07864249693335146,6.653392330383481,0.5752212389380531,Dan Crawford,1152
Kevin Durant,D.Guthrie,29,649,26,3,199,4312,6.862068965517241,6.6440677966101696,0.21800116890707155,15,364,0.5172413793103449,0.5608628659476117,-0.04362148663726684,6.653392330383481,0.5752212389380531,David Guthrie,2714
Kevin Durant,D.Jones,4,674,4,0,22,4489,5.5,6.660237388724036,-1.1602373887240356,2,377,0.5,0.5593471810089021,-0.05934718100890213,6.653392330383481,0.5752212389380531,David Jones,1168
Kevin Durant,D.Mosher,4,674,4,0,22,4489,5.5,6.660237388724036,-1.1602373887240356,2,377,0.5,0.5593471810089021,-0.05934718100890213,6.653392330383481,0.5752212389380531,Dannica Mosher,1628484
Kevin Durant,D.Richardson,26,652,26,0,179,4332,6.884615384615385,6.644171779141105,0.24044360547428045,15,364,0.5769230769230769,0.558282208588957,0.01864086833411982,6.653392330383481,0.5752212389380531,Derek Richardson,1204
Kevin Durant,D.Scott,4,674,4,0,28,4483,7.0,6.6513353115727005,0.3486646884272995,3,376,0.75,0.5578635014836796,0.19213649851632042,6.653392330383481,0.5752212389380531,Danielle Scott,1628487
Kevin Durant,D.Stafford,13,665,9,4,96,4415,7.384615384615385,6.639097744360902,0.7455176402544827,6,373,0.46153846153846156,0.5609022556390978,-0.09936379410063623,6.653392330383481,0.5752212389380531,Derrick Stafford,1195
Kevin Durant,D.Taylor,20,658,20,0,149,4362,7.45,6.62917933130699,0.8208206686930097,16,363,0.8,0.5516717325227963,0.2483282674772037,6.653392330383481,0.5752212389380531,Dedric Taylor,203592
Kevin Durant,E.Dalen,22,656,22,0,135,4376,6.136363636363637,6.670731707317073,-0.5343680709534366,16,363,0.7272727272727273,0.5533536585365854,0.17391906873614194,6.653392330383481,0.5752212389380531,Eric Dalen,200833
Kevin Durant,E.Lewis,27,651,24,3,174,4337,6.444444444444445,6.6620583717357915,-0.21761392729134688,17,362,0.6296296296296297,0.5560675883256528,0.07356204130397681,6.653392330383481,0.5752212389380531,Eric Lewis,2715
Kevin Durant,E.Malloy,34,644,30,4,230,4281,6.764705882352941,6.64751552795031,0.1171903544026307,21,358,0.6176470588235294,0.5559006211180124,0.06174643770551702,6.653392330383481,0.5752212389380531,Ed Malloy,2530
Kevin Durant,E.Roe,8,670,8,0,50,4461,6.25,6.658208955223881,-0.40820895522388057,5,374,0.625,0.5582089552238806,0.06679104477611941,6.653392330383481,0.5752212389380531,Eli Roe,2532
Kevin Durant,E.Scott,8,670,8,0,67,4444,8.375,6.632835820895522,1.7421641791044777,3,376,0.375,0.5611940298507463,-0.1861940298507463,6.653392330383481,0.5752212389380531,Evan Scott,1628172
Kevin Durant,G.Petraitis,28,650,27,1,195,4316,6.964285714285714,6.64,0.32428571428571473,19,360,0.6785714285714286,0.5538461538461539,0.12472527472527473,6.653392330383481,0.5752212389380531,Gediminas Petraitis,204058
Kevin Durant,G.Zielinski,14,664,14,0,96,4415,6.857142857142857,6.649096385542169,0.2080464716006878,9,370,0.6428571428571429,0.5572289156626506,0.08562822719449226,6.653392330383481,0.5752212389380531,Gary Zielinski,1664
Kevin Durant,H.Workman,13,665,13,0,96,4415,7.384615384615385,6.639097744360902,0.7455176402544827,8,371,0.6153846153846154,0.5578947368421052,0.0574898785425102,6.653392330383481,0.5752212389380531,Haywoode Workman,201637
Kevin Durant,I.Barnett,1,677,1,0,7,4504,7.0,6.65288035450517,0.3471196454948302,1,378,1.0,0.5583456425406204,0.44165435745937964,6.653392330383481,0.5752212389380531,Isaac Barnett,203800
Kevin Durant,I.Hwang,3,675,3,0,21,4490,7.0,6.651851851851852,0.3481481481481481,1,378,0.3333333333333333,0.56,-0.22666666666666674,6.653392330383481,0.5752212389380531,Intae Hwang,1630886
Kevin Durant,J.Butler,13,665,13,0,80,4431,6.153846153846154,6.663157894736842,-0.5093117408906878,8,371,0.6153846153846154,0.5578947368421052,0.0574898785425102,6.653392330383481,0.5752212389380531,John Butler,1628951
Kevin Durant,J.Capers,34,644,31,3,208,4303,6.117647058823529,6.681677018633541,-0.5640299598100116,21,358,0.6176470588235294,0.5559006211180124,0.06174643770551702,6.653392330383481,0.5752212389380531,James Capers,1148
Kevin Durant,J.Conley,6,672,6,0,27,4484,4.5,6.6726190476190474,-2.1726190476190474,1,378,0.16666666666666666,0.5625,-0.39583333333333337,6.653392330383481,0.5752212389380531,John Conley,1627519
Kevin Durant,J.Crawford,2,676,2,0,17,4494,8.5,6.64792899408284,1.8520710059171597,1,378,0.5,0.5591715976331361,-0.059171597633136064,6.653392330383481,0.5752212389380531,Joe Crawford,1153
Kevin Durant,J.DeRosa,17,661,17,0,132,4379,7.764705882352941,6.624810892586989,1.1398949897659518,11,368,0.6470588235294118,0.556732223903177,0.0903265996262348,6.653392330383481,0.5752212389380531,JB DeRosa,1155
Kevin Durant,J.Goble,69,609,62,7,467,4044,6.768115942028985,6.640394088669951,0.1277218533590343,46,333,0.6666666666666666,0.5467980295566502,0.11986863711001638,6.653392330383481,0.5752212389380531,John Goble,101284
Kevin Durant,J.Goldenberg,18,660,18,0,142,4369,7.888888888888889,6.61969696969697,1.2691919191919192,12,367,0.6666666666666666,0.556060606060606,0.1106060606060606,6.653392330383481,0.5752212389380531,Jason Goldenberg,1626301
Kevin Durant,J.Orr,31,647,30,1,209,4302,6.741935483870968,6.649149922720247,0.09278556115072067,15,364,0.4838709677419355,0.5625965996908809,-0.07872563194894544,6.653392330383481,0.5752212389380531,J.T. Orr,202037
Kevin Durant,J.Phillips,20,658,16,4,125,4386,6.25,6.665653495440729,-0.41565349544072916,10,369,0.5,0.560790273556231,-0.06079027355623101,6.653392330383481,0.5752212389380531,Jason Phillips,2001
Kevin Durant,J.Ralls,2,676,2,0,19,4492,9.5,6.644970414201183,2.8550295857988166,1,378,0.5,0.5591715976331361,-0.059171597633136064,6.653392330383481,0.5752212389380531,JD Ralls,1628485
Kevin Durant,J.Schroeder,10,668,10,0,67,4444,6.7,6.652694610778443,0.047305389221556915,6,373,0.6,0.5583832335329342,0.0416167664670658,6.653392330383481,0.5752212389380531,Jenna Schroeder,1628954
Kevin Durant,J.Sterling,9,669,9,0,62,4449,6.888888888888889,6.650224215246637,0.2386646736422522,4,375,0.4444444444444444,0.5605381165919282,-0.11609367214748378,6.653392330383481,0.5752212389380531,Jonathan Sterling,1627964
Kevin Durant,J.Tiven,32,646,29,3,246,4265,7.6875,6.602167182662539,1.085332817337461,18,361,0.5625,0.5588235294117647,0.003676470588235281,6.653392330383481,0.5752212389380531,Josh Tiven,201639
Kevin Durant,J.Van Duyne,28,650,27,1,222,4289,7.928571428571429,6.598461538461539,1.33010989010989,21,358,0.75,0.5507692307692308,0.1992307692307692,6.653392330383481,0.5752212389380531,Justin Van Duyne,203593
Kevin Durant,J.Williams,28,650,27,1,197,4314,7.035714285714286,6.636923076923077,0.39879120879120844,21,358,0.75,0.5507692307692308,0.1992307692307692,6.653392330383481,0.5752212389380531,James Williams,202058
Kevin Durant,K.Cutler,32,646,32,0,180,4331,5.625,6.704334365325077,-1.079334365325077,22,357,0.6875,0.5526315789473685,0.13486842105263153,6.653392330383481,0.5752212389380531,Kevin Cutler,201246
Kevin Durant,K.Fitzgerald,19,659,18,1,114,4397,6.0,6.672230652503794,-0.672230652503794,16,363,0.8421052631578947,0.5508345978755691,0.2912706652823256,6.653392330383481,0.5752212389380531,Kane Fitzgerald,201640
Kevin Durant,K.Lane,32,646,31,1,185,4326,5.78125,6.696594427244582,-0.9153444272445821,16,363,0.5,0.5619195046439629,-0.0619195046439629,6.653392330383481,0.5752212389380531,Karl Lane,202026
Kevin Durant,K.Mauer,23,655,19,4,178,4333,7.739130434782608,6.615267175572519,1.123863259210089,14,365,0.6086956521739131,0.5572519083969466,0.05144374377696648,6.653392330383481,0.5752212389380531,Ken Mauer,1174
Kevin Durant,K.Scott,28,650,26,2,201,4310,7.178571428571429,6.630769230769231,0.5478021978021976,14,365,0.5,0.5615384615384615,-0.06153846153846154,6.653392330383481,0.5752212389380531,Kevin Scott,202041
Kevin Durant,L.Holtkamp,15,663,15,0,85,4426,5.666666666666667,6.675716440422323,-1.009049773755656,8,371,0.5333333333333333,0.5595776772247361,-0.026244343891402733,6.653392330383481,0.5752212389380531,Lauren Holtkamp,203177
Kevin Durant,L.Richardson,13,665,13,0,78,4433,6.0,6.666165413533834,-0.6661654135338342,7,372,0.5384615384615384,0.5593984962406015,-0.020936957779063015,6.653392330383481,0.5752212389380531,Leroy Richardson,1188
Kevin Durant,L.Wood,26,652,26,0,188,4323,7.230769230769231,6.630368098159509,0.600401132609722,14,365,0.5384615384615384,0.5598159509202454,-0.02135441245870695,6.653392330383481,0.5752212389380531,Leon Wood,1201
Kevin Durant,M.Ayotte,21,657,21,0,149,4362,7.095238095238095,6.639269406392694,0.45596868884540065,15,364,0.7142857142857143,0.5540334855403348,0.16025222874537948,6.653392330383481,0.5752212389380531,Mark Ayotte,2148
Kevin Durant,M.Boland,22,656,22,0,150,4361,6.818181818181818,6.647865853658536,0.17031596452328213,16,363,0.7272727272727273,0.5533536585365854,0.17391906873614194,6.653392330383481,0.5752212389380531,Matt Boland,2005
Kevin Durant,M.Callahan,21,657,19,2,156,4355,7.428571428571429,6.628614916286149,0.7999565122852799,11,368,0.5238095238095238,0.5601217656012176,-0.03631224179169379,6.653392330383481,0.5752212389380531,Mike Callahan,1147
Kevin Durant,M.Dagher,12,666,12,0,82,4429,6.833333333333333,6.65015015015015,0.18318318318318294,10,369,0.8333333333333334,0.5540540540540541,0.2792792792792793,6.653392330383481,0.5752212389380531,Mousa Dagher,1628159
Kevin Durant,M.Davis,41,637,36,5,254,4257,6.195121951219512,6.6828885400313975,-0.48776658881188517,25,354,0.6097560975609756,0.5557299843014128,0.05402611325956275,6.653392330383481,0.5752212389380531,Marc Davis,1830
Kevin Durant,M.Ervin,18,660,18,0,107,4404,5.944444444444445,6.672727272727273,-0.7282828282828282,8,371,0.4444444444444444,0.5621212121212121,-0.11767676767676771,6.653392330383481,0.5752212389380531,Mitchell Ervin,203591
Kevin Durant,M.Kallio,8,670,8,0,57,4454,7.125,6.647761194029851,0.4772388059701491,6,373,0.75,0.5567164179104478,0.1932835820895522,6.653392330383481,0.5752212389380531,Matt Kallio,1627526
Kevin Durant,M.Kogut,22,656,22,0,160,4351,7.2727272727272725,6.632621951219512,0.6401053215077601,16,363,0.7272727272727273,0.5533536585365854,0.17391906873614194,6.653392330383481,0.5752212389380531,Marat Kogut,201245
Kevin Durant,M.Lindsay,27,651,27,0,170,4341,6.296296296296297,6.668202764976958,-0.37190646868066146,18,361,0.6666666666666666,0.554531490015361,0.11213517665130568,6.653392330383481,0.5752212389380531,Mark Lindsay,200834
Kevin Durant,M.McCutchen,16,662,14,2,107,4404,6.6875,6.652567975830816,0.034932024169184395,9,370,0.5625,0.5589123867069486,0.0035876132930513505,6.653392330383481,0.5752212389380531,Monty McCutchen,1176
Kevin Durant,M.Myers,10,668,10,0,60,4451,6.0,6.663173652694611,-0.6631736526946108,8,371,0.8,0.5553892215568862,0.24461077844311385,6.653392330383481,0.5752212389380531,Matt Myers,202901
Kevin Durant,M.Smith,19,659,19,0,137,4374,7.2105263157894735,6.637329286798179,0.5731970289912942,11,368,0.5789473684210527,0.5584218512898331,0.02052551713121953,6.653392330383481,0.5752212389380531,Michael Smith,1193
Kevin Durant,N.Buchert,35,643,34,1,259,4252,7.4,6.612752721617419,0.7872472783825817,24,355,0.6857142857142857,0.552099533437014,0.1336147522772717,6.653392330383481,0.5752212389380531,Nick Buchert,202007
Kevin Durant,N.Green,11,667,11,0,71,4440,6.454545454545454,6.6566716641679164,-0.2021262096224623,5,374,0.45454545454545453,0.56071964017991,-0.10617418563445552,6.653392330383481,0.5752212389380531,Nate Green,1627524
Kevin Durant,N.Sago,13,665,12,1,73,4438,5.615384615384615,6.673684210526316,-1.0582995951417011,9,370,0.6923076923076923,0.556390977443609,0.1359167148640833,6.653392330383481,0.5752212389380531,Natalie Sago,1627541
Kevin Durant,P.Fraher,24,654,22,2,133,4378,5.541666666666667,6.6941896024464835,-1.1525229357798166,16,363,0.6666666666666666,0.555045871559633,0.1116207951070336,6.653392330383481,0.5752212389380531,Pat Fraher,2003
Kevin Durant,P.O'Connell,2,676,2,0,15,4496,7.5,6.650887573964497,0.8491124260355027,2,377,1.0,0.5576923076923077,0.4423076923076923,6.653392330383481,0.5752212389380531,Pat O'Connell,1629183
Kevin Durant,P.Ransom,16,662,16,0,86,4425,5.375,6.68429003021148,-1.3092900302114803,8,371,0.5,0.5604229607250756,-0.06042296072507558,6.653392330383481,0.5752212389380531,Phenizee Ransom,1627963
Kevin Durant,R.Acosta,23,655,22,1,151,4360,6.565217391304348,6.656488549618321,-0.09127115831397337,11,368,0.4782608695652174,0.5618320610687023,-0.08357119150348491,6.653392330383481,0.5752212389380531,Ray Acosta,1626300
Kevin Durant,R.Garretson,20,658,20,0,106,4405,5.3,6.694528875379939,-1.3945288753799394,11,368,0.55,0.5592705167173252,-0.00927051671732515,6.653392330383481,0.5752212389380531,Ron Garretson,1164
Kevin Durant,R.Hussey,4,674,4,0,39,4472,9.75,6.635014836795253,3.1149851632047474,1,378,0.25,0.5608308605341247,-0.3108308605341247,6.653392330383481,0.5752212389380531,Robert Hussey,1628480
Kevin Durant,R.Mott,19,659,18,1,127,4384,6.684210526315789,6.652503793626707,0.03170673268908253,12,367,0.631578947368421,0.5569044006069803,0.0746745467614407,6.653392330383481,0.5752212389380531,Rodney Mott,1179
Kevin Durant,S.Anderson,4,674,4,0,23,4488,5.75,6.658753709198813,-0.9087537091988134,3,376,0.75,0.5578635014836796,0.19213649851632042,6.653392330383481,0.5752212389380531,Steve Anderson,202000
Kevin Durant,S.Corbin,24,654,23,1,181,4330,7.541666666666667,6.620795107033639,0.9208715596330279,17,362,0.7083333333333334,0.5535168195718655,0.15481651376146788,6.653392330383481,0.5752212389380531,Sean Corbin,1151
Kevin Durant,S.Foster,36,642,31,5,227,4284,6.305555555555555,6.672897196261682,-0.36734164070612696,21,358,0.5833333333333334,0.557632398753894,0.02570093457943934,6.653392330383481,0.5752212389380531,Scott Foster,1162
Kevin Durant,S.Jelks,2,676,2,0,7,4504,3.5,6.662721893491124,-3.162721893491124,2,377,1.0,0.5576923076923077,0.4423076923076923,6.653392330383481,0.5752212389380531,Simone Jelks,1628481
Kevin Durant,S.Mehta,9,669,9,0,48,4463,5.333333333333333,6.671150971599402,-1.3378176382660687,6,373,0.6666666666666666,0.5575485799701047,0.10911808669656198,6.653392330383481,0.5752212389380531,Suyash Mehta,1627529
Kevin Durant,S.Mitchell,6,672,6,0,41,4470,6.833333333333333,6.651785714285714,0.18154761904761862,2,377,0.3333333333333333,0.5610119047619048,-0.22767857142857145,6.653392330383481,0.5752212389380531,Sha'Rae Mitchell,1629178
Kevin Durant,S.Twardoski,30,648,29,1,197,4314,6.566666666666666,6.657407407407407,-0.09074074074074101,22,357,0.7333333333333333,0.5509259259259259,0.18240740740740735,6.653392330383481,0.5752212389380531,Scott Twardoski,202053
Kevin Durant,S.Wall,21,657,21,0,150,4361,7.142857142857143,6.6377473363774735,0.5051098064796697,14,365,0.6666666666666666,0.5555555555555556,0.11111111111111105,6.653392330383481,0.5752212389380531,Scott Wall,1198
Kevin Durant,S.Wright,30,648,27,3,201,4310,6.7,6.651234567901234,0.04876543209876605,22,357,0.7333333333333333,0.5509259259259259,0.18240740740740735,6.653392330383481,0.5752212389380531,Sean Wright,2882
Kevin Durant,T.Brothers,30,648,27,3,182,4329,6.066666666666666,6.680555555555555,-0.6138888888888889,17,362,0.5666666666666667,0.558641975308642,0.008024691358024638,6.653392330383481,0.5752212389380531,Tony Brothers,1146
Kevin Durant,T.Brown,14,664,14,0,76,4435,5.428571428571429,6.679216867469879,-1.2506454388984505,12,367,0.8571428571428571,0.552710843373494,0.30443201376936313,6.653392330383481,0.5752212389380531,Tony Brown,2529
Kevin Durant,T.Ford,28,650,26,2,210,4301,7.5,6.616923076923077,0.8830769230769233,14,365,0.5,0.5615384615384615,-0.06153846153846154,6.653392330383481,0.5752212389380531,Tyler Ford,204059
Kevin Durant,T.Maddox,27,651,26,1,176,4335,6.518518518518518,6.658986175115207,-0.14046765659668914,11,368,0.4074074074074074,0.565284178187404,-0.15787677077999657,6.653392330383481,0.5752212389380531,Tre Maddox,202027
Kevin Durant,T.Ricks,1,677,1,0,3,4508,3.0,6.6587887740029545,-3.6587887740029545,1,378,1.0,0.5583456425406204,0.44165435745937964,6.653392330383481,0.5752212389380531,Tyler Ricks,1627539
Kevin Durant,T.Washington,28,650,26,2,173,4338,6.178571428571429,6.673846153846154,-0.49527472527472494,19,360,0.6785714285714286,0.5538461538461539,0.12472527472527473,6.653392330383481,0.5752212389380531,Tom Washington,1199
Kevin Durant,V.Palmer,2,676,2,0,13,4498,6.5,6.653846153846154,-0.1538461538461542,1,378,0.5,0.5591715976331361,-0.059171597633136064,6.653392330383481,0.5752212389380531,Violet Palmer,1185
Kevin Durant,Z.Zarba,39,639,35,4,235,4276,6.0256410256410255,6.691705790297339,-0.6660647646563138,24,355,0.6153846153846154,0.5555555555555556,0.05982905982905984,6.653392330383481,0.5752212389380531,Zach Zarba,2534
LeBron James,A.Moyer-Gleich,9,845,9,0,66,5461,7.333333333333333,6.462721893491124,0.8706114398422091,5,356,0.5555555555555556,0.421301775147929,0.1342537804076266,6.471896955503513,0.47423887587822017,Ashley Moyer-Gleich,1628953
LeBron James,A.Nagy,15,839,15,0,90,5437,6.0,6.480333730631704,-0.48033373063170437,8,353,0.5333333333333333,0.42073897497020263,0.1125943583631307,6.471896955503513,0.47423887587822017,Andy Nagy,1627534
LeBron James,A.Smith,22,832,22,0,132,5395,6.0,6.484375,-0.484375,14,347,0.6363636363636364,0.4170673076923077,0.21929632867132864,6.471896955503513,0.47423887587822017,Aaron Smith,1626302
LeBron James,B.Adair,17,837,17,0,87,5440,5.117647058823529,6.499402628434886,-1.3817555696113573,8,353,0.47058823529411764,0.4217443249701314,0.04884391032398622,6.471896955503513,0.47423887587822017,Brandon Adair,1627961
LeBron James,B.Adams,13,841,13,0,82,5445,6.3076923076923075,6.474435196195006,-0.16674288850269825,5,356,0.38461538461538464,0.4233055885850178,-0.038690203969633186,6.471896955503513,0.47423887587822017,Bennie Adams,1363
LeBron James,B.Barnaky,41,813,41,0,261,5266,6.365853658536586,6.477244772447724,-0.11139111391113854,18,343,0.43902439024390244,0.4218942189421894,0.017130171301713015,6.471896955503513,0.47423887587822017,Brent Barnaky,201638
LeBron James,B.Burns,1,853,1,0,3,5524,3.0,6.475967174677608,-3.475967174677608,1,360,1.0,0.4220398593200469,0.577960140679953,6.471896955503513,0.47423887587822017,Blanca Burns,1629174
LeBron James,B.Forte,40,814,39,1,218,5309,5.45,6.522113022113022,-1.0721130221130215,21,340,0.525,0.4176904176904177,0.10730958230958232,6.471896955503513,0.47423887587822017,Brian Forte,101283
LeBron James,B.Haskill,2,852,2,0,13,5514,6.5,6.471830985915493,0.028169014084507005,1,360,0.5,0.4225352112676056,0.07746478873239437,6.471896955503513,0.47423887587822017,Brent Haskill,1629175
LeBron James,B.Kennedy,23,831,22,1,120,5407,5.217391304347826,6.50661853188929,-1.2892272275414642,11,350,0.4782608695652174,0.42117930204572807,0.05708156751948934,6.471896955503513,0.47423887587822017,Bill Kennedy,1662
LeBron James,B.Maru,1,853,1,0,4,5523,4.0,6.4747948417350525,-2.4747948417350525,1,360,1.0,0.4220398593200469,0.577960140679953,6.471896955503513,0.47423887587822017,Biniam Maru,1629177
LeBron James,B.Nansel,21,833,21,0,123,5404,5.857142857142857,6.487394957983193,-0.6302521008403366,8,353,0.38095238095238093,0.4237695078031212,-0.042817126850740295,6.471896955503513,0.47423887587822017,Brett Nansel,202035
LeBron James,B.Salvatore,2,852,2,0,25,5502,12.5,6.457746478873239,6.042253521126761,1,360,0.5,0.4225352112676056,0.07746478873239437,6.471896955503513,0.47423887587822017,Bennett Salvatore,1192
LeBron James,B.Schwab,4,850,4,0,23,5504,5.75,6.475294117647059,-0.7252941176470591,2,359,0.5,0.4223529411764706,0.0776470588235294,6.471896955503513,0.47423887587822017,Brandon Schwab,1628171
LeBron James,B.Spooner,13,841,13,0,87,5440,6.6923076923076925,6.468489892984542,0.22381779932315027,6,355,0.46153846153846156,0.4221165279429251,0.039421933595536474,6.471896955503513,0.47423887587822017,Bill Spooner,1194
LeBron James,B.Taylor,33,821,32,1,199,5328,6.03030303030303,6.489646772228989,-0.4593437419259585,15,346,0.45454545454545453,0.42143727161997563,0.0331081829254789,6.471896955503513,0.47423887587822017,Ben Taylor,202049
LeBron James,C.Blair,35,819,33,2,190,5337,5.428571428571429,6.516483516483516,-1.0879120879120876,15,346,0.42857142857142855,0.42246642246642246,0.006105006105006083,6.471896955503513,0.47423887587822017,Curtis Blair,200832
LeBron James,C.Flores,5,849,5,0,13,5514,2.6,6.4946996466431095,-3.8946996466431094,2,359,0.4,0.42285041224970554,-0.02285041224970552,6.471896955503513,0.47423887587822017,Che Flores,203054
LeBron James,C.Kirkland,33,821,33,0,203,5324,6.151515151515151,6.484774665042631,-0.3332595135274792,12,349,0.36363636363636365,0.42509135200974424,-0.06145498837338059,6.471896955503513,0.47423887587822017,Courtney Kirkland,2004
LeBron James,C.Washington,14,840,14,0,94,5433,6.714285714285714,6.4678571428571425,0.24642857142857189,7,354,0.5,0.42142857142857143,0.07857142857142857,6.471896955503513,0.47423887587822017,CJ Washington,202056
LeBron James,D.Collins,37,817,37,0,220,5307,5.945945945945946,6.495716034271726,-0.5497700883257801,17,344,0.4594594594594595,0.42105263157894735,0.03840682788051214,6.471896955503513,0.47423887587822017,Derrick Collins,2002
LeBron James,D.Crawford,15,839,14,1,132,5395,8.8,6.430274135876043,2.369725864123958,7,354,0.4666666666666667,0.42193087008343266,0.04473579658323401,6.471896955503513,0.47423887587822017,Dan Crawford,1152
LeBron James,D.Guthrie,44,810,43,1,296,5231,6.7272727272727275,6.458024691358025,0.2692480359147025,19,342,0.4318181818181818,0.4222222222222222,0.009595959595959602,6.471896955503513,0.47423887587822017,David Guthrie,2714
LeBron James,D.Jones,9,845,9,0,75,5452,8.333333333333334,6.45207100591716,1.8812623274161737,6,355,0.6666666666666666,0.42011834319526625,0.24654832347140038,6.471896955503513,0.47423887587822017,David Jones,1168
LeBron James,D.Mosher,2,852,2,0,9,5518,4.5,6.476525821596244,-1.976525821596244,1,360,0.5,0.4225352112676056,0.07746478873239437,6.471896955503513,0.47423887587822017,Dannica Mosher,1628484
LeBron James,D.Richardson,28,826,28,0,174,5353,6.214285714285714,6.480629539951574,-0.26634382566585924,12,349,0.42857142857142855,0.4225181598062954,0.006053268765133124,6.471896955503513,0.47423887587822017,Derek Richardson,1204
LeBron James,D.Scott,6,848,6,0,36,5491,6.0,6.475235849056604,-0.4752358490566042,3,358,0.5,0.4221698113207547,0.0778301886792453,6.471896955503513,0.47423887587822017,Danielle Scott,1628487
LeBron James,D.Stafford,20,834,18,2,125,5402,6.25,6.477218225419664,-0.22721822541966397,9,352,0.45,0.42206235011990406,0.02793764988009595,6.471896955503513,0.47423887587822017,Derrick Stafford,1195
LeBron James,D.Taylor,33,821,33,0,218,5309,6.606060606060606,6.466504263093788,0.1395563429668183,17,344,0.5151515151515151,0.4190012180267966,0.09615029712471856,6.471896955503513,0.47423887587822017,Dedric Taylor,203592
LeBron James,E.Dalen,35,819,34,1,223,5304,6.371428571428571,6.476190476190476,-0.10476190476190528,23,338,0.6571428571428571,0.4126984126984127,0.24444444444444446,6.471896955503513,0.47423887587822017,Eric Dalen,200833
LeBron James,E.Lewis,36,818,34,2,295,5232,8.194444444444445,6.396088019559902,1.7983564248845427,15,346,0.4166666666666667,0.4229828850855746,-0.006316218418907893,6.471896955503513,0.47423887587822017,Eric Lewis,2715
LeBron James,E.Malloy,33,821,32,1,172,5355,5.212121212121212,6.522533495736906,-1.310412283615694,13,348,0.3939393939393939,0.4238733252131547,-0.02993393127376076,6.471896955503513,0.47423887587822017,Ed Malloy,2530
LeBron James,E.Roe,4,850,4,0,19,5508,4.75,6.48,-1.7300000000000004,2,359,0.5,0.4223529411764706,0.0776470588235294,6.471896955503513,0.47423887587822017,Eli Roe,2532
LeBron James,E.Scott,6,848,6,0,25,5502,4.166666666666667,6.488207547169812,-2.3215408805031448,1,360,0.16666666666666666,0.42452830188679247,-0.25786163522012584,6.471896955503513,0.47423887587822017,Evan Scott,1628172
LeBron James,G.Petraitis,36,818,35,1,210,5317,5.833333333333333,6.5,-0.666666666666667,23,338,0.6388888888888888,0.4132029339853301,0.22568595490355875,6.471896955503513,0.47423887587822017,Gediminas Petraitis,204058
LeBron James,G.Zielinski,16,838,16,0,104,5423,6.5,6.471360381861575,0.02863961813842497,6,355,0.375,0.4236276849642005,-0.0486276849642005,6.471896955503513,0.47423887587822017,Gary Zielinski,1664
LeBron James,H.Workman,13,841,13,0,104,5423,8.0,6.448275862068965,1.5517241379310347,8,353,0.6153846153846154,0.41973840665873957,0.19564620872587585,6.471896955503513,0.47423887587822017,Haywoode Workman,201637
LeBron James,I.Hwang,4,850,4,0,18,5509,4.5,6.4811764705882355,-1.9811764705882355,1,360,0.25,0.4235294117647059,-0.17352941176470588,6.471896955503513,0.47423887587822017,Intae Hwang,1630886
LeBron James,J.Butler,20,834,20,0,101,5426,5.05,6.505995203836931,-1.455995203836931,10,351,0.5,0.420863309352518,0.07913669064748202,6.471896955503513,0.47423887587822017,John Butler,1628951
LeBron James,J.Capers,35,819,34,1,235,5292,6.714285714285714,6.461538461538462,0.25274725274725274,15,346,0.42857142857142855,0.42246642246642246,0.006105006105006083,6.471896955503513,0.47423887587822017,James Capers,1148
LeBron James,J.Conley,5,849,5,0,32,5495,6.4,6.472320376914016,-0.07232037691401594,4,357,0.8,0.4204946996466431,0.37950530035335694,6.471896955503513,0.47423887587822017,John Conley,1627519
LeBron James,J.Crawford,4,850,4,0,47,5480,11.75,6.447058823529412,5.302941176470588,2,359,0.5,0.4223529411764706,0.0776470588235294,6.471896955503513,0.47423887587822017,Joe Crawford,1153
LeBron James,J.DeRosa,22,832,22,0,151,5376,6.863636363636363,6.461538461538462,0.40209790209790164,10,351,0.45454545454545453,0.421875,0.03267045454545453,6.471896955503513,0.47423887587822017,JB DeRosa,1155
LeBron James,J.Goble,67,787,63,4,452,5075,6.746268656716418,6.44853875476493,0.2977299019514881,31,330,0.4626865671641791,0.4193138500635324,0.04337271710064672,6.471896955503513,0.47423887587822017,John Goble,101284
LeBron James,J.Goldenberg,21,833,21,0,120,5407,5.714285714285714,6.490996398559424,-0.7767106842737093,17,344,0.8095238095238095,0.4129651860744298,0.39655862344937975,6.471896955503513,0.47423887587822017,Jason Goldenberg,1626301
LeBron James,J.Orr,28,826,28,0,140,5387,5.0,6.521791767554479,-1.521791767554479,13,348,0.4642857142857143,0.4213075060532688,0.042978208232445525,6.471896955503513,0.47423887587822017,J.T. Orr,202037
LeBron James,J.Phillips,17,837,16,1,123,5404,7.235294117647059,6.456391875746714,0.7789022419003446,7,354,0.4117647058823529,0.4229390681003584,-0.011174362218005496,6.471896955503513,0.47423887587822017,Jason Phillips,2001
LeBron James,J.Ralls,1,853,1,0,2,5525,2.0,6.477139507620164,-4.477139507620164,0,361,0.0,0.4232121922626026,-0.4232121922626026,6.471896955503513,0.47423887587822017,JD Ralls,1628485
LeBron James,J.Reneau,2,852,2,0,21,5506,10.5,6.462441314553991,4.037558685446009,1,360,0.5,0.4225352112676056,0.07746478873239437,6.471896955503513,0.47423887587822017,Jenna Reneau,1628168
LeBron James,J.Schroeder,6,848,6,0,33,5494,5.5,6.47877358490566,-0.9787735849056602,3,358,0.5,0.4221698113207547,0.0778301886792453,6.471896955503513,0.47423887587822017,Jenna Schroeder,1628954
LeBron James,J.Sterling,17,837,17,0,98,5429,5.764705882352941,6.486260454002389,-0.721554571649448,9,352,0.5294117647058824,0.42054958183990443,0.10886218286597793,6.471896955503513,0.47423887587822017,Jonathan Sterling,1627964
LeBron James,J.Tiven,52,802,49,3,332,5195,6.384615384615385,6.477556109725686,-0.09294072511030116,27,334,0.5192307692307693,0.4164588528678304,0.10277191636293886,6.471896955503513,0.47423887587822017,Josh Tiven,201639
LeBron James,J.Van Duyne,41,813,41,0,225,5302,5.487804878048781,6.521525215252153,-1.0337203372033716,18,343,0.43902439024390244,0.4218942189421894,0.017130171301713015,6.471896955503513,0.47423887587822017,Justin Van Duyne,203593
LeBron James,J.Williams,46,808,43,3,304,5223,6.608695652173913,6.464108910891089,0.1445867412828239,18,343,0.391304347826087,0.4245049504950495,-0.03320060266896252,6.471896955503513,0.47423887587822017,James Williams,202058
LeBron James,K.Cutler,44,810,44,0,276,5251,6.2727272727272725,6.482716049382716,-0.20998877665544313,17,344,0.38636363636363635,0.4246913580246914,-0.038327721661055025,6.471896955503513,0.47423887587822017,Kevin Cutler,201246
LeBron James,K.Fitzgerald,24,830,23,1,138,5389,5.75,6.49277108433735,-0.7427710843373498,14,347,0.5833333333333334,0.41807228915662653,0.16526104417670684,6.471896955503513,0.47423887587822017,Kane Fitzgerald,201640
LeBron James,K.Lane,31,823,31,0,223,5304,7.193548387096774,6.444714459295262,0.7488339278015124,20,341,0.6451612903225806,0.41433778857837184,0.2308235017442088,6.471896955503513,0.47423887587822017,Karl Lane,202026
LeBron James,K.Mauer,21,833,21,0,141,5386,6.714285714285714,6.46578631452581,0.2484993997599041,9,352,0.42857142857142855,0.4225690276110444,0.006002400960384124,6.471896955503513,0.47423887587822017,Ken Mauer,1174
LeBron James,K.Scott,35,819,33,2,220,5307,6.285714285714286,6.47985347985348,-0.19413919413919434,15,346,0.42857142857142855,0.42246642246642246,0.006105006105006083,6.471896955503513,0.47423887587822017,Kevin Scott,202041
LeBron James,L.Holtkamp,20,834,20,0,149,5378,7.45,6.448441247002398,1.0015587529976022,9,352,0.45,0.42206235011990406,0.02793764988009595,6.471896955503513,0.47423887587822017,Lauren Holtkamp,203177
LeBron James,L.Richardson,18,836,18,0,128,5399,7.111111111111111,6.458133971291866,0.652977139819245,8,353,0.4444444444444444,0.4222488038277512,0.022195640616693213,6.471896955503513,0.47423887587822017,Leroy Richardson,1188
LeBron James,L.Wood,24,830,24,0,173,5354,7.208333333333333,6.450602409638554,0.7577309236947789,7,354,0.2916666666666667,0.42650602409638555,-0.13483935742971886,6.471896955503513,0.47423887587822017,Leon Wood,1201
LeBron James,M.Ayotte,29,825,29,0,193,5334,6.655172413793103,6.465454545454546,0.18971786833855742,18,343,0.6206896551724138,0.41575757575757577,0.20493207941483804,6.471896955503513,0.47423887587822017,Mark Ayotte,2148
LeBron James,M.Boland,32,822,32,0,215,5312,6.71875,6.462287104622871,0.25646289537712885,10,351,0.3125,0.42700729927007297,-0.11450729927007297,6.471896955503513,0.47423887587822017,Matt Boland,2005
LeBron James,M.Callahan,22,832,22,0,168,5359,7.636363636363637,6.441105769230769,1.1952578671328675,11,350,0.5,0.4206730769230769,0.07932692307692307,6.471896955503513,0.47423887587822017,Mike Callahan,1147
LeBron James,M.Dagher,17,837,17,0,103,5424,6.0588235294117645,6.480286738351254,-0.42146320893948985,6,355,0.35294117647058826,0.4241338112305854,-0.07119263475999715,6.471896955503513,0.47423887587822017,Mousa Dagher,1628159
LeBron James,M.Davis,45,809,40,5,296,5231,6.5777777777777775,6.4660074165636585,0.11177036121411899,25,336,0.5555555555555556,0.415327564894932,0.14022799066062358,6.471896955503513,0.47423887587822017,Marc Davis,1830
LeBron James,M.Ervin,22,832,20,2,137,5390,6.2272727272727275,6.478365384615385,-0.2510926573426575,11,350,0.5,0.4206730769230769,0.07932692307692307,6.471896955503513,0.47423887587822017,Mitchell Ervin,203591
LeBron James,M.Kallio,6,848,6,0,35,5492,5.833333333333333,6.476415094339623,-0.6430817610062896,3,358,0.5,0.4221698113207547,0.0778301886792453,6.471896955503513,0.47423887587822017,Matt Kallio,1627526
LeBron James,M.Kogut,29,825,29,0,183,5344,6.310344827586207,6.4775757575757575,-0.16723092998955025,20,341,0.6896551724137931,0.41333333333333333,0.2763218390804598,6.471896955503513,0.47423887587822017,Marat Kogut,201245
LeBron James,M.Lindsay,28,826,28,0,199,5328,7.107142857142857,6.450363196125908,0.656779661016949,15,346,0.5357142857142857,0.4188861985472155,0.11682808716707022,6.471896955503513,0.47423887587822017,Mark Lindsay,200834
LeBron James,M.McCutchen,20,834,18,2,146,5381,7.3,6.452038369304557,0.8479616306954432,13,348,0.65,0.4172661870503597,0.2327338129496403,6.471896955503513,0.47423887587822017,Monty McCutchen,1176
LeBron James,M.Myers,18,836,18,0,110,5417,6.111111111111111,6.479665071770335,-0.3685539606592245,13,348,0.7222222222222222,0.41626794258373206,0.30595427963849015,6.471896955503513,0.47423887587822017,Matt Myers,202901
LeBron James,M.Smith,34,820,34,0,233,5294,6.852941176470588,6.45609756097561,0.39684361549497815,16,345,0.47058823529411764,0.42073170731707316,0.049856527977044485,6.471896955503513,0.47423887587822017,Michael Smith,1193
LeBron James,N.Buchert,35,819,34,1,205,5322,5.857142857142857,6.498168498168498,-0.6410256410256414,18,343,0.5142857142857142,0.4188034188034188,0.09548229548229542,6.471896955503513,0.47423887587822017,Nick Buchert,202007
LeBron James,N.Green,9,845,9,0,43,5484,4.777777777777778,6.489940828402367,-1.7121630506245893,4,357,0.4444444444444444,0.42248520710059173,0.02195923734385269,6.471896955503513,0.47423887587822017,Nate Green,1627524
LeBron James,N.Sago,17,837,17,0,89,5438,5.235294117647059,6.497013142174432,-1.2617190245273733,11,350,0.6470588235294118,0.41816009557945044,0.22889872794996136,6.471896955503513,0.47423887587822017,Natalie Sago,1627541
LeBron James,P.Fraher,30,824,28,2,224,5303,7.466666666666667,6.435679611650485,1.0309870550161815,13,348,0.43333333333333335,0.4223300970873786,0.011003236245954728,6.471896955503513,0.47423887587822017,Pat Fraher,2003
LeBron James,P.Ransom,8,846,8,0,34,5493,4.25,6.49290780141844,-2.24290780141844,7,354,0.875,0.41843971631205673,0.45656028368794327,6.471896955503513,0.47423887587822017,Phenizee Ransom,1627963
LeBron James,R.Acosta,26,828,24,2,162,5365,6.230769230769231,6.479468599033816,-0.24869936826458527,12,349,0.46153846153846156,0.4214975845410628,0.04004087699739878,6.471896955503513,0.47423887587822017,Ray Acosta,1626300
LeBron James,R.Garretson,14,840,14,0,79,5448,5.642857142857143,6.485714285714286,-0.8428571428571425,9,352,0.6428571428571429,0.41904761904761906,0.22380952380952385,6.471896955503513,0.47423887587822017,Ron Garretson,1164
LeBron James,R.Hussey,3,851,3,0,15,5512,5.0,6.477085781433607,-1.4770857814336074,2,359,0.6666666666666666,0.4218566392479436,0.24481002741872304,6.471896955503513,0.47423887587822017,Robert Hussey,1628480
LeBron James,R.Mott,31,823,31,0,195,5332,6.290322580645161,6.478736330498178,-0.18841374985301673,16,345,0.5161290322580645,0.41919805589307413,0.09693097636499037,6.471896955503513,0.47423887587822017,Rodney Mott,1179
LeBron James,S.Anderson,12,842,12,0,103,5424,8.583333333333334,6.441805225653207,2.141528107680127,6,355,0.5,0.42161520190023755,0.07838479809976245,6.471896955503513,0.47423887587822017,Steve Anderson,202000
LeBron James,S.Corbin,24,830,23,1,166,5361,6.916666666666667,6.459036144578313,0.45763052208835386,12,349,0.5,0.42048192771084336,0.07951807228915664,6.471896955503513,0.47423887587822017,Sean Corbin,1151
LeBron James,S.Foster,52,802,50,2,336,5191,6.461538461538462,6.472568578553616,-0.011030117015153884,23,338,0.4423076923076923,0.42144638403990026,0.020861308267792034,6.471896955503513,0.47423887587822017,Scott Foster,1162
LeBron James,S.Jelks,4,850,4,0,26,5501,6.5,6.471764705882353,0.028235294117647136,1,360,0.25,0.4235294117647059,-0.17352941176470588,6.471896955503513,0.47423887587822017,Simone Jelks,1628481
LeBron James,S.Mehta,7,847,7,0,48,5479,6.857142857142857,6.468713105076741,0.3884297520661155,4,357,0.5714285714285714,0.4214876033057851,0.1499409681227863,6.471896955503513,0.47423887587822017,Suyash Mehta,1627529
LeBron James,S.Mitchell,4,850,4,0,15,5512,3.75,6.484705882352941,-2.734705882352941,2,359,0.5,0.4223529411764706,0.0776470588235294,6.471896955503513,0.47423887587822017,Sha'Rae Mitchell,1629178
LeBron James,S.Twardoski,41,813,41,0,234,5293,5.7073170731707314,6.5104551045510455,-0.803138031380314,21,340,0.5121951219512195,0.4182041820418204,0.09399093990939911,6.471896955503513,0.47423887587822017,Scott Twardoski,202053
LeBron James,S.Wall,20,834,20,0,137,5390,6.85,6.462829736211031,0.3871702637889687,8,353,0.4,0.42326139088729015,-0.023261390887290123,6.471896955503513,0.47423887587822017,Scott Wall,1198
LeBron James,S.Wright,42,812,40,2,258,5269,6.142857142857143,6.488916256157635,-0.346059113300492,20,341,0.47619047619047616,0.41995073891625617,0.05623973727421999,6.471896955503513,0.47423887587822017,Sean Wright,2882
LeBron James,T.Brothers,35,819,34,1,214,5313,6.114285714285714,6.487179487179487,-0.37289377289377335,18,343,0.5142857142857142,0.4188034188034188,0.09548229548229542,6.471896955503513,0.47423887587822017,Tony Brothers,1146
LeBron James,T.Brown,22,832,22,0,117,5410,5.318181818181818,6.502403846153846,-1.1842220279720275,10,351,0.45454545454545453,0.421875,0.03267045454545453,6.471896955503513,0.47423887587822017,Tony Brown,2529
LeBron James,T.Ford,36,818,36,0,201,5326,5.583333333333333,6.511002444987775,-0.927669111654442,26,335,0.7222222222222222,0.4095354523227384,0.3126867698994838,6.471896955503513,0.47423887587822017,Tyler Ford,204059
LeBron James,T.Maddox,34,820,32,2,207,5320,6.088235294117647,6.487804878048781,-0.3995695839311342,15,346,0.4411764705882353,0.4219512195121951,0.019225251076040173,6.471896955503513,0.47423887587822017,Tre Maddox,202027
LeBron James,T.Ricks,3,851,3,0,16,5511,5.333333333333333,6.475910693301998,-1.1425773599686648,0,361,0.0,0.42420681551116335,-0.42420681551116335,6.471896955503513,0.47423887587822017,Tyler Ricks,1627539
LeBron James,T.Washington,30,824,30,0,174,5353,5.8,6.496359223300971,-0.6963592233009708,15,346,0.5,0.4199029126213592,0.0800970873786408,6.471896955503513,0.47423887587822017,Tom Washington,1199
LeBron James,V.Palmer,2,852,2,0,12,5515,6.0,6.473004694835681,-0.47300469483568097,0,361,0.0,0.42370892018779344,-0.42370892018779344,6.471896955503513,0.47423887587822017,Violet Palmer,1185
LeBron James,Z.Zarba,42,812,40,2,287,5240,6.833333333333333,6.45320197044335,0.3801313628899834,21,340,0.5,0.4187192118226601,0.08128078817733991,6.471896955503513,0.47423887587822017,Zach Zarba,2534
Nikola Jokic,A.Abazi,1,838,1,0,8,4098,8.0,4.890214797136038,3.1097852028639617,0,0,0.0,0.0,0.0,4.893921334922527,0.0,Agon Abazi,196295108
Nikola Jokic,A.Moyer-Gleich,11,828,11,0,85,4021,7.7272727272727275,4.856280193236715,2.870992534036013,0,0,0.0,0.0,0.0,4.893921334922527,0.0,Ashley Moyer-Gleich,1628953
Nikola Jokic,A.Nagy,10,829,10,0,40,4066,4.0,4.904704463208685,-0.9047044632086854,0,0,0.0,0.0,0.0,4.893921334922527,0.0,Andy Nagy,1627534
Nikola Jokic,A.Smith,26,813,25,1,106,4000,4.076923076923077,4.920049200492005,-0.8431261235689282,0,0,0.0,0.0,0.0,4.893921334922527,0.0,Aaron Smith,1626302
Nikola Jokic,B.Adair,16,823,16,0,99,4007,6.1875,4.868772782503037,1.3187272174969626,0,0,0.0,0.0,0.0,4.893921334922527,0.0,Brandon Adair,1627961
Nikola Jokic,B.Adams,17,822,17,0,49,4057,2.8823529411764706,4.935523114355231,-2.0531701731787604,0,0,0.0,0.0,0.0,4.893921334922527,0.0,Bennie Adams,1363
Nikola Jokic,B.Barnaky,33,806,32,1,141,3965,4.2727272727272725,4.919354838709677,-0.6466275659824046,0,0,0.0,0.0,0.0,4.893921334922527,0.0,Brent Barnaky,201638
Nikola Jokic,B.Forte,48,791,44,4,276,3830,5.75,4.841972187104931,0.9080278128950692,0,0,0.0,0.0,0.0,4.893921334922527,0.0,Brian Forte,101283
Nikola Jokic,B.Haskill,2,837,2,0,11,4095,5.5,4.89247311827957,0.60752688172043,0,0,0.0,0.0,0.0,4.893921334922527,0.0,Brent Haskill,1629175
Nikola Jokic,B.Kennedy,38,801,35,3,173,3933,4.552631578947368,4.910112359550562,-0.35748078060319344,0,0,0.0,0.0,0.0,4.893921334922527,0.0,Bill Kennedy,1662
Nikola Jokic,B.Nansel,36,803,36,0,188,3918,5.222222222222222,4.87920298879203,0.34301923343019247,0,0,0.0,0.0,0.0,4.893921334922527,0.0,Brett Nansel,202035
Nikola Jokic,B.Schwab,10,829,10,0,80,4026,8.0,4.856453558504222,3.1435464414957783,0,0,0.0,0.0,0.0,4.893921334922527,0.0,Brandon Schwab,1628171
Nikola Jokic,B.Spooner,8,831,8,0,25,4081,3.125,4.910950661853189,-1.7859506618531888,0,0,0.0,0.0,0.0,4.893921334922527,0.0,Bill Spooner,1194
Nikola Jokic,B.Taylor,35,804,32,3,153,3953,4.371428571428571,4.916666666666667,-0.545238095238096,0,0,0.0,0.0,0.0,4.893921334922527,0.0,Ben Taylor,202049
Nikola Jokic,C.Blair,32,807,28,4,135,3971,4.21875,4.920693928128872,-0.7019439281288724,0,0,0.0,0.0,0.0,4.893921334922527,0.0,Curtis Blair,200832
Nikola Jokic,C.Flores,7,832,7,0,25,4081,3.5714285714285716,4.905048076923077,-1.333619505494505,0,0,0.0,0.0,0.0,4.893921334922527,0.0,Che Flores,203054
Nikola Jokic,C.Kirkland,35,804,32,3,174,3932,4.9714285714285715,4.890547263681592,0.08088130774697966,0,0,0.0,0.0,0.0,4.893921334922527,0.0,Courtney Kirkland,2004
Nikola Jokic,C.Washington,25,814,25,0,146,3960,5.84,4.864864864864865,0.975135135135135,0,0,0.0,0.0,0.0,4.893921334922527,0.0,CJ Washington,202056
Nikola Jokic,D.Collins,30,809,29,1,153,3953,5.1,4.88627935723115,0.21372064276885006,0,0,0.0,0.0,0.0,4.893921334922527,0.0,Derrick Collins,2002
Nikola Jokic,D.Crawford,10,829,10,0,36,4070,3.6,4.909529553679132,-1.3095295536791318,0,0,0.0,0.0,0.0,4.893921334922527,0.0,Dan Crawford,1152
Nikola Jokic,D.Guthrie,29,810,22,7,154,3952,5.310344827586207,4.879012345679012,0.4313324819071953,0,0,0.0,0.0,0.0,4.893921334922527,0.0,David Guthrie,2714
Nikola Jokic,D.Jones,4,835,4,0,12,4094,3.0,4.902994011976048,-1.9029940119760482,0,0,0.0,0.0,0.0,4.893921334922527,0.0,David Jones,1168
Nikola Jokic,D.Mosher,11,828,11,0,58,4048,5.2727272727272725,4.888888888888889,0.3838383838383832,0,0,0.0,0.0,0.0,4.893921334922527,0.0,Dannica Mosher,1628484
Nikola Jokic,D.Richardson,35,804,35,0,155,3951,4.428571428571429,4.914179104477612,-0.48560767590618337,0,0,0.0,0.0,0.0,4.893921334922527,0.0,Derek Richardson,1204
Nikola Jokic,D.Scott,10,829,10,0,50,4056,5.0,4.892641737032569,0.10735826296743056,0,0,0.0,0.0,0.0,4.893921334922527,0.0,Danielle Scott,1628487
Nikola Jokic,D.Stafford,8,831,8,0,34,4072,4.25,4.900120336943441,-0.6501203369434414,0,0,0.0,0.0,0.0,4.893921334922527,0.0,Derrick Stafford,1195
Nikola Jokic,D.Taylor,34,805,33,1,161,3945,4.735294117647059,4.900621118012422,-0.1653270003653633,0,0,0.0,0.0,0.0,4.893921334922527,0.0,Dedric Taylor,203592
Nikola Jokic,E.Dalen,32,807,30,2,144,3962,4.5,4.909541511771995,-0.4095415117719954,0,0,0.0,0.0,0.0,4.893921334922527,0.0,Eric Dalen,200833
Nikola Jokic,E.Lewis,37,802,33,4,175,3931,4.72972972972973,4.901496259351621,-0.1717665296218911,0,0,0.0,0.0,0.0,4.893921334922527,0.0,Eric Lewis,2715
Nikola Jokic,E.Malloy,41,798,38,3,198,3908,4.829268292682927,4.897243107769423,-0.0679748150864965,0,0,0.0,0.0,0.0,4.893921334922527,0.0,Ed Malloy,2530
Nikola Jokic,E.Roe,3,836,3,0,6,4100,2.0,4.904306220095694,-2.9043062200956937,0,0,0.0,0.0,0.0,4.893921334922527,0.0,Eli Roe,2532
Nikola Jokic,E.Scott,12,827,12,0,73,4033,6.083333333333333,4.876662636033857,1.2066706972994758,0,0,0.0,0.0,0.0,4.893921334922527,0.0,Evan Scott,1628172
Nikola Jokic,G.Petraitis,39,800,37,2,174,3932,4.461538461538462,4.915,-0.45346153846153836,0,0,0.0,0.0,0.0,4.893921334922527,0.0,Gediminas Petraitis,204058
Nikola Jokic,G.Zielinski,13,826,13,0,40,4066,3.076923076923077,4.9225181598062955,-1.8455950828832184,0,0,0.0,0.0,0.0,4.893921334922527,0.0,Gary Zielinski,1664
Nikola Jokic,H.Workman,14,825,14,0,51,4055,3.642857142857143,4.915151515151515,-1.2722943722943723,0,0,0.0,0.0,0.0,4.893921334922527,0.0,Haywoode Workman,201637
Nikola Jokic,I.Hwang,4,835,4,0,31,4075,7.75,4.880239520958084,2.869760479041916,0,0,0.0,0.0,0.0,4.893921334922527,0.0,Intae Hwang,1630886
Nikola Jokic,J.Butler,24,815,24,0,137,3969,5.708333333333333,4.869938650306748,0.8383946830265847,0,0,0.0,0.0,0.0,4.893921334922527,0.0,John Butler,1628951
Nikola Jokic,J.Capers,39,800,36,3,152,3954,3.8974358974358974,4.9425,-1.0450641025641025,0,0,0.0,0.0,0.0,4.893921334922527,0.0,James Capers,1148
Nikola Jokic,J.Conley,6,833,6,0,41,4065,6.833333333333333,4.879951980792317,1.9533813525410162,0,0,0.0,0.0,0.0,4.893921334922527,0.0,John Conley,1627519
Nikola Jokic,J.DeRosa,26,813,26,0,128,3978,4.923076923076923,4.892988929889299,0.030087993187624562,0,0,0.0,0.0,0.0,4.893921334922527,0.0,JB DeRosa,1155
Nikola Jokic,J.Goble,64,775,56,8,359,3747,5.609375,4.8348387096774195,0.7745362903225805,0,0,0.0,0.0,0.0,4.893921334922527,0.0,John Goble,101284
Nikola Jokic,J.Goldenberg,16,823,16,0,89,4017,5.5625,4.880923450789793,0.6815765492102068,0,0,0.0,0.0,0.0,4.893921334922527,0.0,Jason Goldenberg,1626301
Nikola Jokic,J.Orr,30,809,30,0,133,3973,4.433333333333334,4.911001236093943,-0.47766790276060966,0,0,0.0,0.0,0.0,4.893921334922527,0.0,J.T. Orr,202037
Nikola Jokic,J.Phillips,12,827,11,1,63,4043,5.25,4.888754534461911,0.3612454655380892,0,0,0.0,0.0,0.0,4.893921334922527,0.0,Jason Phillips,2001
Nikola Jokic,J.Ralls,1,838,1,0,7,4099,7.0,4.891408114558472,2.1085918854415278,0,0,0.0,0.0,0.0,4.893921334922527,0.0,JD Ralls,1628485
Nikola Jokic,J.Schroeder,17,822,17,0,96,4010,5.647058823529412,4.878345498783455,0.7687133247459572,0,0,0.0,0.0,0.0,4.893921334922527,0.0,Jenna Schroeder,1628954
Nikola Jokic,J.Sterling,25,814,25,0,121,3985,4.84,4.895577395577396,-0.05557739557739616,0,0,0.0,0.0,0.0,4.893921334922527,0.0,Jonathan Sterling,1627964
Nikola Jokic,J.Tiven,43,796,36,7,247,3859,5.744186046511628,4.847989949748744,0.8961960967628846,0,0,0.0,0.0,0.0,4.893921334922527,0.0,Josh Tiven,201639
Nikola Jokic,J.Van Duyne,55,784,52,3,293,3813,5.327272727272727,4.863520408163265,0.4637523191094619,0,0,0.0,0.0,0.0,4.893921334922527,0.0,Justin Van Duyne,203593
Nikola Jokic,J.Williams,42,797,39,3,223,3883,5.309523809523809,4.872020075282308,0.4375037342415009,0,0,0.0,0.0,0.0,4.893921334922527,0.0,James Williams,202058
Nikola Jokic,K.Cutler,43,796,42,1,196,3910,4.558139534883721,4.9120603015075375,-0.35392076662381644,0,0,0.0,0.0,0.0,4.893921334922527,0.0,Kevin Cutler,201246
Nikola Jokic,K.Fitzgerald,23,816,23,0,87,4019,3.782608695652174,4.925245098039215,-1.1426364023870414,0,0,0.0,0.0,0.0,4.893921334922527,0.0,Kane Fitzgerald,201640
Nikola Jokic,K.Lane,39,800,36,3,205,3901,5.256410256410256,4.87625,0.38016025641025664,0,0,0.0,0.0,0.0,4.893921334922527,0.0,Karl Lane,202026
Nikola Jokic,K.Mauer,22,817,21,1,97,4009,4.409090909090909,4.906976744186046,-0.4978858350951372,0,0,0.0,0.0,0.0,4.893921334922527,0.0,Ken Mauer,1174
Nikola Jokic,K.Scott,37,802,34,3,178,3928,4.8108108108108105,4.897755610972569,-0.0869448001617581,0,0,0.0,0.0,0.0,4.893921334922527,0.0,Kevin Scott,202041
Nikola Jokic,L.Holtkamp,17,822,17,0,80,4026,4.705882352941177,4.897810218978102,-0.19192786603692547,0,0,0.0,0.0,0.0,4.893921334922527,0.0,Lauren Holtkamp,203177
Nikola Jokic,L.Richardson,16,823,16,0,47,4059,2.9375,4.931956257594168,-1.9944562575941678,0,0,0.0,0.0,0.0,4.893921334922527,0.0,Leroy Richardson,1188
Nikola Jokic,L.Wood,32,807,32,0,128,3978,4.0,4.929368029739777,-0.9293680297397771,0,0,0.0,0.0,0.0,4.893921334922527,0.0,Leon Wood,1201
Nikola Jokic,M.Ayotte,31,808,31,0,146,3960,4.709677419354839,4.900990099009901,-0.19131267965506193,0,0,0.0,0.0,0.0,4.893921334922527,0.0,Mark Ayotte,2148
Nikola Jokic,M.Boland,31,808,31,0,153,3953,4.935483870967742,4.892326732673268,0.04315713829447443,0,0,0.0,0.0,0.0,4.893921334922527,0.0,Matt Boland,2005
Nikola Jokic,M.Callahan,14,825,12,2,44,4062,3.142857142857143,4.923636363636364,-1.780779220779221,0,0,0.0,0.0,0.0,4.893921334922527,0.0,Mike Callahan,1147
Nikola Jokic,M.Dagher,26,813,26,0,148,3958,5.6923076923076925,4.868388683886839,0.8239190084208534,0,0,0.0,0.0,0.0,4.893921334922527,0.0,Mousa Dagher,1628159
Nikola Jokic,M.Davis,55,784,49,6,237,3869,4.3090909090909095,4.934948979591836,-0.6258580705009269,0,0,0.0,0.0,0.0,4.893921334922527,0.0,Marc Davis,1830
Nikola Jokic,M.Ervin,25,814,24,1,152,3954,6.08,4.857493857493857,1.222506142506143,0,0,0.0,0.0,0.0,4.893921334922527,0.0,Mitchell Ervin,203591
Nikola Jokic,M.Kallio,8,831,8,0,34,4072,4.25,4.900120336943441,-0.6501203369434414,0,0,0.0,0.0,0.0,4.893921334922527,0.0,Matt Kallio,1627526
Nikola Jokic,M.Kogut,33,806,31,2,169,3937,5.121212121212121,4.884615384615385,0.23659673659673608,0,0,0.0,0.0,0.0,4.893921334922527,0.0,Marat Kogut,201245
Nikola Jokic,M.Lindsay,50,789,47,3,194,3912,3.88,4.9581749049429655,-1.0781749049429656,0,0,0.0,0.0,0.0,4.893921334922527,0.0,Mark Lindsay,200834
Nikola Jokic,M.McCutchen,8,831,8,0,27,4079,3.375,4.908543922984356,-1.5335439229843564,0,0,0.0,0.0,0.0,4.893921334922527,0.0,Monty McCutchen,1176
Nikola Jokic,M.Myers,12,827,12,0,66,4040,5.5,4.8851269649334945,0.6148730350665055,0,0,0.0,0.0,0.0,4.893921334922527,0.0,Matt Myers,202901
Nikola Jokic,M.Smith,31,808,31,0,183,3923,5.903225806451613,4.85519801980198,1.0480277866496328,0,0,0.0,0.0,0.0,4.893921334922527,0.0,Michael Smith,1193
Nikola Jokic,N.Buchert,35,804,33,2,190,3916,5.428571428571429,4.870646766169155,0.5579246624022742,0,0,0.0,0.0,0.0,4.893921334922527,0.0,Nick Buchert,202007
Nikola Jokic,N.Green,10,829,10,0,65,4041,6.5,4.874547647768396,1.625452352231604,0,0,0.0,0.0,0.0,4.893921334922527,0.0,Nate Green,1627524
Nikola Jokic,N.Sago,24,815,23,1,151,3955,6.291666666666667,4.852760736196319,1.438905930470348,0,0,0.0,0.0,0.0,4.893921334922527,0.0,Natalie Sago,1627541
Nikola Jokic,P.Fraher,37,802,33,4,163,3943,4.405405405405405,4.91645885286783,-0.5110534474624249,0,0,0.0,0.0,0.0,4.893921334922527,0.0,Pat Fraher,2003
Nikola Jokic,P.Ransom,19,820,19,0,85,4021,4.473684210526316,4.9036585365853655,-0.4299743260590496,0,0,0.0,0.0,0.0,4.893921334922527,0.0,Phenizee Ransom,1627963
Nikola Jokic,R.Acosta,29,810,26,3,146,3960,5.0344827586206895,4.888888888888889,0.14559386973180022,0,0,0.0,0.0,0.0,4.893921334922527,0.0,Ray Acosta,1626300
Nikola Jokic,R.Garretson,21,818,21,0,47,4059,2.238095238095238,4.962102689486553,-2.724007451391315,0,0,0.0,0.0,0.0,4.893921334922527,0.0,Ron Garretson,1164
Nikola Jokic,R.Hussey,7,832,7,0,56,4050,8.0,4.867788461538462,3.1322115384615383,0,0,0.0,0.0,0.0,4.893921334922527,0.0,Robert Hussey,1628480
Nikola Jokic,R.Mott,34,805,33,1,126,3980,3.7058823529411766,4.944099378881988,-1.238217025940811,0,0,0.0,0.0,0.0,4.893921334922527,0.0,Rodney Mott,1179
Nikola Jokic,S.Anderson,5,834,5,0,18,4088,3.6,4.90167865707434,-1.3016786570743402,0,0,0.0,0.0,0.0,4.893921334922527,0.0,Steve Anderson,202000
Nikola Jokic,S.Corbin,29,810,28,1,137,3969,4.724137931034483,4.9,-0.17586206896551726,0,0,0.0,0.0,0.0,4.893921334922527,0.0,Sean Corbin,1151
Nikola Jokic,S.Foster,42,797,37,5,186,3920,4.428571428571429,4.918444165621079,-0.48987273704964984,0,0,0.0,0.0,0.0,4.893921334922527,0.0,Scott Foster,1162
Nikola Jokic,S.Jelks,6,833,6,0,35,4071,5.833333333333333,4.8871548619447776,0.9461784713885555,0,0,0.0,0.0,0.0,4.893921334922527,0.0,Simone Jelks,1628481
Nikola Jokic,S.Mehta,3,836,3,0,16,4090,5.333333333333333,4.892344497607655,0.44098883572567793,0,0,0.0,0.0,0.0,4.893921334922527,0.0,Suyash Mehta,1627529
Nikola Jokic,S.Mitchell,8,831,8,0,47,4059,5.875,4.884476534296029,0.990523465703971,0,0,0.0,0.0,0.0,4.893921334922527,0.0,Sha'Rae Mitchell,1629178
Nikola Jokic,S.Twardoski,41,798,40,1,206,3900,5.024390243902439,4.887218045112782,0.13717219878965725,0,0,0.0,0.0,0.0,4.893921334922527,0.0,Scott Twardoski,202053
Nikola Jokic,S.Wall,22,817,22,0,91,4015,4.136363636363637,4.914320685434516,-0.7779570490708796,0,0,0.0,0.0,0.0,4.893921334922527,0.0,Scott Wall,1198
Nikola Jokic,S.Wright,53,786,47,6,277,3829,5.226415094339623,4.871501272264631,0.3549138220749919,0,0,0.0,0.0,0.0,4.893921334922527,0.0,Sean Wright,2882
Nikola Jokic,T.Brothers,45,794,39,6,291,3815,6.466666666666667,4.80478589420655,1.6618807724601172,0,0,0.0,0.0,0.0,4.893921334922527,0.0,Tony Brothers,1146
Nikola Jokic,T.Brown,23,816,23,0,92,4014,4.0,4.919117647058823,-0.9191176470588234,0,0,0.0,0.0,0.0,4.893921334922527,0.0,Tony Brown,2529
Nikola Jokic,T.Ford,27,812,25,2,146,3960,5.407407407407407,4.876847290640394,0.5305601167670133,0,0,0.0,0.0,0.0,4.893921334922527,0.0,Tyler Ford,204059
Nikola Jokic,T.Maddox,49,790,47,2,242,3864,4.938775510204081,4.891139240506329,0.04763626969775192,0,0,0.0,0.0,0.0,4.893921334922527,0.0,Tre Maddox,202027
Nikola Jokic,T.Mirkovich,2,837,2,0,7,4099,3.5,4.897252090800478,-1.3972520908004782,0,0,0.0,0.0,0.0,4.893921334922527,0.0,Tyler Mirkovich,1628482
Nikola Jokic,T.Ricks,1,838,1,0,9,4097,9.0,4.889021479713604,4.110978520286396,0,0,0.0,0.0,0.0,4.893921334922527,0.0,Tyler Ricks,1627539
Nikola Jokic,T.Washington,31,808,29,2,131,3975,4.225806451612903,4.919554455445544,-0.6937480038326411,0,0,0.0,0.0,0.0,4.893921334922527,0.0,Tom Washington,1199
Nikola Jokic,V.Voyard-Tadal,2,837,2,0,6,4100,3.0,4.898446833930705,-1.8984468339307048,0,0,0.0,0.0,0.0,4.893921334922527,0.0,Vladimir Voyard-Tadal,1626303
Nikola Jokic,Z.Zarba,44,795,38,6,235,3871,5.340909090909091,4.869182389937107,0.4717267009719839,0,0,0.0,0.0,0.0,4.893921334922527,0.0,Zach Zarba,2534
Damian Lillard,A.Moyer-Gleich,12,781,12,0,113,5387,9.416666666666666,6.897567221510884,2.519099445155782,4,404,0.3333333333333333,0.5172855313700384,-0.1839521980367051,6.935687263556116,0.5145018915510718,Ashley Moyer-Gleich,1628953
Damian Lillard,A.Nagy,15,778,15,0,103,5397,6.866666666666666,6.9370179948586115,-0.07035132819194523,9,399,0.6,0.512853470437018,0.08714652956298197,6.935687263556116,0.5145018915510718,Andy Nagy,1627534
Damian Lillard,A.Smith,22,771,22,0,110,5390,5.0,6.990920881971466,-1.9909208819714657,16,392,0.7272727272727273,0.5084306095979247,0.21884211767480255,6.935687263556116,0.5145018915510718,Aaron Smith,1626302
Damian Lillard,B.Adair,19,774,19,0,132,5368,6.947368421052632,6.935400516795865,0.011967904256766637,9,399,0.47368421052631576,0.5155038759689923,-0.04181966544267651,6.935687263556116,0.5145018915510718,Brandon Adair,1627961
Damian Lillard,B.Adams,25,768,25,0,137,5363,5.48,6.983072916666667,-1.5030729166666665,16,392,0.64,0.5104166666666666,0.12958333333333338,6.935687263556116,0.5145018915510718,Bennie Adams,1363
Damian Lillard,B.Barnaky,45,748,45,0,322,5178,7.155555555555556,6.922459893048129,0.2330956625074272,29,379,0.6444444444444445,0.5066844919786097,0.13775995246583483,6.935687263556116,0.5145018915510718,Brent Barnaky,201638
Damian Lillard,B.Forte,43,750,43,0,273,5227,6.348837209302325,6.969333333333333,-0.6204961240310078,23,385,0.5348837209302325,0.5133333333333333,0.0215503875968992,6.935687263556116,0.5145018915510718,Brian Forte,101283
Damian Lillard,B.Haskill,1,792,1,0,8,5492,8.0,6.934343434343434,1.0656565656565657,1,407,1.0,0.5138888888888888,0.48611111111111116,6.935687263556116,0.5145018915510718,Brent Haskill,1629175
Damian Lillard,B.Kennedy,34,759,34,0,255,5245,7.5,6.9104084321475625,0.5895915678524375,14,394,0.4117647058823529,0.5191040843214756,-0.10733937843912267,6.935687263556116,0.5145018915510718,Bill Kennedy,1662
Damian Lillard,B.Nansel,26,767,26,0,170,5330,6.538461538461538,6.9491525423728815,-0.41069100391134317,8,400,0.3076923076923077,0.5215123859191656,-0.2138200782268579,6.935687263556116,0.5145018915510718,Brett Nansel,202035
Damian Lillard,B.Salvatore,2,791,2,0,12,5488,6.0,6.938053097345133,-0.9380530973451329,1,407,0.5,0.5145385587863464,-0.014538558786346356,6.935687263556116,0.5145018915510718,Bennett Salvatore,1192
Damian Lillard,B.Schwab,7,786,7,0,46,5454,6.571428571428571,6.938931297709924,-0.3675027262813524,2,406,0.2857142857142857,0.5165394402035624,-0.23082515448927665,6.935687263556116,0.5145018915510718,Brandon Schwab,1628171
Damian Lillard,B.Spooner,23,770,23,0,161,5339,7.0,6.933766233766233,0.06623376623376664,13,395,0.5652173913043478,0.512987012987013,0.05223037831733479,6.935687263556116,0.5145018915510718,Bill Spooner,1194
Damian Lillard,B.Taylor,27,766,27,0,196,5304,7.2592592592592595,6.924281984334204,0.33497727492505547,12,396,0.4444444444444444,0.5169712793733682,-0.07252683492892376,6.935687263556116,0.5145018915510718,Ben Taylor,202049
Damian Lillard,C.Blair,32,761,31,1,266,5234,8.3125,6.877792378449409,1.434707621550591,19,389,0.59375,0.5111695137976346,0.08258048620236536,6.935687263556116,0.5145018915510718,Curtis Blair,200832
Damian Lillard,C.Flores,7,786,7,0,71,5429,10.142857142857142,6.907124681933842,3.2357324609233,5,403,0.7142857142857143,0.5127226463104325,0.20156306797528178,6.935687263556116,0.5145018915510718,Che Flores,203054
Damian Lillard,C.Kirkland,36,757,35,1,255,5245,7.083333333333333,6.928665785997358,0.15466754733597465,23,385,0.6388888888888888,0.5085865257595773,0.13030236312931154,6.935687263556116,0.5145018915510718,Courtney Kirkland,2004
Damian Lillard,C.Washington,16,777,16,0,129,5371,8.0625,6.912483912483912,1.1500160875160876,11,397,0.6875,0.510939510939511,0.17656048906048905,6.935687263556116,0.5145018915510718,CJ Washington,202056
Damian Lillard,D.Collins,39,754,38,1,289,5211,7.410256410256411,6.911140583554377,0.4991158267020337,20,388,0.5128205128205128,0.5145888594164456,-0.0017683465959328348,6.935687263556116,0.5145018915510718,Derrick Collins,2002
Damian Lillard,D.Crawford,9,784,9,0,56,5444,6.222222222222222,6.9438775510204085,-0.7216553287981862,5,403,0.5555555555555556,0.514030612244898,0.04152494331065759,6.935687263556116,0.5145018915510718,Dan Crawford,1152
Damian Lillard,D.Guthrie,36,757,34,2,258,5242,7.166666666666667,6.924702774108322,0.24196389255834472,14,394,0.3888888888888889,0.5204755614266843,-0.13158667253779538,6.935687263556116,0.5145018915510718,David Guthrie,2714
Damian Lillard,D.Jones,6,787,6,0,29,5471,4.833333333333333,6.951715374841169,-2.118382041507836,4,404,0.6666666666666666,0.5133418043202033,0.15332486234646336,6.935687263556116,0.5145018915510718,David Jones,1168
Damian Lillard,D.Mosher,2,791,2,0,17,5483,8.5,6.93173198482933,1.5682680151706698,0,408,0.0,0.515802781289507,-0.515802781289507,6.935687263556116,0.5145018915510718,Dannica Mosher,1628484
Damian Lillard,D.Richardson,29,764,29,0,191,5309,6.586206896551724,6.948952879581152,-0.36274598302942795,14,394,0.4827586206896552,0.5157068062827225,-0.03294818559306728,6.935687263556116,0.5145018915510718,Derek Richardson,1204
Damian Lillard,D.Scott,10,783,10,0,46,5454,4.6,6.9655172413793105,-2.365517241379311,6,402,0.6,0.5134099616858238,0.08659003831417622,6.935687263556116,0.5145018915510718,Danielle Scott,1628487
Damian Lillard,D.Stafford,10,783,10,0,59,5441,5.9,6.948914431673052,-1.0489144316730519,4,404,0.4,0.5159642401021711,-0.1159642401021711,6.935687263556116,0.5145018915510718,Derrick Stafford,1195
Damian Lillard,D.Taylor,33,760,31,2,241,5259,7.303030303030303,6.919736842105263,0.3832934609250396,19,389,0.5757575757575758,0.5118421052631579,0.06391547049441793,6.935687263556116,0.5145018915510718,Dedric Taylor,203592
Damian Lillard,E.Dalen,29,764,29,0,214,5286,7.379310344827586,6.9188481675392675,0.46046217728831884,15,393,0.5172413793103449,0.5143979057591623,0.0028434735511825293,6.935687263556116,0.5145018915510718,Eric Dalen,200833
Damian Lillard,E.Lewis,34,759,32,2,256,5244,7.529411764705882,6.909090909090909,0.6203208556149731,18,390,0.5294117647058824,0.5138339920948617,0.015577772611020668,6.935687263556116,0.5145018915510718,Eric Lewis,2715
Damian Lillard,E.Malloy,36,757,35,1,230,5270,6.388888888888889,6.961690885072655,-0.5728019961837658,21,387,0.5833333333333334,0.5112285336856011,0.07210479964773231,6.935687263556116,0.5145018915510718,Ed Malloy,2530
Damian Lillard,E.Roe,7,786,7,0,30,5470,4.285714285714286,6.959287531806615,-2.67357324609233,5,403,0.7142857142857143,0.5127226463104325,0.20156306797528178,6.935687263556116,0.5145018915510718,Eli Roe,2532
Damian Lillard,E.Scott,10,783,10,0,89,5411,8.9,6.910600255427842,1.9893997445721583,7,401,0.7,0.51213282247765,0.18786717752234994,6.935687263556116,0.5145018915510718,Evan Scott,1628172
Damian Lillard,G.Petraitis,42,751,42,0,303,5197,7.214285714285714,6.920106524633821,0.29417918965189305,24,384,0.5714285714285714,0.511318242343542,0.060110329085029446,6.935687263556116,0.5145018915510718,Gediminas Petraitis,204058
Damian Lillard,G.Zielinski,23,770,23,0,134,5366,5.826086956521739,6.968831168831169,-1.14274421230943,12,396,0.5217391304347826,0.5142857142857142,0.007453416149068359,6.935687263556116,0.5145018915510718,Gary Zielinski,1664
Damian Lillard,H.Workman,20,773,20,0,152,5348,7.6,6.918499353169469,0.6815006468305302,12,396,0.6,0.5122897800776197,0.08771021992238026,6.935687263556116,0.5145018915510718,Haywoode Workman,201637
Damian Lillard,I.Hwang,4,789,4,0,32,5468,8.0,6.930291508238276,1.0697084917617241,2,406,0.5,0.514575411913815,-0.01457541191381495,6.935687263556116,0.5145018915510718,Intae Hwang,1630886
Damian Lillard,J.Butler,19,774,19,0,123,5377,6.473684210526316,6.947028423772609,-0.4733442132462935,13,395,0.6842105263157895,0.5103359173126615,0.173874609003128,6.935687263556116,0.5145018915510718,John Butler,1628951
Damian Lillard,J.Capers,40,753,38,2,263,5237,6.575,6.954847277556441,-0.37984727755644077,19,389,0.475,0.5166002656042497,-0.041600265604249675,6.935687263556116,0.5145018915510718,James Capers,1148
Damian Lillard,J.Conley,8,785,8,0,62,5438,7.75,6.927388535031847,0.8226114649681531,6,402,0.75,0.5121019108280255,0.23789808917197452,6.935687263556116,0.5145018915510718,John Conley,1627519
Damian Lillard,J.Crawford,4,789,4,0,10,5490,2.5,6.9581749049429655,-4.4581749049429655,1,407,0.25,0.5158428390367554,-0.26584283903675543,6.935687263556116,0.5145018915510718,Joe Crawford,1153
Damian Lillard,J.DeRosa,25,768,25,0,212,5288,8.48,6.885416666666667,1.5945833333333335,13,395,0.52,0.5143229166666666,0.005677083333333388,6.935687263556116,0.5145018915510718,JB DeRosa,1155
Damian Lillard,J.Goble,56,737,55,1,348,5152,6.214285714285714,6.990502035278155,-0.7762163209924404,31,377,0.5535714285714286,0.5115332428765265,0.04203818569490214,6.935687263556116,0.5145018915510718,John Goble,101284
Damian Lillard,J.Goldenberg,13,780,13,0,111,5389,8.538461538461538,6.908974358974359,1.629487179487179,8,400,0.6153846153846154,0.5128205128205128,0.10256410256410264,6.935687263556116,0.5145018915510718,Jason Goldenberg,1626301
Damian Lillard,J.Orr,40,753,40,0,247,5253,6.175,6.9760956175298805,-0.8010956175298807,22,386,0.55,0.5126162018592297,0.03738379814077031,6.935687263556116,0.5145018915510718,J.T. Orr,202037
Damian Lillard,J.Phillips,21,772,19,2,124,5376,5.904761904761905,6.963730569948186,-1.0589686651862813,13,395,0.6190476190476191,0.5116580310880829,0.10738958795953613,6.935687263556116,0.5145018915510718,Jason Phillips,2001
Damian Lillard,J.Ralls,1,792,1,0,3,5497,3.0,6.940656565656566,-3.9406565656565657,1,407,1.0,0.5138888888888888,0.48611111111111116,6.935687263556116,0.5145018915510718,JD Ralls,1628485
Damian Lillard,J.Reneau,2,791,2,0,19,5481,9.5,6.929203539823009,2.5707964601769913,2,406,1.0,0.5132743362831859,0.48672566371681414,6.935687263556116,0.5145018915510718,Jenna Reneau,1628168
Damian Lillard,J.Schroeder,8,785,8,0,43,5457,5.375,6.951592356687898,-1.5765923566878977,3,405,0.375,0.5159235668789809,-0.1409235668789809,6.935687263556116,0.5145018915510718,Jenna Schroeder,1628954
Damian Lillard,J.Sterling,16,777,16,0,132,5368,8.25,6.908622908622909,1.3413770913770913,8,400,0.5,0.5148005148005148,-0.014800514800514808,6.935687263556116,0.5145018915510718,Jonathan Sterling,1627964
Damian Lillard,J.Tiven,38,755,37,1,271,5229,7.131578947368421,6.925827814569536,0.20575113279888502,23,385,0.6052631578947368,0.5099337748344371,0.0953293830602997,6.935687263556116,0.5145018915510718,Josh Tiven,201639
Damian Lillard,J.Van Duyne,25,768,25,0,176,5324,7.04,6.932291666666667,0.10770833333333307,9,399,0.36,0.51953125,-0.15953125,6.935687263556116,0.5145018915510718,Justin Van Duyne,203593
Damian Lillard,J.Williams,39,754,38,1,290,5210,7.435897435897436,6.909814323607427,0.5260831122900091,20,388,0.5128205128205128,0.5145888594164456,-0.0017683465959328348,6.935687263556116,0.5145018915510718,James Williams,202058
Damian Lillard,K.Cutler,32,761,32,0,216,5284,6.75,6.943495400788437,-0.19349540078843663,21,387,0.65625,0.5085413929040736,0.14770860709592637,6.935687263556116,0.5145018915510718,Kevin Cutler,201246
Damian Lillard,K.Fitzgerald,31,762,30,1,210,5290,6.774193548387097,6.942257217847769,-0.16806366946067186,11,397,0.3548387096774194,0.520997375328084,-0.16615866565066462,6.935687263556116,0.5145018915510718,Kane Fitzgerald,201640
Damian Lillard,K.Lane,48,745,46,2,338,5162,7.041666666666667,6.928859060402685,0.11280760626398223,23,385,0.4791666666666667,0.5167785234899329,-0.03761185682326623,6.935687263556116,0.5145018915510718,Karl Lane,202026
Damian Lillard,K.Mauer,30,763,29,1,168,5332,5.6,6.988204456094365,-1.388204456094365,14,394,0.4666666666666667,0.5163826998689384,-0.04971603320227169,6.935687263556116,0.5145018915510718,Ken Mauer,1174
Damian Lillard,K.Scott,27,766,26,1,170,5330,6.296296296296297,6.95822454308094,-0.661928246784643,12,396,0.4444444444444444,0.5169712793733682,-0.07252683492892376,6.935687263556116,0.5145018915510718,Kevin Scott,202041
Damian Lillard,L.Holtkamp,11,782,11,0,79,5421,7.181818181818182,6.932225063938619,0.24959311787956295,10,398,0.9090909090909091,0.5089514066496164,0.4001395024412927,6.935687263556116,0.5145018915510718,Lauren Holtkamp,203177
Damian Lillard,L.Richardson,28,765,28,0,188,5312,6.714285714285714,6.943790849673203,-0.2295051353874884,17,391,0.6071428571428571,0.5111111111111111,0.09603174603174602,6.935687263556116,0.5145018915510718,Leroy Richardson,1188
Damian Lillard,L.Wood,34,759,34,0,218,5282,6.411764705882353,6.959156785243742,-0.5473920793613889,18,390,0.5294117647058824,0.5138339920948617,0.015577772611020668,6.935687263556116,0.5145018915510718,Leon Wood,1201
Damian Lillard,M.Ayotte,36,757,36,0,245,5255,6.805555555555555,6.941875825627477,-0.1363202700719217,17,391,0.4722222222222222,0.5165125495376486,-0.04429032731542637,6.935687263556116,0.5145018915510718,Mark Ayotte,2148
Damian Lillard,M.Boland,33,760,33,0,239,5261,7.242424242424242,6.9223684210526315,0.3200558213716107,23,385,0.696969696969697,0.506578947368421,0.190390749601276,6.935687263556116,0.5145018915510718,Matt Boland,2005
Damian Lillard,M.Callahan,18,775,15,3,103,5397,5.722222222222222,6.9638709677419355,-1.2416487455197132,11,397,0.6111111111111112,0.512258064516129,0.09885304659498217,6.935687263556116,0.5145018915510718,Mike Callahan,1147
Damian Lillard,M.Dagher,23,770,23,0,194,5306,8.434782608695652,6.890909090909091,1.5438735177865617,17,391,0.7391304347826086,0.5077922077922078,0.23133822699040085,6.935687263556116,0.5145018915510718,Mousa Dagher,1628159
Damian Lillard,M.Davis,37,756,35,2,282,5218,7.621621621621622,6.902116402116402,0.7195052195052201,15,393,0.40540540540540543,0.5198412698412699,-0.11443586443586445,6.935687263556116,0.5145018915510718,Marc Davis,1830
Damian Lillard,M.Ervin,22,771,21,1,184,5316,8.363636363636363,6.8949416342412455,1.4686947293951178,12,396,0.5454545454545454,0.5136186770428015,0.031835868411743906,6.935687263556116,0.5145018915510718,Mitchell Ervin,203591
Damian Lillard,M.Kallio,8,785,8,0,71,5429,8.875,6.9159235668789805,1.9590764331210195,4,404,0.5,0.5146496815286624,-0.014649681528662417,6.935687263556116,0.5145018915510718,Matt Kallio,1627526
Damian Lillard,M.Kogut,29,764,29,0,215,5285,7.413793103448276,6.917539267015707,0.4962538364325688,15,393,0.5172413793103449,0.5143979057591623,0.0028434735511825293,6.935687263556116,0.5145018915510718,Marat Kogut,201245
Damian Lillard,M.Lindsay,30,763,29,1,245,5255,8.166666666666666,6.8872870249017035,1.2793796417649625,18,390,0.6,0.5111402359108781,0.08885976408912188,6.935687263556116,0.5145018915510718,Mark Lindsay,200834
Damian Lillard,M.McCutchen,11,782,11,0,80,5420,7.2727272727272725,6.930946291560102,0.3417809811671706,4,404,0.36363636363636365,0.5166240409207161,-0.15298767728435247,6.935687263556116,0.5145018915510718,Monty McCutchen,1176
Damian Lillard,M.Myers,13,780,13,0,95,5405,7.3076923076923075,6.92948717948718,0.37820512820512775,4,404,0.3076923076923077,0.517948717948718,-0.2102564102564103,6.935687263556116,0.5145018915510718,Matt Myers,202901
Damian Lillard,M.Smith,24,769,23,1,142,5358,5.916666666666667,6.967490247074123,-1.0508235804074557,13,395,0.5416666666666666,0.5136540962288687,0.028012570437797923,6.935687263556116,0.5145018915510718,Michael Smith,1193
Damian Lillard,N.Buchert,36,757,35,1,267,5233,7.416666666666667,6.912813738441216,0.5038529282254514,20,388,0.5555555555555556,0.512549537648613,0.043006017906942584,6.935687263556116,0.5145018915510718,Nick Buchert,202007
Damian Lillard,N.Green,10,783,10,0,88,5412,8.8,6.911877394636015,1.8881226053639857,5,403,0.5,0.5146871008939975,-0.014687100893997496,6.935687263556116,0.5145018915510718,Nate Green,1627524
Damian Lillard,N.Sago,14,779,14,0,79,5421,5.642857142857143,6.958921694480103,-1.3160645516229597,7,401,0.5,0.5147625160462131,-0.014762516046213148,6.935687263556116,0.5145018915510718,Natalie Sago,1627541
Damian Lillard,P.Fraher,28,765,28,0,192,5308,6.857142857142857,6.938562091503268,-0.08141923436041143,17,391,0.6071428571428571,0.5111111111111111,0.09603174603174602,6.935687263556116,0.5145018915510718,Pat Fraher,2003
Damian Lillard,P.Ransom,15,778,15,0,108,5392,7.2,6.930591259640103,0.26940874035989726,11,397,0.7333333333333333,0.5102827763496144,0.2230505569837189,6.935687263556116,0.5145018915510718,Phenizee Ransom,1627963
Damian Lillard,R.Acosta,24,769,24,0,175,5325,7.291666666666667,6.924577373211964,0.3670892934547032,10,398,0.4166666666666667,0.517555266579974,-0.10088859991330729,6.935687263556116,0.5145018915510718,Ray Acosta,1626300
Damian Lillard,R.Garretson,22,771,22,0,116,5384,5.2727272727272725,6.9831387808041505,-1.710411508076878,9,399,0.4090909090909091,0.5175097276264592,-0.10841881853555008,6.935687263556116,0.5145018915510718,Ron Garretson,1164
Damian Lillard,R.Hussey,7,786,7,0,65,5435,9.285714285714286,6.914758269720102,2.3709560159941843,4,404,0.5714285714285714,0.5139949109414759,0.05743366048709553,6.935687263556116,0.5145018915510718,Robert Hussey,1628480
Damian Lillard,R.Mott,36,757,34,2,244,5256,6.777777777777778,6.943196829590489,-0.16541905181271144,23,385,0.6388888888888888,0.5085865257595773,0.13030236312931154,6.935687263556116,0.5145018915510718,Rodney Mott,1179
Damian Lillard,R.Richardson,1,792,1,0,4,5496,4.0,6.9393939393939394,-2.9393939393939394,1,407,1.0,0.5138888888888888,0.48611111111111116,6.935687263556116,0.5145018915510718,Randy Richardson,1627538
Damian Lillard,S.Anderson,9,784,9,0,59,5441,6.555555555555555,6.940051020408164,-0.3844954648526082,5,403,0.5555555555555556,0.514030612244898,0.04152494331065759,6.935687263556116,0.5145018915510718,Steve Anderson,202000
Damian Lillard,S.Corbin,31,762,31,0,190,5310,6.129032258064516,6.968503937007874,-0.8394716789433581,18,390,0.5806451612903226,0.5118110236220472,0.0688341376682754,6.935687263556116,0.5145018915510718,Sean Corbin,1151
Damian Lillard,S.Foster,50,743,49,1,348,5152,6.96,6.934051144010767,0.02594885598923291,26,382,0.52,0.5141318977119784,0.005868102288021593,6.935687263556116,0.5145018915510718,Scott Foster,1162
Damian Lillard,S.Jelks,3,790,3,0,23,5477,7.666666666666667,6.932911392405063,0.733755274261604,2,406,0.6666666666666666,0.5139240506329114,0.15274261603375527,6.935687263556116,0.5145018915510718,Simone Jelks,1628481
Damian Lillard,S.Mehta,8,785,8,0,80,5420,10.0,6.904458598726115,3.095541401273885,4,404,0.5,0.5146496815286624,-0.014649681528662417,6.935687263556116,0.5145018915510718,Suyash Mehta,1627529
Damian Lillard,S.Mitchell,6,787,6,0,24,5476,4.0,6.958068614993647,-2.958068614993647,2,406,0.3333333333333333,0.5158831003811944,-0.18254976704786113,6.935687263556116,0.5145018915510718,Sha'Rae Mitchell,1629178
Damian Lillard,S.Twardoski,42,751,42,0,335,5165,7.976190476190476,6.8774966711051935,1.0986938050852828,26,382,0.6190476190476191,0.5086551264980027,0.11039249254961636,6.935687263556116,0.5145018915510718,Scott Twardoski,202053
Damian Lillard,S.Wall,19,774,19,0,94,5406,4.947368421052632,6.984496124031008,-2.037127702978376,11,397,0.5789473684210527,0.5129198966408268,0.06602747178022583,6.935687263556116,0.5145018915510718,Scott Wall,1198
Damian Lillard,S.Wright,28,765,27,1,180,5320,6.428571428571429,6.954248366013072,-0.5256769374416432,17,391,0.6071428571428571,0.5111111111111111,0.09603174603174602,6.935687263556116,0.5145018915510718,Sean Wright,2882
Damian Lillard,T.Brothers,38,755,37,1,269,5231,7.078947368421052,6.928476821192053,0.15047054722899933,19,389,0.5,0.5152317880794702,-0.015231788079470232,6.935687263556116,0.5145018915510718,Tony Brothers,1146
Damian Lillard,T.Brown,27,766,26,1,186,5314,6.888888888888889,6.93733681462141,-0.048447925732520325,18,390,0.6666666666666666,0.5091383812010444,0.15752828546562225,6.935687263556116,0.5145018915510718,Tony Brown,2529
Damian Lillard,T.Ford,32,761,32,0,234,5266,7.3125,6.919842312746386,0.39265768725361383,14,394,0.4375,0.5177398160315374,-0.0802398160315374,6.935687263556116,0.5145018915510718,Tyler Ford,204059
Damian Lillard,T.Maddox,44,749,42,2,288,5212,6.545454545454546,6.958611481975968,-0.41315693652142205,21,387,0.4772727272727273,0.5166889185580774,-0.03941619128535012,6.935687263556116,0.5145018915510718,Tre Maddox,202027
Damian Lillard,T.Mirkovich,1,792,1,0,7,5493,7.0,6.9356060606060606,0.06439393939393945,0,408,0.0,0.5151515151515151,-0.5151515151515151,6.935687263556116,0.5145018915510718,Tyler Mirkovich,1628482
Damian Lillard,T.Ricks,1,792,1,0,6,5494,6.0,6.936868686868687,-0.9368686868686869,1,407,1.0,0.5138888888888888,0.48611111111111116,6.935687263556116,0.5145018915510718,Tyler Ricks,1627539
Damian Lillard,T.Washington,24,769,24,0,160,5340,6.666666666666667,6.94408322496749,-0.277416558300823,20,388,0.8333333333333334,0.5045513654096229,0.3287819679237105,6.935687263556116,0.5145018915510718,Tom Washington,1199
Damian Lillard,V.Palmer,2,791,2,0,15,5485,7.5,6.934260429835651,0.5657395701643493,2,406,1.0,0.5132743362831859,0.48672566371681414,6.935687263556116,0.5145018915510718,Violet Palmer,1185
Damian Lillard,V.Voyard-Tadal,2,791,2,0,19,5481,9.5,6.929203539823009,2.5707964601769913,2,406,1.0,0.5132743362831859,0.48672566371681414,6.935687263556116,0.5145018915510718,Vladimir Voyard-Tadal,1626303
Damian Lillard,Z.Zarba,38,755,36,2,286,5214,7.526315789473684,6.905960264900663,0.6203555245730215,22,386,0.5789473684210527,0.5112582781456954,0.0676890902753573,6.935687263556116,0.5145018915510718,Zach Zarba,2534
DeMar DeRozan,A.Moyer-Gleich,22,838,22,0,170,5971,7.7272727272727275,7.1252983293556085,0.601974397917119,21,509,0.9545454545454546,0.6073985680190931,0.3471468865263615,7.140697674418605,0.6162790697674418,Ashley Moyer-Gleich,1628953
DeMar DeRozan,A.Nagy,15,845,15,0,98,6043,6.533333333333333,7.151479289940829,-0.6181459566074956,10,520,0.6666666666666666,0.6153846153846154,0.05128205128205121,7.140697674418605,0.6162790697674418,Andy Nagy,1627534
DeMar DeRozan,A.Smith,29,831,29,0,203,5938,7.0,7.14560770156438,-0.14560770156437997,22,508,0.7586206896551724,0.6113116726835138,0.14730901697165855,7.140697674418605,0.6162790697674418,Aaron Smith,1626302
DeMar DeRozan,B.Adair,12,848,12,0,70,6071,5.833333333333333,7.159198113207547,-1.3258647798742142,10,520,0.8333333333333334,0.6132075471698113,0.22012578616352207,7.140697674418605,0.6162790697674418,Brandon Adair,1627961
DeMar DeRozan,B.Adams,18,842,18,0,169,5972,9.38888888888889,7.092636579572447,2.2962523093164426,16,514,0.8888888888888888,0.6104513064133017,0.27843758247558714,7.140697674418605,0.6162790697674418,Bennie Adams,1363
DeMar DeRozan,B.Barnaky,43,817,43,0,307,5834,7.1395348837209305,7.140758873929008,-0.0012239902080777298,26,504,0.6046511627906976,0.616891064871481,-0.012239902080783405,7.140697674418605,0.6162790697674418,Brent Barnaky,201638
DeMar DeRozan,B.Forte,40,820,40,0,271,5870,6.775,7.158536585365853,-0.383536585365853,24,506,0.6,0.6170731707317073,-0.017073170731707332,7.140697674418605,0.6162790697674418,Brian Forte,101283
DeMar DeRozan,B.Haskill,1,859,1,0,6,6135,6.0,7.142025611175786,-1.1420256111757858,1,529,1.0,0.6158323632130385,0.38416763678696153,7.140697674418605,0.6162790697674418,Brent Haskill,1629175
DeMar DeRozan,B.Kennedy,30,830,30,0,227,5914,7.566666666666666,7.125301204819277,0.441365461847389,16,514,0.5333333333333333,0.619277108433735,-0.08594377510040163,7.140697674418605,0.6162790697674418,Bill Kennedy,1662
DeMar DeRozan,B.Nansel,27,833,27,0,207,5934,7.666666666666667,7.1236494597839135,0.5430172068827535,22,508,0.8148148148148148,0.60984393757503,0.2049708772397848,7.140697674418605,0.6162790697674418,Brett Nansel,202035
DeMar DeRozan,B.Salvatore,2,858,2,0,14,6127,7.0,7.141025641025641,-0.1410256410256414,1,529,0.5,0.6165501165501166,-0.1165501165501166,7.140697674418605,0.6162790697674418,Bennett Salvatore,1192
DeMar DeRozan,B.Schwab,12,848,12,0,65,6076,5.416666666666667,7.165094339622642,-1.748427672955975,8,522,0.6666666666666666,0.6155660377358491,0.05110062893081757,7.140697674418605,0.6162790697674418,Brandon Schwab,1628171
DeMar DeRozan,B.Spooner,12,848,12,0,82,6059,6.833333333333333,7.1450471698113205,-0.31171383647798745,6,524,0.5,0.6179245283018868,-0.11792452830188682,7.140697674418605,0.6162790697674418,Bill Spooner,1194
DeMar DeRozan,B.Taylor,36,824,35,1,263,5878,7.305555555555555,7.133495145631068,0.17206040992448735,17,513,0.4722222222222222,0.6225728155339806,-0.15035059331175837,7.140697674418605,0.6162790697674418,Ben Taylor,202049
DeMar DeRozan,C.Aubry,1,859,1,0,0,6141,0.0,7.149010477299185,-7.149010477299185,1,529,1.0,0.6158323632130385,0.38416763678696153,7.140697674418605,0.6162790697674418,Clare Aubry,1629422
DeMar DeRozan,C.Blair,49,811,48,1,345,5796,7.040816326530612,7.146732429099877,-0.10591610256926476,30,500,0.6122448979591837,0.6165228113440198,-0.004277913384836074,7.140697674418605,0.6162790697674418,Curtis Blair,200832
DeMar DeRozan,C.Flores,9,851,9,0,64,6077,7.111111111111111,7.141010575793184,-0.029899464682073607,4,526,0.4444444444444444,0.618096357226792,-0.1736519127823476,7.140697674418605,0.6162790697674418,Che Flores,203054
DeMar DeRozan,C.Kirkland,30,830,30,0,186,5955,6.2,7.174698795180723,-0.9746987951807231,20,510,0.6666666666666666,0.6144578313253012,0.052208835341365445,7.140697674418605,0.6162790697674418,Courtney Kirkland,2004
DeMar DeRozan,C.Washington,30,830,30,0,208,5933,6.933333333333334,7.148192771084338,-0.21485943775100402,20,510,0.6666666666666666,0.6144578313253012,0.052208835341365445,7.140697674418605,0.6162790697674418,CJ Washington,202056
DeMar DeRozan,D.Collins,25,835,25,0,173,5968,6.92,7.147305389221557,-0.22730538922155663,18,512,0.72,0.6131736526946108,0.1068263473053892,7.140697674418605,0.6162790697674418,Derrick Collins,2002
DeMar DeRozan,D.Crawford,6,854,6,0,45,6096,7.5,7.138173302107728,0.36182669789227173,4,526,0.6666666666666666,0.6159250585480094,0.050741608118657244,7.140697674418605,0.6162790697674418,Dan Crawford,1152
DeMar DeRozan,D.Guthrie,38,822,38,0,283,5858,7.447368421052632,7.126520681265207,0.32084773978742476,26,504,0.6842105263157895,0.6131386861313869,0.0710718401844026,7.140697674418605,0.6162790697674418,David Guthrie,2714
DeMar DeRozan,D.Jones,4,856,4,0,36,6105,9.0,7.132009345794392,1.8679906542056077,1,529,0.25,0.6179906542056075,-0.3679906542056075,7.140697674418605,0.6162790697674418,David Jones,1168
DeMar DeRozan,D.Mosher,8,852,8,0,60,6081,7.5,7.137323943661972,0.362676056338028,8,522,1.0,0.6126760563380281,0.38732394366197187,7.140697674418605,0.6162790697674418,Dannica Mosher,1628484
DeMar DeRozan,D.Richardson,38,822,38,0,270,5871,7.105263157894737,7.142335766423358,-0.0370726085286206,24,506,0.631578947368421,0.6155717761557178,0.01600717121270323,7.140697674418605,0.6162790697674418,Derek Richardson,1204
DeMar DeRozan,D.Scott,9,851,9,0,54,6087,6.0,7.152761457109283,-1.1527614571092828,6,524,0.6666666666666666,0.6157461809635723,0.050920485703094376,7.140697674418605,0.6162790697674418,Danielle Scott,1628487
DeMar DeRozan,D.Stafford,16,844,16,0,119,6022,7.4375,7.1350710900473935,0.3024289099526065,13,517,0.8125,0.6125592417061612,0.19994075829383884,7.140697674418605,0.6162790697674418,Derrick Stafford,1195
DeMar DeRozan,D.Taylor,36,824,36,0,265,5876,7.361111111111111,7.131067961165049,0.230043149946062,26,504,0.7222222222222222,0.6116504854368932,0.11057173678532906,7.140697674418605,0.6162790697674418,Dedric Taylor,203592
DeMar DeRozan,E.Dalen,33,827,33,0,245,5896,7.424242424242424,7.12938331318017,0.29485911106225426,24,506,0.7272727272727273,0.6118500604594922,0.1154226668132351,7.140697674418605,0.6162790697674418,Eric Dalen,200833
DeMar DeRozan,E.Lewis,39,821,39,0,283,5858,7.256410256410256,7.135200974421437,0.1212092819888193,25,505,0.6410256410256411,0.6151035322777101,0.025922108747930994,7.140697674418605,0.6162790697674418,Eric Lewis,2715
DeMar DeRozan,E.Malloy,48,812,48,0,343,5798,7.145833333333333,7.140394088669951,0.00543924466338197,35,495,0.7291666666666666,0.6096059113300493,0.11956075533661736,7.140697674418605,0.6162790697674418,Ed Malloy,2530
DeMar DeRozan,E.Roe,7,853,7,0,51,6090,7.285714285714286,7.139507620164126,0.14620666555015926,2,528,0.2857142857142857,0.6189917936694022,-0.33327750795511646,7.140697674418605,0.6162790697674418,Eli Roe,2532
DeMar DeRozan,E.Scott,18,842,18,0,132,6009,7.333333333333333,7.136579572446556,0.19675376088677687,12,518,0.6666666666666666,0.6152019002375297,0.05146476642913689,7.140697674418605,0.6162790697674418,Evan Scott,1628172
DeMar DeRozan,G.Petraitis,34,826,34,0,259,5882,7.617647058823529,7.121065375302663,0.4965816835208656,22,508,0.6470588235294118,0.6150121065375302,0.03204671699188155,7.140697674418605,0.6162790697674418,Gediminas Petraitis,204058
DeMar DeRozan,G.Zielinski,11,849,11,0,96,6045,8.727272727272727,7.120141342756184,1.607131384516543,5,525,0.45454545454545453,0.6183745583038869,-0.16382910375843235,7.140697674418605,0.6162790697674418,Gary Zielinski,1664
DeMar DeRozan,H.Workman,17,843,17,0,114,6027,6.705882352941177,7.149466192170818,-0.4435838392296416,10,520,0.5882352941176471,0.6168446026097272,-0.0286093084920801,7.140697674418605,0.6162790697674418,Haywoode Workman,201637
DeMar DeRozan,I.Hwang,5,855,5,0,43,6098,8.6,7.132163742690058,1.4678362573099415,1,529,0.2,0.6187134502923977,-0.41871345029239765,7.140697674418605,0.6162790697674418,Intae Hwang,1630886
DeMar DeRozan,J.Butler,14,846,14,0,113,6028,8.071428571428571,7.125295508274232,0.9461330631543392,7,523,0.5,0.6182033096926713,-0.11820330969267134,7.140697674418605,0.6162790697674418,John Butler,1628951
DeMar DeRozan,J.Capers,36,824,36,0,236,5905,6.555555555555555,7.16626213592233,-0.6107065803667746,26,504,0.7222222222222222,0.6116504854368932,0.11057173678532906,7.140697674418605,0.6162790697674418,James Capers,1148
DeMar DeRozan,J.Conley,10,850,10,0,93,6048,9.3,7.115294117647059,2.184705882352942,7,523,0.7,0.6152941176470588,0.08470588235294119,7.140697674418605,0.6162790697674418,John Conley,1627519
DeMar DeRozan,J.Crawford,4,856,4,0,11,6130,2.75,7.161214953271028,-4.411214953271028,2,528,0.5,0.616822429906542,-0.11682242990654201,7.140697674418605,0.6162790697674418,Joe Crawford,1153
DeMar DeRozan,J.DeRosa,29,831,29,0,210,5931,7.241379310344827,7.137184115523466,0.10419519482136153,20,510,0.6896551724137931,0.6137184115523465,0.07593676086144663,7.140697674418605,0.6162790697674418,JB DeRosa,1155
DeMar DeRozan,J.Goble,69,791,67,2,506,5635,7.333333333333333,7.123893805309734,0.20943952802359878,47,483,0.6811594202898551,0.6106194690265486,0.07053995126330648,7.140697674418605,0.6162790697674418,John Goble,101284
DeMar DeRozan,J.Goldenberg,21,839,21,0,130,6011,6.190476190476191,7.164481525625745,-0.9740053351495543,16,514,0.7619047619047619,0.6126340882002383,0.14927067370452352,7.140697674418605,0.6162790697674418,Jason Goldenberg,1626301
DeMar DeRozan,J.Orr,34,826,34,0,258,5883,7.588235294117647,7.12227602905569,0.46595926506195706,21,509,0.6176470588235294,0.6162227602905569,0.0014242985329725455,7.140697674418605,0.6162790697674418,J.T. Orr,202037
DeMar DeRozan,J.Phillips,18,842,18,0,150,5991,8.333333333333334,7.11520190023753,1.2181314330958042,10,520,0.5555555555555556,0.6175771971496437,-0.06202164159408807,7.140697674418605,0.6162790697674418,Jason Phillips,2001
DeMar DeRozan,J.Ralls,4,856,4,0,32,6109,8.0,7.136682242990654,0.8633177570093462,4,526,1.0,0.6144859813084113,0.38551401869158874,7.140697674418605,0.6162790697674418,JD Ralls,1628485
DeMar DeRozan,J.Reneau,2,858,2,0,16,6125,8.0,7.138694638694639,0.8613053613053614,1,529,0.5,0.6165501165501166,-0.1165501165501166,7.140697674418605,0.6162790697674418,Jenna Reneau,1628168
DeMar DeRozan,J.Schroeder,13,847,13,0,114,6027,8.76923076923077,7.115702479338843,1.653528289891927,8,522,0.6153846153846154,0.6162927981109799,-0.0009081827263645037,7.140697674418605,0.6162790697674418,Jenna Schroeder,1628954
DeMar DeRozan,J.Sterling,23,837,23,0,159,5982,6.913043478260869,7.146953405017921,-0.23390992675705213,17,513,0.7391304347826086,0.6129032258064516,0.12622720897615702,7.140697674418605,0.6162790697674418,Jonathan Sterling,1627964
DeMar DeRozan,J.Tiven,49,811,48,1,339,5802,6.918367346938775,7.154130702836005,-0.2357633558972294,29,501,0.5918367346938775,0.6177558569667078,-0.02591912227283022,7.140697674418605,0.6162790697674418,Josh Tiven,201639
DeMar DeRozan,J.Van Duyne,27,833,27,0,170,5971,6.296296296296297,7.168067226890757,-0.8717709305944599,17,513,0.6296296296296297,0.6158463385354142,0.0137832910942155,7.140697674418605,0.6162790697674418,Justin Van Duyne,203593
DeMar DeRozan,J.Williams,41,819,41,0,344,5797,8.390243902439025,7.078144078144078,1.3120998242949469,28,502,0.6829268292682927,0.612942612942613,0.06998421632567975,7.140697674418605,0.6162790697674418,James Williams,202058
DeMar DeRozan,K.Cutler,29,831,29,0,191,5950,6.586206896551724,7.160048134777377,-0.5738412382256524,17,513,0.5862068965517241,0.6173285198555957,-0.03112162330387158,7.140697674418605,0.6162790697674418,Kevin Cutler,201246
DeMar DeRozan,K.Fitzgerald,32,828,31,1,266,5875,8.3125,7.095410628019324,1.2170893719806761,19,511,0.59375,0.6171497584541062,-0.023399758454106245,7.140697674418605,0.6162790697674418,Kane Fitzgerald,201640
DeMar DeRozan,K.Lane,37,823,37,0,258,5883,6.972972972972973,7.14823815309842,-0.17526518012544745,32,498,0.8648648648648649,0.6051032806804374,0.2597615841844275,7.140697674418605,0.6162790697674418,Karl Lane,202026
DeMar DeRozan,K.Mauer,20,840,19,1,167,5974,8.35,7.1119047619047615,1.2380952380952381,12,518,0.6,0.6166666666666667,-0.01666666666666672,7.140697674418605,0.6162790697674418,Ken Mauer,1174
DeMar DeRozan,K.Scott,32,828,32,0,210,5931,6.5625,7.163043478260869,-0.6005434782608692,24,506,0.75,0.6111111111111112,0.13888888888888884,7.140697674418605,0.6162790697674418,Kevin Scott,202041
DeMar DeRozan,L.Holtkamp,23,837,23,0,186,5955,8.08695652173913,7.114695340501792,0.9722611812373385,14,516,0.6086956521739131,0.6164874551971327,-0.007791803023219579,7.140697674418605,0.6162790697674418,Lauren Holtkamp,203177
DeMar DeRozan,L.Richardson,18,842,18,0,129,6012,7.166666666666667,7.140142517814727,0.026524148851939877,10,520,0.5555555555555556,0.6175771971496437,-0.06202164159408807,7.140697674418605,0.6162790697674418,Leroy Richardson,1188
DeMar DeRozan,L.Wood,25,835,25,0,206,5935,8.24,7.107784431137724,1.132215568862276,14,516,0.56,0.6179640718562874,-0.05796407185628738,7.140697674418605,0.6162790697674418,Leon Wood,1201
DeMar DeRozan,M.Ayotte,25,835,25,0,181,5960,7.24,7.137724550898204,0.10227544910179631,13,517,0.52,0.6191616766467066,-0.09916167664670661,7.140697674418605,0.6162790697674418,Mark Ayotte,2148
DeMar DeRozan,M.Boland,38,822,38,0,305,5836,8.026315789473685,7.099756690997567,0.9265590984761181,24,506,0.631578947368421,0.6155717761557178,0.01600717121270323,7.140697674418605,0.6162790697674418,Matt Boland,2005
DeMar DeRozan,M.Callahan,18,842,18,0,149,5992,8.277777777777779,7.116389548693586,1.1613882290841921,12,518,0.6666666666666666,0.6152019002375297,0.05146476642913689,7.140697674418605,0.6162790697674418,Mike Callahan,1147
DeMar DeRozan,M.Dagher,20,840,20,0,161,5980,8.05,7.119047619047619,0.9309523809523821,16,514,0.8,0.611904761904762,0.1880952380952381,7.140697674418605,0.6162790697674418,Mousa Dagher,1628159
DeMar DeRozan,M.Davis,49,811,48,1,316,5825,6.448979591836735,7.18249075215783,-0.7335111603210951,38,492,0.7755102040816326,0.6066584463625154,0.1688517577191172,7.140697674418605,0.6162790697674418,Marc Davis,1830
DeMar DeRozan,M.Ervin,39,821,39,0,272,5869,6.9743589743589745,7.148599269183922,-0.17424029482494774,23,507,0.5897435897435898,0.6175395858708892,-0.027795996127299438,7.140697674418605,0.6162790697674418,Mitchell Ervin,203591
DeMar DeRozan,M.Kallio,6,854,6,0,37,6104,6.166666666666667,7.147540983606557,-0.9808743169398904,4,526,0.6666666666666666,0.6159250585480094,0.050741608118657244,7.140697674418605,0.6162790697674418,Matt Kallio,1627526
DeMar DeRozan,M.Kogut,43,817,43,0,281,5860,6.534883720930233,7.172582619339045,-0.6376988984088126,34,496,0.7906976744186046,0.6070991432068543,0.1835985312117503,7.140697674418605,0.6162790697674418,Marat Kogut,201245
DeMar DeRozan,M.Lindsay,30,830,30,0,249,5892,8.3,7.098795180722892,1.201204819277109,16,514,0.5333333333333333,0.619277108433735,-0.08594377510040163,7.140697674418605,0.6162790697674418,Mark Lindsay,200834
DeMar DeRozan,M.McCutchen,10,850,10,0,94,6047,9.4,7.114117647058824,2.2858823529411767,4,526,0.4,0.6188235294117647,-0.21882352941176464,7.140697674418605,0.6162790697674418,Monty McCutchen,1176
DeMar DeRozan,M.Myers,19,841,19,0,115,6026,6.052631578947368,7.165279429250892,-1.1126478503035235,13,517,0.6842105263157895,0.6147443519619501,0.0694661743538394,7.140697674418605,0.6162790697674418,Matt Myers,202901
DeMar DeRozan,M.Smith,48,812,47,1,296,5845,6.166666666666667,7.198275862068965,-1.0316091954022983,34,496,0.7083333333333334,0.6108374384236454,0.09749589490968802,7.140697674418605,0.6162790697674418,Michael Smith,1193
DeMar DeRozan,N.Buchert,40,820,39,1,260,5881,6.5,7.171951219512195,-0.671951219512195,28,502,0.7,0.6121951219512195,0.08780487804878045,7.140697674418605,0.6162790697674418,Nick Buchert,202007
DeMar DeRozan,N.Green,18,842,18,0,88,6053,4.888888888888889,7.188836104513064,-2.299947215624175,15,515,0.8333333333333334,0.6116389548693587,0.22169437846397466,7.140697674418605,0.6162790697674418,Nate Green,1627524
DeMar DeRozan,N.Sago,21,839,21,0,156,5985,7.428571428571429,7.133492252681764,0.2950791758896649,18,512,0.8571428571428571,0.6102502979737783,0.24689255916907882,7.140697674418605,0.6162790697674418,Natalie Sago,1627541
DeMar DeRozan,P.Fraher,44,816,44,0,340,5801,7.7272727272727275,7.109068627450981,0.6182040998217468,28,502,0.6363636363636364,0.6151960784313726,0.02116755793226377,7.140697674418605,0.6162790697674418,Pat Fraher,2003
DeMar DeRozan,P.O'Connell,1,859,1,0,4,6137,4.0,7.144353899883585,-3.144353899883585,0,530,0.0,0.6169965075669382,-0.6169965075669382,7.140697674418605,0.6162790697674418,Pat O'Connell,1629183
DeMar DeRozan,P.Ransom,21,839,21,0,137,6004,6.523809523809524,7.156138259833135,-0.6323287360236112,12,518,0.5714285714285714,0.6174016686531585,-0.04597309722458709,7.140697674418605,0.6162790697674418,Phenizee Ransom,1627963
DeMar DeRozan,R.Acosta,24,836,24,0,166,5975,6.916666666666667,7.1471291866028706,-0.2304625199362036,17,513,0.7083333333333334,0.6136363636363636,0.09469696969696972,7.140697674418605,0.6162790697674418,Ray Acosta,1626300
DeMar DeRozan,R.Garretson,17,843,17,0,146,5995,8.588235294117647,7.111506524317912,1.4767287697997347,10,520,0.5882352941176471,0.6168446026097272,-0.0286093084920801,7.140697674418605,0.6162790697674418,Ron Garretson,1164
DeMar DeRozan,R.Hussey,11,849,11,0,72,6069,6.545454545454546,7.148409893992933,-0.6029553485383872,7,523,0.6363636363636364,0.6160188457008245,0.020344790662811807,7.140697674418605,0.6162790697674418,Robert Hussey,1628480
DeMar DeRozan,R.Mott,27,833,27,0,179,5962,6.62962962962963,7.157262905162065,-0.5276332755324349,19,511,0.7037037037037037,0.6134453781512605,0.09025832555244317,7.140697674418605,0.6162790697674418,Rodney Mott,1179
DeMar DeRozan,R.Richardson,1,859,1,0,4,6137,4.0,7.144353899883585,-3.144353899883585,0,530,0.0,0.6169965075669382,-0.6169965075669382,7.140697674418605,0.6162790697674418,Randy Richardson,1627538
DeMar DeRozan,S.Anderson,7,853,7,0,66,6075,9.428571428571429,7.121922626025792,2.306648802545637,4,526,0.5714285714285714,0.6166471277842908,-0.045218556355719364,7.140697674418605,0.6162790697674418,Steve Anderson,202000
DeMar DeRozan,S.Corbin,35,825,35,0,225,5916,6.428571428571429,7.170909090909091,-0.7423376623376621,19,511,0.5428571428571428,0.6193939393939394,-0.07653679653679657,7.140697674418605,0.6162790697674418,Sean Corbin,1151
DeMar DeRozan,S.Foster,30,830,30,0,209,5932,6.966666666666667,7.146987951807229,-0.180321285140562,22,508,0.7333333333333333,0.6120481927710844,0.12128514056224893,7.140697674418605,0.6162790697674418,Scott Foster,1162
DeMar DeRozan,S.Jelks,6,854,6,0,32,6109,5.333333333333333,7.153395784543325,-1.820062451209992,5,525,0.8333333333333334,0.6147540983606558,0.21857923497267762,7.140697674418605,0.6162790697674418,Simone Jelks,1628481
DeMar DeRozan,S.Mehta,13,847,13,0,119,6022,9.153846153846153,7.109799291617473,2.0440468622286803,9,521,0.6923076923076923,0.615112160566706,0.07719553174098626,7.140697674418605,0.6162790697674418,Suyash Mehta,1627529
DeMar DeRozan,S.Mitchell,6,854,6,0,50,6091,8.333333333333334,7.1323185011709604,1.2010148321623735,5,525,0.8333333333333334,0.6147540983606558,0.21857923497267762,7.140697674418605,0.6162790697674418,Sha'Rae Mitchell,1629178
DeMar DeRozan,S.Twardoski,35,825,35,0,237,5904,6.771428571428571,7.156363636363636,-0.3849350649350649,25,505,0.7142857142857143,0.6121212121212121,0.10216450216450224,7.140697674418605,0.6162790697674418,Scott Twardoski,202053
DeMar DeRozan,S.Wall,31,829,31,0,249,5892,8.03225806451613,7.107358262967431,0.9248998015486993,14,516,0.45161290322580644,0.6224366706875754,-0.17082376746176892,7.140697674418605,0.6162790697674418,Scott Wall,1198
DeMar DeRozan,S.Wright,35,825,35,0,244,5897,6.9714285714285715,7.1478787878787875,-0.17645021645021597,21,509,0.6,0.616969696969697,-0.016969696969696968,7.140697674418605,0.6162790697674418,Sean Wright,2882
DeMar DeRozan,T.Brothers,36,824,34,2,305,5836,8.472222222222221,7.08252427184466,1.3896979503775615,20,510,0.5555555555555556,0.6189320388349514,-0.06337648327939582,7.140697674418605,0.6162790697674418,Tony Brothers,1146
DeMar DeRozan,T.Brown,34,826,34,0,238,5903,7.0,7.146489104116223,-0.14648910411622307,18,512,0.5294117647058824,0.6198547215496368,-0.09044295684375447,7.140697674418605,0.6162790697674418,Tony Brown,2529
DeMar DeRozan,T.Ford,39,821,39,0,332,5809,8.512820512820513,7.075517661388551,1.4373028514319621,26,504,0.6666666666666666,0.6138855054811205,0.0527811611855461,7.140697674418605,0.6162790697674418,Tyler Ford,204059
DeMar DeRozan,T.Maddox,43,817,43,0,311,5830,7.232558139534884,7.1358629130966955,0.09669522643818862,31,499,0.7209302325581395,0.6107711138310894,0.11015911872705009,7.140697674418605,0.6162790697674418,Tre Maddox,202027
DeMar DeRozan,T.Mirkovich,1,859,1,0,5,6136,5.0,7.1431897555296855,-2.1431897555296855,0,530,0.0,0.6169965075669382,-0.6169965075669382,7.140697674418605,0.6162790697674418,Tyler Mirkovich,1628482
DeMar DeRozan,T.Ricks,3,857,3,0,21,6120,7.0,7.141190198366394,-0.14119019836639435,2,528,0.6666666666666666,0.6161026837806302,0.050563982886036474,7.140697674418605,0.6162790697674418,Tyler Ricks,1627539
DeMar DeRozan,T.Washington,43,817,41,2,263,5878,6.116279069767442,7.194614443084455,-1.078335373317013,24,506,0.5581395348837209,0.6193390452876377,-0.0611995104039168,7.140697674418605,0.6162790697674418,Tom Washington,1199
DeMar DeRozan,Z.Zarba,39,821,39,0,249,5892,6.384615384615385,7.176613885505481,-0.791998500890096,21,509,0.5384615384615384,0.6199756394640682,-0.08151410100252976,7.140697674418605,0.6162790697674418,Zach Zarba,2534
Chris Paul,A.Moyer-Gleich,8,825,8,0,10,2618,1.25,3.1733333333333333,-1.9233333333333333,6,427,0.75,0.5175757575757576,0.23242424242424242,3.1548619447779114,0.5438175270108043,Ashley Moyer-Gleich,1628953
Chris Paul,A.Nagy,17,816,17,0,32,2596,1.8823529411764706,3.1813725490196076,-1.299019607843137,9,424,0.5294117647058824,0.5196078431372549,0.009803921568627416,3.1548619447779114,0.5438175270108043,Andy Nagy,1627534
Chris Paul,A.Smith,23,810,22,1,58,2570,2.5217391304347827,3.1728395061728394,-0.6511003757380567,11,422,0.4782608695652174,0.5209876543209877,-0.0427267847557703,3.1548619447779114,0.5438175270108043,Aaron Smith,1626302
Chris Paul,B.Adair,21,812,21,0,34,2594,1.619047619047619,3.1945812807881775,-1.5755336617405584,15,418,0.7142857142857143,0.5147783251231527,0.1995073891625616,3.1548619447779114,0.5438175270108043,Brandon Adair,1627961
Chris Paul,B.Adams,25,808,25,0,95,2533,3.8,3.13490099009901,0.6650990099009899,16,417,0.64,0.5160891089108911,0.12391089108910891,3.1548619447779114,0.5438175270108043,Bennie Adams,1363
Chris Paul,B.Barnaky,37,796,35,2,106,2522,2.864864864864865,3.1683417085427137,-0.3034768436778488,21,412,0.5675675675675675,0.5175879396984925,0.04997962786907506,3.1548619447779114,0.5438175270108043,Brent Barnaky,201638
Chris Paul,B.Burns,1,832,1,0,0,2628,0.0,3.1586538461538463,-3.1586538461538463,0,433,0.0,0.5204326923076923,-0.5204326923076923,3.1548619447779114,0.5438175270108043,Blanca Burns,1629174
Chris Paul,B.Forte,41,792,40,1,132,2496,3.2195121951219514,3.1515151515151514,0.06799704360680003,19,414,0.4634146341463415,0.5227272727272727,-0.05931263858093122,3.1548619447779114,0.5438175270108043,Brian Forte,101283
Chris Paul,B.Haskill,1,832,1,0,0,2628,0.0,3.1586538461538463,-3.1586538461538463,1,432,1.0,0.5192307692307693,0.4807692307692307,3.1548619447779114,0.5438175270108043,Brent Haskill,1629175
Chris Paul,B.Kennedy,35,798,32,3,115,2513,3.2857142857142856,3.1491228070175437,0.13659147869674193,20,413,0.5714285714285714,0.5175438596491229,0.053884711779448535,3.1548619447779114,0.5438175270108043,Bill Kennedy,1662
Chris Paul,B.Nansel,26,807,26,0,75,2553,2.8846153846153846,3.163568773234201,-0.27895338861881624,17,416,0.6538461538461539,0.5154894671623296,0.13835668668382428,3.1548619447779114,0.5438175270108043,Brett Nansel,202035
Chris Paul,B.Salvatore,2,831,2,0,8,2620,4.0,3.1528279181708783,0.8471720818291217,2,431,1.0,0.5186522262334536,0.48134777376654636,3.1548619447779114,0.5438175270108043,Bennett Salvatore,1192
Chris Paul,B.Schwab,7,826,7,0,17,2611,2.4285714285714284,3.1610169491525424,-0.732445520581114,6,427,0.8571428571428571,0.5169491525423728,0.34019370460048426,3.1548619447779114,0.5438175270108043,Brandon Schwab,1628171
Chris Paul,B.Spooner,17,816,16,1,68,2560,4.0,3.1372549019607843,0.8627450980392157,12,421,0.7058823529411765,0.5159313725490197,0.18995098039215685,3.1548619447779114,0.5438175270108043,Bill Spooner,1194
Chris Paul,B.Taylor,32,801,31,1,101,2527,3.15625,3.1548064918851435,0.0014435081148564954,25,408,0.78125,0.5093632958801498,0.27188670411985016,3.1548619447779114,0.5438175270108043,Ben Taylor,202049
Chris Paul,C.Blair,33,800,32,1,116,2512,3.515151515151515,3.14,0.375151515151515,17,416,0.5151515151515151,0.52,-0.00484848484848488,3.1548619447779114,0.5438175270108043,Curtis Blair,200832
Chris Paul,C.Flores,6,827,6,0,21,2607,3.5,3.15235792019347,0.34764207980652984,1,432,0.16666666666666666,0.5223700120918985,-0.35570334542523185,3.1548619447779114,0.5438175270108043,Che Flores,203054
Chris Paul,C.Kirkland,45,788,43,2,134,2494,2.977777777777778,3.16497461928934,-0.18719684151156235,28,405,0.6222222222222222,0.5139593908629442,0.10826283135927806,3.1548619447779114,0.5438175270108043,Courtney Kirkland,2004
Chris Paul,C.Washington,19,814,19,0,48,2580,2.526315789473684,3.1695331695331697,-0.6432173800594856,11,422,0.5789473684210527,0.5184275184275184,0.060519849993534214,3.1548619447779114,0.5438175270108043,CJ Washington,202056
Chris Paul,D.Collins,45,788,45,0,161,2467,3.577777777777778,3.1307106598984773,0.44706711787930065,28,405,0.6222222222222222,0.5139593908629442,0.10826283135927806,3.1548619447779114,0.5438175270108043,Derrick Collins,2002
Chris Paul,D.Crawford,12,821,12,0,48,2580,4.0,3.1425091352009744,0.8574908647990256,7,426,0.5833333333333334,0.5188794153471377,0.06445391798619571,3.1548619447779114,0.5438175270108043,Dan Crawford,1152
Chris Paul,D.Guthrie,37,796,33,4,110,2518,2.972972972972973,3.163316582914573,-0.19034360994160027,23,410,0.6216216216216216,0.5150753768844221,0.10654624473719954,3.1548619447779114,0.5438175270108043,David Guthrie,2714
Chris Paul,D.Jones,6,827,6,0,10,2618,1.6666666666666667,3.165659008464329,-1.4989923417976623,5,428,0.8333333333333334,0.5175332527206772,0.3158000806126562,3.1548619447779114,0.5438175270108043,David Jones,1168
Chris Paul,D.Mosher,2,831,2,0,4,2624,2.0,3.157641395908544,-1.157641395908544,1,432,0.5,0.51985559566787,-0.019855595667869985,3.1548619447779114,0.5438175270108043,Dannica Mosher,1628484
Chris Paul,D.Richardson,39,794,39,0,126,2502,3.230769230769231,3.1511335012594457,0.07963572950978515,23,410,0.5897435897435898,0.5163727959697733,0.0733707937738165,3.1548619447779114,0.5438175270108043,Derek Richardson,1204
Chris Paul,D.Scott,8,825,8,0,13,2615,1.625,3.16969696969697,-1.54469696969697,4,429,0.5,0.52,-0.020000000000000018,3.1548619447779114,0.5438175270108043,Danielle Scott,1628487
Chris Paul,D.Stafford,12,821,12,0,54,2574,4.5,3.135200974421437,1.364799025578563,9,424,0.75,0.5164433617539586,0.23355663824604145,3.1548619447779114,0.5438175270108043,Derrick Stafford,1195
Chris Paul,D.Taylor,29,804,28,1,122,2506,4.206896551724138,3.116915422885572,1.089981128838566,16,417,0.5517241379310345,0.5186567164179104,0.03306742151312403,3.1548619447779114,0.5438175270108043,Dedric Taylor,203592
Chris Paul,E.Dalen,25,808,25,0,67,2561,2.68,3.1695544554455446,-0.48955445544554443,11,422,0.44,0.5222772277227723,-0.0822772277227723,3.1548619447779114,0.5438175270108043,Eric Dalen,200833
Chris Paul,E.Lewis,41,792,37,4,171,2457,4.170731707317073,3.102272727272727,1.0684589800443463,22,411,0.5365853658536586,0.5189393939393939,0.017645971914264647,3.1548619447779114,0.5438175270108043,Eric Lewis,2715
Chris Paul,E.Malloy,42,791,40,2,125,2503,2.9761904761904763,3.1643489254108723,-0.18815844922039604,24,409,0.5714285714285714,0.5170670037926675,0.05436156763590394,3.1548619447779114,0.5438175270108043,Ed Malloy,2530
Chris Paul,E.Roe,6,827,6,0,32,2596,5.333333333333333,3.1390568319226118,2.1942765014107213,5,428,0.8333333333333334,0.5175332527206772,0.3158000806126562,3.1548619447779114,0.5438175270108043,Eli Roe,2532
Chris Paul,E.Scott,8,825,8,0,19,2609,2.375,3.1624242424242426,-0.7874242424242426,5,428,0.625,0.5187878787878788,0.1062121212121212,3.1548619447779114,0.5438175270108043,Evan Scott,1628172
Chris Paul,G.Petraitis,31,802,30,1,80,2548,2.5806451612903225,3.1770573566084788,-0.5964121953181563,16,417,0.5161290322580645,0.5199501246882793,-0.0038210924302147786,3.1548619447779114,0.5438175270108043,Gediminas Petraitis,204058
Chris Paul,G.Zielinski,16,817,16,0,53,2575,3.3125,3.1517747858017136,0.16072521419828645,8,425,0.5,0.5201958384332925,-0.020195838433292534,3.1548619447779114,0.5438175270108043,Gary Zielinski,1664
Chris Paul,H.Workman,19,814,19,0,63,2565,3.3157894736842106,3.151105651105651,0.16468382257855962,10,423,0.5263157894736842,0.5196560196560197,0.006659769817664474,3.1548619447779114,0.5438175270108043,Haywoode Workman,201637
Chris Paul,I.Hwang,6,827,6,0,13,2615,2.1666666666666665,3.1620314389359128,-0.9953647722692462,5,428,0.8333333333333334,0.5175332527206772,0.3158000806126562,3.1548619447779114,0.5438175270108043,Intae Hwang,1630886
Chris Paul,J.Butler,19,814,19,0,40,2588,2.1052631578947367,3.1793611793611793,-1.0740980214664426,13,420,0.6842105263157895,0.515970515970516,0.16824001034527347,3.1548619447779114,0.5438175270108043,John Butler,1628951
Chris Paul,J.Capers,39,794,36,3,130,2498,3.3333333333333335,3.146095717884131,0.18723761544920237,20,413,0.5128205128205128,0.5201511335012594,-0.007330620680746636,3.1548619447779114,0.5438175270108043,James Capers,1148
Chris Paul,J.Conley,5,828,5,0,21,2607,4.2,3.148550724637681,1.051449275362319,4,429,0.8,0.5181159420289855,0.28188405797101457,3.1548619447779114,0.5438175270108043,John Conley,1627519
Chris Paul,J.Crawford,6,827,6,0,42,2586,7.0,3.1269649334945586,3.8730350665054414,5,428,0.8333333333333334,0.5175332527206772,0.3158000806126562,3.1548619447779114,0.5438175270108043,Joe Crawford,1153
Chris Paul,J.DeRosa,20,813,20,0,68,2560,3.4,3.148831488314883,0.2511685116851168,12,421,0.6,0.5178351783517835,0.08216482164821648,3.1548619447779114,0.5438175270108043,JB DeRosa,1155
Chris Paul,J.Goble,59,774,56,3,178,2450,3.016949152542373,3.165374677002584,-0.1484255244602113,34,399,0.576271186440678,0.5155038759689923,0.06076731047168571,3.1548619447779114,0.5438175270108043,John Goble,101284
Chris Paul,J.Goldenberg,22,811,22,0,60,2568,2.727272727272727,3.1664611590628855,-0.43918843179015843,13,420,0.5909090909090909,0.5178791615289766,0.07302992938011432,3.1548619447779114,0.5438175270108043,Jason Goldenberg,1626301
Chris Paul,J.Orr,34,799,34,0,115,2513,3.3823529411764706,3.1451814768460578,0.2371714643304128,21,412,0.6176470588235294,0.5156445556946183,0.10200250312891113,3.1548619447779114,0.5438175270108043,J.T. Orr,202037
Chris Paul,J.Phillips,16,817,14,2,52,2576,3.25,3.1529987760097917,0.09700122399020827,6,427,0.375,0.5226438188494492,-0.14764381884944922,3.1548619447779114,0.5438175270108043,Jason Phillips,2001
Chris Paul,J.Ralls,2,831,2,0,2,2626,1.0,3.1600481347773766,-2.1600481347773766,1,432,0.5,0.51985559566787,-0.019855595667869985,3.1548619447779114,0.5438175270108043,JD Ralls,1628485
Chris Paul,J.Reneau,1,832,1,0,0,2628,0.0,3.1586538461538463,-3.1586538461538463,1,432,1.0,0.5192307692307693,0.4807692307692307,3.1548619447779114,0.5438175270108043,Jenna Reneau,1628168
Chris Paul,J.Schroeder,12,821,12,0,14,2614,1.1666666666666667,3.1839220462850184,-2.0172553796183514,7,426,0.5833333333333334,0.5188794153471377,0.06445391798619571,3.1548619447779114,0.5438175270108043,Jenna Schroeder,1628954
Chris Paul,J.Sterling,21,812,21,0,58,2570,2.761904761904762,3.165024630541872,-0.40311986863711,10,423,0.47619047619047616,0.520935960591133,-0.04474548440065684,3.1548619447779114,0.5438175270108043,Jonathan Sterling,1627964
Chris Paul,J.Tiven,45,788,41,4,142,2486,3.1555555555555554,3.1548223350253806,0.0007332205301748829,24,409,0.5333333333333333,0.5190355329949239,0.014297800338409439,3.1548619447779114,0.5438175270108043,Josh Tiven,201639
Chris Paul,J.Van Duyne,34,799,34,0,77,2551,2.264705882352941,3.1927409261576973,-0.9280350438047562,15,418,0.4411764705882353,0.523153942428035,-0.08197747183979975,3.1548619447779114,0.5438175270108043,Justin Van Duyne,203593
Chris Paul,J.Williams,34,799,33,1,106,2522,3.1176470588235294,3.1564455569461827,-0.038798498122653235,21,412,0.6176470588235294,0.5156445556946183,0.10200250312891113,3.1548619447779114,0.5438175270108043,James Williams,202058
Chris Paul,K.Cutler,45,788,44,1,126,2502,2.8,3.1751269035532994,-0.3751269035532996,28,405,0.6222222222222222,0.5139593908629442,0.10826283135927806,3.1548619447779114,0.5438175270108043,Kevin Cutler,201246
Chris Paul,K.Fitzgerald,26,807,24,2,83,2545,3.1923076923076925,3.15365551425031,0.038652178057382525,14,419,0.5384615384615384,0.5192069392812887,0.019254599180249743,3.1548619447779114,0.5438175270108043,Kane Fitzgerald,201640
Chris Paul,K.Lane,37,796,36,1,124,2504,3.3513513513513513,3.1457286432160805,0.20562270813527084,22,411,0.5945945945945946,0.5163316582914573,0.0782629363031373,3.1548619447779114,0.5438175270108043,Karl Lane,202026
Chris Paul,K.Mauer,32,801,28,4,110,2518,3.4375,3.143570536828964,0.2939294631710361,19,414,0.59375,0.5168539325842697,0.0768960674157303,3.1548619447779114,0.5438175270108043,Ken Mauer,1174
Chris Paul,K.Scott,42,791,38,4,125,2503,2.9761904761904763,3.1643489254108723,-0.18815844922039604,20,413,0.47619047619047616,0.5221238938053098,-0.045933417614833605,3.1548619447779114,0.5438175270108043,Kevin Scott,202041
Chris Paul,L.Holtkamp,14,819,14,0,44,2584,3.142857142857143,3.155067155067155,-0.012210012210012167,8,425,0.5714285714285714,0.518925518925519,0.05250305250305243,3.1548619447779114,0.5438175270108043,Lauren Holtkamp,203177
Chris Paul,L.Richardson,15,818,15,0,63,2565,4.2,3.1356968215158925,1.0643031784841077,7,426,0.4666666666666667,0.5207823960880196,-0.0541157294213529,3.1548619447779114,0.5438175270108043,Leroy Richardson,1188
Chris Paul,L.Wood,27,806,26,1,118,2510,4.37037037037037,3.1141439205955335,1.2562264497748368,13,420,0.48148148148148145,0.5210918114143921,-0.03961032993291064,3.1548619447779114,0.5438175270108043,Leon Wood,1201
Chris Paul,M.Ayotte,26,807,26,0,113,2515,4.346153846153846,3.1164807930607186,1.2296730530931272,14,419,0.5384615384615384,0.5192069392812887,0.019254599180249743,3.1548619447779114,0.5438175270108043,Mark Ayotte,2148
Chris Paul,M.Boland,25,808,25,0,104,2524,4.16,3.123762376237624,1.0362376237623763,13,420,0.52,0.5198019801980198,0.0001980198019801982,3.1548619447779114,0.5438175270108043,Matt Boland,2005
Chris Paul,M.Callahan,17,816,15,2,61,2567,3.588235294117647,3.1458333333333335,0.4424019607843137,10,423,0.5882352941176471,0.5183823529411765,0.06985294117647056,3.1548619447779114,0.5438175270108043,Mike Callahan,1147
Chris Paul,M.Dagher,10,823,10,0,25,2603,2.5,3.1628189550425274,-0.6628189550425274,7,426,0.7,0.5176184690157959,0.18238153098420407,3.1548619447779114,0.5438175270108043,Mousa Dagher,1628159
Chris Paul,M.Davis,52,781,46,6,124,2504,2.3846153846153846,3.206145966709347,-0.8215305820939625,25,408,0.4807692307692308,0.5224071702944942,-0.04163793952526346,3.1548619447779114,0.5438175270108043,Marc Davis,1830
Chris Paul,M.Ervin,32,801,32,0,90,2538,2.8125,3.168539325842697,-0.3560393258426968,22,411,0.6875,0.5131086142322098,0.17439138576779023,3.1548619447779114,0.5438175270108043,Mitchell Ervin,203591
Chris Paul,M.Kallio,5,828,5,0,9,2619,1.8,3.1630434782608696,-1.3630434782608696,4,429,0.8,0.5181159420289855,0.28188405797101457,3.1548619447779114,0.5438175270108043,Matt Kallio,1627526
Chris Paul,M.Kogut,30,803,30,0,100,2528,3.3333333333333335,3.148194271481943,0.18513906185139062,20,413,0.6666666666666666,0.5143212951432129,0.15234537152345373,3.1548619447779114,0.5438175270108043,Marat Kogut,201245
Chris Paul,M.Lindsay,32,801,32,0,104,2524,3.25,3.151061173533084,0.09893882646691621,14,419,0.4375,0.5230961298377028,-0.08559612983770282,3.1548619447779114,0.5438175270108043,Mark Lindsay,200834
Chris Paul,M.McCutchen,14,819,14,0,39,2589,2.7857142857142856,3.161172161172161,-0.37545787545787546,10,423,0.7142857142857143,0.5164835164835165,0.19780219780219777,3.1548619447779114,0.5438175270108043,Monty McCutchen,1176
Chris Paul,M.Myers,9,824,9,0,26,2602,2.888888888888889,3.157766990291262,-0.2688781014023731,4,429,0.4444444444444444,0.5206310679611651,-0.07618662351672068,3.1548619447779114,0.5438175270108043,Matt Myers,202901
Chris Paul,M.Smith,40,793,40,0,110,2518,2.75,3.1752837326607817,-0.4252837326607817,24,409,0.6,0.5157629255989912,0.0842370744010088,3.1548619447779114,0.5438175270108043,Michael Smith,1193
Chris Paul,N.Buchert,41,792,40,1,136,2492,3.317073170731707,3.1464646464646466,0.17060852426706052,25,408,0.6097560975609756,0.5151515151515151,0.09460458240946046,3.1548619447779114,0.5438175270108043,Nick Buchert,202007
Chris Paul,N.Green,13,820,13,0,19,2609,1.4615384615384615,3.1817073170731707,-1.7201688555347092,5,428,0.38461538461538464,0.5219512195121951,-0.1373358348968105,3.1548619447779114,0.5438175270108043,Nate Green,1627524
Chris Paul,N.Sago,18,815,17,1,56,2572,3.111111111111111,3.1558282208588957,-0.044717109747784534,12,421,0.6666666666666666,0.5165644171779141,0.1501022494887525,3.1548619447779114,0.5438175270108043,Natalie Sago,1627541
Chris Paul,P.Fraher,30,803,28,2,103,2525,3.433333333333333,3.144458281444583,0.2888750518887502,18,415,0.6,0.5168119551681195,0.08318804483188047,3.1548619447779114,0.5438175270108043,Pat Fraher,2003
Chris Paul,P.Ransom,17,816,17,0,45,2583,2.6470588235294117,3.1654411764705883,-0.5183823529411766,7,426,0.4117647058823529,0.5220588235294118,-0.11029411764705888,3.1548619447779114,0.5438175270108043,Phenizee Ransom,1627963
Chris Paul,R.Acosta,31,802,30,1,70,2558,2.2580645161290325,3.1895261845386536,-0.9314616684096211,14,419,0.45161290322580644,0.5224438902743143,-0.07083098704850782,3.1548619447779114,0.5438175270108043,Ray Acosta,1626300
Chris Paul,R.Garretson,15,818,15,0,47,2581,3.1333333333333333,3.1552567237163816,-0.021923390383048247,7,426,0.4666666666666667,0.5207823960880196,-0.0541157294213529,3.1548619447779114,0.5438175270108043,Ron Garretson,1164
Chris Paul,R.Hussey,5,828,5,0,17,2611,3.4,3.1533816425120773,0.2466183574879226,3,430,0.6,0.5193236714975845,0.08067632850241546,3.1548619447779114,0.5438175270108043,Robert Hussey,1628480
Chris Paul,R.Mott,36,797,33,3,127,2501,3.5277777777777777,3.13801756587202,0.3897602119057577,18,415,0.5,0.520702634880803,-0.02070263488080304,3.1548619447779114,0.5438175270108043,Rodney Mott,1179
Chris Paul,S.Anderson,3,830,3,0,8,2620,2.6666666666666665,3.1566265060240966,-0.48995983935743004,2,431,0.6666666666666666,0.519277108433735,0.14738955823293165,3.1548619447779114,0.5438175270108043,Steve Anderson,202000
Chris Paul,S.Corbin,39,794,38,1,92,2536,2.358974358974359,3.1939546599496222,-0.8349803009752632,23,410,0.5897435897435898,0.5163727959697733,0.0733707937738165,3.1548619447779114,0.5438175270108043,Sean Corbin,1151
Chris Paul,S.Foster,26,807,24,2,98,2530,3.769230769230769,3.135068153655514,0.6341626155752551,12,421,0.46153846153846156,0.5216852540272615,-0.06014679248879995,3.1548619447779114,0.5438175270108043,Scott Foster,1162
Chris Paul,S.Jelks,5,828,5,0,10,2618,2.0,3.1618357487922704,-1.1618357487922704,4,429,0.8,0.5181159420289855,0.28188405797101457,3.1548619447779114,0.5438175270108043,Simone Jelks,1628481
Chris Paul,S.Mehta,13,820,13,0,30,2598,2.3076923076923075,3.1682926829268294,-0.8606003752345219,11,422,0.8461538461538461,0.5146341463414634,0.3315196998123827,3.1548619447779114,0.5438175270108043,Suyash Mehta,1627529
Chris Paul,S.Mitchell,5,828,5,0,3,2625,0.6,3.170289855072464,-2.5702898550724638,3,430,0.6,0.5193236714975845,0.08067632850241546,3.1548619447779114,0.5438175270108043,Sha'Rae Mitchell,1629178
Chris Paul,S.Twardoski,39,794,38,1,113,2515,2.8974358974358974,3.167506297229219,-0.2700703997933216,21,412,0.5384615384615384,0.5188916876574308,0.01956985080410767,3.1548619447779114,0.5438175270108043,Scott Twardoski,202053
Chris Paul,S.Wall,24,809,24,0,77,2551,3.2083333333333335,3.1532756489493203,0.05505768438401315,11,422,0.4583333333333333,0.5216316440049443,-0.06329831067161101,3.1548619447779114,0.5438175270108043,Scott Wall,1198
Chris Paul,S.Wright,36,797,33,3,117,2511,3.25,3.150564617314931,0.09943538268506913,18,415,0.5,0.520702634880803,-0.02070263488080304,3.1548619447779114,0.5438175270108043,Sean Wright,2882
Chris Paul,T.Brothers,34,799,30,4,157,2471,4.617647058823529,3.09261576971214,1.5250312891113889,21,412,0.6176470588235294,0.5156445556946183,0.10200250312891113,3.1548619447779114,0.5438175270108043,Tony Brothers,1146
Chris Paul,T.Brown,24,809,22,2,111,2517,4.625,3.111248454882571,1.513751545117429,14,419,0.5833333333333334,0.5179233621755254,0.065409971157808,3.1548619447779114,0.5438175270108043,Tony Brown,2529
Chris Paul,T.Ford,37,796,35,2,113,2515,3.054054054054054,3.159547738693467,-0.10549368463941322,18,415,0.4864864864864865,0.5213567839195979,-0.03487029743311143,3.1548619447779114,0.5438175270108043,Tyler Ford,204059
Chris Paul,T.Maddox,43,790,41,2,140,2488,3.255813953488372,3.149367088607595,0.10644686488077726,22,411,0.5116279069767442,0.520253164556962,-0.008625257580217816,3.1548619447779114,0.5438175270108043,Tre Maddox,202027
Chris Paul,T.Mirkovich,2,831,2,0,0,2628,0.0,3.1624548736462095,-3.1624548736462095,0,433,0.0,0.5210589651022864,-0.5210589651022864,3.1548619447779114,0.5438175270108043,Tyler Mirkovich,1628482
Chris Paul,T.Washington,36,797,34,2,117,2511,3.25,3.150564617314931,0.09943538268506913,17,416,0.4722222222222222,0.5219573400250941,-0.049735117802871875,3.1548619447779114,0.5438175270108043,Tom Washington,1199
Chris Paul,Z.Zarba,47,786,42,5,174,2454,3.702127659574468,3.122137404580153,0.579990254994315,31,402,0.6595744680851063,0.5114503816793893,0.14812408640571706,3.1548619447779114,0.5438175270108043,Zach Zarba,2534
De'Aaron Fox,A.Moyer-Gleich,14,524,14,0,103,2838,7.357142857142857,5.416030534351145,1.941112322791712,11,356,0.7857142857142857,0.6793893129770993,0.10632497273718644,5.466542750929368,0.6951672862453532,Ashley Moyer-Gleich,1628953
De'Aaron Fox,A.Nagy,12,526,12,0,48,2893,4.0,5.5,-1.5,9,358,0.75,0.6806083650190115,0.06939163498098855,5.466542750929368,0.6951672862453532,Andy Nagy,1627534
De'Aaron Fox,A.Smith,21,517,21,0,129,2812,6.142857142857143,5.439071566731141,0.7037855761260019,9,358,0.42857142857142855,0.6924564796905223,-0.2638850511190937,5.466542750929368,0.6951672862453532,Aaron Smith,1626302
De'Aaron Fox,B.Adair,14,524,14,0,82,2859,5.857142857142857,5.456106870229007,0.40103598691384956,8,359,0.5714285714285714,0.6851145038167938,-0.11368593238822244,5.466542750929368,0.6951672862453532,Brandon Adair,1627961
De'Aaron Fox,B.Adams,5,533,5,0,23,2918,4.6,5.474671669793621,-0.8746716697936217,3,364,0.6,0.6829268292682927,-0.08292682926829276,5.466542750929368,0.6951672862453532,Bennie Adams,1363
De'Aaron Fox,B.Barnaky,23,515,22,1,102,2839,4.434782608695652,5.512621359223301,-1.0778387505276488,16,351,0.6956521739130435,0.6815533980582524,0.014098775854791024,5.466542750929368,0.6951672862453532,Brent Barnaky,201638
De'Aaron Fox,B.Forte,32,506,32,0,169,2772,5.28125,5.478260869565218,-0.19701086956521774,22,345,0.6875,0.6818181818181818,0.005681818181818232,5.466542750929368,0.6951672862453532,Brian Forte,101283
De'Aaron Fox,B.Haskill,2,536,2,0,10,2931,5.0,5.468283582089552,-0.4682835820895521,1,366,0.5,0.6828358208955224,-0.18283582089552242,5.466542750929368,0.6951672862453532,Brent Haskill,1629175
De'Aaron Fox,B.Kennedy,29,509,28,1,133,2808,4.586206896551724,5.5166994106090375,-0.9304925140573133,18,349,0.6206896551724138,0.6856581532416502,-0.06496849806923644,5.466542750929368,0.6951672862453532,Bill Kennedy,1662
De'Aaron Fox,B.Nansel,29,509,29,0,152,2789,5.241379310344827,5.479371316306484,-0.23799200596165626,21,346,0.7241379310344828,0.6797642436149313,0.0443736874195515,5.466542750929368,0.6951672862453532,Brett Nansel,202035
De'Aaron Fox,B.Schwab,4,534,4,0,21,2920,5.25,5.468164794007491,-0.21816479400749067,3,364,0.75,0.6816479400749064,0.06835205992509363,5.466542750929368,0.6951672862453532,Brandon Schwab,1628171
De'Aaron Fox,B.Spooner,5,533,5,0,6,2935,1.2,5.506566604127579,-4.306566604127579,4,363,0.8,0.6810506566604128,0.11894934333958729,5.466542750929368,0.6951672862453532,Bill Spooner,1194
De'Aaron Fox,B.Taylor,27,511,26,1,131,2810,4.851851851851852,5.499021526418787,-0.6471696745669346,15,352,0.5555555555555556,0.6888454011741683,-0.13328984561861268,5.466542750929368,0.6951672862453532,Ben Taylor,202049
De'Aaron Fox,C.Aubry,1,537,1,0,4,2937,4.0,5.4692737430167595,-1.4692737430167595,0,367,0.0,0.6834264432029795,-0.6834264432029795,5.466542750929368,0.6951672862453532,Clare Aubry,1629422
De'Aaron Fox,C.Blair,27,511,27,0,149,2792,5.518518518518518,5.463796477495108,0.054722041023410384,17,350,0.6296296296296297,0.684931506849315,-0.05530187721968538,5.466542750929368,0.6951672862453532,Curtis Blair,200832
De'Aaron Fox,C.Flores,11,527,11,0,67,2874,6.090909090909091,5.453510436432637,0.6373986544764536,6,361,0.5454545454545454,0.6850094876660342,-0.13955494221148879,5.466542750929368,0.6951672862453532,Che Flores,203054
De'Aaron Fox,C.Kirkland,22,516,22,0,123,2818,5.590909090909091,5.461240310077519,0.12966878083157152,19,348,0.8636363636363636,0.6744186046511628,0.18921775898520088,5.466542750929368,0.6951672862453532,Courtney Kirkland,2004
De'Aaron Fox,C.Washington,23,515,23,0,140,2801,6.086956521739131,5.438834951456311,0.6481215702828198,16,351,0.6956521739130435,0.6815533980582524,0.014098775854791024,5.466542750929368,0.6951672862453532,CJ Washington,202056
De'Aaron Fox,D.Collins,25,513,25,0,133,2808,5.32,5.473684210526316,-0.15368421052631565,15,352,0.6,0.6861598440545809,-0.08615984405458088,5.466542750929368,0.6951672862453532,Derrick Collins,2002
De'Aaron Fox,D.Guthrie,29,509,28,1,149,2792,5.137931034482759,5.485265225933202,-0.3473341914504431,18,349,0.6206896551724138,0.6856581532416502,-0.06496849806923644,5.466542750929368,0.6951672862453532,David Guthrie,2714
De'Aaron Fox,D.Mosher,4,534,4,0,13,2928,3.25,5.48314606741573,-2.2331460674157304,3,364,0.75,0.6816479400749064,0.06835205992509363,5.466542750929368,0.6951672862453532,Dannica Mosher,1628484
De'Aaron Fox,D.Richardson,26,512,26,0,116,2825,4.461538461538462,5.517578125,-1.0560396634615383,16,351,0.6153846153846154,0.685546875,-0.07016225961538458,5.466542750929368,0.6951672862453532,Derek Richardson,1204
De'Aaron Fox,D.Scott,13,525,13,0,76,2865,5.846153846153846,5.457142857142857,0.3890109890109885,11,356,0.8461538461538461,0.6780952380952381,0.16805860805860806,5.466542750929368,0.6951672862453532,Danielle Scott,1628487
De'Aaron Fox,D.Stafford,2,536,2,0,5,2936,2.5,5.477611940298507,-2.977611940298507,2,365,1.0,0.6809701492537313,0.31902985074626866,5.466542750929368,0.6951672862453532,Derrick Stafford,1195
De'Aaron Fox,D.Taylor,16,522,16,0,110,2831,6.875,5.423371647509579,1.4516283524904212,12,355,0.75,0.6800766283524904,0.06992337164750961,5.466542750929368,0.6951672862453532,Dedric Taylor,203592
De'Aaron Fox,E.Dalen,18,520,18,0,115,2826,6.388888888888889,5.434615384615385,0.9542735042735044,14,353,0.7777777777777778,0.6788461538461539,0.09893162393162391,5.466542750929368,0.6951672862453532,Eric Dalen,200833
De'Aaron Fox,E.Lewis,17,521,17,0,90,2851,5.294117647058823,5.472168905950096,-0.17805125889127282,12,355,0.7058823529411765,0.6813819577735125,0.024500395167664002,5.466542750929368,0.6951672862453532,Eric Lewis,2715
De'Aaron Fox,E.Malloy,23,515,22,1,139,2802,6.043478260869565,5.440776699029127,0.6027015618404388,16,351,0.6956521739130435,0.6815533980582524,0.014098775854791024,5.466542750929368,0.6951672862453532,Ed Malloy,2530
De'Aaron Fox,E.Scott,9,529,9,0,70,2871,7.777777777777778,5.427221172022684,2.3505566057550933,7,360,0.7777777777777778,0.6805293005671077,0.09724847721067009,5.466542750929368,0.6951672862453532,Evan Scott,1628172
De'Aaron Fox,G.Petraitis,21,517,21,0,152,2789,7.238095238095238,5.394584139264991,1.8435110988302474,13,354,0.6190476190476191,0.6847195357833655,-0.06567191673574646,5.466542750929368,0.6951672862453532,Gediminas Petraitis,204058
De'Aaron Fox,G.Zielinski,7,531,7,0,28,2913,4.0,5.4858757062146895,-1.4858757062146895,4,363,0.5714285714285714,0.6836158192090396,-0.11218724778046818,5.466542750929368,0.6951672862453532,Gary Zielinski,1664
De'Aaron Fox,H.Workman,8,530,8,0,40,2901,5.0,5.473584905660378,-0.4735849056603776,3,364,0.375,0.6867924528301886,-0.31179245283018864,5.466542750929368,0.6951672862453532,Haywoode Workman,201637
De'Aaron Fox,I.Hwang,4,534,4,0,32,2909,8.0,5.447565543071161,2.5524344569288386,4,363,1.0,0.6797752808988764,0.3202247191011236,5.466542750929368,0.6951672862453532,Intae Hwang,1630886
De'Aaron Fox,J.Butler,24,514,24,0,171,2770,7.125,5.389105058365759,1.7358949416342409,19,348,0.7916666666666666,0.6770428015564203,0.11462386511024636,5.466542750929368,0.6951672862453532,John Butler,1628951
De'Aaron Fox,J.Capers,15,523,15,0,90,2851,6.0,5.451242829827916,0.5487571701720837,10,357,0.6666666666666666,0.6826003824091779,-0.015933715742511234,5.466542750929368,0.6951672862453532,James Capers,1148
De'Aaron Fox,J.Conley,6,532,6,0,26,2915,4.333333333333333,5.4793233082706765,-1.1459899749373434,6,361,1.0,0.6785714285714286,0.3214285714285714,5.466542750929368,0.6951672862453532,John Conley,1627519
De'Aaron Fox,J.DeRosa,25,513,25,0,120,2821,4.8,5.499025341130604,-0.6990253411306044,18,349,0.72,0.6803118908382066,0.03968810916179333,5.466542750929368,0.6951672862453532,JB DeRosa,1155
De'Aaron Fox,J.Goble,45,493,44,1,255,2686,5.666666666666667,5.448275862068965,0.21839080459770166,31,336,0.6888888888888889,0.6815415821501014,0.0073473067387874735,5.466542750929368,0.6951672862453532,John Goble,101284
De'Aaron Fox,J.Goldenberg,18,520,18,0,111,2830,6.166666666666667,5.4423076923076925,0.7243589743589745,12,355,0.6666666666666666,0.6826923076923077,-0.01602564102564108,5.466542750929368,0.6951672862453532,Jason Goldenberg,1626301
De'Aaron Fox,J.Orr,29,509,29,0,150,2791,5.172413793103448,5.4833005893909625,-0.31088679628751414,24,343,0.8275862068965517,0.6738703339882122,0.15371587290833955,5.466542750929368,0.6951672862453532,J.T. Orr,202037
De'Aaron Fox,J.Phillips,3,535,3,0,20,2921,6.666666666666667,5.45981308411215,1.2068535825545172,2,365,0.6666666666666666,0.6822429906542056,-0.015576323987538943,5.466542750929368,0.6951672862453532,Jason Phillips,2001
De'Aaron Fox,J.Ralls,2,536,2,0,6,2935,3.0,5.475746268656716,-2.4757462686567164,1,366,0.5,0.6828358208955224,-0.18283582089552242,5.466542750929368,0.6951672862453532,JD Ralls,1628485
De'Aaron Fox,J.Schroeder,12,526,12,0,81,2860,6.75,5.437262357414449,1.3127376425855513,11,356,0.9166666666666666,0.6768060836501901,0.2398605830164765,5.466542750929368,0.6951672862453532,Jenna Schroeder,1628954
De'Aaron Fox,J.Sterling,14,524,14,0,74,2867,5.285714285714286,5.471374045801527,-0.1856597600872414,5,362,0.35714285714285715,0.6908396946564885,-0.3336968375136314,5.466542750929368,0.6951672862453532,Jonathan Sterling,1627964
De'Aaron Fox,J.Tiven,25,513,24,1,192,2749,7.68,5.358674463937622,2.3213255360623775,19,348,0.76,0.6783625730994152,0.08163742690058484,5.466542750929368,0.6951672862453532,Josh Tiven,201639
De'Aaron Fox,J.Van Duyne,35,503,35,0,172,2769,4.914285714285715,5.504970178926441,-0.5906844646407263,21,346,0.6,0.6878727634194831,-0.08787276341948314,5.466542750929368,0.6951672862453532,Justin Van Duyne,203593
De'Aaron Fox,J.Williams,24,514,23,1,148,2793,6.166666666666667,5.433852140077821,0.7328145265888457,16,351,0.6666666666666666,0.6828793774319066,-0.01621271076524,5.466542750929368,0.6951672862453532,James Williams,202058
De'Aaron Fox,K.Cutler,32,506,31,1,187,2754,5.84375,5.442687747035573,0.40106225296442677,26,341,0.8125,0.6739130434782609,0.13858695652173914,5.466542750929368,0.6951672862453532,Kevin Cutler,201246
De'Aaron Fox,K.Fitzgerald,11,527,11,0,49,2892,4.454545454545454,5.487666034155597,-1.0331205796101433,10,357,0.9090909090909091,0.6774193548387096,0.23167155425219943,5.466542750929368,0.6951672862453532,Kane Fitzgerald,201640
De'Aaron Fox,K.Lane,21,517,21,0,113,2828,5.380952380952381,5.470019342359768,-0.08906696140738646,11,356,0.5238095238095238,0.688588007736944,-0.16477848392742012,5.466542750929368,0.6951672862453532,Karl Lane,202026
De'Aaron Fox,K.Mauer,10,528,10,0,47,2894,4.7,5.481060606060606,-0.7810606060606062,5,362,0.5,0.6856060606060606,-0.18560606060606055,5.466542750929368,0.6951672862453532,Ken Mauer,1174
De'Aaron Fox,K.Scott,32,506,32,0,138,2803,4.3125,5.5395256916996045,-1.2270256916996045,27,340,0.84375,0.6719367588932806,0.17181324110671936,5.466542750929368,0.6951672862453532,Kevin Scott,202041
De'Aaron Fox,L.Holtkamp,10,528,10,0,48,2893,4.8,5.479166666666667,-0.6791666666666671,5,362,0.5,0.6856060606060606,-0.18560606060606055,5.466542750929368,0.6951672862453532,Lauren Holtkamp,203177
De'Aaron Fox,L.Richardson,11,527,11,0,53,2888,4.818181818181818,5.480075901328274,-0.6618940831464553,5,362,0.45454545454545453,0.6869070208728653,-0.23236156632741073,5.466542750929368,0.6951672862453532,Leroy Richardson,1188
De'Aaron Fox,L.Wood,29,509,29,0,143,2798,4.931034482758621,5.49705304518664,-0.5660185624280194,18,349,0.6206896551724138,0.6856581532416502,-0.06496849806923644,5.466542750929368,0.6951672862453532,Leon Wood,1201
De'Aaron Fox,M.Ayotte,17,521,17,0,81,2860,4.764705882352941,5.4894433781190015,-0.7247374957660604,11,356,0.6470588235294118,0.6833013435700576,-0.036242520040645765,5.466542750929368,0.6951672862453532,Mark Ayotte,2148
De'Aaron Fox,M.Boland,23,515,23,0,125,2816,5.434782608695652,5.467961165048544,-0.03317855635289124,18,349,0.782608695652174,0.6776699029126214,0.10493879273955253,5.466542750929368,0.6951672862453532,Matt Boland,2005
De'Aaron Fox,M.Callahan,10,528,10,0,46,2895,4.6,5.482954545454546,-0.8829545454545462,9,358,0.9,0.678030303030303,0.22196969696969704,5.466542750929368,0.6951672862453532,Mike Callahan,1147
De'Aaron Fox,M.Dagher,27,511,27,0,150,2791,5.555555555555555,5.461839530332681,0.09371602522287414,18,349,0.6666666666666666,0.6829745596868885,-0.016307893020221842,5.466542750929368,0.6951672862453532,Mousa Dagher,1628159
De'Aaron Fox,M.Davis,28,510,28,0,180,2761,6.428571428571429,5.413725490196079,1.01484593837535,19,348,0.6785714285714286,0.6823529411764706,-0.0037815126050420034,5.466542750929368,0.6951672862453532,Marc Davis,1830
De'Aaron Fox,M.Ervin,32,506,32,0,177,2764,5.53125,5.462450592885376,0.06879940711462407,22,345,0.6875,0.6818181818181818,0.005681818181818232,5.466542750929368,0.6951672862453532,Mitchell Ervin,203591
De'Aaron Fox,M.Kallio,12,526,12,0,98,2843,8.166666666666666,5.404942965779468,2.761723700887198,9,358,0.75,0.6806083650190115,0.06939163498098855,5.466542750929368,0.6951672862453532,Matt Kallio,1627526
De'Aaron Fox,M.Kogut,14,524,14,0,80,2861,5.714285714285714,5.459923664122138,0.2543620501635768,7,360,0.5,0.6870229007633588,-0.1870229007633588,5.466542750929368,0.6951672862453532,Marat Kogut,201245
De'Aaron Fox,M.Lindsay,21,517,20,1,104,2837,4.9523809523809526,5.48742746615087,-0.5350465137699176,16,351,0.7619047619047619,0.6789168278529981,0.08298793405176375,5.466542750929368,0.6951672862453532,Mark Lindsay,200834
De'Aaron Fox,M.McCutchen,1,537,1,0,2,2939,2.0,5.472998137802607,-3.472998137802607,0,367,0.0,0.6834264432029795,-0.6834264432029795,5.466542750929368,0.6951672862453532,Monty McCutchen,1176
De'Aaron Fox,M.Myers,11,527,11,0,63,2878,5.7272727272727275,5.461100569259962,0.2661721580127656,6,361,0.5454545454545454,0.6850094876660342,-0.13955494221148879,5.466542750929368,0.6951672862453532,Matt Myers,202901
De'Aaron Fox,M.Smith,27,511,27,0,157,2784,5.814814814814815,5.448140900195694,0.36667391461912047,23,344,0.8518518518518519,0.6731898238747553,0.17866202797709652,5.466542750929368,0.6951672862453532,Michael Smith,1193
De'Aaron Fox,N.Buchert,27,511,27,0,167,2774,6.185185185185185,5.428571428571429,0.7566137566137563,15,352,0.5555555555555556,0.6888454011741683,-0.13328984561861268,5.466542750929368,0.6951672862453532,Nick Buchert,202007
De'Aaron Fox,N.Green,10,528,10,0,54,2887,5.4,5.46780303030303,-0.06780303030302992,6,361,0.6,0.6837121212121212,-0.08371212121212124,5.466542750929368,0.6951672862453532,Nate Green,1627524
De'Aaron Fox,N.Sago,18,520,18,0,136,2805,7.555555555555555,5.394230769230769,2.161324786324786,14,353,0.7777777777777778,0.6788461538461539,0.09893162393162391,5.466542750929368,0.6951672862453532,Natalie Sago,1627541
De'Aaron Fox,P.Fraher,22,516,21,1,127,2814,5.7727272727272725,5.453488372093023,0.3192389006342493,12,355,0.5454545454545454,0.687984496124031,-0.1425299506694856,5.466542750929368,0.6951672862453532,Pat Fraher,2003
De'Aaron Fox,P.O'Connell,2,536,2,0,11,2930,5.5,5.4664179104477615,0.033582089552238514,2,365,1.0,0.6809701492537313,0.31902985074626866,5.466542750929368,0.6951672862453532,Pat O'Connell,1629183
De'Aaron Fox,P.Ransom,19,519,19,0,109,2832,5.7368421052631575,5.456647398843931,0.28019470641922695,13,354,0.6842105263157895,0.6820809248554913,0.0021296014602981694,5.466542750929368,0.6951672862453532,Phenizee Ransom,1627963
De'Aaron Fox,R.Acosta,16,522,16,0,83,2858,5.1875,5.475095785440613,-0.2875957854406126,13,354,0.8125,0.6781609195402298,0.13433908045977017,5.466542750929368,0.6951672862453532,Ray Acosta,1626300
De'Aaron Fox,R.Garretson,9,529,9,0,33,2908,3.6666666666666665,5.497164461247637,-1.8304977945809706,7,360,0.7777777777777778,0.6805293005671077,0.09724847721067009,5.466542750929368,0.6951672862453532,Ron Garretson,1164
De'Aaron Fox,R.Hussey,4,534,4,0,30,2911,7.5,5.451310861423221,2.048689138576779,4,363,1.0,0.6797752808988764,0.3202247191011236,5.466542750929368,0.6951672862453532,Robert Hussey,1628480
De'Aaron Fox,R.Mott,19,519,19,0,86,2855,4.526315789473684,5.500963391136802,-0.9746476016631176,14,353,0.7368421052631579,0.6801541425818882,0.05668796268126963,5.466542750929368,0.6951672862453532,Rodney Mott,1179
De'Aaron Fox,S.Corbin,24,514,24,0,128,2813,5.333333333333333,5.472762645914397,-0.13942931258106395,16,351,0.6666666666666666,0.6828793774319066,-0.01621271076524,5.466542750929368,0.6951672862453532,Sean Corbin,1151
De'Aaron Fox,S.Foster,25,513,25,0,101,2840,4.04,5.5360623781676415,-1.4960623781676414,18,349,0.72,0.6803118908382066,0.03968810916179333,5.466542750929368,0.6951672862453532,Scott Foster,1162
De'Aaron Fox,S.Jelks,5,533,5,0,17,2924,3.4,5.485928705440901,-2.085928705440901,2,365,0.4,0.6848030018761726,-0.2848030018761726,5.466542750929368,0.6951672862453532,Simone Jelks,1628481
De'Aaron Fox,S.Mehta,13,525,13,0,79,2862,6.076923076923077,5.451428571428571,0.6254945054945056,8,359,0.6153846153846154,0.6838095238095238,-0.06842490842490834,5.466542750929368,0.6951672862453532,Suyash Mehta,1627529
De'Aaron Fox,S.Mitchell,8,530,8,0,46,2895,5.75,5.462264150943396,0.2877358490566042,4,363,0.5,0.6849056603773584,-0.18490566037735845,5.466542750929368,0.6951672862453532,Sha'Rae Mitchell,1629178
De'Aaron Fox,S.Twardoski,24,514,24,0,128,2813,5.333333333333333,5.472762645914397,-0.13942931258106395,20,347,0.8333333333333334,0.6750972762645915,0.1582360570687419,5.466542750929368,0.6951672862453532,Scott Twardoski,202053
De'Aaron Fox,S.Wall,16,522,16,0,89,2852,5.5625,5.46360153256705,0.09889846743295028,14,353,0.875,0.6762452107279694,0.1987547892720306,5.466542750929368,0.6951672862453532,Scott Wall,1198
De'Aaron Fox,S.Wright,32,506,31,1,185,2756,5.78125,5.446640316205533,0.33460968379446676,24,343,0.75,0.6778656126482213,0.07213438735177868,5.466542750929368,0.6951672862453532,Sean Wright,2882
De'Aaron Fox,T.Brothers,27,511,26,1,142,2799,5.2592592592592595,5.477495107632094,-0.21823584837283416,16,351,0.5925925925925926,0.6868884540117417,-0.09429586141914914,5.466542750929368,0.6951672862453532,Tony Brothers,1146
De'Aaron Fox,T.Brown,8,530,8,0,41,2900,5.125,5.471698113207547,-0.3466981132075473,3,364,0.375,0.6867924528301886,-0.31179245283018864,5.466542750929368,0.6951672862453532,Tony Brown,2529
De'Aaron Fox,T.Ford,29,509,28,1,134,2807,4.620689655172414,5.514734774066798,-0.8940451188943843,17,350,0.5862068965517241,0.68762278978389,-0.10141589323216593,5.466542750929368,0.6951672862453532,Tyler Ford,204059
De'Aaron Fox,T.Maddox,26,512,26,0,120,2821,4.615384615384615,5.509765625,-0.894381009615385,19,348,0.7307692307692307,0.6796875,0.051081730769230727,5.466542750929368,0.6951672862453532,Tre Maddox,202027
De'Aaron Fox,T.Mirkovich,3,535,3,0,14,2927,4.666666666666667,5.471028037383178,-0.8043613707165109,3,364,1.0,0.680373831775701,0.319626168224299,5.466542750929368,0.6951672862453532,Tyler Mirkovich,1628482
De'Aaron Fox,T.Ricks,2,536,2,0,6,2935,3.0,5.475746268656716,-2.4757462686567164,1,366,0.5,0.6828358208955224,-0.18283582089552242,5.466542750929368,0.6951672862453532,Tyler Ricks,1627539
De'Aaron Fox,T.Washington,18,520,18,0,81,2860,4.5,5.5,-1.0,13,354,0.7222222222222222,0.6807692307692308,0.04145299145299142,5.466542750929368,0.6951672862453532,Tom Washington,1199
De'Aaron Fox,V.Voyard-Tadal,1,537,1,0,3,2938,3.0,5.471135940409684,-2.4711359404096838,1,366,1.0,0.6815642458100558,0.3184357541899442,5.466542750929368,0.6951672862453532,Vladimir Voyard-Tadal,1626303
De'Aaron Fox,Z.Zarba,21,517,21,0,129,2812,6.142857142857143,5.439071566731141,0.7037855761260019,14,353,0.6666666666666666,0.6827852998065764,-0.0161186331399098,5.466542750929368,0.6951672862453532,Zach Zarba,2534
Jalen Brunson,A.Moyer-Gleich,13,541,13,0,45,2283,3.4615384615384617,4.2199630314232905,-0.7584245698848289,4,266,0.3076923076923077,0.49168207024029575,-0.18398976254798804,4.20216606498195,0.48736462093862815,Ashley Moyer-Gleich,1628953
Jalen Brunson,A.Nagy,20,534,19,1,100,2228,5.0,4.1722846441947565,0.8277153558052435,14,256,0.7,0.4794007490636704,0.22059925093632954,4.20216606498195,0.48736462093862815,Andy Nagy,1627534
Jalen Brunson,A.Smith,21,533,20,1,95,2233,4.523809523809524,4.189493433395873,0.33431609041365107,10,260,0.47619047619047616,0.4878048780487805,-0.011614401858304313,4.20216606498195,0.48736462093862815,Aaron Smith,1626302
Jalen Brunson,B.Adair,27,527,27,0,115,2213,4.2592592592592595,4.1992409867172675,0.06001827254199199,14,256,0.5185185185185185,0.4857685009487666,0.03275001756975188,4.20216606498195,0.48736462093862815,Brandon Adair,1627961
Jalen Brunson,B.Adams,6,548,6,0,5,2323,0.8333333333333334,4.239051094890511,-3.405717761557178,1,269,0.16666666666666666,0.4908759124087591,-0.3242092457420924,4.20216606498195,0.48736462093862815,Bennie Adams,1363
Jalen Brunson,B.Barnaky,24,530,21,3,73,2255,3.0416666666666665,4.254716981132075,-1.2130503144654088,12,258,0.5,0.4867924528301887,0.013207547169811318,4.20216606498195,0.48736462093862815,Brent Barnaky,201638
Jalen Brunson,B.Forte,31,523,25,6,146,2182,4.709677419354839,4.172084130019121,0.5375932893357183,14,256,0.45161290322580644,0.4894837476099426,-0.03787084438413618,4.20216606498195,0.48736462093862815,Brian Forte,101283
Jalen Brunson,B.Haskill,2,552,2,0,3,2325,1.5,4.211956521739131,-2.711956521739131,0,270,0.0,0.4891304347826087,-0.4891304347826087,4.20216606498195,0.48736462093862815,Brent Haskill,1629175
Jalen Brunson,B.Kennedy,17,537,16,1,91,2237,5.352941176470588,4.165735567970205,1.187205608500383,10,260,0.5882352941176471,0.48417132216014896,0.10406397195749811,4.20216606498195,0.48736462093862815,Bill Kennedy,1662
Jalen Brunson,B.Nansel,17,537,17,0,67,2261,3.9411764705882355,4.210428305400373,-0.2692518348121373,10,260,0.5882352941176471,0.48417132216014896,0.10406397195749811,4.20216606498195,0.48736462093862815,Brett Nansel,202035
Jalen Brunson,B.Schwab,8,546,8,0,54,2274,6.75,4.164835164835165,2.585164835164835,7,263,0.875,0.4816849816849817,0.3933150183150183,4.20216606498195,0.48736462093862815,Brandon Schwab,1628171
Jalen Brunson,B.Spooner,1,553,1,0,0,2328,0.0,4.2097649186256785,-4.2097649186256785,1,269,1.0,0.4864376130198915,0.5135623869801085,4.20216606498195,0.48736462093862815,Bill Spooner,1194
Jalen Brunson,B.Taylor,33,521,30,3,131,2197,3.9696969696969697,4.2168905950095965,-0.24719362531262679,19,251,0.5757575757575758,0.4817658349328215,0.09399174082475431,4.20216606498195,0.48736462093862815,Ben Taylor,202049
Jalen Brunson,C.Blair,22,532,18,4,75,2253,3.409090909090909,4.234962406015038,-0.8258714969241288,9,261,0.4090909090909091,0.4906015037593985,-0.08151059466848937,4.20216606498195,0.48736462093862815,Curtis Blair,200832
Jalen Brunson,C.Flores,8,546,8,0,48,2280,6.0,4.175824175824176,1.824175824175824,4,266,0.5,0.48717948717948717,0.01282051282051283,4.20216606498195,0.48736462093862815,Che Flores,203054
Jalen Brunson,C.Kirkland,19,535,18,1,85,2243,4.473684210526316,4.192523364485981,0.28116084604033453,12,258,0.631578947368421,0.4822429906542056,0.1493359567142154,4.20216606498195,0.48736462093862815,Courtney Kirkland,2004
Jalen Brunson,C.Washington,23,531,23,0,101,2227,4.391304347826087,4.1939736346516,0.19733071317448658,15,255,0.6521739130434783,0.480225988700565,0.17194792434291328,4.20216606498195,0.48736462093862815,CJ Washington,202056
Jalen Brunson,D.Collins,24,530,23,1,55,2273,2.2916666666666665,4.288679245283019,-1.9970125786163524,10,260,0.4166666666666667,0.49056603773584906,-0.07389937106918237,4.20216606498195,0.48736462093862815,Derrick Collins,2002
Jalen Brunson,D.Guthrie,20,534,17,3,78,2250,3.9,4.213483146067416,-0.3134831460674161,6,264,0.3,0.4943820224719101,-0.1943820224719101,4.20216606498195,0.48736462093862815,David Guthrie,2714
Jalen Brunson,D.Mosher,6,548,6,0,29,2299,4.833333333333333,4.195255474452555,0.6380778588807781,3,267,0.5,0.48722627737226276,0.012773722627737238,4.20216606498195,0.48736462093862815,Dannica Mosher,1628484
Jalen Brunson,D.Richardson,16,538,16,0,63,2265,3.9375,4.210037174721189,-0.2725371747211893,7,263,0.4375,0.4888475836431227,-0.051347583643122696,4.20216606498195,0.48736462093862815,Derek Richardson,1204
Jalen Brunson,D.Scott,5,549,5,0,31,2297,6.2,4.183970856102004,2.0160291438979963,5,265,1.0,0.48269581056466304,0.517304189435337,4.20216606498195,0.48736462093862815,Danielle Scott,1628487
Jalen Brunson,D.Taylor,23,531,23,0,108,2220,4.695652173913044,4.1807909604519775,0.5148612134610664,15,255,0.6521739130434783,0.480225988700565,0.17194792434291328,4.20216606498195,0.48736462093862815,Dedric Taylor,203592
Jalen Brunson,E.Dalen,21,533,19,2,59,2269,2.8095238095238093,4.25703564727955,-1.4475118377557408,7,263,0.3333333333333333,0.49343339587242024,-0.16010006253908693,4.20216606498195,0.48736462093862815,Eric Dalen,200833
Jalen Brunson,E.Lewis,20,534,19,1,74,2254,3.7,4.2209737827715355,-0.5209737827715353,11,259,0.55,0.4850187265917603,0.06498127340823973,4.20216606498195,0.48736462093862815,Eric Lewis,2715
Jalen Brunson,E.Malloy,26,528,24,2,113,2215,4.346153846153846,4.195075757575758,0.15107808857808802,12,258,0.46153846153846156,0.48863636363636365,-0.027097902097902082,4.20216606498195,0.48736462093862815,Ed Malloy,2530
Jalen Brunson,E.Scott,14,540,14,0,69,2259,4.928571428571429,4.183333333333334,0.7452380952380953,6,264,0.42857142857142855,0.4888888888888889,-0.060317460317460325,4.20216606498195,0.48736462093862815,Evan Scott,1628172
Jalen Brunson,G.Petraitis,24,530,22,2,125,2203,5.208333333333333,4.156603773584906,1.051729559748427,9,261,0.375,0.49245283018867925,-0.11745283018867925,4.20216606498195,0.48736462093862815,Gediminas Petraitis,204058
Jalen Brunson,H.Workman,4,550,4,0,6,2322,1.5,4.221818181818182,-2.7218181818181817,2,268,0.5,0.48727272727272725,0.012727272727272754,4.20216606498195,0.48736462093862815,Haywoode Workman,201637
Jalen Brunson,I.Hwang,2,552,2,0,3,2325,1.5,4.211956521739131,-2.711956521739131,1,269,0.5,0.48731884057971014,0.012681159420289856,4.20216606498195,0.48736462093862815,Intae Hwang,1630886
Jalen Brunson,J.Butler,14,540,12,2,83,2245,5.928571428571429,4.157407407407407,1.7711640211640214,8,262,0.5714285714285714,0.48518518518518516,0.08624338624338623,4.20216606498195,0.48736462093862815,John Butler,1628951
Jalen Brunson,J.Capers,23,531,18,5,86,2242,3.739130434782609,4.222222222222222,-0.48309178743961345,11,259,0.4782608695652174,0.487758945386064,-0.009498075820846608,4.20216606498195,0.48736462093862815,James Capers,1148
Jalen Brunson,J.Conley,8,546,8,0,37,2291,4.625,4.195970695970696,0.42902930402930384,5,265,0.625,0.48534798534798534,0.13965201465201466,4.20216606498195,0.48736462093862815,John Conley,1627519
Jalen Brunson,J.DeRosa,25,529,23,2,131,2197,5.24,4.153119092627599,1.086880907372401,15,255,0.6,0.4820415879017013,0.11795841209829866,4.20216606498195,0.48736462093862815,JB DeRosa,1155
Jalen Brunson,J.Goble,46,508,43,3,157,2171,3.4130434782608696,4.2736220472440944,-0.8605785689832248,25,245,0.5434782608695652,0.4822834645669291,0.06119479630263608,4.20216606498195,0.48736462093862815,John Goble,101284
Jalen Brunson,J.Goldenberg,19,535,19,0,79,2249,4.157894736842105,4.20373831775701,-0.04584358091490426,12,258,0.631578947368421,0.4822429906542056,0.1493359567142154,4.20216606498195,0.48736462093862815,Jason Goldenberg,1626301
Jalen Brunson,J.Orr,21,533,21,0,83,2245,3.9523809523809526,4.2120075046904315,-0.25962655230947895,11,259,0.5238095238095238,0.48592870544090055,0.03788081836862328,4.20216606498195,0.48736462093862815,J.T. Orr,202037
Jalen Brunson,J.Phillips,2,552,2,0,1,2327,0.5,4.215579710144928,-3.7155797101449277,2,268,1.0,0.4855072463768116,0.5144927536231885,4.20216606498195,0.48736462093862815,Jason Phillips,2001
Jalen Brunson,J.Ralls,4,550,4,0,33,2295,8.25,4.172727272727273,4.077272727272727,2,268,0.5,0.48727272727272725,0.012727272727272754,4.20216606498195,0.48736462093862815,JD Ralls,1628485
Jalen Brunson,J.Reneau,2,552,2,0,14,2314,7.0,4.192028985507246,2.807971014492754,2,268,1.0,0.4855072463768116,0.5144927536231885,4.20216606498195,0.48736462093862815,Jenna Reneau,1628168
Jalen Brunson,J.Schroeder,11,543,11,0,61,2267,5.545454545454546,4.1749539594843466,1.3705005859701993,7,263,0.6363636363636364,0.4843462246777164,0.15201741168591998,4.20216606498195,0.48736462093862815,Jenna Schroeder,1628954
Jalen Brunson,J.Sterling,20,534,20,0,78,2250,3.9,4.213483146067416,-0.3134831460674161,13,257,0.65,0.4812734082397004,0.16872659176029964,4.20216606498195,0.48736462093862815,Jonathan Sterling,1627964
Jalen Brunson,J.Tiven,28,526,27,1,112,2216,4.0,4.212927756653992,-0.21292775665399244,16,254,0.5714285714285714,0.4828897338403042,0.0885388375882672,4.20216606498195,0.48736462093862815,Josh Tiven,201639
Jalen Brunson,J.Van Duyne,23,531,21,2,112,2216,4.869565217391305,4.173258003766478,0.6963072136248263,12,258,0.5217391304347826,0.4858757062146893,0.03586342422009331,4.20216606498195,0.48736462093862815,Justin Van Duyne,203593
Jalen Brunson,J.Williams,27,527,25,2,127,2201,4.703703703703703,4.176470588235294,0.5272331154684089,15,255,0.5555555555555556,0.4838709677419355,0.07168458781362008,4.20216606498195,0.48736462093862815,James Williams,202058
Jalen Brunson,K.Cutler,25,529,24,1,76,2252,3.04,4.257088846880907,-1.2170888468809071,11,259,0.44,0.4896030245746692,-0.0496030245746692,4.20216606498195,0.48736462093862815,Kevin Cutler,201246
Jalen Brunson,K.Fitzgerald,15,539,13,2,33,2295,2.2,4.257884972170687,-2.0578849721706867,7,263,0.4666666666666667,0.48794063079777367,-0.021273964131106993,4.20216606498195,0.48736462093862815,Kane Fitzgerald,201640
Jalen Brunson,K.Lane,22,532,22,0,83,2245,3.772727272727273,4.219924812030075,-0.44719753930280204,11,259,0.5,0.4868421052631579,0.01315789473684209,4.20216606498195,0.48736462093862815,Karl Lane,202026
Jalen Brunson,K.Mauer,8,546,8,0,22,2306,2.75,4.2234432234432235,-1.4734432234432235,2,268,0.25,0.4908424908424908,-0.24084249084249082,4.20216606498195,0.48736462093862815,Ken Mauer,1174
Jalen Brunson,K.Scott,19,535,15,4,73,2255,3.8421052631578947,4.214953271028038,-0.37284800787014305,8,262,0.42105263157894735,0.4897196261682243,-0.06866699458927694,4.20216606498195,0.48736462093862815,Kevin Scott,202041
Jalen Brunson,L.Holtkamp,7,547,7,0,22,2306,3.142857142857143,4.2157221206581355,-1.0728649778009927,5,265,0.7142857142857143,0.4844606946983547,0.22982501958735962,4.20216606498195,0.48736462093862815,Lauren Holtkamp,203177
Jalen Brunson,L.Richardson,6,548,6,0,7,2321,1.1666666666666667,4.235401459854015,-3.068734793187348,1,269,0.16666666666666666,0.4908759124087591,-0.3242092457420924,4.20216606498195,0.48736462093862815,Leroy Richardson,1188
Jalen Brunson,L.Wood,14,540,14,0,25,2303,1.7857142857142858,4.264814814814815,-2.4791005291005295,9,261,0.6428571428571429,0.48333333333333334,0.15952380952380957,4.20216606498195,0.48736462093862815,Leon Wood,1201
Jalen Brunson,M.Ayotte,7,547,7,0,6,2322,0.8571428571428571,4.244972577696527,-3.3878297205536696,4,266,0.5714285714285714,0.48628884826325414,0.08513972316531726,4.20216606498195,0.48736462093862815,Mark Ayotte,2148
Jalen Brunson,M.Boland,17,537,17,0,48,2280,2.823529411764706,4.245810055865922,-1.4222806441012161,5,265,0.29411764705882354,0.4934823091247672,-0.19936466206594367,4.20216606498195,0.48736462093862815,Matt Boland,2005
Jalen Brunson,M.Callahan,5,549,5,0,5,2323,1.0,4.231329690346084,-3.231329690346084,4,266,0.8,0.48451730418943534,0.3154826958105647,4.20216606498195,0.48736462093862815,Mike Callahan,1147
Jalen Brunson,M.Dagher,15,539,15,0,50,2278,3.3333333333333335,4.22634508348794,-0.8930117501546069,5,265,0.3333333333333333,0.49165120593692024,-0.15831787260358693,4.20216606498195,0.48736462093862815,Mousa Dagher,1628159
Jalen Brunson,M.Davis,23,531,20,3,77,2251,3.347826086956522,4.239171374764595,-0.8913452878080732,12,258,0.5217391304347826,0.4858757062146893,0.03586342422009331,4.20216606498195,0.48736462093862815,Marc Davis,1830
Jalen Brunson,M.Ervin,25,529,24,1,140,2188,5.6,4.136105860113422,1.4638941398865777,14,256,0.56,0.4839319470699433,0.07606805293005675,4.20216606498195,0.48736462093862815,Mitchell Ervin,203591
Jalen Brunson,M.Kallio,5,549,5,0,20,2308,4.0,4.204007285974499,-0.20400728597449902,2,268,0.4,0.48816029143898,-0.08816029143897997,4.20216606498195,0.48736462093862815,Matt Kallio,1627526
Jalen Brunson,M.Kogut,21,533,21,0,91,2237,4.333333333333333,4.196998123827392,0.13633520950594136,12,258,0.5714285714285714,0.48405253283302063,0.08737603859555076,4.20216606498195,0.48736462093862815,Marat Kogut,201245
Jalen Brunson,M.Lindsay,35,519,31,4,162,2166,4.628571428571429,4.173410404624278,0.4551610239471513,21,249,0.6,0.4797687861271676,0.12023121387283237,4.20216606498195,0.48736462093862815,Mark Lindsay,200834
Jalen Brunson,M.Myers,14,540,14,0,67,2261,4.785714285714286,4.187037037037037,0.5986772486772489,9,261,0.6428571428571429,0.48333333333333334,0.15952380952380957,4.20216606498195,0.48736462093862815,Matt Myers,202901
Jalen Brunson,M.Smith,21,533,20,1,93,2235,4.428571428571429,4.193245778611632,0.23532564995979666,13,257,0.6190476190476191,0.4821763602251407,0.13687125882247836,4.20216606498195,0.48736462093862815,Michael Smith,1193
Jalen Brunson,N.Buchert,31,523,28,3,126,2202,4.064516129032258,4.210325047801147,-0.14580891876888913,13,257,0.41935483870967744,0.491395793499044,-0.07204095478936656,4.20216606498195,0.48736462093862815,Nick Buchert,202007
Jalen Brunson,N.Green,18,536,18,0,86,2242,4.777777777777778,4.182835820895522,0.5949419568822556,10,260,0.5555555555555556,0.48507462686567165,0.07048092868988393,4.20216606498195,0.48736462093862815,Nate Green,1627524
Jalen Brunson,N.Sago,20,534,19,1,90,2238,4.5,4.191011235955056,0.308988764044944,10,260,0.5,0.4868913857677903,0.013108614232209714,4.20216606498195,0.48736462093862815,Natalie Sago,1627541
Jalen Brunson,P.Fraher,26,528,24,2,143,2185,5.5,4.138257575757576,1.3617424242424239,13,257,0.5,0.48674242424242425,0.013257575757575746,4.20216606498195,0.48736462093862815,Pat Fraher,2003
Jalen Brunson,P.O'Connell,3,551,3,0,20,2308,6.666666666666667,4.188747731397459,2.4779189352692077,3,267,1.0,0.484573502722323,0.515426497277677,4.20216606498195,0.48736462093862815,Pat O'Connell,1629183
Jalen Brunson,P.Ransom,16,538,16,0,62,2266,3.875,4.211895910780669,-0.33689591078066883,10,260,0.625,0.483271375464684,0.14172862453531598,4.20216606498195,0.48736462093862815,Phenizee Ransom,1627963
Jalen Brunson,R.Acosta,30,524,28,2,136,2192,4.533333333333333,4.183206106870229,0.3501272264631039,19,251,0.6333333333333333,0.47900763358778625,0.15432569974554705,4.20216606498195,0.48736462093862815,Ray Acosta,1626300
Jalen Brunson,R.Garretson,4,550,4,0,8,2320,2.0,4.218181818181818,-2.218181818181818,2,268,0.5,0.48727272727272725,0.012727272727272754,4.20216606498195,0.48736462093862815,Ron Garretson,1164
Jalen Brunson,R.Hussey,8,546,8,0,33,2295,4.125,4.2032967032967035,-0.07829670329670346,5,265,0.625,0.48534798534798534,0.13965201465201466,4.20216606498195,0.48736462093862815,Robert Hussey,1628480
Jalen Brunson,R.Mott,21,533,20,1,102,2226,4.857142857142857,4.176360225140713,0.6807826320021437,10,260,0.47619047619047616,0.4878048780487805,-0.011614401858304313,4.20216606498195,0.48736462093862815,Rodney Mott,1179
Jalen Brunson,S.Corbin,23,531,20,3,108,2220,4.695652173913044,4.1807909604519775,0.5148612134610664,11,259,0.4782608695652174,0.487758945386064,-0.009498075820846608,4.20216606498195,0.48736462093862815,Sean Corbin,1151
Jalen Brunson,S.Foster,38,516,33,5,157,2171,4.131578947368421,4.207364341085271,-0.07578539371685,20,250,0.5263157894736842,0.4844961240310077,0.04181966544267646,4.20216606498195,0.48736462093862815,Scott Foster,1162
Jalen Brunson,S.Jelks,5,549,5,0,23,2305,4.6,4.198542805100182,0.4014571948998178,3,267,0.6,0.48633879781420764,0.11366120218579234,4.20216606498195,0.48736462093862815,Simone Jelks,1628481
Jalen Brunson,S.Mehta,14,540,14,0,65,2263,4.642857142857143,4.190740740740741,0.4521164021164026,9,261,0.6428571428571429,0.48333333333333334,0.15952380952380957,4.20216606498195,0.48736462093862815,Suyash Mehta,1627529
Jalen Brunson,S.Mitchell,4,550,4,0,23,2305,5.75,4.1909090909090905,1.5590909090909095,1,269,0.25,0.4890909090909091,-0.23909090909090908,4.20216606498195,0.48736462093862815,Sha'Rae Mitchell,1629178
Jalen Brunson,S.Twardoski,26,528,24,2,90,2238,3.4615384615384617,4.238636363636363,-0.7770979020979016,10,260,0.38461538461538464,0.49242424242424243,-0.1078088578088578,4.20216606498195,0.48736462093862815,Scott Twardoski,202053
Jalen Brunson,S.Wall,17,537,17,0,45,2283,2.6470588235294117,4.251396648044692,-1.6043378245152806,12,258,0.7058823529411765,0.48044692737430167,0.22543542556687485,4.20216606498195,0.48736462093862815,Scott Wall,1198
Jalen Brunson,S.Wright,35,519,30,5,153,2175,4.371428571428571,4.190751445086705,0.18067712634186606,16,254,0.45714285714285713,0.48940269749518306,-0.03225984035232593,4.20216606498195,0.48736462093862815,Sean Wright,2882
Jalen Brunson,T.Brothers,26,528,25,1,102,2226,3.923076923076923,4.215909090909091,-0.2928321678321679,12,258,0.46153846153846156,0.48863636363636365,-0.027097902097902082,4.20216606498195,0.48736462093862815,Tony Brothers,1146
Jalen Brunson,T.Brown,5,549,5,0,8,2320,1.6,4.225865209471767,-2.6258652094717667,3,267,0.6,0.48633879781420764,0.11366120218579234,4.20216606498195,0.48736462093862815,Tony Brown,2529
Jalen Brunson,T.Ford,27,527,24,3,152,2176,5.62962962962963,4.129032258064516,1.5005973715651137,16,254,0.5925925925925926,0.4819734345351044,0.11061915805748818,4.20216606498195,0.48736462093862815,Tyler Ford,204059
Jalen Brunson,T.Maddox,27,527,25,2,108,2220,4.0,4.212523719165086,-0.21252371916508572,13,257,0.48148148148148145,0.4876660341555977,-0.006184552674116273,4.20216606498195,0.48736462093862815,Tre Maddox,202027
Jalen Brunson,T.Mirkovich,1,553,1,0,5,2323,5.0,4.200723327305606,0.7992766726943943,0,270,0.0,0.488245931283906,-0.488245931283906,4.20216606498195,0.48736462093862815,Tyler Mirkovich,1628482
Jalen Brunson,T.Ricks,7,547,7,0,46,2282,6.571428571428571,4.171846435100549,2.3995821363280223,3,267,0.42857142857142855,0.48811700182815354,-0.05954557325672499,4.20216606498195,0.48736462093862815,Tyler Ricks,1627539
Jalen Brunson,T.Washington,19,535,19,0,56,2272,2.9473684210526314,4.246728971962617,-1.2993605509099857,9,261,0.47368421052631576,0.48785046728971965,-0.014166256763403884,4.20216606498195,0.48736462093862815,Tom Washington,1199
Jalen Brunson,Z.Zarba,35,519,30,5,181,2147,5.171428571428572,4.136801541425819,1.0346270300027527,17,253,0.4857142857142857,0.48747591522157996,-0.001761629507294249,4.20216606498195,0.48736462093862815,Zach Zarba,2534
Anthony Davis,A.Moyer-Gleich,9,707,9,0,53,5283,5.888888888888889,7.472418670438472,-1.5835297815495828,8,515,0.8888888888888888,0.7284299858557284,0.16045890303316046,7.4525139664804465,1.6536312849162011,Ashley Moyer-Gleich,1628953
Anthony Davis,A.Nagy,14,702,14,0,71,5265,5.071428571428571,7.5,-2.428571428571429,11,512,0.7857142857142857,0.7293447293447294,0.05636955636955632,7.4525139664804465,1.6536312849162011,Andy Nagy,1627534
Anthony Davis,A.Smith,21,695,21,0,182,5154,8.666666666666666,7.415827338129496,1.25083932853717,15,508,0.7142857142857143,0.7309352517985611,-0.016649537512846813,7.4525139664804465,1.6536312849162011,Aaron Smith,1626302
Anthony Davis,B.Adair,12,704,12,0,84,5252,7.0,7.4602272727272725,-0.4602272727272725,9,514,0.75,0.7301136363636364,0.019886363636363646,7.4525139664804465,1.6536312849162011,Brandon Adair,1627961
Anthony Davis,B.Adams,15,701,15,0,110,5226,7.333333333333333,7.45506419400856,-0.12173086067522654,13,510,0.8666666666666667,0.7275320970042796,0.13913456966238713,7.4525139664804465,1.6536312849162011,Bennie Adams,1363
Anthony Davis,B.Barnaky,28,688,28,0,222,5114,7.928571428571429,7.433139534883721,0.4954318936877078,24,499,0.8571428571428571,0.7252906976744186,0.13185215946843853,7.4525139664804465,1.6536312849162011,Brent Barnaky,201638
Anthony Davis,B.Forte,38,678,37,1,266,5070,7.0,7.477876106194691,-0.47787610619469056,30,493,0.7894736842105263,0.7271386430678466,0.06233504114267974,7.4525139664804465,1.6536312849162011,Brian Forte,101283
Anthony Davis,B.Haskill,1,715,1,0,1,5335,1.0,7.461538461538462,-6.461538461538462,1,522,1.0,0.73006993006993,0.26993006993006996,7.4525139664804465,1.6536312849162011,Brent Haskill,1629175
Anthony Davis,B.Kennedy,23,693,22,1,154,5182,6.695652173913044,7.477633477633478,-0.7819813037204337,16,507,0.6956521739130435,0.7316017316017316,-0.03594955768868813,7.4525139664804465,1.6536312849162011,Bill Kennedy,1662
Anthony Davis,B.Nansel,21,695,21,0,153,5183,7.285714285714286,7.457553956834532,-0.17183967112024678,20,503,0.9523809523809523,0.7237410071942446,0.22863994518670772,7.4525139664804465,1.6536312849162011,Brett Nansel,202035
Anthony Davis,B.Salvatore,1,715,1,0,14,5322,14.0,7.443356643356643,6.556643356643357,1,522,1.0,0.73006993006993,0.26993006993006996,7.4525139664804465,1.6536312849162011,Bennett Salvatore,1192
Anthony Davis,B.Schwab,4,712,4,0,38,5298,9.5,7.441011235955056,2.058988764044944,4,519,1.0,0.7289325842696629,0.2710674157303371,7.4525139664804465,1.6536312849162011,Brandon Schwab,1628171
Anthony Davis,B.Spooner,12,704,12,0,112,5224,9.333333333333334,7.420454545454546,1.912878787878788,8,515,0.6666666666666666,0.7315340909090909,-0.06486742424242431,7.4525139664804465,1.6536312849162011,Bill Spooner,1194
Anthony Davis,B.Taylor,30,686,29,1,266,5070,8.866666666666667,7.39067055393586,1.4759961127308072,24,499,0.8,0.7274052478134111,0.07259475218658895,7.4525139664804465,1.6536312849162011,Ben Taylor,202049
Anthony Davis,C.Blair,45,671,43,2,336,5000,7.466666666666667,7.451564828614009,0.015101838052657968,34,489,0.7555555555555555,0.7287630402384501,0.02679251531710547,7.4525139664804465,1.6536312849162011,Curtis Blair,200832
Anthony Davis,C.Flores,5,711,5,0,43,5293,8.6,7.444444444444445,1.155555555555555,4,519,0.8,0.729957805907173,0.07004219409282708,7.4525139664804465,1.6536312849162011,Che Flores,203054
Anthony Davis,C.Kirkland,24,692,24,0,140,5196,5.833333333333333,7.508670520231214,-1.675337186897881,17,506,0.7083333333333334,0.7312138728323699,-0.022880539499036567,7.4525139664804465,1.6536312849162011,Courtney Kirkland,2004
Anthony Davis,C.Washington,15,701,15,0,107,5229,7.133333333333334,7.459343794579173,-0.326010461245839,11,512,0.7333333333333333,0.7303851640513552,0.0029481692819780525,7.4525139664804465,1.6536312849162011,CJ Washington,202056
Anthony Davis,D.Collins,30,686,30,0,240,5096,8.0,7.428571428571429,0.5714285714285712,24,499,0.8,0.7274052478134111,0.07259475218658895,7.4525139664804465,1.6536312849162011,Derrick Collins,2002
Anthony Davis,D.Crawford,13,703,13,0,100,5236,7.6923076923076925,7.448079658605974,0.24422803370171842,10,513,0.7692307692307693,0.7297297297297297,0.03950103950103956,7.4525139664804465,1.6536312849162011,Dan Crawford,1152
Anthony Davis,D.Guthrie,40,676,39,1,259,5077,6.475,7.510355029585799,-1.0353550295857996,37,486,0.925,0.7189349112426036,0.2060650887573965,7.4525139664804465,1.6536312849162011,David Guthrie,2714
Anthony Davis,D.Jones,10,706,10,0,77,5259,7.7,7.449008498583569,0.250991501416431,9,514,0.9,0.7280453257790368,0.17195467422096322,7.4525139664804465,1.6536312849162011,David Jones,1168
Anthony Davis,D.Mosher,3,713,3,0,21,5315,7.0,7.454417952314166,-0.4544179523141656,3,520,1.0,0.729312762973352,0.270687237026648,7.4525139664804465,1.6536312849162011,Dannica Mosher,1628484
Anthony Davis,D.Richardson,32,684,32,0,202,5134,6.3125,7.505847953216374,-1.1933479532163744,24,499,0.75,0.72953216374269,0.020467836257309968,7.4525139664804465,1.6536312849162011,Derek Richardson,1204
Anthony Davis,D.Scott,5,711,5,0,31,5305,6.2,7.461322081575246,-1.261322081575246,4,519,0.8,0.729957805907173,0.07004219409282708,7.4525139664804465,1.6536312849162011,Danielle Scott,1628487
Anthony Davis,D.Stafford,11,705,11,0,86,5250,7.818181818181818,7.446808510638298,0.3713733075435206,9,514,0.8181818181818182,0.7290780141843972,0.08910380399742102,7.4525139664804465,1.6536312849162011,Derrick Stafford,1195
Anthony Davis,D.Taylor,26,690,26,0,200,5136,7.6923076923076925,7.443478260869565,0.24882943143812764,23,500,0.8846153846153846,0.7246376811594203,0.1599777034559643,7.4525139664804465,1.6536312849162011,Dedric Taylor,203592
Anthony Davis,E.Dalen,28,688,27,1,175,5161,6.25,7.501453488372093,-1.2514534883720927,21,502,0.75,0.7296511627906976,0.02034883720930236,7.4525139664804465,1.6536312849162011,Eric Dalen,200833
Anthony Davis,E.Lewis,29,687,27,2,201,5135,6.931034482758621,7.474526928675401,-0.5434924459167796,26,497,0.896551724137931,0.7234352256186317,0.17311649851929933,7.4525139664804465,1.6536312849162011,Eric Lewis,2715
Anthony Davis,E.Malloy,24,692,23,1,159,5177,6.625,7.48121387283237,-0.8562138728323703,19,504,0.7916666666666666,0.7283236994219653,0.06334296724470134,7.4525139664804465,1.6536312849162011,Ed Malloy,2530
Anthony Davis,E.Roe,8,708,8,0,70,5266,8.75,7.437853107344632,1.3121468926553677,5,518,0.625,0.731638418079096,-0.10663841807909602,7.4525139664804465,1.6536312849162011,Eli Roe,2532
Anthony Davis,E.Scott,4,712,4,0,31,5305,7.75,7.450842696629214,0.2991573033707864,3,520,0.75,0.7303370786516854,0.0196629213483146,7.4525139664804465,1.6536312849162011,Evan Scott,1628172
Anthony Davis,G.Petraitis,29,687,28,1,179,5157,6.172413793103448,7.506550218340611,-1.3341364252371628,24,499,0.8275862068965517,0.7263464337700145,0.1012397731265372,7.4525139664804465,1.6536312849162011,Gediminas Petraitis,204058
Anthony Davis,G.Zielinski,15,701,15,0,101,5235,6.733333333333333,7.467902995720399,-0.7345696623870657,8,515,0.5333333333333333,0.7346647646219686,-0.2013314312886353,7.4525139664804465,1.6536312849162011,Gary Zielinski,1664
Anthony Davis,H.Workman,11,705,11,0,68,5268,6.181818181818182,7.472340425531915,-1.290522243713733,7,516,0.6363636363636364,0.7319148936170212,-0.09555125725338487,7.4525139664804465,1.6536312849162011,Haywoode Workman,201637
Anthony Davis,I.Hwang,2,714,2,0,17,5319,8.5,7.449579831932773,1.0504201680672267,1,522,0.5,0.7310924369747899,-0.23109243697478987,7.4525139664804465,1.6536312849162011,Intae Hwang,1630886
Anthony Davis,J.Butler,19,697,19,0,113,5223,5.947368421052632,7.493543758967001,-1.5461753379143692,16,507,0.8421052631578947,0.727403156384505,0.11470210677338966,7.4525139664804465,1.6536312849162011,John Butler,1628951
Anthony Davis,J.Capers,24,692,24,0,173,5163,7.208333333333333,7.460982658959537,-0.2526493256262041,21,502,0.875,0.7254335260115607,0.14956647398843925,7.4525139664804465,1.6536312849162011,James Capers,1148
Anthony Davis,J.Conley,4,712,4,0,37,5299,9.25,7.442415730337078,1.8075842696629216,4,519,1.0,0.7289325842696629,0.2710674157303371,7.4525139664804465,1.6536312849162011,John Conley,1627519
Anthony Davis,J.Crawford,3,713,3,0,15,5321,5.0,7.4628330995792425,-2.4628330995792425,1,522,0.3333333333333333,0.7321178120617111,-0.3987844787283778,7.4525139664804465,1.6536312849162011,Joe Crawford,1153
Anthony Davis,J.DeRosa,18,698,18,0,139,5197,7.722222222222222,7.445558739255015,0.27666348296720766,13,510,0.7222222222222222,0.7306590257879656,-0.00843680356574339,7.4525139664804465,1.6536312849162011,JB DeRosa,1155
Anthony Davis,J.Goble,56,660,54,2,407,4929,7.267857142857143,7.468181818181818,-0.20032467532467457,43,480,0.7678571428571429,0.7272727272727273,0.04058441558441561,7.4525139664804465,1.6536312849162011,John Goble,101284
Anthony Davis,J.Goldenberg,18,698,18,0,144,5192,8.0,7.43839541547278,0.5616045845272204,13,510,0.7222222222222222,0.7306590257879656,-0.00843680356574339,7.4525139664804465,1.6536312849162011,Jason Goldenberg,1626301
Anthony Davis,J.Orr,32,684,32,0,217,5119,6.78125,7.483918128654971,-0.7026681286549712,26,497,0.8125,0.7266081871345029,0.08589181286549707,7.4525139664804465,1.6536312849162011,J.T. Orr,202037
Anthony Davis,J.Phillips,12,704,11,1,95,5241,7.916666666666667,7.4446022727272725,0.4720643939393945,10,513,0.8333333333333334,0.7286931818181818,0.1046401515151516,7.4525139664804465,1.6536312849162011,Jason Phillips,2001
Anthony Davis,J.Ralls,1,715,1,0,4,5332,4.0,7.457342657342657,-3.4573426573426573,1,522,1.0,0.73006993006993,0.26993006993006996,7.4525139664804465,1.6536312849162011,JD Ralls,1628485
Anthony Davis,J.Schroeder,9,707,9,0,64,5272,7.111111111111111,7.456859971711457,-0.34574886060034604,5,518,0.5555555555555556,0.7326732673267327,-0.17711771177117708,7.4525139664804465,1.6536312849162011,Jenna Schroeder,1628954
Anthony Davis,J.Sterling,22,694,22,0,211,5125,9.590909090909092,7.384726224783861,2.2061828661252303,18,505,0.8181818181818182,0.7276657060518732,0.09051611212994504,7.4525139664804465,1.6536312849162011,Jonathan Sterling,1627964
Anthony Davis,J.Tiven,41,675,39,2,268,5068,6.536585365853658,7.508148148148148,-0.9715627822944901,34,489,0.8292682926829268,0.7244444444444444,0.10482384823848234,7.4525139664804465,1.6536312849162011,Josh Tiven,201639
Anthony Davis,J.Van Duyne,31,685,31,0,235,5101,7.580645161290323,7.446715328467153,0.13392983282316973,27,496,0.8709677419354839,0.724087591240876,0.1468801506946079,7.4525139664804465,1.6536312849162011,Justin Van Duyne,203593
Anthony Davis,J.Williams,45,671,43,2,346,4990,7.688888888888889,7.436661698956781,0.2522271899321078,33,490,0.7333333333333333,0.7302533532041728,0.0030799801291604423,7.4525139664804465,1.6536312849162011,James Williams,202058
Anthony Davis,K.Cutler,38,678,38,0,278,5058,7.315789473684211,7.460176991150442,-0.14438751746623169,33,490,0.868421052631579,0.7227138643067846,0.14570718832479435,7.4525139664804465,1.6536312849162011,Kevin Cutler,201246
Anthony Davis,K.Fitzgerald,27,689,26,1,215,5121,7.962962962962963,7.432510885341074,0.5304520776218888,22,501,0.8148148148148148,0.7271407837445574,0.0876740310702574,7.4525139664804465,1.6536312849162011,Kane Fitzgerald,201640
Anthony Davis,K.Lane,35,681,35,0,308,5028,8.8,7.383259911894273,1.416740088105728,24,499,0.6857142857142857,0.7327459618208517,-0.047031676106566,7.4525139664804465,1.6536312849162011,Karl Lane,202026
Anthony Davis,K.Mauer,19,697,19,0,122,5214,6.421052631578948,7.480631276901004,-1.0595786453220564,13,510,0.6842105263157895,0.7317073170731707,-0.047496790757381224,7.4525139664804465,1.6536312849162011,Ken Mauer,1174
Anthony Davis,K.Scott,38,678,36,2,261,5075,6.868421052631579,7.485250737463127,-0.616829684831548,25,498,0.6578947368421053,0.7345132743362832,-0.07661853749417791,7.4525139664804465,1.6536312849162011,Kevin Scott,202041
Anthony Davis,L.Holtkamp,19,697,19,0,150,5186,7.894736842105263,7.440459110473458,0.4542777316318052,10,513,0.5263157894736842,0.7360114777618364,-0.20969568828815222,7.4525139664804465,1.6536312849162011,Lauren Holtkamp,203177
Anthony Davis,L.Richardson,16,700,16,0,142,5194,8.875,7.42,1.455,11,512,0.6875,0.7314285714285714,-0.04392857142857143,7.4525139664804465,1.6536312849162011,Leroy Richardson,1188
Anthony Davis,L.Wood,29,687,29,0,208,5128,7.172413793103448,7.464337700145561,-0.29192390704211224,21,502,0.7241379310344828,0.7307132459970888,-0.006575314962605994,7.4525139664804465,1.6536312849162011,Leon Wood,1201
Anthony Davis,M.Ayotte,26,690,26,0,193,5143,7.423076923076923,7.453623188405797,-0.030546265328873723,22,501,0.8461538461538461,0.7260869565217392,0.12006688963210699,7.4525139664804465,1.6536312849162011,Mark Ayotte,2148
Anthony Davis,M.Boland,26,690,26,0,178,5158,6.846153846153846,7.475362318840579,-0.6292084726867335,23,500,0.8846153846153846,0.7246376811594203,0.1599777034559643,7.4525139664804465,1.6536312849162011,Matt Boland,2005
Anthony Davis,M.Callahan,10,706,10,0,63,5273,6.3,7.468838526912181,-1.1688385269121815,9,514,0.9,0.7280453257790368,0.17195467422096322,7.4525139664804465,1.6536312849162011,Mike Callahan,1147
Anthony Davis,M.Dagher,15,701,15,0,104,5232,6.933333333333334,7.463623395149786,-0.5302900618164523,11,512,0.7333333333333333,0.7303851640513552,0.0029481692819780525,7.4525139664804465,1.6536312849162011,Mousa Dagher,1628159
Anthony Davis,M.Davis,39,677,35,4,286,5050,7.333333333333333,7.459379615952733,-0.12604628261939954,22,501,0.5641025641025641,0.740029542097489,-0.17592697799492485,7.4525139664804465,1.6536312849162011,Marc Davis,1830
Anthony Davis,M.Ervin,33,683,32,1,264,5072,8.0,7.42606149341142,0.57393850658858,30,493,0.9090909090909091,0.7218155197657394,0.18727538932516963,7.4525139664804465,1.6536312849162011,Mitchell Ervin,203591
Anthony Davis,M.Kallio,4,712,4,0,39,5297,9.75,7.439606741573034,2.3103932584269664,4,519,1.0,0.7289325842696629,0.2710674157303371,7.4525139664804465,1.6536312849162011,Matt Kallio,1627526
Anthony Davis,M.Kogut,37,679,37,0,291,5045,7.864864864864865,7.4300441826215025,0.43482068224336246,30,493,0.8108108108108109,0.7260677466863034,0.0847430641245075,7.4525139664804465,1.6536312849162011,Marat Kogut,201245
Anthony Davis,M.Lindsay,30,686,30,0,229,5107,7.633333333333334,7.444606413994169,0.18872691933916474,13,510,0.43333333333333335,0.7434402332361516,-0.31010689990281826,7.4525139664804465,1.6536312849162011,Mark Lindsay,200834
Anthony Davis,M.McCutchen,13,703,13,0,120,5216,9.23076923076923,7.4196301564722615,1.8111390742969684,9,514,0.6923076923076923,0.7311522048364154,-0.03884451252872312,7.4525139664804465,1.6536312849162011,Monty McCutchen,1176
Anthony Davis,M.Myers,16,700,16,0,111,5225,6.9375,7.464285714285714,-0.5267857142857144,11,512,0.6875,0.7314285714285714,-0.04392857142857143,7.4525139664804465,1.6536312849162011,Matt Myers,202901
Anthony Davis,M.Smith,26,690,26,0,179,5157,6.884615384615385,7.473913043478261,-0.5892976588628756,20,503,0.7692307692307693,0.7289855072463768,0.04024526198439249,7.4525139664804465,1.6536312849162011,Michael Smith,1193
Anthony Davis,N.Buchert,28,688,27,1,252,5084,9.0,7.3895348837209305,1.6104651162790695,21,502,0.75,0.7296511627906976,0.02034883720930236,7.4525139664804465,1.6536312849162011,Nick Buchert,202007
Anthony Davis,N.Green,9,707,9,0,71,5265,7.888888888888889,7.446958981612447,0.44192990727644244,8,515,0.8888888888888888,0.7284299858557284,0.16045890303316046,7.4525139664804465,1.6536312849162011,Nate Green,1627524
Anthony Davis,N.Sago,16,700,16,0,97,5239,6.0625,7.484285714285714,-1.421785714285714,11,512,0.6875,0.7314285714285714,-0.04392857142857143,7.4525139664804465,1.6536312849162011,Natalie Sago,1627541
Anthony Davis,P.Fraher,35,681,33,2,279,5057,7.9714285714285715,7.425844346549193,0.545584224879379,28,495,0.8,0.7268722466960352,0.07312775330396482,7.4525139664804465,1.6536312849162011,Pat Fraher,2003
Anthony Davis,P.Ransom,8,708,8,0,57,5279,7.125,7.456214689265536,-0.3312146892655363,6,517,0.75,0.730225988700565,0.019774011299435013,7.4525139664804465,1.6536312849162011,Phenizee Ransom,1627963
Anthony Davis,R.Acosta,20,696,19,1,139,5197,6.95,7.466954022988506,-0.5169540229885055,17,506,0.85,0.7270114942528736,0.12298850574712639,7.4525139664804465,1.6536312849162011,Ray Acosta,1626300
Anthony Davis,R.Garretson,19,697,19,0,118,5218,6.2105263157894735,7.486370157819225,-1.2758438420297518,15,508,0.7894736842105263,0.7288378766140603,0.06063580759646603,7.4525139664804465,1.6536312849162011,Ron Garretson,1164
Anthony Davis,R.Hussey,3,713,3,0,18,5318,6.0,7.4586255259467045,-1.4586255259467045,2,521,0.6666666666666666,0.7307152875175316,-0.06404862085086493,7.4525139664804465,1.6536312849162011,Robert Hussey,1628480
Anthony Davis,R.Mott,31,685,31,0,244,5092,7.870967741935484,7.433576642335766,0.43739109959971767,21,502,0.6774193548387096,0.7328467153284671,-0.05542736048975749,7.4525139664804465,1.6536312849162011,Rodney Mott,1179
Anthony Davis,R.Richardson,1,715,1,0,4,5332,4.0,7.457342657342657,-3.4573426573426573,0,523,0.0,0.7314685314685314,-0.7314685314685314,7.4525139664804465,1.6536312849162011,Randy Richardson,1627538
Anthony Davis,S.Anderson,9,707,9,0,62,5274,6.888888888888889,7.4596888260254595,-0.5707999371365702,9,514,1.0,0.727015558698727,0.272984441301273,7.4525139664804465,1.6536312849162011,Steve Anderson,202000
Anthony Davis,S.Corbin,27,689,26,1,236,5100,8.74074074074074,7.402031930333817,1.3387088104069234,22,501,0.8148148148148148,0.7271407837445574,0.0876740310702574,7.4525139664804465,1.6536312849162011,Sean Corbin,1151
Anthony Davis,S.Foster,42,674,40,2,317,5019,7.5476190476190474,7.446587537091988,0.10103151052705961,35,488,0.8333333333333334,0.7240356083086054,0.10929772502472801,7.4525139664804465,1.6536312849162011,Scott Foster,1162
Anthony Davis,S.Jelks,3,713,3,0,20,5316,6.666666666666667,7.455820476858345,-0.789153810191678,3,520,1.0,0.729312762973352,0.270687237026648,7.4525139664804465,1.6536312849162011,Simone Jelks,1628481
Anthony Davis,S.Mehta,6,710,6,0,11,5325,1.8333333333333333,7.5,-5.666666666666667,5,518,0.8333333333333334,0.7295774647887324,0.10375586854460095,7.4525139664804465,1.6536312849162011,Suyash Mehta,1627529
Anthony Davis,S.Mitchell,4,712,4,0,18,5318,4.5,7.469101123595506,-2.9691011235955056,3,520,0.75,0.7303370786516854,0.0196629213483146,7.4525139664804465,1.6536312849162011,Sha'Rae Mitchell,1629178
Anthony Davis,S.Twardoski,31,685,31,0,255,5081,8.225806451612904,7.417518248175183,0.808288203437721,29,494,0.9354838709677419,0.7211678832116788,0.2143159877560631,7.4525139664804465,1.6536312849162011,Scott Twardoski,202053
Anthony Davis,S.Wall,20,696,20,0,168,5168,8.4,7.425287356321839,0.9747126436781617,18,505,0.9,0.7255747126436781,0.1744252873563219,7.4525139664804465,1.6536312849162011,Scott Wall,1198
Anthony Davis,S.Wright,33,683,31,2,277,5059,8.393939393939394,7.407027818448023,0.9869115754913711,24,499,0.7272727272727273,0.7306002928257687,-0.0033275655530413673,7.4525139664804465,1.6536312849162011,Sean Wright,2882
Anthony Davis,T.Brothers,33,683,31,2,252,5084,7.636363636363637,7.443631039531478,0.19273259683215826,25,498,0.7575757575757576,0.7291361639824304,0.02843959359332715,7.4525139664804465,1.6536312849162011,Tony Brothers,1146
Anthony Davis,T.Brown,22,694,22,0,164,5172,7.454545454545454,7.452449567723343,0.0020958868221114813,20,503,0.9090909090909091,0.7247838616714697,0.18430704741943937,7.4525139664804465,1.6536312849162011,Tony Brown,2529
Anthony Davis,T.Ford,34,682,34,0,298,5038,8.764705882352942,7.387096774193548,1.377609108159394,24,499,0.7058823529411765,0.7316715542521994,-0.025789201311022913,7.4525139664804465,1.6536312849162011,Tyler Ford,204059
Anthony Davis,T.Maddox,33,683,31,2,253,5083,7.666666666666667,7.44216691068814,0.22449975597852667,24,499,0.7272727272727273,0.7306002928257687,-0.0033275655530413673,7.4525139664804465,1.6536312849162011,Tre Maddox,202027
Anthony Davis,T.Ricks,3,713,3,0,36,5300,12.0,7.433380084151473,4.566619915848527,3,520,1.0,0.729312762973352,0.270687237026648,7.4525139664804465,1.6536312849162011,Tyler Ricks,1627539
Anthony Davis,T.Washington,29,687,29,0,260,5076,8.96551724137931,7.388646288209607,1.5768709531697027,26,497,0.896551724137931,0.7234352256186317,0.17311649851929933,7.4525139664804465,1.6536312849162011,Tom Washington,1199
Anthony Davis,V.Voyard-Tadal,1,715,1,0,10,5326,10.0,7.448951048951049,2.5510489510489514,2,521,2.0,0.7286713286713287,1.2713286713286713,7.4525139664804465,1.6536312849162011,Vladimir Voyard-Tadal,1626303
Anthony Davis,Z.Zarba,36,680,35,1,250,5086,6.944444444444445,7.479411764705882,-0.5349673202614378,30,493,0.8333333333333334,0.725,0.10833333333333339,7.4525139664804465,1.6536312849162011,Zach Zarba,2534
Dwight Howard,A.Moyer-Gleich,5,527,5,0,16,2660,3.2,5.047438330170778,-1.8474383301707782,5,354,1.0,0.6717267552182163,0.32827324478178366,5.030075187969925,0.7593984962406015,Ashley Moyer-Gleich,1628953
Dwight Howard,A.Nagy,8,524,8,0,32,2644,4.0,5.0458015267175576,-1.0458015267175576,6,353,0.75,0.6736641221374046,0.07633587786259544,5.030075187969925,0.7593984962406015,Andy Nagy,1627534
Dwight Howard,A.Smith,22,510,22,0,116,2560,5.2727272727272725,5.019607843137255,0.25311942959001765,13,346,0.5909090909090909,0.6784313725490196,-0.0875222816399287,5.030075187969925,0.7593984962406015,Aaron Smith,1626302
Dwight Howard,B.Adair,14,518,14,0,44,2632,3.142857142857143,5.081081081081081,-1.938223938223938,12,347,0.8571428571428571,0.6698841698841699,0.18725868725868722,5.030075187969925,0.7593984962406015,Brandon Adair,1627961
Dwight Howard,B.Adams,12,520,12,0,90,2586,7.5,4.973076923076923,2.526923076923077,7,352,0.5833333333333334,0.676923076923077,-0.09358974358974359,5.030075187969925,0.7593984962406015,Bennie Adams,1363
Dwight Howard,B.Barnaky,20,512,20,0,88,2588,4.4,5.0546875,-0.6546874999999996,16,343,0.8,0.669921875,0.13007812500000004,5.030075187969925,0.7593984962406015,Brent Barnaky,201638
Dwight Howard,B.Burns,1,531,1,0,4,2672,4.0,5.032015065913371,-1.032015065913371,1,358,1.0,0.6741996233521658,0.32580037664783423,5.030075187969925,0.7593984962406015,Blanca Burns,1629174
Dwight Howard,B.Forte,20,512,20,0,110,2566,5.5,5.01171875,0.48828125,15,344,0.75,0.671875,0.078125,5.030075187969925,0.7593984962406015,Brian Forte,101283
Dwight Howard,B.Kennedy,22,510,20,2,125,2551,5.681818181818182,5.0019607843137255,0.6798573975044562,16,343,0.7272727272727273,0.6725490196078432,0.0547237076648841,5.030075187969925,0.7593984962406015,Bill Kennedy,1662
Dwight Howard,B.Nansel,17,515,17,0,68,2608,4.0,5.064077669902913,-1.0640776699029129,14,345,0.8235294117647058,0.6699029126213593,0.15362649914334658,5.030075187969925,0.7593984962406015,Brett Nansel,202035
Dwight Howard,B.Salvatore,1,531,1,0,13,2663,13.0,5.015065913370998,7.984934086629002,1,358,1.0,0.6741996233521658,0.32580037664783423,5.030075187969925,0.7593984962406015,Bennett Salvatore,1192
Dwight Howard,B.Schwab,3,529,3,0,10,2666,3.3333333333333335,5.039697542533081,-1.7063642091997475,1,358,0.3333333333333333,0.6767485822306238,-0.3434152488972905,5.030075187969925,0.7593984962406015,Brandon Schwab,1628171
Dwight Howard,B.Spooner,12,520,12,0,76,2600,6.333333333333333,5.0,1.333333333333333,10,349,0.8333333333333334,0.6711538461538461,0.16217948717948727,5.030075187969925,0.7593984962406015,Bill Spooner,1194
Dwight Howard,B.Taylor,17,515,15,2,73,2603,4.294117647058823,5.054368932038835,-0.7602512849800114,14,345,0.8235294117647058,0.6699029126213593,0.15362649914334658,5.030075187969925,0.7593984962406015,Ben Taylor,202049
Dwight Howard,C.Blair,22,510,21,1,123,2553,5.590909090909091,5.0058823529411764,0.5850267379679144,19,340,0.8636363636363636,0.6666666666666666,0.19696969696969702,5.030075187969925,0.7593984962406015,Curtis Blair,200832
Dwight Howard,C.Kirkland,26,506,25,1,154,2522,5.923076923076923,4.984189723320158,0.9388871997567652,19,340,0.7307692307692307,0.6719367588932806,0.05883247187595009,5.030075187969925,0.7593984962406015,Courtney Kirkland,2004
Dwight Howard,C.Washington,13,519,13,0,69,2607,5.3076923076923075,5.023121387283237,0.2845709204090703,11,348,0.8461538461538461,0.6705202312138728,0.17563361493997331,5.030075187969925,0.7593984962406015,CJ Washington,202056
Dwight Howard,D.Collins,23,509,23,0,99,2577,4.304347826086956,5.06286836935167,-0.758520543264714,15,344,0.6521739130434783,0.6758349705304518,-0.023661057486973558,5.030075187969925,0.7593984962406015,Derrick Collins,2002
Dwight Howard,D.Crawford,6,526,6,0,51,2625,8.5,4.990494296577947,3.509505703422053,5,354,0.8333333333333334,0.6730038022813688,0.16032953105196457,5.030075187969925,0.7593984962406015,Dan Crawford,1152
Dwight Howard,D.Guthrie,24,508,23,1,92,2584,3.8333333333333335,5.086614173228346,-1.2532808398950128,15,344,0.625,0.6771653543307087,-0.05216535433070868,5.030075187969925,0.7593984962406015,David Guthrie,2714
Dwight Howard,D.Jones,7,525,7,0,34,2642,4.857142857142857,5.032380952380953,-0.17523809523809586,3,356,0.42857142857142855,0.6780952380952381,-0.24952380952380954,5.030075187969925,0.7593984962406015,David Jones,1168
Dwight Howard,D.Mosher,2,530,2,0,6,2670,3.0,5.037735849056604,-2.037735849056604,2,357,1.0,0.6735849056603773,0.3264150943396227,5.030075187969925,0.7593984962406015,Dannica Mosher,1628484
Dwight Howard,D.Richardson,20,512,20,0,117,2559,5.85,4.998046875,0.8519531249999996,17,342,0.85,0.66796875,0.18203124999999998,5.030075187969925,0.7593984962406015,Derek Richardson,1204
Dwight Howard,D.Scott,1,531,1,0,2,2674,2.0,5.03578154425612,-3.0357815442561202,0,359,0.0,0.6760828625235404,-0.6760828625235404,5.030075187969925,0.7593984962406015,Danielle Scott,1628487
Dwight Howard,D.Stafford,16,516,16,0,103,2573,6.4375,4.986434108527132,1.4510658914728678,14,345,0.875,0.6686046511627907,0.20639534883720934,5.030075187969925,0.7593984962406015,Derrick Stafford,1195
Dwight Howard,D.Taylor,23,509,23,0,107,2569,4.6521739130434785,5.047151277013753,-0.3949773639702743,17,342,0.7391304347826086,0.6719056974459725,0.06722473733663614,5.030075187969925,0.7593984962406015,Dedric Taylor,203592
Dwight Howard,E.Dalen,11,521,11,0,41,2635,3.727272727272727,5.057581573896353,-1.3303088466236264,8,351,0.7272727272727273,0.6737044145873321,0.05356831268539519,5.030075187969925,0.7593984962406015,Eric Dalen,200833
Dwight Howard,E.Lewis,25,507,23,2,141,2535,5.64,5.0,0.6399999999999997,21,338,0.84,0.6666666666666666,0.17333333333333334,5.030075187969925,0.7593984962406015,Eric Lewis,2715
Dwight Howard,E.Malloy,22,510,22,0,101,2575,4.590909090909091,5.049019607843137,-0.45811051693404625,17,342,0.7727272727272727,0.6705882352941176,0.10213903743315511,5.030075187969925,0.7593984962406015,Ed Malloy,2530
Dwight Howard,E.Roe,7,525,7,0,26,2650,3.7142857142857144,5.0476190476190474,-1.333333333333333,4,355,0.5714285714285714,0.6761904761904762,-0.10476190476190483,5.030075187969925,0.7593984962406015,Eli Roe,2532
Dwight Howard,E.Scott,5,527,5,0,13,2663,2.6,5.053130929791271,-2.453130929791271,3,356,0.6,0.6755218216318786,-0.0755218216318786,5.030075187969925,0.7593984962406015,Evan Scott,1628172
Dwight Howard,G.Petraitis,17,515,17,0,83,2593,4.882352941176471,5.034951456310679,-0.1525985151342084,15,344,0.8823529411764706,0.6679611650485436,0.21439177612792693,5.030075187969925,0.7593984962406015,Gediminas Petraitis,204058
Dwight Howard,G.Zielinski,12,520,12,0,91,2585,7.583333333333333,4.971153846153846,2.6121794871794872,8,351,0.6666666666666666,0.675,-0.008333333333333415,5.030075187969925,0.7593984962406015,Gary Zielinski,1664
Dwight Howard,H.Workman,24,508,24,0,128,2548,5.333333333333333,5.015748031496063,0.3175853018372701,16,343,0.6666666666666666,0.6751968503937008,-0.00853018372703418,5.030075187969925,0.7593984962406015,Haywoode Workman,201637
Dwight Howard,J.Butler,3,529,3,0,4,2672,1.3333333333333333,5.051039697542533,-3.7177063642092003,3,356,1.0,0.6729678638941399,0.3270321361058601,5.030075187969925,0.7593984962406015,John Butler,1628951
Dwight Howard,J.Capers,26,506,23,3,123,2553,4.730769230769231,5.045454545454546,-0.314685314685315,13,346,0.5,0.6837944664031621,-0.1837944664031621,5.030075187969925,0.7593984962406015,James Capers,1148
Dwight Howard,J.Conley,5,527,5,0,5,2671,1.0,5.06831119544592,-4.06831119544592,3,356,0.6,0.6755218216318786,-0.0755218216318786,5.030075187969925,0.7593984962406015,John Conley,1627519
Dwight Howard,J.Crawford,4,528,3,1,34,2642,8.5,5.003787878787879,3.496212121212121,3,356,0.75,0.6742424242424242,0.0757575757575758,5.030075187969925,0.7593984962406015,Joe Crawford,1153
Dwight Howard,J.DeRosa,11,521,11,0,38,2638,3.4545454545454546,5.063339731285988,-1.6087942767405337,8,351,0.7272727272727273,0.6737044145873321,0.05356831268539519,5.030075187969925,0.7593984962406015,JB DeRosa,1155
Dwight Howard,J.Goble,50,482,48,2,251,2425,5.02,5.031120331950207,-0.011120331950207785,34,325,0.68,0.6742738589211619,0.005726141078838176,5.030075187969925,0.7593984962406015,John Goble,101284
Dwight Howard,J.Goldenberg,10,522,10,0,60,2616,6.0,5.011494252873563,0.9885057471264371,10,349,1.0,0.6685823754789272,0.3314176245210728,5.030075187969925,0.7593984962406015,Jason Goldenberg,1626301
Dwight Howard,J.Orr,19,513,19,0,96,2580,5.052631578947368,5.029239766081871,0.023391812865496853,13,346,0.6842105263157895,0.6744639376218323,0.00974658869395717,5.030075187969925,0.7593984962406015,J.T. Orr,202037
Dwight Howard,J.Phillips,10,522,10,0,68,2608,6.8,4.996168582375479,1.8038314176245205,9,350,0.9,0.6704980842911877,0.2295019157088123,5.030075187969925,0.7593984962406015,Jason Phillips,2001
Dwight Howard,J.Schroeder,2,530,2,0,13,2663,6.5,5.024528301886792,1.4754716981132079,1,358,0.5,0.6754716981132075,-0.1754716981132075,5.030075187969925,0.7593984962406015,Jenna Schroeder,1628954
Dwight Howard,J.Sterling,3,529,3,0,6,2670,2.0,5.047258979206049,-3.047258979206049,3,356,1.0,0.6729678638941399,0.3270321361058601,5.030075187969925,0.7593984962406015,Jonathan Sterling,1627964
Dwight Howard,J.Tiven,31,501,29,2,153,2523,4.935483870967742,5.0359281437125745,-0.10044427274483247,19,340,0.6129032258064516,0.6786427145708582,-0.0657394887644066,5.030075187969925,0.7593984962406015,Josh Tiven,201639
Dwight Howard,J.Van Duyne,24,508,24,0,114,2562,4.75,5.043307086614173,-0.29330708661417315,20,339,0.8333333333333334,0.6673228346456693,0.16601049868766404,5.030075187969925,0.7593984962406015,Justin Van Duyne,203593
Dwight Howard,J.Williams,26,506,24,2,166,2510,6.384615384615385,4.9604743083003955,1.4241410763149895,19,340,0.7307692307692307,0.6719367588932806,0.05883247187595009,5.030075187969925,0.7593984962406015,James Williams,202058
Dwight Howard,K.Cutler,30,502,30,0,131,2545,4.366666666666666,5.069721115537849,-0.7030544488711827,22,337,0.7333333333333333,0.6713147410358565,0.06201859229747675,5.030075187969925,0.7593984962406015,Kevin Cutler,201246
Dwight Howard,K.Fitzgerald,29,503,26,3,174,2502,6.0,4.974155069582505,1.0258449304174952,21,338,0.7241379310344828,0.6719681908548708,0.052169740179611956,5.030075187969925,0.7593984962406015,Kane Fitzgerald,201640
Dwight Howard,K.Lane,29,503,29,0,164,2512,5.655172413793103,4.99403578528827,0.661136628504833,23,336,0.7931034482758621,0.6679920477137177,0.12511140056214443,5.030075187969925,0.7593984962406015,Karl Lane,202026
Dwight Howard,K.Mauer,24,508,23,1,95,2581,3.9583333333333335,5.080708661417323,-1.1223753280839897,19,340,0.7916666666666666,0.6692913385826772,0.12237532808398943,5.030075187969925,0.7593984962406015,Ken Mauer,1174
Dwight Howard,K.Scott,17,515,17,0,76,2600,4.470588235294118,5.048543689320389,-0.577955454026271,13,346,0.7647058823529411,0.6718446601941748,0.09286122215876635,5.030075187969925,0.7593984962406015,Kevin Scott,202041
Dwight Howard,L.Holtkamp,19,513,19,0,109,2567,5.7368421052631575,5.003898635477583,0.7329434697855746,16,343,0.8421052631578947,0.6686159844054581,0.17348927875243658,5.030075187969925,0.7593984962406015,Lauren Holtkamp,203177
Dwight Howard,L.Richardson,18,514,18,0,100,2576,5.555555555555555,5.011673151750973,0.5438824038045826,12,347,0.6666666666666666,0.6750972762645915,-0.008430609597924854,5.030075187969925,0.7593984962406015,Leroy Richardson,1188
Dwight Howard,L.Wood,18,514,18,0,70,2606,3.888888888888889,5.070038910505836,-1.1811500216169475,16,343,0.8888888888888888,0.6673151750972762,0.22157371379161261,5.030075187969925,0.7593984962406015,Leon Wood,1201
Dwight Howard,M.Ayotte,14,518,14,0,78,2598,5.571428571428571,5.015444015444015,0.5559845559845558,11,348,0.7857142857142857,0.6718146718146718,0.1138996138996139,5.030075187969925,0.7593984962406015,Mark Ayotte,2148
Dwight Howard,M.Boland,17,515,17,0,86,2590,5.0588235294117645,5.029126213592233,0.029697315819531056,12,347,0.7058823529411765,0.6737864077669903,0.032095945174186236,5.030075187969925,0.7593984962406015,Matt Boland,2005
Dwight Howard,M.Callahan,14,518,12,2,100,2576,7.142857142857143,4.972972972972973,2.1698841698841704,10,349,0.7142857142857143,0.6737451737451737,0.04054054054054057,5.030075187969925,0.7593984962406015,Mike Callahan,1147
Dwight Howard,M.Dagher,8,524,8,0,29,2647,3.625,5.051526717557252,-1.4265267175572518,7,352,0.875,0.6717557251908397,0.2032442748091603,5.030075187969925,0.7593984962406015,Mousa Dagher,1628159
Dwight Howard,M.Davis,29,503,27,2,137,2539,4.724137931034483,5.047713717693837,-0.3235757866593536,19,340,0.6551724137931034,0.6759443339960238,-0.020771920202920402,5.030075187969925,0.7593984962406015,Marc Davis,1830
Dwight Howard,M.Ervin,16,516,16,0,51,2625,3.1875,5.087209302325581,-1.899709302325581,13,346,0.8125,0.6705426356589147,0.1419573643410853,5.030075187969925,0.7593984962406015,Mitchell Ervin,203591
Dwight Howard,M.Kallio,1,531,1,0,0,2676,0.0,5.03954802259887,-5.03954802259887,1,358,1.0,0.6741996233521658,0.32580037664783423,5.030075187969925,0.7593984962406015,Matt Kallio,1627526
Dwight Howard,M.Kogut,21,511,21,0,97,2579,4.619047619047619,5.046966731898239,-0.42791911285062056,16,343,0.7619047619047619,0.6712328767123288,0.09067188519243308,5.030075187969925,0.7593984962406015,Marat Kogut,201245
Dwight Howard,M.Lindsay,27,505,27,0,160,2516,5.925925925925926,4.982178217821782,0.9437477081041434,23,336,0.8518518518518519,0.6653465346534654,0.18650531719838648,5.030075187969925,0.7593984962406015,Mark Lindsay,200834
Dwight Howard,M.McCutchen,14,518,14,0,99,2577,7.071428571428571,4.974903474903475,2.096525096525096,10,349,0.7142857142857143,0.6737451737451737,0.04054054054054057,5.030075187969925,0.7593984962406015,Monty McCutchen,1176
Dwight Howard,M.Myers,6,526,6,0,24,2652,4.0,5.0418250950570345,-1.0418250950570345,5,354,0.8333333333333334,0.6730038022813688,0.16032953105196457,5.030075187969925,0.7593984962406015,Matt Myers,202901
Dwight Howard,M.Smith,34,498,33,1,163,2513,4.794117647058823,5.046184738955823,-0.2520670918969996,27,332,0.7941176470588235,0.6666666666666666,0.12745098039215685,5.030075187969925,0.7593984962406015,Michael Smith,1193
Dwight Howard,N.Buchert,19,513,19,0,101,2575,5.315789473684211,5.019493177387914,0.2962962962962967,15,344,0.7894736842105263,0.6705653021442495,0.11890838206627685,5.030075187969925,0.7593984962406015,Nick Buchert,202007
Dwight Howard,N.Green,2,530,2,0,0,2676,0.0,5.049056603773585,-5.049056603773585,2,357,1.0,0.6735849056603773,0.3264150943396227,5.030075187969925,0.7593984962406015,Nate Green,1627524
Dwight Howard,N.Sago,7,525,7,0,16,2660,2.2857142857142856,5.066666666666666,-2.780952380952381,4,355,0.5714285714285714,0.6761904761904762,-0.10476190476190483,5.030075187969925,0.7593984962406015,Natalie Sago,1627541
Dwight Howard,P.Fraher,22,510,21,1,106,2570,4.818181818181818,5.03921568627451,-0.22103386809269132,18,341,0.8181818181818182,0.6686274509803921,0.14955436720142612,5.030075187969925,0.7593984962406015,Pat Fraher,2003
Dwight Howard,P.Ransom,7,525,7,0,32,2644,4.571428571428571,5.036190476190476,-0.4647619047619047,5,354,0.7142857142857143,0.6742857142857143,0.040000000000000036,5.030075187969925,0.7593984962406015,Phenizee Ransom,1627963
Dwight Howard,R.Acosta,15,517,15,0,70,2606,4.666666666666667,5.040618955512572,-0.3739522888459055,11,348,0.7333333333333333,0.6731141199226306,0.06021921341070269,5.030075187969925,0.7593984962406015,Ray Acosta,1626300
Dwight Howard,R.Garretson,7,525,7,0,27,2649,3.857142857142857,5.045714285714285,-1.1885714285714282,5,354,0.7142857142857143,0.6742857142857143,0.040000000000000036,5.030075187969925,0.7593984962406015,Ron Garretson,1164
Dwight Howard,R.Mott,22,510,22,0,137,2539,6.2272727272727275,4.97843137254902,1.2488413547237078,15,344,0.6818181818181818,0.6745098039215687,0.007308377896613094,5.030075187969925,0.7593984962406015,Rodney Mott,1179
Dwight Howard,S.Anderson,8,524,8,0,46,2630,5.75,5.019083969465649,0.7309160305343507,6,353,0.75,0.6736641221374046,0.07633587786259544,5.030075187969925,0.7593984962406015,Steve Anderson,202000
Dwight Howard,S.Corbin,18,514,17,1,91,2585,5.055555555555555,5.029182879377432,0.026372676178123555,12,347,0.6666666666666666,0.6750972762645915,-0.008430609597924854,5.030075187969925,0.7593984962406015,Sean Corbin,1151
Dwight Howard,S.Foster,28,504,27,1,140,2536,5.0,5.031746031746032,-0.03174603174603163,18,341,0.6428571428571429,0.6765873015873016,-0.03373015873015872,5.030075187969925,0.7593984962406015,Scott Foster,1162
Dwight Howard,S.Jelks,4,528,4,0,14,2662,3.5,5.041666666666667,-1.541666666666667,3,356,0.75,0.6742424242424242,0.0757575757575758,5.030075187969925,0.7593984962406015,Simone Jelks,1628481
Dwight Howard,S.Mehta,4,528,4,0,9,2667,2.25,5.051136363636363,-2.8011363636363633,3,356,0.75,0.6742424242424242,0.0757575757575758,5.030075187969925,0.7593984962406015,Suyash Mehta,1627529
Dwight Howard,S.Twardoski,20,512,20,0,97,2579,4.85,5.037109375,-0.18710937500000036,12,347,0.6,0.677734375,-0.07773437500000002,5.030075187969925,0.7593984962406015,Scott Twardoski,202053
Dwight Howard,S.Wall,20,512,20,0,59,2617,2.95,5.111328125,-2.161328125,11,348,0.55,0.6796875,-0.12968749999999996,5.030075187969925,0.7593984962406015,Scott Wall,1198
Dwight Howard,S.Wright,27,505,26,1,130,2546,4.814814814814815,5.041584158415842,-0.22676934360102674,21,338,0.7777777777777778,0.6693069306930693,0.10847084708470844,5.030075187969925,0.7593984962406015,Sean Wright,2882
Dwight Howard,T.Brothers,26,506,25,1,94,2582,3.6153846153846154,5.102766798418973,-1.4873821830343572,21,338,0.8076923076923077,0.6679841897233202,0.13970811796898752,5.030075187969925,0.7593984962406015,Tony Brothers,1146
Dwight Howard,T.Brown,25,507,25,0,115,2561,4.6,5.051282051282051,-0.45128205128205146,15,344,0.6,0.6785009861932939,-0.07850098619329393,5.030075187969925,0.7593984962406015,Tony Brown,2529
Dwight Howard,T.Ford,19,513,19,0,108,2568,5.684210526315789,5.005847953216374,0.678362573099415,17,342,0.8947368421052632,0.6666666666666666,0.22807017543859653,5.030075187969925,0.7593984962406015,Tyler Ford,204059
Dwight Howard,T.Maddox,24,508,23,1,90,2586,3.75,5.090551181102362,-1.340551181102362,20,339,0.8333333333333334,0.6673228346456693,0.16601049868766404,5.030075187969925,0.7593984962406015,Tre Maddox,202027
Dwight Howard,T.Washington,20,512,18,2,77,2599,3.85,5.076171875,-1.226171875,13,346,0.65,0.67578125,-0.025781249999999978,5.030075187969925,0.7593984962406015,Tom Washington,1199
Dwight Howard,Z.Zarba,25,507,25,0,115,2561,4.6,5.051282051282051,-0.45128205128205146,16,343,0.64,0.6765285996055227,-0.03652859960552268,5.030075187969925,0.7593984962406015,Zach Zarba,2534
Lou Williams,A.Moyer-Gleich,3,618,3,0,19,2975,6.333333333333333,4.813915857605178,1.5194174757281553,2,283,0.6666666666666666,0.45792880258899676,0.20873786407766987,4.821256038647343,4.331723027375201,Ashley Moyer-Gleich,1628953
Lou Williams,A.Nagy,5,616,5,0,5,2989,1.0,4.8522727272727275,-3.8522727272727275,3,282,0.6,0.4577922077922078,0.14220779220779217,4.821256038647343,4.331723027375201,Andy Nagy,1627534
Lou Williams,A.Smith,22,599,22,0,130,2864,5.909090909090909,4.781302170283807,1.1277887388071024,10,275,0.45454545454545453,0.4590984974958264,-0.004553042950371844,4.821256038647343,4.331723027375201,Aaron Smith,1626302
Lou Williams,B.Adair,13,608,13,0,52,2942,4.0,4.838815789473684,-0.8388157894736841,5,280,0.38461538461538464,0.4605263157894737,-0.07591093117408904,4.821256038647343,4.331723027375201,Brandon Adair,1627961
Lou Williams,B.Adams,22,599,22,0,99,2895,4.5,4.833055091819699,-0.3330550918196993,14,271,0.6363636363636364,0.4524207011686144,0.18394293519502197,4.821256038647343,4.331723027375201,Bennie Adams,1363
Lou Williams,B.Barnaky,37,584,37,0,201,2793,5.4324324324324325,4.782534246575342,0.64989818585709,21,264,0.5675675675675675,0.4520547945205479,0.11551277304701962,4.821256038647343,4.331723027375201,Brent Barnaky,201638
Lou Williams,B.Forte,28,593,28,0,155,2839,5.535714285714286,4.78752107925801,0.7481932064562757,13,272,0.4642857142857143,0.45868465430016864,0.005601059985545664,4.821256038647343,4.331723027375201,Brian Forte,101283
Lou Williams,B.Kennedy,23,598,22,1,99,2895,4.304347826086956,4.84113712374582,-0.5367892976588635,11,274,0.4782608695652174,0.45819397993311034,0.020066889632107066,4.821256038647343,4.331723027375201,Bill Kennedy,1662
Lou Williams,B.Nansel,18,603,18,0,85,2909,4.722222222222222,4.824212271973466,-0.10199004975124382,7,278,0.3888888888888889,0.46102819237147596,-0.07213930348258707,4.821256038647343,4.331723027375201,Brett Nansel,202035
Lou Williams,B.Salvatore,2,619,2,0,3,2991,1.5,4.831987075928917,-3.331987075928917,1,284,0.5,0.4588045234248788,0.04119547657512118,4.821256038647343,4.331723027375201,Bennett Salvatore,1192
Lou Williams,B.Schwab,1,620,1,0,0,2994,0.0,4.829032258064516,-4.829032258064516,0,285,0.0,0.4596774193548387,-0.4596774193548387,4.821256038647343,4.331723027375201,Brandon Schwab,1628171
Lou Williams,B.Spooner,13,608,13,0,82,2912,6.3076923076923075,4.7894736842105265,1.518218623481781,11,274,0.8461538461538461,0.4506578947368421,0.39549595141700405,4.821256038647343,4.331723027375201,Bill Spooner,1194
Lou Williams,B.Taylor,31,590,30,1,124,2870,4.0,4.864406779661017,-0.8644067796610173,13,272,0.41935483870967744,0.4610169491525424,-0.04166211044286494,4.821256038647343,4.331723027375201,Ben Taylor,202049
Lou Williams,C.Aubry,1,620,1,0,7,2987,7.0,4.817741935483871,2.1822580645161294,1,284,1.0,0.45806451612903226,0.5419354838709678,4.821256038647343,4.331723027375201,Clare Aubry,1629422
Lou Williams,C.Blair,33,588,32,1,126,2868,3.8181818181818183,4.877551020408164,-1.0593692022263452,16,269,0.48484848484848486,0.4574829931972789,0.027365491651205942,4.821256038647343,4.331723027375201,Curtis Blair,200832
Lou Williams,C.Kirkland,31,590,30,1,178,2816,5.741935483870968,4.772881355932204,0.9690541279387643,16,269,0.5161290322580645,0.4559322033898305,0.06019682886823402,4.821256038647343,4.331723027375201,Courtney Kirkland,2004
Lou Williams,C.Washington,14,607,14,0,68,2926,4.857142857142857,4.820428336079077,0.03671452106377959,7,278,0.5,0.45799011532125206,0.042009884678747944,4.821256038647343,4.331723027375201,CJ Washington,202056
Lou Williams,D.Collins,27,594,26,1,112,2882,4.148148148148148,4.851851851851852,-0.7037037037037042,5,280,0.18518518518518517,0.4713804713804714,-0.2861952861952862,4.821256038647343,4.331723027375201,Derrick Collins,2002
Lou Williams,D.Crawford,12,609,12,0,64,2930,5.333333333333333,4.811165845648604,0.5221674876847286,6,279,0.5,0.458128078817734,0.041871921182266014,4.821256038647343,4.331723027375201,Dan Crawford,1152
Lou Williams,D.Guthrie,25,596,24,1,117,2877,4.68,4.827181208053691,-0.1471812080536914,13,272,0.52,0.4563758389261745,0.06362416107382551,4.821256038647343,4.331723027375201,David Guthrie,2714
Lou Williams,D.Jones,6,615,6,0,26,2968,4.333333333333333,4.826016260162602,-0.49268292682926873,5,280,0.8333333333333334,0.45528455284552843,0.37804878048780494,4.821256038647343,4.331723027375201,David Jones,1168
Lou Williams,D.Mosher,4,617,4,0,12,2982,3.0,4.833063209076175,-1.8330632090761751,1,284,0.25,0.46029173419773095,-0.21029173419773095,4.821256038647343,4.331723027375201,Dannica Mosher,1628484
Lou Williams,D.Richardson,26,595,26,0,93,2901,3.576923076923077,4.875630252100841,-1.2987071751777637,9,276,0.34615384615384615,0.4638655462184874,-0.11771170006464127,4.821256038647343,4.331723027375201,Derek Richardson,1204
Lou Williams,D.Scott,6,615,6,0,15,2979,2.5,4.84390243902439,-2.34390243902439,1,284,0.16666666666666666,0.46178861788617886,-0.29512195121951224,4.821256038647343,4.331723027375201,Danielle Scott,1628487
Lou Williams,D.Stafford,15,606,15,0,94,2900,6.266666666666667,4.785478547854786,1.4811881188118807,7,278,0.4666666666666667,0.45874587458745875,0.007920792079207928,4.821256038647343,4.331723027375201,Derrick Stafford,1195
Lou Williams,D.Taylor,31,590,31,0,152,2842,4.903225806451613,4.816949152542373,0.08627665390924033,15,270,0.4838709677419355,0.4576271186440678,0.0262438490978677,4.821256038647343,4.331723027375201,Dedric Taylor,203592
Lou Williams,E.Dalen,23,598,23,0,121,2873,5.260869565217392,4.804347826086956,0.4565217391304355,7,278,0.30434782608695654,0.46488294314381273,-0.1605351170568562,4.821256038647343,4.331723027375201,Eric Dalen,200833
Lou Williams,E.Lewis,26,595,24,2,117,2877,4.5,4.8352941176470585,-0.3352941176470585,19,266,0.7307692307692307,0.4470588235294118,0.28371040723981894,4.821256038647343,4.331723027375201,Eric Lewis,2715
Lou Williams,E.Malloy,33,588,32,1,162,2832,4.909090909090909,4.816326530612245,0.09276437847866426,23,262,0.696969696969697,0.445578231292517,0.25139146567718,4.821256038647343,4.331723027375201,Ed Malloy,2530
Lou Williams,E.Roe,7,614,7,0,35,2959,5.0,4.819218241042345,0.18078175895765458,4,281,0.5714285714285714,0.4576547231270358,0.11377384830153559,4.821256038647343,4.331723027375201,Eli Roe,2532
Lou Williams,E.Scott,3,618,3,0,7,2987,2.3333333333333335,4.833333333333333,-2.4999999999999996,0,285,0.0,0.46116504854368934,-0.46116504854368934,4.821256038647343,4.331723027375201,Evan Scott,1628172
Lou Williams,G.Petraitis,26,595,25,1,103,2891,3.9615384615384617,4.858823529411764,-0.8972850678733026,11,274,0.4230769230769231,0.46050420168067224,-0.03742727860374917,4.821256038647343,4.331723027375201,Gediminas Petraitis,204058
Lou Williams,G.Zielinski,19,602,19,0,118,2876,6.2105263157894735,4.777408637873754,1.4331176779157193,8,277,0.42105263157894735,0.4601328903654485,-0.039080258786501176,4.821256038647343,4.331723027375201,Gary Zielinski,1664
Lou Williams,H.Workman,13,608,13,0,97,2897,7.461538461538462,4.764802631578948,2.696735829959514,9,276,0.6923076923076923,0.45394736842105265,0.23836032388663964,4.821256038647343,4.331723027375201,Haywoode Workman,201637
Lou Williams,J.Butler,6,615,6,0,25,2969,4.166666666666667,4.827642276422765,-0.6609756097560977,1,284,0.16666666666666666,0.46178861788617886,-0.29512195121951224,4.821256038647343,4.331723027375201,John Butler,1628951
Lou Williams,J.Capers,27,594,23,4,119,2875,4.407407407407407,4.84006734006734,-0.4326599326599325,11,274,0.4074074074074074,0.4612794612794613,-0.053872053872053904,4.821256038647343,4.331723027375201,James Capers,1148
Lou Williams,J.Conley,4,617,4,0,11,2983,2.75,4.834683954619125,-2.084683954619125,2,283,0.5,0.4586709886547812,0.041329011345218825,4.821256038647343,4.331723027375201,John Conley,1627519
Lou Williams,J.Crawford,2,619,2,0,3,2991,1.5,4.831987075928917,-3.331987075928917,4,281,2.0,0.45395799676898224,1.5460420032310178,4.821256038647343,4.331723027375201,Joe Crawford,1153
Lou Williams,J.DeRosa,12,609,11,1,26,2968,2.1666666666666665,4.873563218390805,-2.7068965517241383,7,278,0.5833333333333334,0.45648604269293924,0.12684729064039413,4.821256038647343,4.331723027375201,JB DeRosa,1155
Lou Williams,J.Goble,56,565,54,2,274,2720,4.892857142857143,4.814159292035399,0.07869785082174463,18,267,0.32142857142857145,0.4725663716814159,-0.15113780025284446,4.821256038647343,4.331723027375201,John Goble,101284
Lou Williams,J.Goldenberg,10,611,10,0,53,2941,5.3,4.81342062193126,0.48657937806873974,4,281,0.4,0.45990180032733224,-0.05990180032733222,4.821256038647343,4.331723027375201,Jason Goldenberg,1626301
Lou Williams,J.Orr,25,596,24,1,152,2842,6.08,4.768456375838926,1.3115436241610743,7,278,0.28,0.4664429530201342,-0.1864429530201342,4.821256038647343,4.331723027375201,J.T. Orr,202037
Lou Williams,J.Phillips,19,602,19,0,114,2880,6.0,4.78405315614618,1.2159468438538203,6,279,0.3157894736842105,0.4634551495016611,-0.1476656758174506,4.821256038647343,4.331723027375201,Jason Phillips,2001
Lou Williams,J.Reneau,1,620,1,0,4,2990,4.0,4.82258064516129,-0.82258064516129,1,284,1.0,0.45806451612903226,0.5419354838709678,4.821256038647343,4.331723027375201,Jenna Reneau,1628168
Lou Williams,J.Schroeder,1,620,1,0,9,2985,9.0,4.814516129032258,4.185483870967742,1,284,1.0,0.45806451612903226,0.5419354838709678,4.821256038647343,4.331723027375201,Jenna Schroeder,1628954
Lou Williams,J.Sterling,14,607,14,0,64,2930,4.571428571428571,4.8270181219110375,-0.25558955048246634,4,281,0.2857142857142857,0.46293245469522243,-0.17721816898093673,4.821256038647343,4.331723027375201,Jonathan Sterling,1627964
Lou Williams,J.Tiven,34,587,32,2,174,2820,5.117647058823529,4.804088586030664,0.31355847279286486,10,275,0.29411764705882354,0.4684838160136286,-0.17436616895480506,4.821256038647343,4.331723027375201,Josh Tiven,201639
Lou Williams,J.Van Duyne,28,593,28,0,136,2858,4.857142857142857,4.81956155143339,0.03758130570946694,15,270,0.5357142857142857,0.45531197301854975,0.08040231269573594,4.821256038647343,4.331723027375201,Justin Van Duyne,203593
Lou Williams,J.Williams,35,586,33,2,166,2828,4.742857142857143,4.825938566552901,-0.08308142369575844,17,268,0.4857142857142857,0.45733788395904434,0.028376401755241365,4.821256038647343,4.331723027375201,James Williams,202058
Lou Williams,K.Cutler,32,589,31,1,187,2807,5.84375,4.765704584040747,1.0780454159592532,14,271,0.4375,0.4601018675721562,-0.02260186757215621,4.821256038647343,4.331723027375201,Kevin Cutler,201246
Lou Williams,K.Fitzgerald,32,589,31,1,132,2862,4.125,4.859083191850594,-0.7340831918505941,15,270,0.46875,0.45840407470288624,0.010345925297113756,4.821256038647343,4.331723027375201,Kane Fitzgerald,201640
Lou Williams,K.Lane,27,594,27,0,134,2860,4.962962962962963,4.814814814814815,0.14814814814814792,22,263,0.8148148148148148,0.44276094276094274,0.372053872053872,4.821256038647343,4.331723027375201,Karl Lane,202026
Lou Williams,K.Mauer,28,593,27,1,179,2815,6.392857142857143,4.747048903878584,1.6458082389785593,14,271,0.5,0.45699831365935917,0.04300168634064083,4.821256038647343,4.331723027375201,Ken Mauer,1174
Lou Williams,K.Scott,24,597,23,1,108,2886,4.5,4.834170854271357,-0.33417085427135707,9,276,0.375,0.4623115577889447,-0.08731155778894473,4.821256038647343,4.331723027375201,Kevin Scott,202041
Lou Williams,L.Holtkamp,16,605,16,0,76,2918,4.75,4.823140495867769,-0.0731404958677686,16,269,1.0,0.4446280991735537,0.5553719008264463,4.821256038647343,4.331723027375201,Lauren Holtkamp,203177
Lou Williams,L.Richardson,20,601,20,0,106,2888,5.3,4.805324459234609,0.49467554076539066,14,271,0.7,0.4509151414309484,0.24908485856905155,4.821256038647343,4.331723027375201,Leroy Richardson,1188
Lou Williams,L.Wood,23,598,23,0,127,2867,5.521739130434782,4.794314381270903,0.7274247491638794,11,274,0.4782608695652174,0.45819397993311034,0.020066889632107066,4.821256038647343,4.331723027375201,Leon Wood,1201
Lou Williams,M.Ayotte,27,594,27,0,158,2836,5.851851851851852,4.774410774410774,1.0774410774410779,21,264,0.7777777777777778,0.4444444444444444,0.33333333333333337,4.821256038647343,4.331723027375201,Mark Ayotte,2148
Lou Williams,M.Boland,23,598,23,0,147,2847,6.391304347826087,4.760869565217392,1.6304347826086953,12,273,0.5217391304347826,0.45652173913043476,0.06521739130434784,4.821256038647343,4.331723027375201,Matt Boland,2005
Lou Williams,M.Callahan,20,601,20,0,93,2901,4.65,4.826955074875208,-0.17695507487520779,10,275,0.5,0.45757071547420963,0.04242928452579037,4.821256038647343,4.331723027375201,Mike Callahan,1147
Lou Williams,M.Dagher,9,612,9,0,25,2969,2.7777777777777777,4.851307189542483,-2.0735294117647056,3,282,0.3333333333333333,0.46078431372549017,-0.12745098039215685,4.821256038647343,4.331723027375201,Mousa Dagher,1628159
Lou Williams,M.Davis,37,584,35,2,178,2816,4.8108108108108105,4.821917808219178,-0.011106997408367292,16,269,0.43243243243243246,0.4606164383561644,-0.028184005923731936,4.821256038647343,4.331723027375201,Marc Davis,1830
Lou Williams,M.Ervin,18,603,18,0,97,2897,5.388888888888889,4.804311774461028,0.5845771144278613,8,277,0.4444444444444444,0.4593698175787728,-0.014925373134328401,4.821256038647343,4.331723027375201,Mitchell Ervin,203591
Lou Williams,M.Kallio,2,619,2,0,3,2991,1.5,4.831987075928917,-3.331987075928917,1,284,0.5,0.4588045234248788,0.04119547657512118,4.821256038647343,4.331723027375201,Matt Kallio,1627526
Lou Williams,M.Kogut,19,602,19,0,118,2876,6.2105263157894735,4.777408637873754,1.4331176779157193,7,278,0.3684210526315789,0.46179401993355484,-0.09337296730197592,4.821256038647343,4.331723027375201,Marat Kogut,201245
Lou Williams,M.Lindsay,27,594,27,0,128,2866,4.7407407407407405,4.824915824915825,-0.08417508417508479,6,279,0.2222222222222222,0.4696969696969697,-0.24747474747474751,4.821256038647343,4.331723027375201,Mark Lindsay,200834
Lou Williams,M.McCutchen,7,614,7,0,46,2948,6.571428571428571,4.801302931596092,1.7701256398324796,2,283,0.2857142857142857,0.4609120521172638,-0.17519776640297813,4.821256038647343,4.331723027375201,Monty McCutchen,1176
Lou Williams,M.Myers,5,616,5,0,12,2982,2.4,4.840909090909091,-2.440909090909091,3,282,0.6,0.4577922077922078,0.14220779220779217,4.821256038647343,4.331723027375201,Matt Myers,202901
Lou Williams,M.Smith,21,600,21,0,89,2905,4.238095238095238,4.841666666666667,-0.6035714285714286,10,275,0.47619047619047616,0.4583333333333333,0.01785714285714285,4.821256038647343,4.331723027375201,Michael Smith,1193
Lou Williams,N.Buchert,31,590,30,1,133,2861,4.290322580645161,4.849152542372881,-0.5588299617277199,17,268,0.5483870967741935,0.4542372881355932,0.09414980863860029,4.821256038647343,4.331723027375201,Nick Buchert,202007
Lou Williams,N.Green,4,617,4,0,14,2980,3.5,4.829821717990275,-1.3298217179902752,1,284,0.25,0.46029173419773095,-0.21029173419773095,4.821256038647343,4.331723027375201,Nate Green,1627524
Lou Williams,N.Sago,4,617,4,0,14,2980,3.5,4.829821717990275,-1.3298217179902752,0,285,0.0,0.4619124797406807,-0.4619124797406807,4.821256038647343,4.331723027375201,Natalie Sago,1627541
Lou Williams,P.Fraher,24,597,22,2,120,2874,5.0,4.814070351758794,0.18592964824120628,13,272,0.5416666666666666,0.4556113902847571,0.08605527638190952,4.821256038647343,4.331723027375201,Pat Fraher,2003
Lou Williams,P.Ransom,11,610,11,0,37,2957,3.3636363636363638,4.8475409836065575,-1.4839046199701937,4,281,0.36363636363636365,0.460655737704918,-0.09701937406855438,4.821256038647343,4.331723027375201,Phenizee Ransom,1627963
Lou Williams,R.Acosta,10,611,10,0,66,2928,6.6,4.7921440261865795,1.8078559738134201,4,281,0.4,0.45990180032733224,-0.05990180032733222,4.821256038647343,4.331723027375201,Ray Acosta,1626300
Lou Williams,R.Garretson,20,601,19,1,87,2907,4.35,4.8369384359401,-0.48693843594010033,9,276,0.45,0.45923460898502494,-0.009234608985024928,4.821256038647343,4.331723027375201,Ron Garretson,1164
Lou Williams,R.Mott,29,592,29,0,136,2858,4.689655172413793,4.827702702702703,-0.13804753028890993,10,275,0.3448275862068966,0.46452702702702703,-0.11969944082013045,4.821256038647343,4.331723027375201,Rodney Mott,1179
Lou Williams,R.Richardson,1,620,1,0,12,2982,12.0,4.809677419354839,7.190322580645161,2,283,2.0,0.45645161290322583,1.543548387096774,4.821256038647343,4.331723027375201,Randy Richardson,1627538
Lou Williams,S.Anderson,8,613,8,0,44,2950,5.5,4.8123980424143555,0.6876019575856445,4,281,0.5,0.45840130505709625,0.04159869494290375,4.821256038647343,4.331723027375201,Steve Anderson,202000
Lou Williams,S.Corbin,22,599,22,0,119,2875,5.409090909090909,4.799666110183639,0.6094247989072699,13,272,0.5909090909090909,0.4540901502504174,0.13681894065867356,4.821256038647343,4.331723027375201,Sean Corbin,1151
Lou Williams,S.Foster,35,586,33,2,214,2780,6.114285714285714,4.744027303754266,1.3702584105314477,25,260,0.7142857142857143,0.44368600682593856,0.27059970745977574,4.821256038647343,4.331723027375201,Scott Foster,1162
Lou Williams,S.Jelks,6,615,6,0,12,2982,2.0,4.848780487804878,-2.848780487804878,4,281,0.6666666666666666,0.45691056910569106,0.20975609756097557,4.821256038647343,4.331723027375201,Simone Jelks,1628481
Lou Williams,S.Mehta,5,616,5,0,6,2988,1.2,4.85064935064935,-3.65064935064935,2,283,0.4,0.4594155844155844,-0.059415584415584366,4.821256038647343,4.331723027375201,Suyash Mehta,1627529
Lou Williams,S.Twardoski,27,594,27,0,130,2864,4.814814814814815,4.821548821548822,-0.006734006734006925,16,269,0.5925925925925926,0.45286195286195285,0.1397306397306397,4.821256038647343,4.331723027375201,Scott Twardoski,202053
Lou Williams,S.Wall,26,595,26,0,116,2878,4.461538461538462,4.836974789915966,-0.3754363283775044,17,268,0.6538461538461539,0.4504201680672269,0.20342598577892695,4.821256038647343,4.331723027375201,Scott Wall,1198
Lou Williams,S.Wright,34,587,32,2,156,2838,4.588235294117647,4.834752981260648,-0.24651768714300104,24,261,0.7058823529411765,0.444633730834753,0.2612486221064235,4.821256038647343,4.331723027375201,Sean Wright,2882
Lou Williams,T.Brothers,27,594,25,2,150,2844,5.555555555555555,4.787878787878788,0.7676767676767673,9,276,0.3333333333333333,0.46464646464646464,-0.13131313131313133,4.821256038647343,4.331723027375201,Tony Brothers,1146
Lou Williams,T.Brown,20,601,20,0,111,2883,5.55,4.797004991680533,0.7529950083194672,13,272,0.65,0.4525790349417637,0.1974209650582363,4.821256038647343,4.331723027375201,Tony Brown,2529
Lou Williams,T.Ford,22,599,21,1,105,2889,4.7727272727272725,4.823038397328881,-0.0503111246016088,8,277,0.36363636363636365,0.46243739565943237,-0.09880103202306872,4.821256038647343,4.331723027375201,Tyler Ford,204059
Lou Williams,T.Maddox,29,592,29,0,175,2819,6.0344827586206895,4.761824324324325,1.272658434296365,13,272,0.4482758620689655,0.4594594594594595,-0.01118359739049396,4.821256038647343,4.331723027375201,Tre Maddox,202027
Lou Williams,T.Washington,31,590,30,1,177,2817,5.709677419354839,4.774576271186441,0.935101148168398,16,269,0.5161290322580645,0.4559322033898305,0.06019682886823402,4.821256038647343,4.331723027375201,Tom Washington,1199
Lou Williams,V.Palmer,1,620,1,0,5,2989,5.0,4.820967741935484,0.17903225806451584,0,285,0.0,0.4596774193548387,-0.4596774193548387,4.821256038647343,4.331723027375201,Violet Palmer,1185
Lou Williams,V.Voyard-Tadal,1,620,1,0,10,2984,10.0,4.812903225806451,5.187096774193549,1,284,1.0,0.45806451612903226,0.5419354838709678,4.821256038647343,4.331723027375201,Vladimir Voyard-Tadal,1626303
Lou Williams,Z.Zarba,31,590,29,2,174,2820,5.612903225806452,4.779661016949152,0.8332422088572997,15,270,0.4838709677419355,0.4576271186440678,0.0262438490978677,4.821256038647343,4.331723027375201,Zach Zarba,2534
Russell Westbrook,A.Abazi,1,867,1,0,2,5410,2.0,6.239907727797001,-4.239907727797001,0,462,0.0,0.532871972318339,-0.532871972318339,6.235023041474655,0.5403225806451613,Agon Abazi,196295108
Russell Westbrook,A.Moyer-Gleich,13,855,12,1,58,5354,4.461538461538462,6.261988304093567,-1.8004498425551052,7,455,0.5384615384615384,0.5321637426900585,0.00629779577147993,6.235023041474655,0.5403225806451613,Ashley Moyer-Gleich,1628953
Russell Westbrook,A.Nagy,17,851,17,0,80,5332,4.705882352941177,6.26556991774383,-1.5596875648026538,10,452,0.5882352941176471,0.5311398354876615,0.05709545862998555,6.235023041474655,0.5403225806451613,Andy Nagy,1627534
Russell Westbrook,A.Smith,21,847,21,0,111,5301,5.285714285714286,6.258559622195986,-0.9728453364817007,12,450,0.5714285714285714,0.5312868949232585,0.04014167650531286,6.235023041474655,0.5403225806451613,Aaron Smith,1626302
Russell Westbrook,B.Adair,20,848,20,0,82,5330,4.1,6.285377358490566,-2.185377358490566,14,448,0.7,0.5283018867924528,0.17169811320754713,6.235023041474655,0.5403225806451613,Brandon Adair,1627961
Russell Westbrook,B.Adams,19,849,19,0,205,5207,10.789473684210526,6.133097762073027,4.6563759221374985,8,454,0.42105263157894735,0.5347467608951708,-0.11369412931622347,6.235023041474655,0.5403225806451613,Bennie Adams,1363
Russell Westbrook,B.Barnaky,35,833,34,1,237,5175,6.771428571428571,6.212484993997599,0.5589435774309726,20,442,0.5714285714285714,0.5306122448979592,0.04081632653061218,6.235023041474655,0.5403225806451613,Brent Barnaky,201638
Russell Westbrook,B.Burns,1,867,1,0,0,5412,0.0,6.242214532871972,-6.242214532871972,1,461,1.0,0.5317185697808535,0.4682814302191465,6.235023041474655,0.5403225806451613,Blanca Burns,1629174
Russell Westbrook,B.Forte,53,815,51,2,328,5084,6.188679245283019,6.238036809815951,-0.04935756453293205,23,439,0.4339622641509434,0.5386503067484663,-0.10468804259752285,6.235023041474655,0.5403225806451613,Brian Forte,101283
Russell Westbrook,B.Haskill,2,866,2,0,9,5403,4.5,6.2390300230946885,-1.7390300230946885,1,461,0.5,0.5323325635103926,-0.0323325635103926,6.235023041474655,0.5403225806451613,Brent Haskill,1629175
Russell Westbrook,B.Kennedy,28,840,27,1,133,5279,4.75,6.28452380952381,-1.5345238095238098,13,449,0.4642857142857143,0.5345238095238095,-0.07023809523809521,6.235023041474655,0.5403225806451613,Bill Kennedy,1662
Russell Westbrook,B.Nansel,23,845,23,0,135,5277,5.869565217391305,6.244970414201183,-0.3754051968098784,10,452,0.43478260869565216,0.5349112426035503,-0.10012863390789811,6.235023041474655,0.5403225806451613,Brett Nansel,202035
Russell Westbrook,B.Salvatore,1,867,1,0,6,5406,6.0,6.235294117647059,-0.23529411764705888,0,462,0.0,0.532871972318339,-0.532871972318339,6.235023041474655,0.5403225806451613,Bennett Salvatore,1192
Russell Westbrook,B.Schwab,8,860,8,0,23,5389,2.875,6.2662790697674415,-3.3912790697674415,6,456,0.75,0.5302325581395348,0.21976744186046515,6.235023041474655,0.5403225806451613,Brandon Schwab,1628171
Russell Westbrook,B.Spooner,11,857,11,0,82,5330,7.454545454545454,6.219369894982497,1.2351755595629568,6,456,0.5454545454545454,0.5320886814469078,0.013365864007637618,6.235023041474655,0.5403225806451613,Bill Spooner,1194
Russell Westbrook,B.Taylor,35,833,30,5,182,5230,5.2,6.278511404561825,-1.0785114045618247,20,442,0.5714285714285714,0.5306122448979592,0.04081632653061218,6.235023041474655,0.5403225806451613,Ben Taylor,202049
Russell Westbrook,C.Aubry,1,867,1,0,0,5412,0.0,6.242214532871972,-6.242214532871972,0,462,0.0,0.532871972318339,-0.532871972318339,6.235023041474655,0.5403225806451613,Clare Aubry,1629422
Russell Westbrook,C.Blair,39,829,37,2,248,5164,6.358974358974359,6.2291917973462,0.1297825616281587,21,441,0.5384615384615384,0.5319662243667069,0.006495314094831506,6.235023041474655,0.5403225806451613,Curtis Blair,200832
Russell Westbrook,C.Flores,9,859,9,0,20,5392,2.2222222222222223,6.277066356228172,-4.05484413400595,5,457,0.5555555555555556,0.5320139697322468,0.023541585823308786,6.235023041474655,0.5403225806451613,Che Flores,203054
Russell Westbrook,C.Kirkland,36,832,32,4,219,5193,6.083333333333333,6.241586538461538,-0.1582532051282053,20,442,0.5555555555555556,0.53125,0.02430555555555558,6.235023041474655,0.5403225806451613,Courtney Kirkland,2004
Russell Westbrook,C.Washington,25,843,25,0,153,5259,6.12,6.238434163701068,-0.11843416370106752,15,447,0.6,0.5302491103202847,0.06975088967971532,6.235023041474655,0.5403225806451613,CJ Washington,202056
Russell Westbrook,D.Collins,39,829,39,0,300,5112,7.6923076923076925,6.166465621230398,1.5258420710772942,18,444,0.46153846153846156,0.5355850422195416,-0.07404658068108005,6.235023041474655,0.5403225806451613,Derrick Collins,2002
Russell Westbrook,D.Crawford,13,855,13,0,116,5296,8.923076923076923,6.194152046783626,2.7289248762932976,6,456,0.46153846153846156,0.5333333333333333,-0.07179487179487176,6.235023041474655,0.5403225806451613,Dan Crawford,1152
Russell Westbrook,D.Guthrie,40,828,37,3,248,5164,6.2,6.236714975845411,-0.03671497584541061,23,439,0.575,0.5301932367149759,0.04480676328502409,6.235023041474655,0.5403225806451613,David Guthrie,2714
Russell Westbrook,D.Jones,9,859,9,0,94,5318,10.444444444444445,6.190919674039581,4.253524770404864,4,458,0.4444444444444444,0.5331781140861467,-0.08873366964170226,6.235023041474655,0.5403225806451613,David Jones,1168
Russell Westbrook,D.Mosher,4,864,4,0,18,5394,4.5,6.243055555555555,-1.7430555555555554,1,461,0.25,0.5335648148148148,-0.28356481481481477,6.235023041474655,0.5403225806451613,Dannica Mosher,1628484
Russell Westbrook,D.Richardson,35,833,35,0,176,5236,5.0285714285714285,6.285714285714286,-1.2571428571428571,10,452,0.2857142857142857,0.5426170468187275,-0.25690276110444177,6.235023041474655,0.5403225806451613,Derek Richardson,1204
Russell Westbrook,D.Scott,5,863,5,0,16,5396,3.2,6.25260718424102,-3.05260718424102,2,460,0.4,0.5330243337195828,-0.13302433371958278,6.235023041474655,0.5403225806451613,Danielle Scott,1628487
Russell Westbrook,D.Stafford,22,846,20,2,186,5226,8.454545454545455,6.177304964539007,2.277240490006448,11,451,0.5,0.533096926713948,-0.03309692671394804,6.235023041474655,0.5403225806451613,Derrick Stafford,1195
Russell Westbrook,D.Taylor,36,832,36,0,259,5153,7.194444444444445,6.193509615384615,1.0009348290598297,21,441,0.5833333333333334,0.5300480769230769,0.0532852564102565,6.235023041474655,0.5403225806451613,Dedric Taylor,203592
Russell Westbrook,E.Dalen,38,830,37,1,204,5208,5.368421052631579,6.274698795180723,-0.9062777425491442,21,441,0.5526315789473685,0.5313253012048192,0.02130627774254923,6.235023041474655,0.5403225806451613,Eric Dalen,200833
Russell Westbrook,E.Lewis,40,828,39,1,274,5138,6.85,6.205314009661835,0.6446859903381643,26,436,0.65,0.5265700483091788,0.12342995169082127,6.235023041474655,0.5403225806451613,Eric Lewis,2715
Russell Westbrook,E.Malloy,43,825,41,2,315,5097,7.325581395348837,6.178181818181818,1.1473995771670191,25,437,0.5813953488372093,0.5296969696969697,0.05169837914023967,6.235023041474655,0.5403225806451613,Ed Malloy,2530
Russell Westbrook,E.Roe,9,859,9,0,55,5357,6.111111111111111,6.2363213038416765,-0.12521019273056577,4,458,0.4444444444444444,0.5331781140861467,-0.08873366964170226,6.235023041474655,0.5403225806451613,Eli Roe,2532
Russell Westbrook,E.Scott,13,855,13,0,79,5333,6.076923076923077,6.237426900584795,-0.16050382366171867,9,453,0.6923076923076923,0.5298245614035088,0.16248313090418354,6.235023041474655,0.5403225806451613,Evan Scott,1628172
Russell Westbrook,G.Petraitis,37,831,36,1,247,5165,6.675675675675675,6.21540312876053,0.46027254691514585,23,439,0.6216216216216216,0.5282791817087846,0.09334243991283697,6.235023041474655,0.5403225806451613,Gediminas Petraitis,204058
Russell Westbrook,G.Zielinski,17,851,17,0,137,5275,8.058823529411764,6.198589894242068,1.8602336351696964,12,450,0.7058823529411765,0.5287896592244419,0.17709269371673464,6.235023041474655,0.5403225806451613,Gary Zielinski,1664
Russell Westbrook,H.Workman,18,850,18,0,150,5262,8.333333333333334,6.1905882352941175,2.1427450980392164,10,452,0.5555555555555556,0.5317647058823529,0.023790849673202663,6.235023041474655,0.5403225806451613,Haywoode Workman,201637
Russell Westbrook,I.Hwang,4,864,4,0,5,5407,1.25,6.258101851851852,-5.008101851851852,4,458,1.0,0.5300925925925926,0.46990740740740744,6.235023041474655,0.5403225806451613,Intae Hwang,1630886
Russell Westbrook,J.Butler,23,845,23,0,102,5310,4.434782608695652,6.284023668639053,-1.8492410599434006,16,446,0.6956521739130435,0.527810650887574,0.1678415230254695,6.235023041474655,0.5403225806451613,John Butler,1628951
Russell Westbrook,J.Capers,47,821,42,5,305,5107,6.48936170212766,6.220462850182704,0.26889885194495555,27,435,0.574468085106383,0.5298416565164433,0.044626428589939704,6.235023041474655,0.5403225806451613,James Capers,1148
Russell Westbrook,J.Conley,11,857,11,0,41,5371,3.727272727272727,6.267211201866978,-2.539938474594251,9,453,0.8181818181818182,0.5285880980163361,0.2895937201654821,6.235023041474655,0.5403225806451613,John Conley,1627519
Russell Westbrook,J.Crawford,5,863,5,0,55,5357,11.0,6.207415990730012,4.792584009269988,3,459,0.6,0.5318655851680185,0.06813441483198146,6.235023041474655,0.5403225806451613,Joe Crawford,1153
Russell Westbrook,J.DeRosa,22,846,22,0,103,5309,4.681818181818182,6.275413711583925,-1.593595529765743,15,447,0.6818181818181818,0.5283687943262412,0.1534493874919406,6.235023041474655,0.5403225806451613,JB DeRosa,1155
Russell Westbrook,J.Goble,78,790,75,3,445,4967,5.705128205128205,6.2873417721518985,-0.5822135670236932,39,423,0.5,0.5354430379746835,-0.03544303797468351,6.235023041474655,0.5403225806451613,John Goble,101284
Russell Westbrook,J.Goldenberg,17,851,17,0,73,5339,4.294117647058823,6.2737955346650995,-1.9796778876062762,13,449,0.7647058823529411,0.5276145710928319,0.23709131126010918,6.235023041474655,0.5403225806451613,Jason Goldenberg,1626301
Russell Westbrook,J.Orr,29,839,28,1,141,5271,4.862068965517241,6.282479141835519,-1.4204101763182777,21,441,0.7241379310344828,0.5256257449344458,0.19851218610003696,6.235023041474655,0.5403225806451613,J.T. Orr,202037
Russell Westbrook,J.Phillips,20,848,20,0,155,5257,7.75,6.199292452830188,1.5507075471698117,7,455,0.35,0.5365566037735849,-0.18655660377358496,6.235023041474655,0.5403225806451613,Jason Phillips,2001
Russell Westbrook,J.Ralls,2,866,2,0,5,5407,2.5,6.24364896073903,-3.74364896073903,2,460,1.0,0.5311778290993071,0.4688221709006929,6.235023041474655,0.5403225806451613,JD Ralls,1628485
Russell Westbrook,J.Reneau,3,865,3,0,16,5396,5.333333333333333,6.238150289017341,-0.9048169556840078,1,461,0.3333333333333333,0.5329479768786127,-0.1996146435452794,6.235023041474655,0.5403225806451613,Jenna Reneau,1628168
Russell Westbrook,J.Schroeder,12,856,12,0,39,5373,3.25,6.276869158878505,-3.0268691588785046,8,454,0.6666666666666666,0.530373831775701,0.13629283489096566,6.235023041474655,0.5403225806451613,Jenna Schroeder,1628954
Russell Westbrook,J.Sterling,14,854,14,0,67,5345,4.785714285714286,6.258782201405152,-1.4730679156908666,8,454,0.5714285714285714,0.531615925058548,0.03981264637002335,6.235023041474655,0.5403225806451613,Jonathan Sterling,1627964
Russell Westbrook,J.Tiven,52,816,49,3,300,5112,5.769230769230769,6.264705882352941,-0.49547511312217196,32,430,0.6153846153846154,0.5269607843137255,0.08842383107088991,6.235023041474655,0.5403225806451613,Josh Tiven,201639
Russell Westbrook,J.Van Duyne,43,825,42,1,309,5103,7.186046511627907,6.1854545454545455,1.0005919661733618,26,436,0.6046511627906976,0.5284848484848484,0.07616631430584919,6.235023041474655,0.5403225806451613,Justin Van Duyne,203593
Russell Westbrook,J.Williams,41,827,39,2,253,5159,6.170731707317073,6.238210399032648,-0.06747869171557497,21,441,0.5121951219512195,0.5332527206771464,-0.02105759872592683,6.235023041474655,0.5403225806451613,James Williams,202058
Russell Westbrook,K.Cutler,39,829,39,0,202,5210,5.17948717948718,6.284680337756333,-1.1051931582691532,21,441,0.5384615384615384,0.5319662243667069,0.006495314094831506,6.235023041474655,0.5403225806451613,Kevin Cutler,201246
Russell Westbrook,K.Fitzgerald,32,836,30,2,226,5186,7.0625,6.20334928229665,0.8591507177033497,17,445,0.53125,0.5322966507177034,-0.001046650717703379,6.235023041474655,0.5403225806451613,Kane Fitzgerald,201640
Russell Westbrook,K.Lane,44,824,42,2,279,5133,6.340909090909091,6.229368932038835,0.11154015887025626,21,441,0.4772727272727273,0.5351941747572816,-0.0579214474845543,6.235023041474655,0.5403225806451613,Karl Lane,202026
Russell Westbrook,K.Mauer,27,841,27,0,220,5192,8.148148148148149,6.173602853745541,1.974545294402608,16,446,0.5925925925925926,0.5303210463733651,0.06227154621922748,6.235023041474655,0.5403225806451613,Ken Mauer,1174
Russell Westbrook,K.Scott,46,822,42,4,229,5183,4.978260869565218,6.305352798053528,-1.3270919284883105,21,441,0.45652173913043476,0.5364963503649635,-0.0799746112345287,6.235023041474655,0.5403225806451613,Kevin Scott,202041
Russell Westbrook,L.Holtkamp,27,841,27,0,168,5244,6.222222222222222,6.235434007134364,-0.013211784912141589,20,442,0.7407407407407407,0.525564803804994,0.21517593693574666,6.235023041474655,0.5403225806451613,Lauren Holtkamp,203177
Russell Westbrook,L.Richardson,24,844,24,0,243,5169,10.125,6.124407582938389,4.000592417061611,12,450,0.5,0.533175355450237,-0.033175355450236976,6.235023041474655,0.5403225806451613,Leroy Richardson,1188
Russell Westbrook,L.Wood,31,837,31,0,176,5236,5.67741935483871,6.255675029868578,-0.578255675029868,12,450,0.3870967741935484,0.5376344086021505,-0.15053763440860213,6.235023041474655,0.5403225806451613,Leon Wood,1201
Russell Westbrook,M.Ayotte,25,843,25,0,225,5187,9.0,6.153024911032029,2.8469750889679712,9,453,0.36,0.5373665480427047,-0.17736654804270469,6.235023041474655,0.5403225806451613,Mark Ayotte,2148
Russell Westbrook,M.Boland,35,833,35,0,240,5172,6.857142857142857,6.208883553421368,0.6482593037214883,17,445,0.4857142857142857,0.5342136854741897,-0.04849939975990397,6.235023041474655,0.5403225806451613,Matt Boland,2005
Russell Westbrook,M.Callahan,18,850,18,0,142,5270,7.888888888888889,6.2,1.688888888888889,7,455,0.3888888888888889,0.5352941176470588,-0.14640522875816991,6.235023041474655,0.5403225806451613,Mike Callahan,1147
Russell Westbrook,M.Dagher,14,854,14,0,68,5344,4.857142857142857,6.257611241217798,-1.4004683840749417,6,456,0.42857142857142855,0.5339578454332553,-0.10538641686182676,6.235023041474655,0.5403225806451613,Mousa Dagher,1628159
Russell Westbrook,M.Davis,56,812,50,6,361,5051,6.446428571428571,6.220443349753695,0.22598522167487634,27,435,0.48214285714285715,0.5357142857142857,-0.05357142857142855,6.235023041474655,0.5403225806451613,Marc Davis,1830
Russell Westbrook,M.Ervin,33,835,32,1,188,5224,5.696969696969697,6.256287425149701,-0.5593177281800035,21,441,0.6363636363636364,0.5281437125748503,0.10821992378878609,6.235023041474655,0.5403225806451613,Mitchell Ervin,203591
Russell Westbrook,M.Kallio,7,861,7,0,29,5383,4.142857142857143,6.252032520325203,-2.10917537746806,6,456,0.8571428571428571,0.5296167247386759,0.32752613240418116,6.235023041474655,0.5403225806451613,Matt Kallio,1627526
Russell Westbrook,M.Kogut,35,833,33,2,189,5223,5.4,6.270108043217287,-0.8701080432172867,22,440,0.6285714285714286,0.5282112845138055,0.10036014405762306,6.235023041474655,0.5403225806451613,Marat Kogut,201245
Russell Westbrook,M.Lindsay,36,832,35,1,178,5234,4.944444444444445,6.290865384615385,-1.3464209401709404,25,437,0.6944444444444444,0.5252403846153846,0.16920405982905984,6.235023041474655,0.5403225806451613,Mark Lindsay,200834
Russell Westbrook,M.McCutchen,18,850,16,2,157,5255,8.722222222222221,6.182352941176471,2.5398692810457506,9,453,0.5,0.5329411764705883,-0.03294117647058825,6.235023041474655,0.5403225806451613,Monty McCutchen,1176
Russell Westbrook,M.Myers,18,850,18,0,62,5350,3.4444444444444446,6.294117647058823,-2.8496732026143787,14,448,0.7777777777777778,0.5270588235294118,0.250718954248366,6.235023041474655,0.5403225806451613,Matt Myers,202901
Russell Westbrook,M.Smith,35,833,33,2,236,5176,6.742857142857143,6.213685474189676,0.529171668667467,22,440,0.6285714285714286,0.5282112845138055,0.10036014405762306,6.235023041474655,0.5403225806451613,Michael Smith,1193
Russell Westbrook,N.Buchert,39,829,37,2,271,5141,6.948717948717949,6.201447527141134,0.7472704215768147,19,443,0.48717948717948717,0.53437876960193,-0.04719928242244281,6.235023041474655,0.5403225806451613,Nick Buchert,202007
Russell Westbrook,N.Green,8,860,8,0,32,5380,4.0,6.255813953488372,-2.2558139534883717,7,455,0.875,0.5290697674418605,0.3459302325581395,6.235023041474655,0.5403225806451613,Nate Green,1627524
Russell Westbrook,N.Sago,24,844,23,1,89,5323,3.7083333333333335,6.306872037914692,-2.5985387045813586,15,447,0.625,0.5296208530805687,0.09537914691943128,6.235023041474655,0.5403225806451613,Natalie Sago,1627541
Russell Westbrook,P.Fraher,35,833,33,2,201,5211,5.742857142857143,6.255702280912365,-0.5128451380552219,20,442,0.5714285714285714,0.5306122448979592,0.04081632653061218,6.235023041474655,0.5403225806451613,Pat Fraher,2003
Russell Westbrook,P.Ransom,15,853,15,0,51,5361,3.4,6.284876905041032,-2.884876905041032,9,453,0.6,0.5310668229777257,0.0689331770222743,6.235023041474655,0.5403225806451613,Phenizee Ransom,1627963
Russell Westbrook,R.Acosta,26,842,24,2,103,5309,3.9615384615384617,6.305225653206651,-2.343687191668189,15,447,0.5769230769230769,0.5308788598574822,0.046044217065594695,6.235023041474655,0.5403225806451613,Ray Acosta,1626300
Russell Westbrook,R.Garretson,17,851,17,0,129,5283,7.588235294117647,6.207990599294948,1.3802446948226992,8,454,0.47058823529411764,0.5334900117508813,-0.06290177645676365,6.235023041474655,0.5403225806451613,Ron Garretson,1164
Russell Westbrook,R.Hussey,6,862,6,0,30,5382,5.0,6.243619489559165,-1.2436194895591646,3,459,0.5,0.5324825986078886,-0.0324825986078886,6.235023041474655,0.5403225806451613,Robert Hussey,1628480
Russell Westbrook,R.Mott,35,833,33,2,238,5174,6.8,6.211284513805523,0.5887154861944772,20,442,0.5714285714285714,0.5306122448979592,0.04081632653061218,6.235023041474655,0.5403225806451613,Rodney Mott,1179
Russell Westbrook,S.Anderson,5,863,5,0,46,5366,9.2,6.21784472769409,2.982155272305909,2,460,0.4,0.5330243337195828,-0.13302433371958278,6.235023041474655,0.5403225806451613,Steve Anderson,202000
Russell Westbrook,S.Corbin,28,840,27,1,216,5196,7.714285714285714,6.185714285714286,1.5285714285714285,14,448,0.5,0.5333333333333333,-0.033333333333333326,6.235023041474655,0.5403225806451613,Sean Corbin,1151
Russell Westbrook,S.Foster,40,828,37,3,235,5177,5.875,6.252415458937198,-0.37741545893719763,28,434,0.7,0.5241545893719807,0.17584541062801928,6.235023041474655,0.5403225806451613,Scott Foster,1162
Russell Westbrook,S.Jelks,8,860,8,0,39,5373,4.875,6.247674418604651,-1.3726744186046513,5,457,0.625,0.5313953488372093,0.09360465116279071,6.235023041474655,0.5403225806451613,Simone Jelks,1628481
Russell Westbrook,S.Mehta,8,860,8,0,45,5367,5.625,6.2406976744186045,-0.6156976744186045,5,457,0.625,0.5313953488372093,0.09360465116279071,6.235023041474655,0.5403225806451613,Suyash Mehta,1627529
Russell Westbrook,S.Mitchell,8,860,8,0,27,5385,3.375,6.261627906976744,-2.886627906976744,5,457,0.625,0.5313953488372093,0.09360465116279071,6.235023041474655,0.5403225806451613,Sha'Rae Mitchell,1629178
Russell Westbrook,S.Twardoski,42,826,41,1,249,5163,5.928571428571429,6.250605326876514,-0.3220338983050848,24,438,0.5714285714285714,0.5302663438256658,0.041162227602905554,6.235023041474655,0.5403225806451613,Scott Twardoski,202053
Russell Westbrook,S.Wall,25,843,25,0,208,5204,8.32,6.173190984578885,2.1468090154211152,18,444,0.72,0.5266903914590747,0.19330960854092527,6.235023041474655,0.5403225806451613,Scott Wall,1198
Russell Westbrook,S.Wright,48,820,45,3,302,5110,6.291666666666667,6.2317073170731705,0.05995934959349647,34,428,0.7083333333333334,0.5219512195121951,0.18638211382113823,6.235023041474655,0.5403225806451613,Sean Wright,2882
Russell Westbrook,T.Brothers,46,822,43,3,239,5173,5.195652173913044,6.293187347931873,-1.0975351740188293,22,440,0.4782608695652174,0.5352798053527981,-0.05701893578758066,6.235023041474655,0.5403225806451613,Tony Brothers,1146
Russell Westbrook,T.Brown,30,838,28,2,240,5172,8.0,6.171837708830549,1.828162291169451,13,449,0.43333333333333335,0.535799522673031,-0.10246618933969764,6.235023041474655,0.5403225806451613,Tony Brown,2529
Russell Westbrook,T.Ford,33,835,30,3,182,5230,5.515151515151516,6.263473053892215,-0.7483215387406998,17,445,0.5151515151515151,0.5329341317365269,-0.01778261658501179,6.235023041474655,0.5403225806451613,Tyler Ford,204059
Russell Westbrook,T.Maddox,37,831,35,2,239,5173,6.45945945945946,6.22503008423586,0.2344293752235993,20,442,0.5405405405405406,0.5318892900120337,0.008651250528506904,6.235023041474655,0.5403225806451613,Tre Maddox,202027
Russell Westbrook,T.Ricks,1,867,1,0,2,5410,2.0,6.239907727797001,-4.239907727797001,0,462,0.0,0.532871972318339,-0.532871972318339,6.235023041474655,0.5403225806451613,Tyler Ricks,1627539
Russell Westbrook,T.Washington,39,829,38,1,285,5127,7.3076923076923075,6.184559710494572,1.1231325971977357,28,434,0.717948717948718,0.5235223160434258,0.19442640190529215,6.235023041474655,0.5403225806451613,Tom Washington,1199
Russell Westbrook,V.Palmer,2,866,2,0,18,5394,9.0,6.228637413394919,2.771362586605081,1,461,0.5,0.5323325635103926,-0.0323325635103926,6.235023041474655,0.5403225806451613,Violet Palmer,1185
Russell Westbrook,Z.Zarba,41,827,38,3,257,5155,6.2682926829268295,6.233373639661427,0.034919043265402294,22,440,0.5365853658536586,0.532043530834341,0.004541835019317597,6.235023041474655,0.5403225806451613,Zach Zarba,2534
Devin Booker,A.Moyer-Gleich,10,710,10,0,72,4278,7.2,6.025352112676057,1.1746478873239434,7,472,0.7,0.6647887323943662,0.035211267605633756,6.041666666666667,0.8888888888888888,Ashley Moyer-Gleich,1628953
Devin Booker,A.Nagy,10,710,10,0,83,4267,8.3,6.009859154929577,2.2901408450704235,6,473,0.6,0.6661971830985915,-0.06619718309859157,6.041666666666667,0.8888888888888888,Andy Nagy,1627534
Devin Booker,A.Smith,26,694,25,1,188,4162,7.230769230769231,5.997118155619597,1.2336510751496341,21,458,0.8076923076923077,0.659942363112392,0.14774994457991575,6.041666666666667,0.8888888888888888,Aaron Smith,1626302
Devin Booker,B.Adair,20,700,20,0,139,4211,6.95,6.015714285714286,0.9342857142857142,16,463,0.8,0.6614285714285715,0.13857142857142857,6.041666666666667,0.8888888888888888,Brandon Adair,1627961
Devin Booker,B.Adams,16,704,16,0,68,4282,4.25,6.082386363636363,-1.8323863636363633,12,467,0.75,0.6633522727272727,0.08664772727272729,6.041666666666667,0.8888888888888888,Bennie Adams,1363
Devin Booker,B.Barnaky,31,689,31,0,173,4177,5.580645161290323,6.062409288824383,-0.48176412753405984,23,456,0.7419354838709677,0.6618287373004355,0.0801067465705323,6.041666666666667,0.8888888888888888,Brent Barnaky,201638
Devin Booker,B.Burns,1,719,1,0,6,4344,6.0,6.0417246175243395,-0.041724617524339536,1,478,1.0,0.6648122392211405,0.3351877607788595,6.041666666666667,0.8888888888888888,Blanca Burns,1629174
Devin Booker,B.Forte,32,688,31,1,199,4151,6.21875,6.03343023255814,0.18531976744186007,18,461,0.5625,0.6700581395348837,-0.10755813953488369,6.041666666666667,0.8888888888888888,Brian Forte,101283
Devin Booker,B.Kennedy,39,681,37,2,216,4134,5.538461538461538,6.070484581497797,-0.5320230430362587,29,450,0.7435897435897436,0.6607929515418502,0.08279679204789336,6.041666666666667,0.8888888888888888,Bill Kennedy,1662
Devin Booker,B.Nansel,25,695,25,0,149,4201,5.96,6.044604316546763,-0.0846043165467627,16,463,0.64,0.6661870503597123,-0.02618705035971225,6.041666666666667,0.8888888888888888,Brett Nansel,202035
Devin Booker,B.Schwab,5,715,5,0,28,4322,5.6,6.044755244755245,-0.4447552447552452,5,474,1.0,0.6629370629370629,0.3370629370629371,6.041666666666667,0.8888888888888888,Brandon Schwab,1628171
Devin Booker,B.Spooner,10,710,10,0,45,4305,4.5,6.063380281690141,-1.563380281690141,9,470,0.9,0.6619718309859155,0.23802816901408452,6.041666666666667,0.8888888888888888,Bill Spooner,1194
Devin Booker,B.Taylor,33,687,31,2,200,4150,6.0606060606060606,6.04075691411936,0.019849146486700775,24,455,0.7272727272727273,0.6622998544395924,0.06497287283313491,6.041666666666667,0.8888888888888888,Ben Taylor,202049
Devin Booker,C.Blair,30,690,28,2,193,4157,6.433333333333334,6.024637681159421,0.4086956521739129,24,455,0.8,0.6594202898550725,0.14057971014492754,6.041666666666667,0.8888888888888888,Curtis Blair,200832
Devin Booker,C.Flores,8,712,8,0,68,4282,8.5,6.014044943820225,2.485955056179775,7,472,0.875,0.6629213483146067,0.2120786516853933,6.041666666666667,0.8888888888888888,Che Flores,203054
Devin Booker,C.Kirkland,36,684,35,1,229,4121,6.361111111111111,6.0248538011695905,0.33625730994152025,26,453,0.7222222222222222,0.6622807017543859,0.059941520467836296,6.041666666666667,0.8888888888888888,Courtney Kirkland,2004
Devin Booker,C.Washington,21,699,21,0,127,4223,6.0476190476190474,6.041487839771102,0.006131207847945852,17,462,0.8095238095238095,0.6609442060085837,0.1485796035152258,6.041666666666667,0.8888888888888888,CJ Washington,202056
Devin Booker,D.Collins,37,683,37,0,244,4106,6.594594594594595,6.011713030746706,0.5828815638478888,24,455,0.6486486486486487,0.6661786237188873,-0.017529975070238568,6.041666666666667,0.8888888888888888,Derrick Collins,2002
Devin Booker,D.Crawford,7,713,7,0,30,4320,4.285714285714286,6.05890603085554,-1.7731917451412542,2,477,0.2857142857142857,0.6690042075736325,-0.38328992185934685,6.041666666666667,0.8888888888888888,Dan Crawford,1152
Devin Booker,D.Guthrie,40,680,37,3,262,4088,6.55,6.011764705882353,0.5382352941176469,28,451,0.7,0.663235294117647,0.03676470588235292,6.041666666666667,0.8888888888888888,David Guthrie,2714
Devin Booker,D.Jones,4,716,4,0,19,4331,4.75,6.048882681564246,-1.2988826815642458,2,477,0.5,0.6662011173184358,-0.1662011173184358,6.041666666666667,0.8888888888888888,David Jones,1168
Devin Booker,D.Mosher,3,717,3,0,20,4330,6.666666666666667,6.03905160390516,0.6276150627615067,3,476,1.0,0.6638772663877266,0.3361227336122734,6.041666666666667,0.8888888888888888,Dannica Mosher,1628484
Devin Booker,D.Richardson,27,693,27,0,161,4189,5.962962962962963,6.044733044733045,-0.08177008177008194,19,460,0.7037037037037037,0.6637806637806638,0.039923039923039916,6.041666666666667,0.8888888888888888,Derek Richardson,1204
Devin Booker,D.Scott,5,715,5,0,32,4318,6.4,6.039160839160839,0.360839160839161,2,477,0.4,0.6671328671328671,-0.2671328671328671,6.041666666666667,0.8888888888888888,Danielle Scott,1628487
Devin Booker,D.Stafford,9,711,9,0,52,4298,5.777777777777778,6.0450070323488045,-0.26722925457102686,8,471,0.8888888888888888,0.6624472573839663,0.22644163150492258,6.041666666666667,0.8888888888888888,Derrick Stafford,1195
Devin Booker,D.Taylor,25,695,25,0,130,4220,5.2,6.071942446043166,-0.8719424460431657,16,463,0.64,0.6661870503597123,-0.02618705035971225,6.041666666666667,0.8888888888888888,Dedric Taylor,203592
Devin Booker,E.Dalen,22,698,22,0,156,4194,7.090909090909091,6.008595988538682,1.0823131023704091,14,465,0.6363636363636364,0.666189111747851,-0.02982547538421465,6.041666666666667,0.8888888888888888,Eric Dalen,200833
Devin Booker,E.Lewis,31,689,29,2,228,4122,7.354838709677419,5.982583454281568,1.3722552553958511,22,457,0.7096774193548387,0.6632801161103048,0.04639730324453395,6.041666666666667,0.8888888888888888,Eric Lewis,2715
Devin Booker,E.Malloy,31,689,30,1,187,4163,6.032258064516129,6.042089985486212,-0.009831920970082564,20,459,0.6451612903225806,0.6661828737300436,-0.021021583407462963,6.041666666666667,0.8888888888888888,Ed Malloy,2530
Devin Booker,E.Roe,4,716,4,0,14,4336,3.5,6.055865921787709,-2.555865921787709,3,476,0.75,0.664804469273743,0.08519553072625696,6.041666666666667,0.8888888888888888,Eli Roe,2532
Devin Booker,E.Scott,13,707,13,0,79,4271,6.076923076923077,6.041018387553041,0.035904689370035214,10,469,0.7692307692307693,0.6633663366336634,0.10586443259710587,6.041666666666667,0.8888888888888888,Evan Scott,1628172
Devin Booker,G.Petraitis,29,691,28,1,156,4194,5.379310344827586,6.069464544138929,-0.6901541993113431,18,461,0.6206896551724138,0.6671490593342981,-0.04645940416188432,6.041666666666667,0.8888888888888888,Gediminas Petraitis,204058
Devin Booker,G.Zielinski,11,709,11,0,46,4304,4.181818181818182,6.070521861777151,-1.8887036799589696,8,471,0.7272727272727273,0.6643159379407616,0.06295678933196569,6.041666666666667,0.8888888888888888,Gary Zielinski,1664
Devin Booker,H.Workman,12,708,12,0,49,4301,4.083333333333333,6.074858757062147,-1.991525423728814,9,470,0.75,0.6638418079096046,0.08615819209039544,6.041666666666667,0.8888888888888888,Haywoode Workman,201637
Devin Booker,I.Hwang,4,716,4,0,18,4332,4.5,6.050279329608938,-1.550279329608938,4,475,1.0,0.6634078212290503,0.3365921787709497,6.041666666666667,0.8888888888888888,Intae Hwang,1630886
Devin Booker,J.Butler,24,696,24,0,143,4207,5.958333333333333,6.044540229885057,-0.0862068965517242,19,460,0.7916666666666666,0.6609195402298851,0.13074712643678155,6.041666666666667,0.8888888888888888,John Butler,1628951
Devin Booker,J.Capers,31,689,30,1,222,4128,7.161290322580645,5.9912917271407835,1.1699985954398615,24,455,0.7741935483870968,0.660377358490566,0.11381618989653075,6.041666666666667,0.8888888888888888,James Capers,1148
Devin Booker,J.Conley,8,712,8,0,44,4306,5.5,6.047752808988764,-0.547752808988764,7,472,0.875,0.6629213483146067,0.2120786516853933,6.041666666666667,0.8888888888888888,John Conley,1627519
Devin Booker,J.DeRosa,23,697,23,0,132,4218,5.739130434782608,6.051649928263989,-0.3125194934813802,18,461,0.782608695652174,0.6614060258249641,0.12120266982720984,6.041666666666667,0.8888888888888888,JB DeRosa,1155
Devin Booker,J.Goble,56,664,53,3,390,3960,6.964285714285714,5.963855421686747,1.000430292598967,38,441,0.6785714285714286,0.6641566265060241,0.014414802065404464,6.041666666666667,0.8888888888888888,John Goble,101284
Devin Booker,J.Goldenberg,20,700,20,0,154,4196,7.7,5.994285714285715,1.7057142857142855,13,466,0.65,0.6657142857142857,-0.01571428571428568,6.041666666666667,0.8888888888888888,Jason Goldenberg,1626301
Devin Booker,J.Orr,30,690,30,0,143,4207,4.766666666666667,6.097101449275362,-1.3304347826086955,19,460,0.6333333333333333,0.6666666666666666,-0.033333333333333326,6.041666666666667,0.8888888888888888,J.T. Orr,202037
Devin Booker,J.Phillips,9,711,9,0,35,4315,3.888888888888889,6.068917018284107,-2.1800281293952177,5,474,0.5555555555555556,0.6666666666666666,-0.11111111111111105,6.041666666666667,0.8888888888888888,Jason Phillips,2001
Devin Booker,J.Ralls,3,717,3,0,22,4328,7.333333333333333,6.036262203626221,1.2970711297071125,2,477,0.6666666666666666,0.6652719665271967,0.001394700139469962,6.041666666666667,0.8888888888888888,JD Ralls,1628485
Devin Booker,J.Schroeder,10,710,10,0,57,4293,5.7,6.046478873239437,-0.3464788732394366,6,473,0.6,0.6661971830985915,-0.06619718309859157,6.041666666666667,0.8888888888888888,Jenna Schroeder,1628954
Devin Booker,J.Sterling,19,701,19,0,128,4222,6.7368421052631575,6.022824536376604,0.7140175688865531,15,464,0.7894736842105263,0.6619115549215406,0.1275621292889857,6.041666666666667,0.8888888888888888,Jonathan Sterling,1627964
Devin Booker,J.Tiven,31,689,30,1,173,4177,5.580645161290323,6.062409288824383,-0.48176412753405984,20,459,0.6451612903225806,0.6661828737300436,-0.021021583407462963,6.041666666666667,0.8888888888888888,Josh Tiven,201639
Devin Booker,J.Van Duyne,42,678,41,1,231,4119,5.5,6.075221238938053,-0.5752212389380533,29,450,0.6904761904761905,0.6637168141592921,0.026759376316898398,6.041666666666667,0.8888888888888888,Justin Van Duyne,203593
Devin Booker,J.Williams,39,681,38,1,238,4112,6.102564102564102,6.038179148311307,0.06438495425279545,27,452,0.6923076923076923,0.6637298091042585,0.028577883203433796,6.041666666666667,0.8888888888888888,James Williams,202058
Devin Booker,K.Cutler,40,680,40,0,259,4091,6.475,6.016176470588236,0.45882352941176396,25,454,0.625,0.6676470588235294,-0.04264705882352937,6.041666666666667,0.8888888888888888,Kevin Cutler,201246
Devin Booker,K.Fitzgerald,26,694,24,2,142,4208,5.461538461538462,6.063400576368876,-0.6018621148304142,21,458,0.8076923076923077,0.659942363112392,0.14774994457991575,6.041666666666667,0.8888888888888888,Kane Fitzgerald,201640
Devin Booker,K.Lane,35,685,34,1,211,4139,6.0285714285714285,6.042335766423357,-0.013764337851928765,22,457,0.6285714285714286,0.6671532846715329,-0.03858185610010434,6.041666666666667,0.8888888888888888,Karl Lane,202026
Devin Booker,K.Mauer,19,701,18,1,131,4219,6.894736842105263,6.018544935805991,0.8761919062992716,12,467,0.631578947368421,0.666191155492154,-0.034612208123733,6.041666666666667,0.8888888888888888,Ken Mauer,1174
Devin Booker,K.Scott,30,690,29,1,183,4167,6.1,6.039130434782609,0.06086956521739051,24,455,0.8,0.6594202898550725,0.14057971014492754,6.041666666666667,0.8888888888888888,Kevin Scott,202041
Devin Booker,L.Holtkamp,15,705,15,0,90,4260,6.0,6.042553191489362,-0.042553191489361986,10,469,0.6666666666666666,0.6652482269503546,0.0014184397163120588,6.041666666666667,0.8888888888888888,Lauren Holtkamp,203177
Devin Booker,L.Richardson,15,705,15,0,103,4247,6.866666666666666,6.024113475177305,0.8425531914893609,9,470,0.6,0.6666666666666666,-0.06666666666666665,6.041666666666667,0.8888888888888888,Leroy Richardson,1188
Devin Booker,L.Wood,26,694,26,0,151,4199,5.8076923076923075,6.050432276657061,-0.24273996896475314,19,460,0.7307692307692307,0.6628242074927954,0.06794502327643537,6.041666666666667,0.8888888888888888,Leon Wood,1201
Devin Booker,M.Ayotte,20,700,20,0,77,4273,3.85,6.104285714285714,-2.254285714285714,14,465,0.7,0.6642857142857143,0.0357142857142857,6.041666666666667,0.8888888888888888,Mark Ayotte,2148
Devin Booker,M.Boland,26,694,26,0,153,4197,5.884615384615385,6.047550432276657,-0.16293504766127231,16,463,0.6153846153846154,0.6671469740634006,-0.0517623586787852,6.041666666666667,0.8888888888888888,Matt Boland,2005
Devin Booker,M.Callahan,6,714,6,0,25,4325,4.166666666666667,6.057422969187675,-1.890756302521008,4,475,0.6666666666666666,0.665266106442577,0.0014005602240896309,6.041666666666667,0.8888888888888888,Mike Callahan,1147
Devin Booker,M.Dagher,23,697,23,0,145,4205,6.304347826086956,6.032998565279771,0.27134926080718547,14,465,0.6086956521739131,0.667144906743185,-0.05844925456927197,6.041666666666667,0.8888888888888888,Mousa Dagher,1628159
Devin Booker,M.Davis,41,679,39,2,230,4120,5.609756097560975,6.067746686303387,-0.45799058874241183,27,452,0.6585365853658537,0.6656848306332842,-0.00714824526743052,6.041666666666667,0.8888888888888888,Marc Davis,1830
Devin Booker,M.Ervin,28,692,28,0,195,4155,6.964285714285714,6.004335260115607,0.9599504541701078,19,460,0.6785714285714286,0.6647398843930635,0.013831544178365074,6.041666666666667,0.8888888888888888,Mitchell Ervin,203591
Devin Booker,M.Kallio,9,711,9,0,54,4296,6.0,6.042194092827004,-0.04219409282700415,6,473,0.6666666666666666,0.6652601969057665,0.0014064697609000865,6.041666666666667,0.8888888888888888,Matt Kallio,1627526
Devin Booker,M.Kogut,26,694,26,0,200,4150,7.6923076923076925,5.979827089337176,1.7124806029705164,17,462,0.6538461538461539,0.6657060518731989,-0.011859898027045013,6.041666666666667,0.8888888888888888,Marat Kogut,201245
Devin Booker,M.Lindsay,25,695,25,0,156,4194,6.24,6.03453237410072,0.20546762589928047,18,461,0.72,0.6633093525179856,0.056690647482014356,6.041666666666667,0.8888888888888888,Mark Lindsay,200834
Devin Booker,M.McCutchen,11,709,11,0,44,4306,4.0,6.073342736248237,-2.073342736248237,8,471,0.7272727272727273,0.6643159379407616,0.06295678933196569,6.041666666666667,0.8888888888888888,Monty McCutchen,1176
Devin Booker,M.Myers,9,711,9,0,65,4285,7.222222222222222,6.026722925457102,1.19549929676512,4,475,0.4444444444444444,0.6680731364275668,-0.2236286919831224,6.041666666666667,0.8888888888888888,Matt Myers,202901
Devin Booker,M.Smith,27,693,27,0,166,4184,6.148148148148148,6.037518037518038,0.11063011063010997,21,458,0.7777777777777778,0.6608946608946609,0.11688311688311692,6.041666666666667,0.8888888888888888,Michael Smith,1193
Devin Booker,N.Buchert,41,679,41,0,207,4143,5.048780487804878,6.101620029455081,-1.0528395416502025,29,450,0.7073170731707317,0.6627393225331369,0.044577750637594726,6.041666666666667,0.8888888888888888,Nick Buchert,202007
Devin Booker,N.Green,15,705,15,0,88,4262,5.866666666666666,6.045390070921986,-0.17872340425531963,10,469,0.6666666666666666,0.6652482269503546,0.0014184397163120588,6.041666666666667,0.8888888888888888,Nate Green,1627524
Devin Booker,N.Sago,24,696,23,1,146,4204,6.083333333333333,6.040229885057471,0.0431034482758621,19,460,0.7916666666666666,0.6609195402298851,0.13074712643678155,6.041666666666667,0.8888888888888888,Natalie Sago,1627541
Devin Booker,P.Fraher,32,688,31,1,218,4132,6.8125,6.005813953488372,0.8066860465116283,26,453,0.8125,0.6584302325581395,0.15406976744186052,6.041666666666667,0.8888888888888888,Pat Fraher,2003
Devin Booker,P.O'Connell,1,719,1,0,6,4344,6.0,6.0417246175243395,-0.041724617524339536,1,478,1.0,0.6648122392211405,0.3351877607788595,6.041666666666667,0.8888888888888888,Pat O'Connell,1629183
Devin Booker,P.Ransom,15,705,15,0,116,4234,7.733333333333333,6.005673758865248,1.7276595744680856,12,467,0.8,0.6624113475177305,0.1375886524822696,6.041666666666667,0.8888888888888888,Phenizee Ransom,1627963
Devin Booker,R.Acosta,33,687,32,1,229,4121,6.9393939393939394,5.998544395924308,0.9408495434696311,24,455,0.7272727272727273,0.6622998544395924,0.06497287283313491,6.041666666666667,0.8888888888888888,Ray Acosta,1626300
Devin Booker,R.Garretson,21,699,21,0,115,4235,5.476190476190476,6.058655221745351,-0.5824647455548746,8,471,0.38095238095238093,0.6738197424892703,-0.2928673615368894,6.041666666666667,0.8888888888888888,Ron Garretson,1164
Devin Booker,R.Hussey,3,717,3,0,17,4333,5.666666666666667,6.04323570432357,-0.3765690376569033,3,476,1.0,0.6638772663877266,0.3361227336122734,6.041666666666667,0.8888888888888888,Robert Hussey,1628480
Devin Booker,R.Mott,34,686,34,0,177,4173,5.205882352941177,6.0830903790087465,-0.8772080260675699,26,453,0.7647058823529411,0.6603498542274052,0.1043560281255359,6.041666666666667,0.8888888888888888,Rodney Mott,1179
Devin Booker,R.Richardson,1,719,1,0,3,4347,3.0,6.045897079276774,-3.0458970792767737,1,478,1.0,0.6648122392211405,0.3351877607788595,6.041666666666667,0.8888888888888888,Randy Richardson,1627538
Devin Booker,S.Anderson,4,716,4,0,20,4330,5.0,6.0474860335195535,-1.0474860335195535,3,476,0.75,0.664804469273743,0.08519553072625696,6.041666666666667,0.8888888888888888,Steve Anderson,202000
Devin Booker,S.Corbin,29,691,29,0,181,4169,6.241379310344827,6.03328509406657,0.20809421627825753,22,457,0.7586206896551724,0.6613603473227206,0.09726034233245173,6.041666666666667,0.8888888888888888,Sean Corbin,1151
Devin Booker,S.Foster,24,696,22,2,158,4192,6.583333333333333,6.022988505747127,0.5603448275862064,17,462,0.7083333333333334,0.6637931034482759,0.04454022988505746,6.041666666666667,0.8888888888888888,Scott Foster,1162
Devin Booker,S.Jelks,5,715,5,0,44,4306,8.8,6.022377622377622,2.7776223776223787,2,477,0.4,0.6671328671328671,-0.2671328671328671,6.041666666666667,0.8888888888888888,Simone Jelks,1628481
Devin Booker,S.Mehta,12,708,12,0,89,4261,7.416666666666667,6.018361581920904,1.398305084745763,8,471,0.6666666666666666,0.6652542372881356,0.0014124293785310327,6.041666666666667,0.8888888888888888,Suyash Mehta,1627529
Devin Booker,S.Mitchell,4,716,4,0,28,4322,7.0,6.0363128491620115,0.9636871508379885,4,475,1.0,0.6634078212290503,0.3365921787709497,6.041666666666667,0.8888888888888888,Sha'Rae Mitchell,1629178
Devin Booker,S.Twardoski,44,676,43,1,245,4105,5.568181818181818,6.072485207100592,-0.5043033889187738,27,452,0.6136363636363636,0.6686390532544378,-0.055002689618074196,6.041666666666667,0.8888888888888888,Scott Twardoski,202053
Devin Booker,S.Wall,24,696,24,0,104,4246,4.333333333333333,6.100574712643678,-1.7672413793103452,14,465,0.5833333333333334,0.6681034482758621,-0.08477011494252873,6.041666666666667,0.8888888888888888,Scott Wall,1198
Devin Booker,S.Wright,29,691,28,1,183,4167,6.310344827586207,6.030390738060781,0.2799540895254262,17,462,0.5862068965517241,0.6685962373371924,-0.08238934078546833,6.041666666666667,0.8888888888888888,Sean Wright,2882
Devin Booker,T.Brothers,38,682,35,3,202,4148,5.315789473684211,6.0821114369501466,-0.7663219632659359,26,453,0.6842105263157895,0.6642228739002932,0.01998765241549627,6.041666666666667,0.8888888888888888,Tony Brothers,1146
Devin Booker,T.Brown,15,705,15,0,77,4273,5.133333333333334,6.060992907801419,-0.9276595744680849,11,468,0.7333333333333333,0.6638297872340425,0.06950354609929077,6.041666666666667,0.8888888888888888,Tony Brown,2529
Devin Booker,T.Ford,34,686,33,1,204,4146,6.0,6.043731778425656,-0.043731778425655676,23,456,0.6764705882352942,0.6647230320699709,0.011747556165323303,6.041666666666667,0.8888888888888888,Tyler Ford,204059
Devin Booker,T.Maddox,34,686,34,0,175,4175,5.147058823529412,6.08600583090379,-0.9389470073743782,23,456,0.6764705882352942,0.6647230320699709,0.011747556165323303,6.041666666666667,0.8888888888888888,Tre Maddox,202027
Devin Booker,T.Mirkovich,3,717,3,0,17,4333,5.666666666666667,6.04323570432357,-0.3765690376569033,2,477,0.6666666666666666,0.6652719665271967,0.001394700139469962,6.041666666666667,0.8888888888888888,Tyler Mirkovich,1628482
Devin Booker,T.Washington,34,686,34,0,195,4155,5.735294117647059,6.056851311953353,-0.32155719430629404,23,456,0.6764705882352942,0.6647230320699709,0.011747556165323303,6.041666666666667,0.8888888888888888,Tom Washington,1199
Devin Booker,V.Voyard-Tadal,1,719,1,0,12,4338,12.0,6.033379694019471,5.966620305980529,1,478,1.0,0.6648122392211405,0.3351877607788595,6.041666666666667,0.8888888888888888,Vladimir Voyard-Tadal,1626303
Devin Booker,Z.Zarba,36,684,34,2,211,4139,5.861111111111111,6.0511695906432745,-0.19005847953216382,30,449,0.8333333333333334,0.6564327485380117,0.17690058479532167,6.041666666666667,0.8888888888888888,Zach Zarba,2534
Montrezl Harrell,A.Moyer-Gleich,7,540,7,0,23,1895,3.2857142857142856,3.509259259259259,-0.2235449735449735,5,342,0.7142857142857143,0.6333333333333333,0.080952380952381,3.506398537477148,0.6343692870201096,Ashley Moyer-Gleich,1628953
Montrezl Harrell,A.Nagy,5,542,5,0,16,1902,3.2,3.5092250922509227,-0.30922509225092254,4,343,0.8,0.6328413284132841,0.16715867158671593,3.506398537477148,0.6343692870201096,Andy Nagy,1627534
Montrezl Harrell,A.Smith,21,526,21,0,72,1846,3.4285714285714284,3.5095057034220534,-0.08093427485062499,16,331,0.7619047619047619,0.629277566539924,0.1326271953648379,3.506398537477148,0.6343692870201096,Aaron Smith,1626302
Montrezl Harrell,B.Adair,15,532,15,0,48,1870,3.2,3.5150375939849625,-0.31503759398496234,12,335,0.8,0.6296992481203008,0.17030075187969929,3.506398537477148,0.6343692870201096,Brandon Adair,1627961
Montrezl Harrell,B.Adams,9,538,9,0,21,1897,2.3333333333333335,3.526022304832714,-1.1926889714993805,4,343,0.4444444444444444,0.637546468401487,-0.19310202395704257,3.506398537477148,0.6343692870201096,Bennie Adams,1363
Montrezl Harrell,B.Barnaky,26,521,26,0,89,1829,3.423076923076923,3.510556621880998,-0.08747969880407513,18,329,0.6923076923076923,0.6314779270633397,0.060829765244352574,3.506398537477148,0.6343692870201096,Brent Barnaky,201638
Montrezl Harrell,B.Forte,27,520,27,0,68,1850,2.5185185185185186,3.5576923076923075,-1.0391737891737889,17,330,0.6296296296296297,0.6346153846153846,-0.004985754985754931,3.506398537477148,0.6343692870201096,Brian Forte,101283
Montrezl Harrell,B.Kennedy,15,532,15,0,58,1860,3.8666666666666667,3.4962406015037595,0.3704260651629072,11,336,0.7333333333333333,0.631578947368421,0.10175438596491226,3.506398537477148,0.6343692870201096,Bill Kennedy,1662
Montrezl Harrell,B.Nansel,15,532,15,0,31,1887,2.066666666666667,3.5469924812030076,-1.4803258145363407,7,340,0.4666666666666667,0.6390977443609023,-0.1724310776942356,3.506398537477148,0.6343692870201096,Brett Nansel,202035
Montrezl Harrell,B.Schwab,6,541,6,0,9,1909,1.5,3.5286506469500925,-2.0286506469500925,4,343,0.6666666666666666,0.634011090573013,0.03265557609365366,3.506398537477148,0.6343692870201096,Brandon Schwab,1628171
Montrezl Harrell,B.Spooner,8,539,8,0,15,1903,1.875,3.5306122448979593,-1.6556122448979593,5,342,0.625,0.634508348794063,-0.009508348794063037,3.506398537477148,0.6343692870201096,Bill Spooner,1194
Montrezl Harrell,B.Taylor,27,520,27,0,82,1836,3.037037037037037,3.5307692307692307,-0.49373219373219346,20,327,0.7407407407407407,0.6288461538461538,0.11189458689458687,3.506398537477148,0.6343692870201096,Ben Taylor,202049
Montrezl Harrell,C.Blair,20,527,20,0,57,1861,2.85,3.5313092979127134,-0.6813092979127133,15,332,0.75,0.6299810246679317,0.12001897533206829,3.506398537477148,0.6343692870201096,Curtis Blair,200832
Montrezl Harrell,C.Flores,4,543,4,0,16,1902,4.0,3.5027624309392267,0.4972375690607733,2,345,0.5,0.6353591160220995,-0.1353591160220995,3.506398537477148,0.6343692870201096,Che Flores,203054
Montrezl Harrell,C.Kirkland,24,523,23,1,88,1830,3.6666666666666665,3.4990439770554493,0.16762268961121718,16,331,0.6666666666666666,0.6328871892925431,0.03377947737412357,3.506398537477148,0.6343692870201096,Courtney Kirkland,2004
Montrezl Harrell,C.Washington,15,532,15,0,70,1848,4.666666666666667,3.473684210526316,1.192982456140351,11,336,0.7333333333333333,0.631578947368421,0.10175438596491226,3.506398537477148,0.6343692870201096,CJ Washington,202056
Montrezl Harrell,D.Collins,24,523,24,0,97,1821,4.041666666666667,3.4818355640535374,0.5598311026131295,14,333,0.5833333333333334,0.6367112810707457,-0.053377947737412335,3.506398537477148,0.6343692870201096,Derrick Collins,2002
Montrezl Harrell,D.Crawford,8,539,8,0,7,1911,0.875,3.5454545454545454,-2.6704545454545454,3,344,0.375,0.6382189239332097,-0.26321892393320967,3.506398537477148,0.6343692870201096,Dan Crawford,1152
Montrezl Harrell,D.Guthrie,22,525,22,0,70,1848,3.1818181818181817,3.52,-0.33818181818181836,10,337,0.45454545454545453,0.6419047619047619,-0.18735930735930734,3.506398537477148,0.6343692870201096,David Guthrie,2714
Montrezl Harrell,D.Jones,2,545,2,0,6,1912,3.0,3.508256880733945,-0.5082568807339451,1,346,0.5,0.634862385321101,-0.13486238532110095,3.506398537477148,0.6343692870201096,David Jones,1168
Montrezl Harrell,D.Mosher,3,544,3,0,5,1913,1.6666666666666667,3.516544117647059,-1.8498774509803921,1,346,0.3333333333333333,0.6360294117647058,-0.30269607843137253,3.506398537477148,0.6343692870201096,Dannica Mosher,1628484
Montrezl Harrell,D.Richardson,23,524,23,0,82,1836,3.5652173913043477,3.50381679389313,0.06140059741121773,19,328,0.8260869565217391,0.6259541984732825,0.20013275804845665,3.506398537477148,0.6343692870201096,Derek Richardson,1204
Montrezl Harrell,D.Scott,5,542,5,0,19,1899,3.8,3.503690036900369,0.29630996309963065,4,343,0.8,0.6328413284132841,0.16715867158671593,3.506398537477148,0.6343692870201096,Danielle Scott,1628487
Montrezl Harrell,D.Stafford,7,540,7,0,9,1909,1.2857142857142858,3.535185185185185,-2.249470899470899,2,345,0.2857142857142857,0.6388888888888888,-0.35317460317460314,3.506398537477148,0.6343692870201096,Derrick Stafford,1195
Montrezl Harrell,D.Taylor,24,523,24,0,127,1791,5.291666666666667,3.424474187380497,1.86719247928617,15,332,0.625,0.6347992351816444,-0.009799235181644383,3.506398537477148,0.6343692870201096,Dedric Taylor,203592
Montrezl Harrell,E.Dalen,30,517,30,0,108,1810,3.6,3.5009671179883948,0.09903288201160532,23,324,0.7666666666666667,0.6266924564796905,0.1399742101869762,3.506398537477148,0.6343692870201096,Eric Dalen,200833
Montrezl Harrell,E.Lewis,26,521,26,0,92,1826,3.5384615384615383,3.504798464491363,0.03366307397017554,16,331,0.6153846153846154,0.6353166986564299,-0.019932083271814505,3.506398537477148,0.6343692870201096,Eric Lewis,2715
Montrezl Harrell,E.Malloy,23,524,23,0,87,1831,3.782608695652174,3.4942748091603053,0.28833388649186853,14,333,0.6086956521739131,0.6354961832061069,-0.02680053103219382,3.506398537477148,0.6343692870201096,Ed Malloy,2530
Montrezl Harrell,E.Roe,3,544,3,0,2,1916,0.6666666666666666,3.5220588235294117,-2.855392156862745,1,346,0.3333333333333333,0.6360294117647058,-0.30269607843137253,3.506398537477148,0.6343692870201096,Eli Roe,2532
Montrezl Harrell,E.Scott,5,542,5,0,11,1907,2.2,3.518450184501845,-1.3184501845018448,1,346,0.2,0.6383763837638377,-0.43837638376383764,3.506398537477148,0.6343692870201096,Evan Scott,1628172
Montrezl Harrell,G.Petraitis,23,524,22,1,60,1858,2.608695652173913,3.545801526717557,-0.937105874543644,21,326,0.9130434782608695,0.6221374045801527,0.29090607368071686,3.506398537477148,0.6343692870201096,Gediminas Petraitis,204058
Montrezl Harrell,G.Zielinski,7,540,7,0,27,1891,3.857142857142857,3.501851851851852,0.3552910052910052,7,340,1.0,0.6296296296296297,0.37037037037037035,3.506398537477148,0.6343692870201096,Gary Zielinski,1664
Montrezl Harrell,H.Workman,12,535,12,0,35,1883,2.9166666666666665,3.519626168224299,-0.6029595015576326,10,337,0.8333333333333334,0.6299065420560748,0.2034267912772586,3.506398537477148,0.6343692870201096,Haywoode Workman,201637
Montrezl Harrell,J.Butler,7,540,7,0,26,1892,3.7142857142857144,3.5037037037037035,0.21058201058201087,4,343,0.5714285714285714,0.6351851851851852,-0.06375661375661379,3.506398537477148,0.6343692870201096,John Butler,1628951
Montrezl Harrell,J.Capers,26,521,24,2,97,1821,3.730769230769231,3.495201535508637,0.23556769526059362,20,327,0.7692307692307693,0.6276391554702495,0.14159161376051976,3.506398537477148,0.6343692870201096,James Capers,1148
Montrezl Harrell,J.Conley,6,541,6,0,21,1897,3.5,3.5064695009242146,-0.006469500924214611,3,344,0.5,0.6358595194085028,-0.13585951940850283,3.506398537477148,0.6343692870201096,John Conley,1627519
Montrezl Harrell,J.DeRosa,13,534,13,0,59,1859,4.538461538461538,3.4812734082397006,1.0571881302218378,9,338,0.6923076923076923,0.6329588014981273,0.05934889080956496,3.506398537477148,0.6343692870201096,JB DeRosa,1155
Montrezl Harrell,J.Goble,60,487,59,1,211,1707,3.5166666666666666,3.5051334702258727,0.01153319644079387,42,305,0.7,0.6262833675564682,0.07371663244353177,3.506398537477148,0.6343692870201096,John Goble,101284
Montrezl Harrell,J.Goldenberg,16,531,16,0,59,1859,3.6875,3.5009416195856873,0.18655838041431272,11,336,0.6875,0.632768361581921,0.05473163841807904,3.506398537477148,0.6343692870201096,Jason Goldenberg,1626301
Montrezl Harrell,J.Orr,24,523,23,1,82,1836,3.4166666666666665,3.5105162523900573,-0.09384958572339075,16,331,0.6666666666666666,0.6328871892925431,0.03377947737412357,3.506398537477148,0.6343692870201096,J.T. Orr,202037
Montrezl Harrell,J.Phillips,11,536,11,0,72,1846,6.545454545454546,3.4440298507462686,3.1014246947082773,9,338,0.8181818181818182,0.6305970149253731,0.1875848032564451,3.506398537477148,0.6343692870201096,Jason Phillips,2001
Montrezl Harrell,J.Ralls,3,544,3,0,10,1908,3.3333333333333335,3.5073529411764706,-0.17401960784313708,3,344,1.0,0.6323529411764706,0.36764705882352944,3.506398537477148,0.6343692870201096,JD Ralls,1628485
Montrezl Harrell,J.Schroeder,1,546,1,0,0,1918,0.0,3.5128205128205128,-3.5128205128205128,1,346,1.0,0.6336996336996337,0.36630036630036633,3.506398537477148,0.6343692870201096,Jenna Schroeder,1628954
Montrezl Harrell,J.Sterling,23,524,23,0,88,1830,3.8260869565217392,3.4923664122137406,0.3337205443079987,19,328,0.8260869565217391,0.6259541984732825,0.20013275804845665,3.506398537477148,0.6343692870201096,Jonathan Sterling,1627964
Montrezl Harrell,J.Tiven,30,517,29,1,103,1815,3.433333333333333,3.5106382978723403,-0.07730496453900715,19,328,0.6333333333333333,0.6344294003868471,-0.0010960670535138384,3.506398537477148,0.6343692870201096,Josh Tiven,201639
Montrezl Harrell,J.Van Duyne,25,522,25,0,104,1814,4.16,3.475095785440613,0.6849042145593871,14,333,0.56,0.6379310344827587,-0.07793103448275862,3.506398537477148,0.6343692870201096,Justin Van Duyne,203593
Montrezl Harrell,J.Williams,36,511,35,1,140,1778,3.888888888888889,3.4794520547945207,0.40943683409436815,25,322,0.6944444444444444,0.6301369863013698,0.06430745814307459,3.506398537477148,0.6343692870201096,James Williams,202058
Montrezl Harrell,K.Cutler,33,514,32,1,112,1806,3.393939393939394,3.5136186770428015,-0.11967928310340747,19,328,0.5757575757575758,0.6381322957198443,-0.06237471996226851,3.506398537477148,0.6343692870201096,Kevin Cutler,201246
Montrezl Harrell,K.Fitzgerald,23,524,23,0,88,1830,3.8260869565217392,3.4923664122137406,0.3337205443079987,20,327,0.8695652173913043,0.6240458015267175,0.2455194158645868,3.506398537477148,0.6343692870201096,Kane Fitzgerald,201640
Montrezl Harrell,K.Lane,24,523,24,0,90,1828,3.75,3.4952198852772467,0.2547801147227533,12,335,0.5,0.6405353728489483,-0.14053537284894835,3.506398537477148,0.6343692870201096,Karl Lane,202026
Montrezl Harrell,K.Mauer,21,526,20,1,81,1837,3.857142857142857,3.4923954372623576,0.36474741988049963,16,331,0.7619047619047619,0.629277566539924,0.1326271953648379,3.506398537477148,0.6343692870201096,Ken Mauer,1174
Montrezl Harrell,K.Scott,20,527,19,1,80,1838,4.0,3.487666034155598,0.5123339658444022,15,332,0.75,0.6299810246679317,0.12001897533206829,3.506398537477148,0.6343692870201096,Kevin Scott,202041
Montrezl Harrell,L.Holtkamp,12,535,12,0,46,1872,3.8333333333333335,3.499065420560748,0.3342679127725856,6,341,0.5,0.6373831775700934,-0.13738317757009344,3.506398537477148,0.6343692870201096,Lauren Holtkamp,203177
Montrezl Harrell,L.Richardson,15,532,15,0,44,1874,2.933333333333333,3.5225563909774436,-0.5892230576441104,8,339,0.5333333333333333,0.6372180451127819,-0.10388471177944858,3.506398537477148,0.6343692870201096,Leroy Richardson,1188
Montrezl Harrell,L.Wood,17,530,17,0,42,1876,2.4705882352941178,3.539622641509434,-1.0690344062153163,11,336,0.6470588235294118,0.6339622641509434,0.013096559378468431,3.506398537477148,0.6343692870201096,Leon Wood,1201
Montrezl Harrell,M.Ayotte,16,531,16,0,42,1876,2.625,3.5329566854990584,-0.9079566854990584,10,337,0.625,0.6346516007532956,-0.00965160075329563,3.506398537477148,0.6343692870201096,Mark Ayotte,2148
Montrezl Harrell,M.Boland,22,525,22,0,58,1860,2.6363636363636362,3.5428571428571427,-0.9064935064935065,15,332,0.6818181818181818,0.6323809523809524,0.04943722943722939,3.506398537477148,0.6343692870201096,Matt Boland,2005
Montrezl Harrell,M.Callahan,15,532,15,0,39,1879,2.6,3.531954887218045,-0.931954887218045,9,338,0.6,0.6353383458646616,-0.03533834586466167,3.506398537477148,0.6343692870201096,Mike Callahan,1147
Montrezl Harrell,M.Dagher,11,536,11,0,56,1862,5.090909090909091,3.4738805970149254,1.6170284938941655,10,337,0.9090909090909091,0.628731343283582,0.280359565807327,3.506398537477148,0.6343692870201096,Mousa Dagher,1628159
Montrezl Harrell,M.Davis,33,514,31,2,107,1811,3.242424242424242,3.5233463035019454,-0.28092206107770323,23,324,0.696969696969697,0.6303501945525292,0.06661950241716785,3.506398537477148,0.6343692870201096,Marc Davis,1830
Montrezl Harrell,M.Ervin,25,522,25,0,102,1816,4.08,3.478927203065134,0.6010727969348659,14,333,0.56,0.6379310344827587,-0.07793103448275862,3.506398537477148,0.6343692870201096,Mitchell Ervin,203591
Montrezl Harrell,M.Kallio,1,546,1,0,4,1914,4.0,3.5054945054945055,0.4945054945054945,1,346,1.0,0.6336996336996337,0.36630036630036633,3.506398537477148,0.6343692870201096,Matt Kallio,1627526
Montrezl Harrell,M.Kogut,19,528,19,0,62,1856,3.263157894736842,3.515151515151515,-0.2519936204146731,11,336,0.5789473684210527,0.6363636363636364,-0.0574162679425837,3.506398537477148,0.6343692870201096,Marat Kogut,201245
Montrezl Harrell,M.Lindsay,27,520,27,0,115,1803,4.2592592592592595,3.4673076923076924,0.7919515669515671,17,330,0.6296296296296297,0.6346153846153846,-0.004985754985754931,3.506398537477148,0.6343692870201096,Mark Lindsay,200834
Montrezl Harrell,M.McCutchen,5,542,5,0,14,1904,2.8,3.5129151291512914,-0.7129151291512916,2,345,0.4,0.6365313653136532,-0.23653136531365315,3.506398537477148,0.6343692870201096,Monty McCutchen,1176
Montrezl Harrell,M.Myers,10,537,10,0,33,1885,3.3,3.51024208566108,-0.21024208566108005,7,340,0.7,0.633147113594041,0.06685288640595899,3.506398537477148,0.6343692870201096,Matt Myers,202901
Montrezl Harrell,M.Smith,17,530,17,0,67,1851,3.9411764705882355,3.4924528301886792,0.44872364039955626,12,335,0.7058823529411765,0.6320754716981132,0.07380688124306334,3.506398537477148,0.6343692870201096,Michael Smith,1193
Montrezl Harrell,N.Buchert,24,523,23,1,94,1824,3.9166666666666665,3.4875717017208414,0.4290949649458251,14,333,0.5833333333333334,0.6367112810707457,-0.053377947737412335,3.506398537477148,0.6343692870201096,Nick Buchert,202007
Montrezl Harrell,N.Green,6,541,6,0,29,1889,4.833333333333333,3.4916820702402958,1.3416512630930373,4,343,0.6666666666666666,0.634011090573013,0.03265557609365366,3.506398537477148,0.6343692870201096,Nate Green,1627524
Montrezl Harrell,N.Sago,16,531,16,0,74,1844,4.625,3.4726930320150657,1.1523069679849343,10,337,0.625,0.6346516007532956,-0.00965160075329563,3.506398537477148,0.6343692870201096,Natalie Sago,1627541
Montrezl Harrell,P.Fraher,27,520,26,1,73,1845,2.7037037037037037,3.548076923076923,-0.8443732193732192,18,329,0.6666666666666666,0.6326923076923077,0.033974358974358965,3.506398537477148,0.6343692870201096,Pat Fraher,2003
Montrezl Harrell,P.O'Connell,2,545,2,0,1,1917,0.5,3.5174311926605504,-3.0174311926605504,1,346,0.5,0.634862385321101,-0.13486238532110095,3.506398537477148,0.6343692870201096,Pat O'Connell,1629183
Montrezl Harrell,P.Ransom,13,534,13,0,50,1868,3.8461538461538463,3.49812734082397,0.3480265053298761,8,339,0.6153846153846154,0.6348314606741573,-0.01944684528954188,3.506398537477148,0.6343692870201096,Phenizee Ransom,1627963
Montrezl Harrell,R.Acosta,17,530,17,0,63,1855,3.7058823529411766,3.5,0.20588235294117663,11,336,0.6470588235294118,0.6339622641509434,0.013096559378468431,3.506398537477148,0.6343692870201096,Ray Acosta,1626300
Montrezl Harrell,R.Garretson,12,535,11,1,41,1877,3.4166666666666665,3.508411214953271,-0.09174454828660439,8,339,0.6666666666666666,0.6336448598130842,0.03302180685358247,3.506398537477148,0.6343692870201096,Ron Garretson,1164
Montrezl Harrell,R.Hussey,3,544,3,0,7,1911,2.3333333333333335,3.5128676470588234,-1.17953431372549,3,344,1.0,0.6323529411764706,0.36764705882352944,3.506398537477148,0.6343692870201096,Robert Hussey,1628480
Montrezl Harrell,R.Mott,28,519,28,0,112,1806,4.0,3.479768786127168,0.5202312138728322,18,329,0.6428571428571429,0.6339113680154143,0.008945774841728649,3.506398537477148,0.6343692870201096,Rodney Mott,1179
Montrezl Harrell,R.Richardson,1,546,1,0,2,1916,2.0,3.509157509157509,-1.5091575091575091,1,346,1.0,0.6336996336996337,0.36630036630036633,3.506398537477148,0.6343692870201096,Randy Richardson,1627538
Montrezl Harrell,S.Anderson,1,546,1,0,0,1918,0.0,3.5128205128205128,-3.5128205128205128,0,347,0.0,0.6355311355311355,-0.6355311355311355,3.506398537477148,0.6343692870201096,Steve Anderson,202000
Montrezl Harrell,S.Corbin,19,528,19,0,52,1866,2.736842105263158,3.534090909090909,-0.7972488038277512,12,335,0.631578947368421,0.634469696969697,-0.0028907496012759992,3.506398537477148,0.6343692870201096,Sean Corbin,1151
Montrezl Harrell,S.Foster,33,514,32,1,127,1791,3.8484848484848486,3.4844357976653697,0.3640490508194789,22,325,0.6666666666666666,0.632295719844358,0.03437094682230868,3.506398537477148,0.6343692870201096,Scott Foster,1162
Montrezl Harrell,S.Jelks,2,545,2,0,4,1914,2.0,3.5119266055045872,-1.5119266055045872,1,346,0.5,0.634862385321101,-0.13486238532110095,3.506398537477148,0.6343692870201096,Simone Jelks,1628481
Montrezl Harrell,S.Mehta,6,541,6,0,32,1886,5.333333333333333,3.4861367837338264,1.8471965495995066,4,343,0.6666666666666666,0.634011090573013,0.03265557609365366,3.506398537477148,0.6343692870201096,Suyash Mehta,1627529
Montrezl Harrell,S.Twardoski,25,522,25,0,103,1815,4.12,3.4770114942528734,0.6429885057471267,19,328,0.76,0.6283524904214559,0.1316475095785441,3.506398537477148,0.6343692870201096,Scott Twardoski,202053
Montrezl Harrell,S.Wall,22,525,22,0,70,1848,3.1818181818181817,3.52,-0.33818181818181836,14,333,0.6363636363636364,0.6342857142857142,0.002077922077922123,3.506398537477148,0.6343692870201096,Scott Wall,1198
Montrezl Harrell,S.Wright,23,524,22,1,75,1843,3.260869565217391,3.517175572519084,-0.25630600730169295,16,331,0.6956521739130435,0.6316793893129771,0.06397278460006639,3.506398537477148,0.6343692870201096,Sean Wright,2882
Montrezl Harrell,T.Brothers,23,524,22,1,60,1858,2.608695652173913,3.545801526717557,-0.937105874543644,15,332,0.6521739130434783,0.6335877862595419,0.01858612678393634,3.506398537477148,0.6343692870201096,Tony Brothers,1146
Montrezl Harrell,T.Brown,18,529,18,0,60,1858,3.3333333333333335,3.5122873345935726,-0.17895400126023908,13,334,0.7222222222222222,0.6313799621928167,0.09084226002940554,3.506398537477148,0.6343692870201096,Tony Brown,2529
Montrezl Harrell,T.Ford,25,522,25,0,77,1841,3.08,3.5268199233716473,-0.4468199233716472,15,332,0.6,0.6360153256704981,-0.036015325670498144,3.506398537477148,0.6343692870201096,Tyler Ford,204059
Montrezl Harrell,T.Maddox,26,521,26,0,103,1815,3.9615384615384617,3.4836852207293667,0.47785324080909497,15,332,0.5769230769230769,0.6372360844529751,-0.06031300752989821,3.506398537477148,0.6343692870201096,Tre Maddox,202027
Montrezl Harrell,T.Ricks,2,545,2,0,6,1912,3.0,3.508256880733945,-0.5082568807339451,1,346,0.5,0.634862385321101,-0.13486238532110095,3.506398537477148,0.6343692870201096,Tyler Ricks,1627539
Montrezl Harrell,T.Washington,21,526,21,0,91,1827,4.333333333333333,3.473384030418251,0.8599493029150822,15,332,0.7142857142857143,0.6311787072243346,0.08310700706137975,3.506398537477148,0.6343692870201096,Tom Washington,1199
Montrezl Harrell,Z.Zarba,32,515,31,1,107,1811,3.34375,3.516504854368932,-0.1727548543689319,22,325,0.6875,0.6310679611650486,0.056432038834951403,3.506398537477148,0.6343692870201096,Zach Zarba,2534
Julius Randle,A.Moyer-Gleich,19,721,19,0,144,3829,7.578947368421052,5.310679611650485,2.268267756770567,15,512,0.7894736842105263,0.710124826629681,0.07934885758084531,5.368918918918919,0.8,Ashley Moyer-Gleich,1628953
Julius Randle,A.Nagy,13,727,13,0,70,3903,5.384615384615385,5.368638239339752,0.015977145275632765,11,516,0.8461538461538461,0.7097661623108665,0.1363876838429796,5.368918918918919,0.8,Andy Nagy,1627534
Julius Randle,A.Smith,30,710,30,0,163,3810,5.433333333333334,5.366197183098592,0.06713615023474162,25,502,0.8333333333333334,0.7070422535211267,0.12629107981220666,5.368918918918919,0.8,Aaron Smith,1626302
Julius Randle,B.Adair,19,721,19,0,106,3867,5.578947368421052,5.363384188626907,0.2155631797941453,17,510,0.8947368421052632,0.7073509015256588,0.18738594057960434,5.368918918918919,0.8,Brandon Adair,1627961
Julius Randle,B.Adams,24,716,24,0,88,3885,3.6666666666666665,5.425977653631285,-1.7593109869646182,22,505,0.9166666666666666,0.7053072625698324,0.21135940409683418,5.368918918918919,0.8,Bennie Adams,1363
Julius Randle,B.Barnaky,35,705,34,1,161,3812,4.6,5.4070921985815605,-0.8070921985815609,22,505,0.6285714285714286,0.7163120567375887,-0.08774062816616013,5.368918918918919,0.8,Brent Barnaky,201638
Julius Randle,B.Forte,30,710,30,0,187,3786,6.233333333333333,5.332394366197183,0.9009389671361507,25,502,0.8333333333333334,0.7070422535211267,0.12629107981220666,5.368918918918919,0.8,Brian Forte,101283
Julius Randle,B.Kennedy,32,708,30,2,198,3775,6.1875,5.331920903954802,0.8555790960451981,27,500,0.84375,0.7062146892655368,0.13753531073446323,5.368918918918919,0.8,Bill Kennedy,1662
Julius Randle,B.Nansel,29,711,29,0,152,3821,5.241379310344827,5.374120956399437,-0.13274164605461003,19,508,0.6551724137931034,0.7144866385372715,-0.05931422474416803,5.368918918918919,0.8,Brett Nansel,202035
Julius Randle,B.Schwab,9,731,9,0,56,3917,6.222222222222222,5.358413132694938,0.8638090895272841,7,520,0.7777777777777778,0.7113543091655267,0.06642346861225112,5.368918918918919,0.8,Brandon Schwab,1628171
Julius Randle,B.Spooner,15,725,15,0,53,3920,3.533333333333333,5.406896551724138,-1.8735632183908049,11,516,0.7333333333333333,0.7117241379310345,0.021609195402298775,5.368918918918919,0.8,Bill Spooner,1194
Julius Randle,B.Taylor,33,707,33,0,205,3768,6.212121212121212,5.32956152758133,0.8825596845398822,26,501,0.7878787878787878,0.7086280056577087,0.07925078222107917,5.368918918918919,0.8,Ben Taylor,202049
Julius Randle,C.Blair,34,706,32,2,178,3795,5.235294117647059,5.375354107648725,-0.14005999000166636,20,507,0.5882352941176471,0.7181303116147308,-0.12989501749708376,5.368918918918919,0.8,Curtis Blair,200832
Julius Randle,C.Flores,6,734,6,0,32,3941,5.333333333333333,5.369209809264305,-0.035876475930971985,4,523,0.6666666666666666,0.7125340599455041,-0.04586739327883749,5.368918918918919,0.8,Che Flores,203054
Julius Randle,C.Kirkland,43,697,43,0,228,3745,5.3023255813953485,5.373027259684362,-0.07070167828901308,33,494,0.7674418604651163,0.7087517934002869,0.058690067064829377,5.368918918918919,0.8,Courtney Kirkland,2004
Julius Randle,C.Washington,23,717,23,0,132,3841,5.739130434782608,5.357043235704324,0.3820871990782848,18,509,0.782608695652174,0.7099023709902371,0.07270632466193683,5.368918918918919,0.8,CJ Washington,202056
Julius Randle,D.Collins,24,716,23,1,114,3859,4.75,5.389664804469274,-0.6396648044692741,16,511,0.6666666666666666,0.7136871508379888,-0.04702048417132221,5.368918918918919,0.8,Derrick Collins,2002
Julius Randle,D.Crawford,8,732,8,0,27,3946,3.375,5.390710382513661,-2.015710382513661,5,522,0.625,0.7131147540983607,-0.08811475409836067,5.368918918918919,0.8,Dan Crawford,1152
Julius Randle,D.Guthrie,32,708,32,0,194,3779,6.0625,5.3375706214689265,0.7249293785310735,27,500,0.84375,0.7062146892655368,0.13753531073446323,5.368918918918919,0.8,David Guthrie,2714
Julius Randle,D.Jones,3,737,3,0,4,3969,1.3333333333333333,5.385345997286295,-4.052012663952962,2,525,0.6666666666666666,0.7123473541383989,-0.04568068747173226,5.368918918918919,0.8,David Jones,1168
Julius Randle,D.Mosher,6,734,6,0,24,3949,4.0,5.380108991825613,-1.3801089918256126,5,522,0.8333333333333334,0.7111716621253406,0.12216167120799282,5.368918918918919,0.8,Dannica Mosher,1628484
Julius Randle,D.Richardson,30,710,30,0,138,3835,4.6,5.401408450704225,-0.8014084507042254,23,504,0.7666666666666667,0.7098591549295775,0.0568075117370892,5.368918918918919,0.8,Derek Richardson,1204
Julius Randle,D.Scott,9,731,9,0,46,3927,5.111111111111111,5.372093023255814,-0.260981912144703,7,520,0.7777777777777778,0.7113543091655267,0.06642346861225112,5.368918918918919,0.8,Danielle Scott,1628487
Julius Randle,D.Stafford,12,728,12,0,46,3927,3.8333333333333335,5.394230769230769,-1.5608974358974357,11,516,0.9166666666666666,0.7087912087912088,0.2078754578754578,5.368918918918919,0.8,Derrick Stafford,1195
Julius Randle,D.Taylor,29,711,29,0,134,3839,4.620689655172414,5.39943741209564,-0.7787477569232264,16,511,0.5517241379310345,0.7187060478199718,-0.16698190988893735,5.368918918918919,0.8,Dedric Taylor,203592
Julius Randle,E.Dalen,29,711,29,0,179,3794,6.172413793103448,5.336146272855133,0.836267520248315,20,507,0.6896551724137931,0.7130801687763713,-0.02342499636257811,5.368918918918919,0.8,Eric Dalen,200833
Julius Randle,E.Lewis,34,706,34,0,207,3766,6.088235294117647,5.334277620396601,0.7539576737210458,28,499,0.8235294117647058,0.7067988668555241,0.11673054490918178,5.368918918918919,0.8,Eric Lewis,2715
Julius Randle,E.Malloy,35,705,34,1,197,3776,5.628571428571429,5.356028368794326,0.272543059777103,24,503,0.6857142857142857,0.7134751773049646,-0.02776089159067885,5.368918918918919,0.8,Ed Malloy,2530
Julius Randle,E.Roe,3,737,3,0,16,3957,5.333333333333333,5.369063772048847,-0.035730438715513735,2,525,0.6666666666666666,0.7123473541383989,-0.04568068747173226,5.368918918918919,0.8,Eli Roe,2532
Julius Randle,E.Scott,16,724,16,0,100,3873,6.25,5.349447513812155,0.9005524861878449,11,516,0.6875,0.712707182320442,-0.025207182320441945,5.368918918918919,0.8,Evan Scott,1628172
Julius Randle,G.Petraitis,41,699,40,1,221,3752,5.390243902439025,5.367668097281832,0.02257580515719315,30,497,0.7317073170731707,0.7110157367668097,0.02069158030636098,5.368918918918919,0.8,Gediminas Petraitis,204058
Julius Randle,G.Zielinski,13,727,13,0,57,3916,4.384615384615385,5.3865199449793675,-1.0019045603639825,13,514,1.0,0.7070151306740028,0.2929848693259972,5.368918918918919,0.8,Gary Zielinski,1664
Julius Randle,H.Workman,15,725,15,0,48,3925,3.2,5.413793103448276,-2.2137931034482756,12,515,0.8,0.7103448275862069,0.08965517241379317,5.368918918918919,0.8,Haywoode Workman,201637
Julius Randle,I.Hwang,3,737,3,0,28,3945,9.333333333333334,5.352781546811397,3.9805517865219366,1,526,0.3333333333333333,0.7137042062415196,-0.38037087290818633,5.368918918918919,0.8,Intae Hwang,1630886
Julius Randle,J.Butler,11,729,11,0,84,3889,7.636363636363637,5.334705075445816,2.3016585609178204,8,519,0.7272727272727273,0.7119341563786008,0.015338570894126491,5.368918918918919,0.8,John Butler,1628951
Julius Randle,J.Capers,27,713,27,0,169,3804,6.2592592592592595,5.335203366058906,0.9240558932003538,20,507,0.7407407407407407,0.7110799438990182,0.029660796841722514,5.368918918918919,0.8,James Capers,1148
Julius Randle,J.Conley,9,731,9,0,41,3932,4.555555555555555,5.378932968536252,-0.8233774129806966,6,521,0.6666666666666666,0.7127222982216143,-0.04605563155494763,5.368918918918919,0.8,John Conley,1627519
Julius Randle,J.DeRosa,23,717,22,1,137,3836,5.956521739130435,5.350069735006974,0.6064520041234607,17,510,0.7391304347826086,0.7112970711297071,0.027833363652901566,5.368918918918919,0.8,JB DeRosa,1155
Julius Randle,J.Goble,53,687,51,2,260,3713,4.90566037735849,5.404657933042213,-0.4989975556837223,30,497,0.5660377358490566,0.7234352256186317,-0.15739748976957513,5.368918918918919,0.8,John Goble,101284
Julius Randle,J.Goldenberg,26,714,26,0,198,3775,7.615384615384615,5.287114845938375,2.3282697694462398,19,508,0.7307692307692307,0.711484593837535,0.019284636931695687,5.368918918918919,0.8,Jason Goldenberg,1626301
Julius Randle,J.Orr,38,702,38,0,225,3748,5.921052631578948,5.339031339031339,0.5820212925476085,30,497,0.7894736842105263,0.707977207977208,0.08149647623331835,5.368918918918919,0.8,J.T. Orr,202037
Julius Randle,J.Phillips,14,726,14,0,86,3887,6.142857142857143,5.353994490358127,0.7888626524990165,8,519,0.5714285714285714,0.7148760330578512,-0.1434474616292798,5.368918918918919,0.8,Jason Phillips,2001
Julius Randle,J.Ralls,5,735,5,0,19,3954,3.8,5.3795918367346935,-1.5795918367346937,2,525,0.4,0.7142857142857143,-0.3142857142857143,5.368918918918919,0.8,JD Ralls,1628485
Julius Randle,J.Reneau,2,738,2,0,2,3971,1.0,5.380758807588076,-4.380758807588076,1,526,0.5,0.7127371273712737,-0.2127371273712737,5.368918918918919,0.8,Jenna Reneau,1628168
Julius Randle,J.Schroeder,17,723,17,0,85,3888,5.0,5.377593360995851,-0.37759336099585106,12,515,0.7058823529411765,0.7123098201936376,-0.006427467252461128,5.368918918918919,0.8,Jenna Schroeder,1628954
Julius Randle,J.Sterling,20,720,20,0,120,3853,6.0,5.351388888888889,0.6486111111111112,15,512,0.75,0.7111111111111111,0.03888888888888886,5.368918918918919,0.8,Jonathan Sterling,1627964
Julius Randle,J.Tiven,46,694,45,1,306,3667,6.6521739130434785,5.283861671469741,1.3683122415737374,30,497,0.6521739130434783,0.7161383285302594,-0.06396441548678111,5.368918918918919,0.8,Josh Tiven,201639
Julius Randle,J.Van Duyne,31,709,31,0,166,3807,5.354838709677419,5.369534555712271,-0.014695846034851634,20,507,0.6451612903225806,0.7150916784203103,-0.06993038809772967,5.368918918918919,0.8,Justin Van Duyne,203593
Julius Randle,J.Williams,40,700,38,2,202,3771,5.05,5.387142857142857,-0.3371428571428572,26,501,0.65,0.7157142857142857,-0.06571428571428573,5.368918918918919,0.8,James Williams,202058
Julius Randle,K.Cutler,40,700,40,0,212,3761,5.3,5.372857142857143,-0.07285714285714295,31,496,0.775,0.7085714285714285,0.0664285714285715,5.368918918918919,0.8,Kevin Cutler,201246
Julius Randle,K.Fitzgerald,20,720,20,0,106,3867,5.3,5.370833333333334,-0.07083333333333375,17,510,0.85,0.7083333333333334,0.1416666666666666,5.368918918918919,0.8,Kane Fitzgerald,201640
Julius Randle,K.Lane,34,706,34,0,194,3779,5.705882352941177,5.352691218130311,0.3531911348108654,27,500,0.7941176470588235,0.7082152974504249,0.0859023496083986,5.368918918918919,0.8,Karl Lane,202026
Julius Randle,K.Mauer,20,720,20,0,99,3874,4.95,5.3805555555555555,-0.43055555555555536,18,509,0.9,0.7069444444444445,0.19305555555555554,5.368918918918919,0.8,Ken Mauer,1174
Julius Randle,K.Scott,24,716,23,1,137,3836,5.708333333333333,5.35754189944134,0.35079143389199263,18,509,0.75,0.7108938547486033,0.03910614525139666,5.368918918918919,0.8,Kevin Scott,202041
Julius Randle,L.Holtkamp,19,721,19,0,89,3884,4.684210526315789,5.386962552011096,-0.7027520256953066,14,513,0.7368421052631579,0.7115117891816921,0.025330316081465742,5.368918918918919,0.8,Lauren Holtkamp,203177
Julius Randle,L.Richardson,17,723,17,0,86,3887,5.0588235294117645,5.376210235131397,-0.3173867057196329,14,513,0.8235294117647058,0.7095435684647303,0.11398584329997552,5.368918918918919,0.8,Leroy Richardson,1188
Julius Randle,L.Wood,25,715,25,0,138,3835,5.52,5.363636363636363,0.15636363636363626,18,509,0.72,0.7118881118881119,0.008111888111888121,5.368918918918919,0.8,Leon Wood,1201
Julius Randle,M.Ayotte,27,713,27,0,151,3822,5.592592592592593,5.360448807854137,0.23214378473845532,19,508,0.7037037037037037,0.7124824684431977,-0.008778764739494016,5.368918918918919,0.8,Mark Ayotte,2148
Julius Randle,M.Boland,29,711,29,0,155,3818,5.344827586206897,5.369901547116737,-0.025073960909840487,25,502,0.8620689655172413,0.7060478199718706,0.15602114554537072,5.368918918918919,0.8,Matt Boland,2005
Julius Randle,M.Callahan,15,725,15,0,68,3905,4.533333333333333,5.386206896551724,-0.8528735632183908,10,517,0.6666666666666666,0.713103448275862,-0.0464367816091954,5.368918918918919,0.8,Mike Callahan,1147
Julius Randle,M.Dagher,11,729,11,0,51,3922,4.636363636363637,5.37997256515775,-0.7436089287941137,7,520,0.6363636363636364,0.7133058984910837,-0.07694226212744737,5.368918918918919,0.8,Mousa Dagher,1628159
Julius Randle,M.Davis,35,705,35,0,162,3811,4.628571428571429,5.405673758865248,-0.7771023302938191,24,503,0.6857142857142857,0.7134751773049646,-0.02776089159067885,5.368918918918919,0.8,Marc Davis,1830
Julius Randle,M.Ervin,28,712,27,1,155,3818,5.535714285714286,5.362359550561798,0.173354735152488,20,507,0.7142857142857143,0.7120786516853933,0.002207062600320997,5.368918918918919,0.8,Mitchell Ervin,203591
Julius Randle,M.Kallio,4,736,4,0,15,3958,3.75,5.377717391304348,-1.6277173913043477,3,524,0.75,0.7119565217391305,0.03804347826086951,5.368918918918919,0.8,Matt Kallio,1627526
Julius Randle,M.Kogut,37,703,37,0,194,3779,5.243243243243243,5.375533428165007,-0.13229018492176436,27,500,0.7297297297297297,0.7112375533428165,0.01849217638691325,5.368918918918919,0.8,Marat Kogut,201245
Julius Randle,M.Lindsay,27,713,26,1,132,3841,4.888888888888889,5.387096774193548,-0.49820788530465876,17,510,0.6296296296296297,0.7152875175315568,-0.08565788790192719,5.368918918918919,0.8,Mark Lindsay,200834
Julius Randle,M.McCutchen,7,733,7,0,21,3952,3.0,5.391541609822647,-2.3915416098226467,5,522,0.7142857142857143,0.7121418826739427,0.002143831611771563,5.368918918918919,0.8,Monty McCutchen,1176
Julius Randle,M.Myers,16,724,16,0,124,3849,7.75,5.316298342541437,2.4337016574585633,13,514,0.8125,0.7099447513812155,0.10255524861878451,5.368918918918919,0.8,Matt Myers,202901
Julius Randle,M.Smith,28,712,28,0,129,3844,4.607142857142857,5.398876404494382,-0.7917335473515257,18,509,0.6428571428571429,0.7148876404494382,-0.0720304975922953,5.368918918918919,0.8,Michael Smith,1193
Julius Randle,N.Buchert,27,713,27,0,143,3830,5.296296296296297,5.371669004207574,-0.07537270791127693,21,506,0.7777777777777778,0.7096774193548387,0.06810035842293904,5.368918918918919,0.8,Nick Buchert,202007
Julius Randle,N.Green,12,728,12,0,74,3899,6.166666666666667,5.355769230769231,0.8108974358974361,8,519,0.6666666666666666,0.7129120879120879,-0.0462454212454213,5.368918918918919,0.8,Nate Green,1627524
Julius Randle,N.Sago,24,716,23,1,156,3817,6.5,5.331005586592179,1.1689944134078214,19,508,0.7916666666666666,0.7094972067039106,0.08216945996275604,5.368918918918919,0.8,Natalie Sago,1627541
Julius Randle,P.Fraher,26,714,26,0,129,3844,4.961538461538462,5.383753501400561,-0.42221503986209896,19,508,0.7307692307692307,0.711484593837535,0.019284636931695687,5.368918918918919,0.8,Pat Fraher,2003
Julius Randle,P.O'Connell,2,738,2,0,7,3966,3.5,5.373983739837398,-1.8739837398373984,1,526,0.5,0.7127371273712737,-0.2127371273712737,5.368918918918919,0.8,Pat O'Connell,1629183
Julius Randle,P.Ransom,21,719,21,0,129,3844,6.142857142857143,5.346314325452017,0.7965428174051263,13,514,0.6190476190476191,0.7148817802503477,-0.09583416120272858,5.368918918918919,0.8,Phenizee Ransom,1627963
Julius Randle,R.Acosta,30,710,29,1,160,3813,5.333333333333333,5.370422535211268,-0.03708920187793474,22,505,0.7333333333333333,0.7112676056338029,0.022065727699530413,5.368918918918919,0.8,Ray Acosta,1626300
Julius Randle,R.Garretson,21,719,21,0,98,3875,4.666666666666667,5.389429763560501,-0.7227630968938339,17,510,0.8095238095238095,0.7093184979137691,0.10020531161004043,5.368918918918919,0.8,Ron Garretson,1164
Julius Randle,R.Hussey,9,731,9,0,43,3930,4.777777777777778,5.376196990424076,-0.5984192126462986,8,519,0.8888888888888888,0.7099863201094391,0.17890256877944977,5.368918918918919,0.8,Robert Hussey,1628480
Julius Randle,R.Mott,32,708,32,0,172,3801,5.375,5.36864406779661,0.006355932203390147,23,504,0.71875,0.711864406779661,0.0068855932203389925,5.368918918918919,0.8,Rodney Mott,1179
Julius Randle,R.Richardson,1,739,1,0,0,3973,0.0,5.37618403247632,-5.37618403247632,0,527,0.0,0.713125845737483,-0.713125845737483,5.368918918918919,0.8,Randy Richardson,1627538
Julius Randle,S.Anderson,3,737,3,0,10,3963,3.3333333333333335,5.377204884667571,-2.0438715513342376,2,525,0.6666666666666666,0.7123473541383989,-0.04568068747173226,5.368918918918919,0.8,Steve Anderson,202000
Julius Randle,S.Corbin,30,710,27,3,143,3830,4.766666666666667,5.394366197183099,-0.6276995305164323,19,508,0.6333333333333333,0.7154929577464789,-0.08215962441314562,5.368918918918919,0.8,Sean Corbin,1151
Julius Randle,S.Foster,38,702,36,2,209,3764,5.5,5.361823361823362,0.13817663817663828,27,500,0.7105263157894737,0.7122507122507122,-0.0017243964612385643,5.368918918918919,0.8,Scott Foster,1162
Julius Randle,S.Jelks,8,732,8,0,37,3936,4.625,5.377049180327869,-0.7520491803278686,4,523,0.5,0.7144808743169399,-0.21448087431693985,5.368918918918919,0.8,Simone Jelks,1628481
Julius Randle,S.Mehta,9,731,9,0,63,3910,7.0,5.348837209302325,1.6511627906976747,6,521,0.6666666666666666,0.7127222982216143,-0.04605563155494763,5.368918918918919,0.8,Suyash Mehta,1627529
Julius Randle,S.Mitchell,5,735,5,0,32,3941,6.4,5.3619047619047615,1.0380952380952388,3,524,0.6,0.7129251700680272,-0.11292517006802727,5.368918918918919,0.8,Sha'Rae Mitchell,1629178
Julius Randle,S.Twardoski,40,700,40,0,210,3763,5.25,5.3757142857142854,-0.12571428571428545,33,494,0.825,0.7057142857142857,0.11928571428571422,5.368918918918919,0.8,Scott Twardoski,202053
Julius Randle,S.Wall,27,713,27,0,177,3796,6.555555555555555,5.32398316970547,1.231572385850085,22,505,0.8148148148148148,0.7082748948106592,0.10653992000415557,5.368918918918919,0.8,Scott Wall,1198
Julius Randle,S.Wright,37,703,37,0,203,3770,5.486486486486487,5.362731152204836,0.12375533428165042,27,500,0.7297297297297297,0.7112375533428165,0.01849217638691325,5.368918918918919,0.8,Sean Wright,2882
Julius Randle,T.Brothers,32,708,31,1,137,3836,4.28125,5.418079096045198,-1.136829096045198,24,503,0.75,0.71045197740113,0.039548022598870025,5.368918918918919,0.8,Tony Brothers,1146
Julius Randle,T.Brown,16,724,16,0,84,3889,5.25,5.371546961325967,-0.12154696132596676,10,517,0.625,0.7140883977900553,-0.08908839779005528,5.368918918918919,0.8,Tony Brown,2529
Julius Randle,T.Ford,31,709,31,0,156,3817,5.032258064516129,5.383638928067701,-0.3513808635515723,25,502,0.8064516129032258,0.7080394922425952,0.09841212066063054,5.368918918918919,0.8,Tyler Ford,204059
Julius Randle,T.Maddox,38,702,36,2,186,3787,4.894736842105263,5.394586894586895,-0.49985005248163183,27,500,0.7105263157894737,0.7122507122507122,-0.0017243964612385643,5.368918918918919,0.8,Tre Maddox,202027
Julius Randle,T.Mirkovich,1,739,1,0,11,3962,11.0,5.361299052774019,5.638700947225981,1,526,1.0,0.7117726657645467,0.2882273342354533,5.368918918918919,0.8,Tyler Mirkovich,1628482
Julius Randle,T.Ricks,1,739,1,0,9,3964,9.0,5.364005412719892,3.6359945872801083,0,527,0.0,0.713125845737483,-0.713125845737483,5.368918918918919,0.8,Tyler Ricks,1627539
Julius Randle,T.Washington,30,710,30,0,145,3828,4.833333333333333,5.391549295774648,-0.5582159624413148,23,504,0.7666666666666667,0.7098591549295775,0.0568075117370892,5.368918918918919,0.8,Tom Washington,1199
Julius Randle,Z.Zarba,45,695,42,3,221,3752,4.911111111111111,5.398561151079137,-0.4874500399680253,31,496,0.6888888888888889,0.7136690647482015,-0.02478017585931258,5.368918918918919,0.8,Zach Zarba,2534
Blake Griffin,A.Moyer-Gleich,8,487,8,0,27,2379,3.375,4.885010266940451,-1.5100102669404514,5,300,0.625,0.6160164271047228,0.008983572895277181,4.86060606060606,0.6989898989898989,Ashley Moyer-Gleich,1628953
Blake Griffin,A.Nagy,8,487,8,0,14,2392,1.75,4.91170431211499,-3.16170431211499,3,302,0.375,0.6201232032854209,-0.24512320328542092,4.86060606060606,0.6989898989898989,Andy Nagy,1627534
Blake Griffin,A.Smith,15,480,15,0,93,2313,6.2,4.81875,1.3812500000000005,10,295,0.6666666666666666,0.6145833333333334,0.05208333333333326,4.86060606060606,0.6989898989898989,Aaron Smith,1626302
Blake Griffin,B.Adair,8,487,8,0,37,2369,4.625,4.864476386036961,-0.2394763860369613,8,297,1.0,0.6098562628336756,0.39014373716632444,4.86060606060606,0.6989898989898989,Brandon Adair,1627961
Blake Griffin,B.Adams,17,478,17,0,122,2284,7.176470588235294,4.7782426778242675,2.398227910411027,11,294,0.6470588235294118,0.6150627615062761,0.03199606202313565,4.86060606060606,0.6989898989898989,Bennie Adams,1363
Blake Griffin,B.Barnaky,21,474,21,0,100,2306,4.761904761904762,4.864978902953586,-0.10307414104882451,14,291,0.6666666666666666,0.6139240506329114,0.052742616033755185,4.86060606060606,0.6989898989898989,Brent Barnaky,201638
Blake Griffin,B.Burns,1,494,1,0,0,2406,0.0,4.870445344129554,-4.870445344129554,0,305,0.0,0.6174089068825911,-0.6174089068825911,4.86060606060606,0.6989898989898989,Blanca Burns,1629174
Blake Griffin,B.Forte,30,465,29,1,134,2272,4.466666666666667,4.886021505376344,-0.41935483870967705,22,283,0.7333333333333333,0.6086021505376344,0.12473118279569884,4.86060606060606,0.6989898989898989,Brian Forte,101283
Blake Griffin,B.Haskill,1,494,1,0,0,2406,0.0,4.870445344129554,-4.870445344129554,1,304,1.0,0.6153846153846154,0.3846153846153846,4.86060606060606,0.6989898989898989,Brent Haskill,1629175
Blake Griffin,B.Kennedy,16,479,16,0,58,2348,3.625,4.90187891440501,-1.2768789144050103,9,296,0.5625,0.6179540709812108,-0.0554540709812108,4.86060606060606,0.6989898989898989,Bill Kennedy,1662
Blake Griffin,B.Nansel,14,481,14,0,84,2322,6.0,4.827442827442828,1.1725571725571724,12,293,0.8571428571428571,0.6091476091476091,0.24799524799524797,4.86060606060606,0.6989898989898989,Brett Nansel,202035
Blake Griffin,B.Salvatore,2,493,2,0,4,2402,2.0,4.872210953346856,-2.8722109533468556,2,303,1.0,0.6146044624746451,0.38539553752535494,4.86060606060606,0.6989898989898989,Bennett Salvatore,1192
Blake Griffin,B.Schwab,6,489,6,0,9,2397,1.5,4.901840490797546,-3.4018404907975457,5,300,0.8333333333333334,0.6134969325153374,0.21983640081799594,4.86060606060606,0.6989898989898989,Brandon Schwab,1628171
Blake Griffin,B.Spooner,11,484,11,0,58,2348,5.2727272727272725,4.851239669421488,0.42148760330578483,6,299,0.5454545454545454,0.6177685950413223,-0.0723140495867769,4.86060606060606,0.6989898989898989,Bill Spooner,1194
Blake Griffin,B.Taylor,24,471,23,1,120,2286,5.0,4.853503184713376,0.14649681528662395,13,292,0.5416666666666666,0.6199575371549894,-0.07829087048832273,4.86060606060606,0.6989898989898989,Ben Taylor,202049
Blake Griffin,C.Blair,21,474,21,0,98,2308,4.666666666666667,4.8691983122362865,-0.20253164556961956,17,288,0.8095238095238095,0.6075949367088608,0.20192887281494876,4.86060606060606,0.6989898989898989,Curtis Blair,200832
Blake Griffin,C.Flores,2,493,2,0,0,2406,0.0,4.880324543610548,-4.880324543610548,1,304,0.5,0.6166328600405679,-0.11663286004056794,4.86060606060606,0.6989898989898989,Che Flores,203054
Blake Griffin,C.Kirkland,25,470,24,1,134,2272,5.36,4.834042553191489,0.5259574468085111,18,287,0.72,0.6106382978723405,0.1093617021276595,4.86060606060606,0.6989898989898989,Courtney Kirkland,2004
Blake Griffin,C.Washington,11,484,11,0,53,2353,4.818181818181818,4.8615702479338845,-0.04338842975206614,10,295,0.9090909090909091,0.609504132231405,0.2995867768595041,4.86060606060606,0.6989898989898989,CJ Washington,202056
Blake Griffin,D.Collins,18,477,17,1,77,2329,4.277777777777778,4.882599580712788,-0.6048218029350103,10,295,0.5555555555555556,0.6184486373165619,-0.06289308176100628,4.86060606060606,0.6989898989898989,Derrick Collins,2002
Blake Griffin,D.Crawford,9,486,9,0,47,2359,5.222222222222222,4.8539094650205765,0.3683127572016458,5,300,0.5555555555555556,0.6172839506172839,-0.061728395061728336,4.86060606060606,0.6989898989898989,Dan Crawford,1152
Blake Griffin,D.Guthrie,22,473,22,0,138,2268,6.2727272727272725,4.79492600422833,1.4778012684989426,16,289,0.7272727272727273,0.6109936575052854,0.11627906976744184,4.86060606060606,0.6989898989898989,David Guthrie,2714
Blake Griffin,D.Jones,3,492,3,0,15,2391,5.0,4.859756097560975,0.14024390243902474,1,304,0.3333333333333333,0.6178861788617886,-0.28455284552845533,4.86060606060606,0.6989898989898989,David Jones,1168
Blake Griffin,D.Mosher,2,493,2,0,0,2406,0.0,4.880324543610548,-4.880324543610548,1,304,0.5,0.6166328600405679,-0.11663286004056794,4.86060606060606,0.6989898989898989,Dannica Mosher,1628484
Blake Griffin,D.Richardson,21,474,21,0,101,2305,4.809523809523809,4.862869198312236,-0.05334538878842654,14,291,0.6666666666666666,0.6139240506329114,0.052742616033755185,4.86060606060606,0.6989898989898989,Derek Richardson,1204
Blake Griffin,D.Scott,3,492,3,0,3,2403,1.0,4.884146341463414,-3.8841463414634143,2,303,0.6666666666666666,0.6158536585365854,0.05081300813008127,4.86060606060606,0.6989898989898989,Danielle Scott,1628487
Blake Griffin,D.Stafford,8,487,8,0,54,2352,6.75,4.829568788501026,1.9204312114989737,7,298,0.875,0.6119096509240246,0.2630903490759754,4.86060606060606,0.6989898989898989,Derrick Stafford,1195
Blake Griffin,D.Taylor,27,468,27,0,151,2255,5.592592592592593,4.818376068376068,0.7742165242165244,21,284,0.7777777777777778,0.6068376068376068,0.170940170940171,4.86060606060606,0.6989898989898989,Dedric Taylor,203592
Blake Griffin,E.Dalen,18,477,18,0,103,2303,5.722222222222222,4.828092243186583,0.8941299790356396,9,296,0.5,0.6205450733752621,-0.1205450733752621,4.86060606060606,0.6989898989898989,Eric Dalen,200833
Blake Griffin,E.Lewis,21,474,20,1,88,2318,4.190476190476191,4.890295358649789,-0.6998191681735983,14,291,0.6666666666666666,0.6139240506329114,0.052742616033755185,4.86060606060606,0.6989898989898989,Eric Lewis,2715
Blake Griffin,E.Malloy,20,475,20,0,73,2333,3.65,4.9115789473684215,-1.2615789473684216,10,295,0.5,0.6210526315789474,-0.12105263157894741,4.86060606060606,0.6989898989898989,Ed Malloy,2530
Blake Griffin,E.Roe,5,490,5,0,32,2374,6.4,4.844897959183673,1.555102040816327,4,301,0.8,0.6142857142857143,0.18571428571428572,4.86060606060606,0.6989898989898989,Eli Roe,2532
Blake Griffin,E.Scott,4,491,4,0,10,2396,2.5,4.879837067209776,-2.3798370672097757,3,302,0.75,0.615071283095723,0.134928716904277,4.86060606060606,0.6989898989898989,Evan Scott,1628172
Blake Griffin,G.Petraitis,12,483,12,0,54,2352,4.5,4.869565217391305,-0.36956521739130466,9,296,0.75,0.6128364389233955,0.13716356107660455,4.86060606060606,0.6989898989898989,Gediminas Petraitis,204058
Blake Griffin,G.Zielinski,10,485,10,0,72,2334,7.2,4.812371134020618,2.387628865979382,5,300,0.5,0.6185567010309279,-0.11855670103092786,4.86060606060606,0.6989898989898989,Gary Zielinski,1664
Blake Griffin,H.Workman,12,483,12,0,61,2345,5.083333333333333,4.855072463768116,0.22826086956521685,7,298,0.5833333333333334,0.6169772256728778,-0.03364389233954446,4.86060606060606,0.6989898989898989,Haywoode Workman,201637
Blake Griffin,I.Barnett,1,494,1,0,0,2406,0.0,4.870445344129554,-4.870445344129554,0,305,0.0,0.6174089068825911,-0.6174089068825911,4.86060606060606,0.6989898989898989,Isaac Barnett,203800
Blake Griffin,J.Butler,5,490,5,0,10,2396,2.0,4.889795918367347,-2.889795918367347,3,302,0.6,0.6163265306122448,-0.01632653061224487,4.86060606060606,0.6989898989898989,John Butler,1628951
Blake Griffin,J.Capers,17,478,16,1,84,2322,4.9411764705882355,4.857740585774058,0.08343588481417719,8,297,0.47058823529411764,0.6213389121338913,-0.1507506768397736,4.86060606060606,0.6989898989898989,James Capers,1148
Blake Griffin,J.Conley,5,490,5,0,20,2386,4.0,4.869387755102041,-0.869387755102041,4,301,0.8,0.6142857142857143,0.18571428571428572,4.86060606060606,0.6989898989898989,John Conley,1627519
Blake Griffin,J.Crawford,3,492,3,0,8,2398,2.6666666666666665,4.873983739837398,-2.207317073170732,1,304,0.3333333333333333,0.6178861788617886,-0.28455284552845533,4.86060606060606,0.6989898989898989,Joe Crawford,1153
Blake Griffin,J.DeRosa,14,481,14,0,43,2363,3.0714285714285716,4.912681912681912,-1.8412533412533407,10,295,0.7142857142857143,0.6133056133056133,0.10098010098010102,4.86060606060606,0.6989898989898989,JB DeRosa,1155
Blake Griffin,J.Goble,45,450,44,1,199,2207,4.4222222222222225,4.904444444444445,-0.4822222222222221,32,273,0.7111111111111111,0.6066666666666667,0.10444444444444445,4.86060606060606,0.6989898989898989,John Goble,101284
Blake Griffin,J.Goldenberg,13,482,13,0,33,2373,2.5384615384615383,4.923236514522822,-2.3847749760612835,9,296,0.6923076923076923,0.6141078838174274,0.07819980849026487,4.86060606060606,0.6989898989898989,Jason Goldenberg,1626301
Blake Griffin,J.Orr,20,475,20,0,106,2300,5.3,4.842105263157895,0.45789473684210513,12,293,0.6,0.6168421052631579,-0.01684210526315788,4.86060606060606,0.6989898989898989,J.T. Orr,202037
Blake Griffin,J.Phillips,14,481,14,0,96,2310,6.857142857142857,4.802494802494802,2.0546480546480543,11,294,0.7857142857142857,0.6112266112266113,0.17448767448767444,4.86060606060606,0.6989898989898989,Jason Phillips,2001
Blake Griffin,J.Reneau,1,494,1,0,2,2404,2.0,4.866396761133603,-2.866396761133603,0,305,0.0,0.6174089068825911,-0.6174089068825911,4.86060606060606,0.6989898989898989,Jenna Reneau,1628168
Blake Griffin,J.Schroeder,2,493,2,0,2,2404,1.0,4.876267748478702,-3.8762677484787016,1,304,0.5,0.6166328600405679,-0.11663286004056794,4.86060606060606,0.6989898989898989,Jenna Schroeder,1628954
Blake Griffin,J.Sterling,7,488,7,0,41,2365,5.857142857142857,4.846311475409836,1.0108313817330208,6,299,0.8571428571428571,0.6127049180327869,0.24443793911007017,4.86060606060606,0.6989898989898989,Jonathan Sterling,1627964
Blake Griffin,J.Tiven,26,469,24,2,120,2286,4.615384615384615,4.8742004264392325,-0.2588158110546175,15,290,0.5769230769230769,0.6183368869936035,-0.04141381007052658,4.86060606060606,0.6989898989898989,Josh Tiven,201639
Blake Griffin,J.Van Duyne,19,476,19,0,76,2330,4.0,4.894957983193278,-0.8949579831932777,14,291,0.7368421052631579,0.6113445378151261,0.12549756744803175,4.86060606060606,0.6989898989898989,Justin Van Duyne,203593
Blake Griffin,J.Williams,28,467,28,0,149,2257,5.321428571428571,4.832976445396145,0.48845212603242594,15,290,0.5357142857142857,0.6209850107066381,-0.08527072499235244,4.86060606060606,0.6989898989898989,James Williams,202058
Blake Griffin,K.Cutler,31,464,31,0,160,2246,5.161290322580645,4.8405172413793105,0.3207730812013345,20,285,0.6451612903225806,0.6142241379310345,0.030937152391546152,4.86060606060606,0.6989898989898989,Kevin Cutler,201246
Blake Griffin,K.Fitzgerald,18,477,18,0,94,2312,5.222222222222222,4.846960167714885,0.3752620545073375,12,293,0.6666666666666666,0.6142557651991615,0.052410901467505155,4.86060606060606,0.6989898989898989,Kane Fitzgerald,201640
Blake Griffin,K.Lane,25,470,25,0,123,2283,4.92,4.857446808510638,0.06255319148936156,13,292,0.52,0.6212765957446809,-0.10127659574468084,4.86060606060606,0.6989898989898989,Karl Lane,202026
Blake Griffin,K.Mauer,17,478,15,2,100,2306,5.882352941176471,4.824267782426778,1.0580851587496927,14,291,0.8235294117647058,0.608786610878661,0.2147428008860448,4.86060606060606,0.6989898989898989,Ken Mauer,1174
Blake Griffin,K.Scott,25,470,25,0,107,2299,4.28,4.891489361702128,-0.6114893617021275,16,289,0.64,0.6148936170212767,0.025106382978723363,4.86060606060606,0.6989898989898989,Kevin Scott,202041
Blake Griffin,L.Holtkamp,11,484,11,0,44,2362,4.0,4.880165289256198,-0.8801652892561984,7,298,0.6363636363636364,0.6157024793388429,0.02066115702479343,4.86060606060606,0.6989898989898989,Lauren Holtkamp,203177
Blake Griffin,L.Richardson,13,482,13,0,82,2324,6.3076923076923075,4.821576763485477,1.4861155442068306,8,297,0.6153846153846154,0.6161825726141079,-0.0007979572294924964,4.86060606060606,0.6989898989898989,Leroy Richardson,1188
Blake Griffin,L.Wood,12,483,12,0,67,2339,5.583333333333333,4.842650103519669,0.7406832298136639,10,295,0.8333333333333334,0.6107660455486542,0.22256728778467916,4.86060606060606,0.6989898989898989,Leon Wood,1201
Blake Griffin,M.Ayotte,17,478,17,0,115,2291,6.764705882352941,4.792887029288703,1.9718188530642378,13,292,0.7647058823529411,0.6108786610878661,0.15382722126507498,4.86060606060606,0.6989898989898989,Mark Ayotte,2148
Blake Griffin,M.Boland,16,479,16,0,114,2292,7.125,4.784968684759916,2.3400313152400836,11,294,0.6875,0.6137787056367432,0.0737212943632568,4.86060606060606,0.6989898989898989,Matt Boland,2005
Blake Griffin,M.Callahan,13,482,12,1,83,2323,6.384615384615385,4.819502074688796,1.5651133099265886,9,296,0.6923076923076923,0.6141078838174274,0.07819980849026487,4.86060606060606,0.6989898989898989,Mike Callahan,1147
Blake Griffin,M.Dagher,8,487,8,0,46,2360,5.75,4.84599589322382,0.9040041067761804,6,299,0.75,0.6139630390143738,0.13603696098562623,4.86060606060606,0.6989898989898989,Mousa Dagher,1628159
Blake Griffin,M.Davis,25,470,23,2,115,2291,4.6,4.874468085106383,-0.274468085106383,18,287,0.72,0.6106382978723405,0.1093617021276595,4.86060606060606,0.6989898989898989,Marc Davis,1830
Blake Griffin,M.Ervin,15,480,15,0,77,2329,5.133333333333334,4.852083333333334,0.28125,13,292,0.8666666666666667,0.6083333333333333,0.2583333333333334,4.86060606060606,0.6989898989898989,Mitchell Ervin,203591
Blake Griffin,M.Kallio,1,494,1,0,5,2401,5.0,4.8603238866396765,0.13967611336032348,1,304,1.0,0.6153846153846154,0.3846153846153846,4.86060606060606,0.6989898989898989,Matt Kallio,1627526
Blake Griffin,M.Kogut,27,468,27,0,142,2264,5.2592592592592595,4.837606837606837,0.4216524216524222,21,284,0.7777777777777778,0.6068376068376068,0.170940170940171,4.86060606060606,0.6989898989898989,Marat Kogut,201245
Blake Griffin,M.Lindsay,22,473,22,0,109,2297,4.954545454545454,4.856236786469345,0.09830866807610938,14,291,0.6363636363636364,0.6152219873150105,0.02114164904862581,4.86060606060606,0.6989898989898989,Mark Lindsay,200834
Blake Griffin,M.McCutchen,14,481,14,0,80,2326,5.714285714285714,4.835758835758836,0.8785268785268787,7,298,0.5,0.6195426195426196,-0.11954261954261958,4.86060606060606,0.6989898989898989,Monty McCutchen,1176
Blake Griffin,M.Myers,11,484,11,0,50,2356,4.545454545454546,4.867768595041323,-0.3223140495867769,9,296,0.8181818181818182,0.6115702479338843,0.20661157024793397,4.86060606060606,0.6989898989898989,Matt Myers,202901
Blake Griffin,M.Smith,23,472,23,0,128,2278,5.565217391304348,4.826271186440678,0.7389462048636695,12,293,0.5217391304347826,0.6207627118644068,-0.0990235814296242,4.86060606060606,0.6989898989898989,Michael Smith,1193
Blake Griffin,N.Buchert,17,478,17,0,71,2335,4.176470588235294,4.884937238493724,-0.7084666502584298,16,289,0.9411764705882353,0.604602510460251,0.33657396012798424,4.86060606060606,0.6989898989898989,Nick Buchert,202007
Blake Griffin,N.Green,6,489,6,0,21,2385,3.5,4.877300613496932,-1.3773006134969323,4,301,0.6666666666666666,0.6155419222903885,0.05112474437627812,4.86060606060606,0.6989898989898989,Nate Green,1627524
Blake Griffin,N.Sago,8,487,8,0,26,2380,3.25,4.887063655030801,-1.6370636550308006,4,301,0.5,0.6180698151950719,-0.11806981519507187,4.86060606060606,0.6989898989898989,Natalie Sago,1627541
Blake Griffin,P.Fraher,17,478,17,0,93,2313,5.470588235294118,4.838912133891213,0.6316761014029044,10,295,0.5882352941176471,0.6171548117154811,-0.028919517597834066,4.86060606060606,0.6989898989898989,Pat Fraher,2003
Blake Griffin,P.Ransom,14,481,14,0,45,2361,3.2142857142857144,4.908523908523908,-1.6942381942381939,7,298,0.5,0.6195426195426196,-0.11954261954261958,4.86060606060606,0.6989898989898989,Phenizee Ransom,1627963
Blake Griffin,R.Acosta,19,476,19,0,58,2348,3.0526315789473686,4.932773109243698,-1.8801415302963291,10,295,0.5263157894736842,0.6197478991596639,-0.0934321096859797,4.86060606060606,0.6989898989898989,Ray Acosta,1626300
Blake Griffin,R.Garretson,14,481,14,0,89,2317,6.357142857142857,4.8170478170478175,1.5400950400950393,10,295,0.7142857142857143,0.6133056133056133,0.10098010098010102,4.86060606060606,0.6989898989898989,Ron Garretson,1164
Blake Griffin,R.Hussey,6,489,6,0,11,2395,1.8333333333333333,4.897750511247444,-3.0644171779141107,5,300,0.8333333333333334,0.6134969325153374,0.21983640081799594,4.86060606060606,0.6989898989898989,Robert Hussey,1628480
Blake Griffin,R.Mott,19,476,19,0,84,2322,4.421052631578948,4.878151260504202,-0.4570986289252543,13,292,0.6842105263157895,0.6134453781512605,0.07076514816452895,4.86060606060606,0.6989898989898989,Rodney Mott,1179
Blake Griffin,S.Anderson,4,491,4,0,34,2372,8.5,4.830957230142566,3.669042769857434,3,302,0.75,0.615071283095723,0.134928716904277,4.86060606060606,0.6989898989898989,Steve Anderson,202000
Blake Griffin,S.Corbin,21,474,21,0,110,2296,5.238095238095238,4.843881856540085,0.3942133815551534,15,290,0.7142857142857143,0.6118143459915611,0.10247136829415315,4.86060606060606,0.6989898989898989,Sean Corbin,1151
Blake Griffin,S.Foster,16,479,15,1,83,2323,5.1875,4.849686847599165,0.33781315240083476,11,294,0.6875,0.6137787056367432,0.0737212943632568,4.86060606060606,0.6989898989898989,Scott Foster,1162
Blake Griffin,S.Mehta,4,491,4,0,8,2398,2.0,4.883910386965376,-2.8839103869653764,2,303,0.5,0.6171079429735234,-0.11710794297352345,4.86060606060606,0.6989898989898989,Suyash Mehta,1627529
Blake Griffin,S.Twardoski,20,475,20,0,100,2306,5.0,4.854736842105263,0.1452631578947372,13,292,0.65,0.6147368421052631,0.035263157894736885,4.86060606060606,0.6989898989898989,Scott Twardoski,202053
Blake Griffin,S.Wall,18,477,18,0,90,2316,5.0,4.855345911949685,0.14465408805031466,11,294,0.6111111111111112,0.6163522012578616,-0.005241090146750449,4.86060606060606,0.6989898989898989,Scott Wall,1198
Blake Griffin,S.Wright,27,468,26,1,104,2302,3.8518518518518516,4.918803418803419,-1.0669515669515675,13,292,0.48148148148148145,0.6239316239316239,-0.14245014245014248,4.86060606060606,0.6989898989898989,Sean Wright,2882
Blake Griffin,T.Brothers,25,470,24,1,132,2274,5.28,4.8382978723404255,0.44170212765957473,20,285,0.8,0.6063829787234043,0.19361702127659575,4.86060606060606,0.6989898989898989,Tony Brothers,1146
Blake Griffin,T.Brown,19,476,19,0,81,2325,4.2631578947368425,4.8844537815126055,-0.621295886775763,10,295,0.5263157894736842,0.6197478991596639,-0.0934321096859797,4.86060606060606,0.6989898989898989,Tony Brown,2529
Blake Griffin,T.Ford,22,473,21,1,100,2306,4.545454545454546,4.8752642706131075,-0.32980972515856166,15,290,0.6818181818181818,0.6131078224101479,0.06871035940803383,4.86060606060606,0.6989898989898989,Tyler Ford,204059
Blake Griffin,T.Maddox,19,476,18,1,53,2353,2.789473684210526,4.94327731092437,-2.153803626713844,12,293,0.631578947368421,0.615546218487395,0.016032728881026026,4.86060606060606,0.6989898989898989,Tre Maddox,202027
Blake Griffin,T.Mirkovich,1,494,1,0,0,2406,0.0,4.870445344129554,-4.870445344129554,1,304,1.0,0.6153846153846154,0.3846153846153846,4.86060606060606,0.6989898989898989,Tyler Mirkovich,1628482
Blake Griffin,T.Ricks,1,494,1,0,2,2404,2.0,4.866396761133603,-2.866396761133603,0,305,0.0,0.6174089068825911,-0.6174089068825911,4.86060606060606,0.6989898989898989,Tyler Ricks,1627539
Blake Griffin,T.Washington,26,469,26,0,148,2258,5.6923076923076925,4.814498933901919,0.8778087584057737,14,291,0.5384615384615384,0.6204690831556503,-0.08200754469411187,4.86060606060606,0.6989898989898989,Tom Washington,1199
Blake Griffin,V.Voyard-Tadal,1,494,1,0,8,2398,8.0,4.854251012145749,3.145748987854251,0,305,0.0,0.6174089068825911,-0.6174089068825911,4.86060606060606,0.6989898989898989,Vladimir Voyard-Tadal,1626303
Blake Griffin,Z.Zarba,26,469,26,0,136,2270,5.230769230769231,4.840085287846482,0.3906839429227489,16,289,0.6153846153846154,0.6162046908315565,-0.0008200754469410709,4.86060606060606,0.6989898989898989,Zach Zarba,2534
Danilo Gallinari,A.Moyer-Gleich,5,526,5,0,6,2353,1.2,4.473384030418251,-3.273384030418251,3,243,0.6,0.4619771863117871,0.1380228136882129,4.44256120527307,0.4651600753295669,Ashley Moyer-Gleich,1628953
Danilo Gallinari,A.Nagy,9,522,9,0,24,2335,2.6666666666666665,4.473180076628353,-1.8065134099616862,4,242,0.4444444444444444,0.46360153256704983,-0.019157088122605415,4.44256120527307,0.4651600753295669,Andy Nagy,1627534
Danilo Gallinari,A.Smith,16,515,16,0,91,2268,5.6875,4.403883495145631,1.2836165048543693,7,239,0.4375,0.4640776699029126,-0.026577669902912604,4.44256120527307,0.4651600753295669,Aaron Smith,1626302
Danilo Gallinari,B.Adair,16,515,16,0,59,2300,3.6875,4.466019417475728,-0.778519417475728,11,235,0.6875,0.4563106796116505,0.2311893203883495,4.44256120527307,0.4651600753295669,Brandon Adair,1627961
Danilo Gallinari,B.Adams,16,515,16,0,69,2290,4.3125,4.446601941747573,-0.13410194174757262,6,240,0.375,0.46601941747572817,-0.09101941747572817,4.44256120527307,0.4651600753295669,Bennie Adams,1363
Danilo Gallinari,B.Barnaky,29,502,29,0,130,2229,4.482758620689655,4.440239043824701,0.04251957686495356,13,233,0.4482758620689655,0.4641434262948207,-0.01586756422585517,4.44256120527307,0.4651600753295669,Brent Barnaky,201638
Danilo Gallinari,B.Burns,1,530,1,0,0,2359,0.0,4.450943396226415,-4.450943396226415,0,246,0.0,0.4641509433962264,-0.4641509433962264,4.44256120527307,0.4651600753295669,Blanca Burns,1629174
Danilo Gallinari,B.Forte,32,499,32,0,140,2219,4.375,4.44689378757515,-0.07189378757515019,18,228,0.5625,0.45691382765531063,0.10558617234468937,4.44256120527307,0.4651600753295669,Brian Forte,101283
Danilo Gallinari,B.Haskill,1,530,1,0,0,2359,0.0,4.450943396226415,-4.450943396226415,1,245,1.0,0.46226415094339623,0.5377358490566038,4.44256120527307,0.4651600753295669,Brent Haskill,1629175
Danilo Gallinari,B.Kennedy,21,510,18,3,81,2278,3.857142857142857,4.466666666666667,-0.6095238095238096,8,238,0.38095238095238093,0.4666666666666667,-0.08571428571428574,4.44256120527307,0.4651600753295669,Bill Kennedy,1662
Danilo Gallinari,B.Maru,1,530,1,0,0,2359,0.0,4.450943396226415,-4.450943396226415,1,245,1.0,0.46226415094339623,0.5377358490566038,4.44256120527307,0.4651600753295669,Biniam Maru,1629177
Danilo Gallinari,B.Nansel,19,512,19,0,74,2285,3.8947368421052633,4.462890625,-0.5681537828947367,11,235,0.5789473684210527,0.458984375,0.11996299342105265,4.44256120527307,0.4651600753295669,Brett Nansel,202035
Danilo Gallinari,B.Salvatore,1,530,1,0,1,2358,1.0,4.449056603773585,-3.4490566037735846,1,245,1.0,0.46226415094339623,0.5377358490566038,4.44256120527307,0.4651600753295669,Bennett Salvatore,1192
Danilo Gallinari,B.Schwab,2,529,2,0,9,2350,4.5,4.44234404536862,0.057655954631379736,1,245,0.5,0.46313799621928164,0.036862003780718355,4.44256120527307,0.4651600753295669,Brandon Schwab,1628171
Danilo Gallinari,B.Spooner,11,520,11,0,60,2299,5.454545454545454,4.421153846153846,1.0333916083916082,5,241,0.45454545454545453,0.4634615384615385,-0.00891608391608395,4.44256120527307,0.4651600753295669,Bill Spooner,1194
Danilo Gallinari,B.Taylor,25,506,23,2,127,2232,5.08,4.41106719367589,0.6689328063241105,13,233,0.52,0.46047430830039526,0.059525691699604755,4.44256120527307,0.4651600753295669,Ben Taylor,202049
Danilo Gallinari,C.Blair,31,500,30,1,132,2227,4.258064516129032,4.454,-0.1959354838709677,18,228,0.5806451612903226,0.456,0.1246451612903226,4.44256120527307,0.4651600753295669,Curtis Blair,200832
Danilo Gallinari,C.Flores,2,529,2,0,5,2354,2.5,4.449905482041588,-1.9499054820415882,2,244,1.0,0.4612476370510397,0.5387523629489603,4.44256120527307,0.4651600753295669,Che Flores,203054
Danilo Gallinari,C.Kirkland,25,506,25,0,141,2218,5.64,4.383399209486166,1.2566007905138337,8,238,0.32,0.47035573122529645,-0.15035573122529644,4.44256120527307,0.4651600753295669,Courtney Kirkland,2004
Danilo Gallinari,C.Washington,13,518,13,0,64,2295,4.923076923076923,4.43050193050193,0.49257499257499315,6,240,0.46153846153846156,0.46332046332046334,-0.0017820017820017742,4.44256120527307,0.4651600753295669,CJ Washington,202056
Danilo Gallinari,D.Collins,21,510,20,1,98,2261,4.666666666666667,4.433333333333334,0.2333333333333334,11,235,0.5238095238095238,0.46078431372549017,0.06302521008403367,4.44256120527307,0.4651600753295669,Derrick Collins,2002
Danilo Gallinari,D.Crawford,9,522,9,0,45,2314,5.0,4.432950191570881,0.5670498084291191,6,240,0.6666666666666666,0.45977011494252873,0.2068965517241379,4.44256120527307,0.4651600753295669,Dan Crawford,1152
Danilo Gallinari,D.Guthrie,20,511,18,2,84,2275,4.2,4.4520547945205475,-0.25205479452054735,11,235,0.55,0.4598825831702544,0.09011741682974567,4.44256120527307,0.4651600753295669,David Guthrie,2714
Danilo Gallinari,D.Jones,8,523,8,0,37,2322,4.625,4.4397705544933075,0.1852294455066925,3,243,0.375,0.4646271510516252,-0.08962715105162522,4.44256120527307,0.4651600753295669,David Jones,1168
Danilo Gallinari,D.Mosher,5,526,5,0,15,2344,3.0,4.4562737642585555,-1.4562737642585555,4,242,0.8,0.4600760456273764,0.3399239543726236,4.44256120527307,0.4651600753295669,Dannica Mosher,1628484
Danilo Gallinari,D.Richardson,21,510,21,0,88,2271,4.190476190476191,4.452941176470588,-0.2624649859943977,14,232,0.6666666666666666,0.4549019607843137,0.2117647058823529,4.44256120527307,0.4651600753295669,Derek Richardson,1204
Danilo Gallinari,D.Scott,3,528,3,0,5,2354,1.6666666666666667,4.458333333333333,-2.791666666666666,2,244,0.6666666666666666,0.4621212121212121,0.20454545454545453,4.44256120527307,0.4651600753295669,Danielle Scott,1628487
Danilo Gallinari,D.Stafford,5,526,5,0,16,2343,3.2,4.4543726235741445,-1.2543726235741444,2,244,0.4,0.46387832699619774,-0.06387832699619772,4.44256120527307,0.4651600753295669,Derrick Stafford,1195
Danilo Gallinari,D.Taylor,22,509,22,0,90,2269,4.090909090909091,4.457760314341847,-0.36685122343275633,14,232,0.6363636363636364,0.45579567779960706,0.1805679585640293,4.44256120527307,0.4651600753295669,Dedric Taylor,203592
Danilo Gallinari,E.Dalen,20,511,20,0,120,2239,6.0,4.38160469667319,1.6183953033268104,11,235,0.55,0.4598825831702544,0.09011741682974567,4.44256120527307,0.4651600753295669,Eric Dalen,200833
Danilo Gallinari,E.Lewis,24,507,20,4,111,2248,4.625,4.433925049309665,0.19107495069033487,11,235,0.4583333333333333,0.4635108481262327,-0.005177514792899407,4.44256120527307,0.4651600753295669,Eric Lewis,2715
Danilo Gallinari,E.Malloy,25,506,23,2,96,2263,3.84,4.472332015810276,-0.6323320158102765,10,236,0.4,0.466403162055336,-0.06640316205533597,4.44256120527307,0.4651600753295669,Ed Malloy,2530
Danilo Gallinari,E.Roe,3,528,3,0,7,2352,2.3333333333333335,4.454545454545454,-2.1212121212121207,2,244,0.6666666666666666,0.4621212121212121,0.20454545454545453,4.44256120527307,0.4651600753295669,Eli Roe,2532
Danilo Gallinari,E.Scott,7,524,7,0,37,2322,5.285714285714286,4.431297709923665,0.854416575790621,5,241,0.7142857142857143,0.4599236641221374,0.2543620501635769,4.44256120527307,0.4651600753295669,Evan Scott,1628172
Danilo Gallinari,G.Petraitis,25,506,24,1,105,2254,4.2,4.454545454545454,-0.25454545454545396,11,235,0.44,0.4644268774703557,-0.024426877470355712,4.44256120527307,0.4651600753295669,Gediminas Petraitis,204058
Danilo Gallinari,G.Zielinski,7,524,7,0,44,2315,6.285714285714286,4.4179389312977095,1.867775354416576,2,244,0.2857142857142857,0.46564885496183206,-0.17993456924754636,4.44256120527307,0.4651600753295669,Gary Zielinski,1664
Danilo Gallinari,H.Workman,13,518,13,0,70,2289,5.384615384615385,4.418918918918919,0.9656964656964657,5,241,0.38461538461538464,0.46525096525096526,-0.08063558063558063,4.44256120527307,0.4651600753295669,Haywoode Workman,201637
Danilo Gallinari,I.Hwang,3,528,3,0,9,2350,3.0,4.450757575757576,-1.4507575757575761,1,245,0.3333333333333333,0.4640151515151515,-0.13068181818181818,4.44256120527307,0.4651600753295669,Intae Hwang,1630886
Danilo Gallinari,J.Butler,9,522,9,0,27,2332,3.0,4.467432950191571,-1.4674329501915713,2,244,0.2222222222222222,0.4674329501915709,-0.24521072796934867,4.44256120527307,0.4651600753295669,John Butler,1628951
Danilo Gallinari,J.Capers,26,505,23,3,115,2244,4.423076923076923,4.443564356435644,-0.020487433358720608,9,237,0.34615384615384615,0.4693069306930693,-0.12315308453922313,4.44256120527307,0.4651600753295669,James Capers,1148
Danilo Gallinari,J.Conley,5,526,5,0,8,2351,1.6,4.469581749049429,-2.8695817490494293,2,244,0.4,0.46387832699619774,-0.06387832699619772,4.44256120527307,0.4651600753295669,John Conley,1627519
Danilo Gallinari,J.Crawford,2,529,2,0,5,2354,2.5,4.449905482041588,-1.9499054820415882,2,244,1.0,0.4612476370510397,0.5387523629489603,4.44256120527307,0.4651600753295669,Joe Crawford,1153
Danilo Gallinari,J.DeRosa,16,515,14,2,44,2315,2.75,4.495145631067961,-1.7451456310679614,6,240,0.375,0.46601941747572817,-0.09101941747572817,4.44256120527307,0.4651600753295669,JB DeRosa,1155
Danilo Gallinari,J.Goble,45,486,43,2,178,2181,3.9555555555555557,4.487654320987654,-0.5320987654320986,21,225,0.4666666666666667,0.46296296296296297,0.003703703703703709,4.44256120527307,0.4651600753295669,John Goble,101284
Danilo Gallinari,J.Goldenberg,10,521,10,0,28,2331,2.8,4.474088291746641,-1.6740882917466413,2,244,0.2,0.46833013435700577,-0.26833013435700576,4.44256120527307,0.4651600753295669,Jason Goldenberg,1626301
Danilo Gallinari,J.Orr,20,511,19,1,96,2263,4.8,4.428571428571429,0.371428571428571,8,238,0.4,0.4657534246575342,-0.0657534246575342,4.44256120527307,0.4651600753295669,J.T. Orr,202037
Danilo Gallinari,J.Phillips,8,523,8,0,30,2329,3.75,4.453154875717018,-0.7031548757170176,6,240,0.75,0.4588910133843212,0.2911089866156788,4.44256120527307,0.4651600753295669,Jason Phillips,2001
Danilo Gallinari,J.Reneau,1,530,1,0,0,2359,0.0,4.450943396226415,-4.450943396226415,1,245,1.0,0.46226415094339623,0.5377358490566038,4.44256120527307,0.4651600753295669,Jenna Reneau,1628168
Danilo Gallinari,J.Schroeder,5,526,5,0,22,2337,4.4,4.442965779467681,-0.04296577946768032,5,241,1.0,0.45817490494296575,0.5418250950570342,4.44256120527307,0.4651600753295669,Jenna Schroeder,1628954
Danilo Gallinari,J.Sterling,13,518,13,0,47,2312,3.6153846153846154,4.463320463320463,-0.8479358479358479,6,240,0.46153846153846156,0.46332046332046334,-0.0017820017820017742,4.44256120527307,0.4651600753295669,Jonathan Sterling,1627964
Danilo Gallinari,J.Tiven,27,504,24,3,105,2254,3.888888888888889,4.472222222222222,-0.5833333333333335,12,234,0.4444444444444444,0.4642857142857143,-0.019841269841269882,4.44256120527307,0.4651600753295669,Josh Tiven,201639
Danilo Gallinari,J.Van Duyne,23,508,23,0,149,2210,6.478260869565218,4.350393700787402,2.127867168777816,13,233,0.5652173913043478,0.45866141732283466,0.10655597398151312,4.44256120527307,0.4651600753295669,Justin Van Duyne,203593
Danilo Gallinari,J.Williams,18,513,17,1,90,2269,5.0,4.423001949317738,0.5769980506822616,11,235,0.6111111111111112,0.4580896686159844,0.15302144249512678,4.44256120527307,0.4651600753295669,James Williams,202058
Danilo Gallinari,K.Cutler,25,506,25,0,135,2224,5.4,4.395256916996048,1.0047430830039525,10,236,0.4,0.466403162055336,-0.06640316205533597,4.44256120527307,0.4651600753295669,Kevin Cutler,201246
Danilo Gallinari,K.Fitzgerald,24,507,23,1,137,2222,5.708333333333333,4.382642998027613,1.32569033530572,10,236,0.4166666666666667,0.46548323471400394,-0.04881656804733725,4.44256120527307,0.4651600753295669,Kane Fitzgerald,201640
Danilo Gallinari,K.Lane,32,499,32,0,161,2198,5.03125,4.404809619238477,0.6264403807615233,11,235,0.34375,0.4709418837675351,-0.1271918837675351,4.44256120527307,0.4651600753295669,Karl Lane,202026
Danilo Gallinari,K.Mauer,23,508,22,1,109,2250,4.739130434782608,4.429133858267717,0.30999657651489176,8,238,0.34782608695652173,0.468503937007874,-0.12067785005135229,4.44256120527307,0.4651600753295669,Ken Mauer,1174
Danilo Gallinari,K.Scott,28,503,27,1,106,2253,3.7857142857142856,4.4791252485089466,-0.693410962794661,15,231,0.5357142857142857,0.4592445328031809,0.0764697529111048,4.44256120527307,0.4651600753295669,Kevin Scott,202041
Danilo Gallinari,L.Holtkamp,13,518,13,0,62,2297,4.769230769230769,4.434362934362935,0.33486783486783445,8,238,0.6153846153846154,0.4594594594594595,0.15592515592515593,4.44256120527307,0.4651600753295669,Lauren Holtkamp,203177
Danilo Gallinari,L.Richardson,19,512,19,0,80,2279,4.2105263157894735,4.451171875,-0.24064555921052655,11,235,0.5789473684210527,0.458984375,0.11996299342105265,4.44256120527307,0.4651600753295669,Leroy Richardson,1188
Danilo Gallinari,L.Wood,22,509,21,1,94,2265,4.2727272727272725,4.449901768172888,-0.17717449544561514,10,236,0.45454545454545453,0.4636542239685658,-0.009108769423111285,4.44256120527307,0.4651600753295669,Leon Wood,1201
Danilo Gallinari,M.Ayotte,20,511,20,0,104,2255,5.2,4.4129158512720155,0.7870841487279847,9,237,0.45,0.4637964774951076,-0.013796477495107595,4.44256120527307,0.4651600753295669,Mark Ayotte,2148
Danilo Gallinari,M.Boland,22,509,22,0,92,2267,4.181818181818182,4.453831041257367,-0.27201285943918574,8,238,0.36363636363636365,0.4675834970530452,-0.10394713341668155,4.44256120527307,0.4651600753295669,Matt Boland,2005
Danilo Gallinari,M.Callahan,12,519,12,0,96,2263,8.0,4.360308285163777,3.639691714836223,6,240,0.5,0.4624277456647399,0.037572254335260125,4.44256120527307,0.4651600753295669,Mike Callahan,1147
Danilo Gallinari,M.Dagher,7,524,7,0,19,2340,2.7142857142857144,4.465648854961832,-1.7513631406761174,3,243,0.42857142857142855,0.4637404580152672,-0.03516902944383865,4.44256120527307,0.4651600753295669,Mousa Dagher,1628159
Danilo Gallinari,M.Davis,31,500,29,2,158,2201,5.096774193548387,4.402,0.6947741935483869,16,230,0.5161290322580645,0.46,0.05612903225806448,4.44256120527307,0.4651600753295669,Marc Davis,1830
Danilo Gallinari,M.Ervin,21,510,20,1,83,2276,3.9523809523809526,4.462745098039216,-0.5103641456582633,13,233,0.6190476190476191,0.4568627450980392,0.16218487394957987,4.44256120527307,0.4651600753295669,Mitchell Ervin,203591
Danilo Gallinari,M.Kallio,2,529,2,0,0,2359,0.0,4.4593572778827975,-4.4593572778827975,1,245,0.5,0.46313799621928164,0.036862003780718355,4.44256120527307,0.4651600753295669,Matt Kallio,1627526
Danilo Gallinari,M.Kogut,19,512,19,0,73,2286,3.8421052631578947,4.46484375,-0.6227384868421053,9,237,0.47368421052631576,0.462890625,0.010793585526315763,4.44256120527307,0.4651600753295669,Marat Kogut,201245
Danilo Gallinari,M.Lindsay,25,506,25,0,127,2232,5.08,4.41106719367589,0.6689328063241105,14,232,0.56,0.45849802371541504,0.10150197628458502,4.44256120527307,0.4651600753295669,Mark Lindsay,200834
Danilo Gallinari,M.McCutchen,8,523,8,0,42,2317,5.25,4.430210325047801,0.8197896749521991,1,245,0.125,0.4684512428298279,-0.3434512428298279,4.44256120527307,0.4651600753295669,Monty McCutchen,1176
Danilo Gallinari,M.Myers,5,526,5,0,14,2345,2.8,4.4581749049429655,-1.6581749049429657,4,242,0.8,0.4600760456273764,0.3399239543726236,4.44256120527307,0.4651600753295669,Matt Myers,202901
Danilo Gallinari,M.Smith,12,519,12,0,48,2311,4.0,4.452793834296725,-0.4527938342967248,7,239,0.5833333333333334,0.4605009633911368,0.1228323699421966,4.44256120527307,0.4651600753295669,Michael Smith,1193
Danilo Gallinari,N.Buchert,25,506,24,1,90,2269,3.6,4.484189723320158,-0.8841897233201581,12,234,0.48,0.4624505928853755,0.017549407114624493,4.44256120527307,0.4651600753295669,Nick Buchert,202007
Danilo Gallinari,N.Green,6,525,6,0,27,2332,4.5,4.441904761904762,0.05809523809523842,2,244,0.3333333333333333,0.46476190476190476,-0.13142857142857145,4.44256120527307,0.4651600753295669,Nate Green,1627524
Danilo Gallinari,N.Sago,7,524,7,0,35,2324,5.0,4.435114503816794,0.5648854961832059,2,244,0.2857142857142857,0.46564885496183206,-0.17993456924754636,4.44256120527307,0.4651600753295669,Natalie Sago,1627541
Danilo Gallinari,P.Fraher,26,505,23,3,117,2242,4.5,4.43960396039604,0.060396039603960006,11,235,0.4230769230769231,0.46534653465346537,-0.0422696115765423,4.44256120527307,0.4651600753295669,Pat Fraher,2003
Danilo Gallinari,P.O'Connell,2,529,2,0,7,2352,3.5,4.446124763705104,-0.9461247637051038,2,244,1.0,0.4612476370510397,0.5387523629489603,4.44256120527307,0.4651600753295669,Pat O'Connell,1629183
Danilo Gallinari,P.Ransom,12,519,12,0,42,2317,3.5,4.464354527938343,-0.964354527938343,5,241,0.4166666666666667,0.464354527938343,-0.04768786127167629,4.44256120527307,0.4651600753295669,Phenizee Ransom,1627963
Danilo Gallinari,R.Acosta,18,513,18,0,73,2286,4.055555555555555,4.456140350877193,-0.40058479532163727,3,243,0.16666666666666666,0.47368421052631576,-0.3070175438596491,4.44256120527307,0.4651600753295669,Ray Acosta,1626300
Danilo Gallinari,R.Garretson,17,514,17,0,86,2273,5.0588235294117645,4.4221789883268485,0.636644541084916,11,235,0.6470588235294118,0.4571984435797665,0.18986037994964527,4.44256120527307,0.4651600753295669,Ron Garretson,1164
Danilo Gallinari,R.Hussey,2,529,2,0,3,2356,1.5,4.453686200378072,-2.9536862003780717,2,244,1.0,0.4612476370510397,0.5387523629489603,4.44256120527307,0.4651600753295669,Robert Hussey,1628480
Danilo Gallinari,R.Mott,16,515,15,1,83,2276,5.1875,4.419417475728156,0.7680825242718443,12,234,0.75,0.45436893203883494,0.29563106796116506,4.44256120527307,0.4651600753295669,Rodney Mott,1179
Danilo Gallinari,S.Anderson,7,524,7,0,36,2323,5.142857142857143,4.433206106870229,0.7096510359869139,4,242,0.5714285714285714,0.4618320610687023,0.10959651035986911,4.44256120527307,0.4651600753295669,Steve Anderson,202000
Danilo Gallinari,S.Corbin,16,515,16,0,64,2295,4.0,4.456310679611651,-0.4563106796116507,7,239,0.4375,0.4640776699029126,-0.026577669902912604,4.44256120527307,0.4651600753295669,Sean Corbin,1151
Danilo Gallinari,S.Foster,28,503,26,2,115,2244,4.107142857142857,4.461232604373757,-0.35408974723090036,13,233,0.4642857142857143,0.46322067594433397,0.001065038341380331,4.44256120527307,0.4651600753295669,Scott Foster,1162
Danilo Gallinari,S.Jelks,4,527,4,0,14,2345,3.5,4.449715370018976,-0.9497153700189758,3,243,0.75,0.46110056925996207,0.28889943074003793,4.44256120527307,0.4651600753295669,Simone Jelks,1628481
Danilo Gallinari,S.Mehta,6,525,6,0,14,2345,2.3333333333333335,4.466666666666667,-2.1333333333333333,2,244,0.3333333333333333,0.46476190476190476,-0.13142857142857145,4.44256120527307,0.4651600753295669,Suyash Mehta,1627529
Danilo Gallinari,S.Mitchell,2,529,2,0,0,2359,0.0,4.4593572778827975,-4.4593572778827975,1,245,0.5,0.46313799621928164,0.036862003780718355,4.44256120527307,0.4651600753295669,Sha'Rae Mitchell,1629178
Danilo Gallinari,S.Twardoski,24,507,24,0,147,2212,6.125,4.3629191321499015,1.7620808678500985,10,236,0.4166666666666667,0.46548323471400394,-0.04881656804733725,4.44256120527307,0.4651600753295669,Scott Twardoski,202053
Danilo Gallinari,S.Wall,23,508,23,0,96,2263,4.173913043478261,4.4547244094488185,-0.2808113659705578,13,233,0.5652173913043478,0.45866141732283466,0.10655597398151312,4.44256120527307,0.4651600753295669,Scott Wall,1198
Danilo Gallinari,S.Wright,34,497,33,1,168,2191,4.9411764705882355,4.408450704225352,0.5327257663628835,20,226,0.5882352941176471,0.45472837022132795,0.13350692389631913,4.44256120527307,0.4651600753295669,Sean Wright,2882
Danilo Gallinari,T.Brothers,21,510,19,2,77,2282,3.6666666666666665,4.474509803921569,-0.8078431372549022,7,239,0.3333333333333333,0.46862745098039216,-0.13529411764705884,4.44256120527307,0.4651600753295669,Tony Brothers,1146
Danilo Gallinari,T.Brown,12,519,11,1,67,2292,5.583333333333333,4.416184971098266,1.167148362235067,5,241,0.4166666666666667,0.464354527938343,-0.04768786127167629,4.44256120527307,0.4651600753295669,Tony Brown,2529
Danilo Gallinari,T.Ford,20,511,18,2,71,2288,3.55,4.477495107632094,-0.9274951076320939,6,240,0.3,0.46966731898238745,-0.16966731898238746,4.44256120527307,0.4651600753295669,Tyler Ford,204059
Danilo Gallinari,T.Maddox,28,503,28,0,146,2213,5.214285714285714,4.399602385685885,0.8146833285998296,14,232,0.5,0.46123260437375746,0.03876739562624254,4.44256120527307,0.4651600753295669,Tre Maddox,202027
Danilo Gallinari,T.Washington,29,502,28,1,161,2198,5.551724137931035,4.378486055776892,1.1732380821541426,16,230,0.5517241379310345,0.4581673306772908,0.09355680725374366,4.44256120527307,0.4651600753295669,Tom Washington,1199
Danilo Gallinari,V.Palmer,2,529,2,0,4,2355,2.0,4.4517958412098295,-2.4517958412098295,1,245,0.5,0.46313799621928164,0.036862003780718355,4.44256120527307,0.4651600753295669,Violet Palmer,1185
Danilo Gallinari,V.Voyard-Tadal,1,530,1,0,5,2354,5.0,4.441509433962264,0.5584905660377357,1,245,1.0,0.46226415094339623,0.5377358490566038,4.44256120527307,0.4651600753295669,Vladimir Voyard-Tadal,1626303
Danilo Gallinari,Z.Zarba,23,508,21,2,108,2251,4.695652173913044,4.431102362204724,0.2645498117083198,12,234,0.5217391304347826,0.46062992125984253,0.06110920917494006,4.44256120527307,0.4651600753295669,Zach Zarba,2534
Kawhi Leonard,A.Moyer-Gleich,10,623,10,0,56,3539,5.6,5.680577849117175,-0.08057784911717558,5,266,0.5,0.42696629213483145,0.07303370786516855,5.679304897314376,0.8056872037914692,Ashley Moyer-Gleich,1628953
Kawhi Leonard,A.Nagy,9,624,9,0,32,3563,3.5555555555555554,5.709935897435898,-2.1543803418803424,2,269,0.2222222222222222,0.4310897435897436,-0.2088675213675214,5.679304897314376,0.8056872037914692,Andy Nagy,1627534
Kawhi Leonard,A.Smith,23,610,23,0,169,3426,7.3478260869565215,5.616393442622951,1.7314326443335704,13,258,0.5652173913043478,0.42295081967213116,0.14226657163221662,5.679304897314376,0.8056872037914692,Aaron Smith,1626302
Kawhi Leonard,B.Adair,9,624,9,0,43,3552,4.777777777777778,5.6923076923076925,-0.9145299145299148,5,266,0.5555555555555556,0.42628205128205127,0.1292735042735043,5.679304897314376,0.8056872037914692,Brandon Adair,1627961
Kawhi Leonard,B.Adams,11,622,11,0,59,3536,5.363636363636363,5.684887459807074,-0.3212510961707107,4,267,0.36363636363636365,0.4292604501607717,-0.06562408652440804,5.679304897314376,0.8056872037914692,Bennie Adams,1363
Kawhi Leonard,B.Barnaky,23,610,23,0,129,3466,5.608695652173913,5.6819672131147545,-0.07327156094084142,13,258,0.5652173913043478,0.42295081967213116,0.14226657163221662,5.679304897314376,0.8056872037914692,Brent Barnaky,201638
Kawhi Leonard,B.Forte,31,602,27,4,183,3412,5.903225806451613,5.667774086378738,0.2354517200728754,15,256,0.4838709677419355,0.42524916943521596,0.05862179830671954,5.679304897314376,0.8056872037914692,Brian Forte,101283
Kawhi Leonard,B.Haskill,1,632,1,0,0,3595,0.0,5.688291139240507,-5.688291139240507,1,270,1.0,0.4272151898734177,0.5727848101265822,5.679304897314376,0.8056872037914692,Brent Haskill,1629175
Kawhi Leonard,B.Kennedy,23,610,23,0,119,3476,5.173913043478261,5.698360655737705,-0.5244476122594444,9,262,0.391304347826087,0.42950819672131146,-0.03820384889522449,5.679304897314376,0.8056872037914692,Bill Kennedy,1662
Kawhi Leonard,B.Nansel,8,625,8,0,36,3559,4.5,5.6944,-1.1944,4,267,0.5,0.4272,0.07279999999999998,5.679304897314376,0.8056872037914692,Brett Nansel,202035
Kawhi Leonard,B.Salvatore,3,630,3,0,15,3580,5.0,5.682539682539683,-0.6825396825396828,1,270,0.3333333333333333,0.42857142857142855,-0.09523809523809523,5.679304897314376,0.8056872037914692,Bennett Salvatore,1192
Kawhi Leonard,B.Schwab,8,625,8,0,32,3563,4.0,5.7008,-1.7008,4,267,0.5,0.4272,0.07279999999999998,5.679304897314376,0.8056872037914692,Brandon Schwab,1628171
Kawhi Leonard,B.Spooner,12,621,12,0,57,3538,4.75,5.697262479871176,-0.947262479871176,5,266,0.4166666666666667,0.428341384863124,-0.011674718196457323,5.679304897314376,0.8056872037914692,Bill Spooner,1194
Kawhi Leonard,B.Taylor,29,604,27,2,175,3420,6.0344827586206895,5.662251655629139,0.3722311029915506,15,256,0.5172413793103449,0.423841059602649,0.09340031970769586,5.679304897314376,0.8056872037914692,Ben Taylor,202049
Kawhi Leonard,C.Aubry,1,632,1,0,2,3593,2.0,5.685126582278481,-3.685126582278481,0,271,0.0,0.4287974683544304,-0.4287974683544304,5.679304897314376,0.8056872037914692,Clare Aubry,1629422
Kawhi Leonard,C.Blair,26,607,26,0,121,3474,4.653846153846154,5.723228995057661,-1.0693828412115067,10,261,0.38461538461538464,0.4299835255354201,-0.04536814092003544,5.679304897314376,0.8056872037914692,Curtis Blair,200832
Kawhi Leonard,C.Flores,5,628,5,0,24,3571,4.8,5.686305732484076,-0.8863057324840762,3,268,0.6,0.4267515923566879,0.17324840764331206,5.679304897314376,0.8056872037914692,Che Flores,203054
Kawhi Leonard,C.Kirkland,26,607,25,1,159,3436,6.115384615384615,5.660626029654036,0.4547585857305787,18,253,0.6923076923076923,0.41680395387149916,0.27550373843619314,5.679304897314376,0.8056872037914692,Courtney Kirkland,2004
Kawhi Leonard,C.Washington,10,623,10,0,65,3530,6.5,5.666131621187801,0.8338683788121992,2,269,0.2,0.4317817014446228,-0.2317817014446228,5.679304897314376,0.8056872037914692,CJ Washington,202056
Kawhi Leonard,D.Collins,30,603,29,1,160,3435,5.333333333333333,5.696517412935323,-0.3631840796019903,14,257,0.4666666666666667,0.4262023217247098,0.04046434494195689,5.679304897314376,0.8056872037914692,Derrick Collins,2002
Kawhi Leonard,D.Crawford,10,623,10,0,71,3524,7.1,5.656500802568218,1.4434991974317812,5,266,0.5,0.42696629213483145,0.07303370786516855,5.679304897314376,0.8056872037914692,Dan Crawford,1152
Kawhi Leonard,D.Guthrie,30,603,26,4,154,3441,5.133333333333334,5.706467661691542,-0.5731343283582087,17,254,0.5666666666666667,0.42122719734660036,0.1454394693200663,5.679304897314376,0.8056872037914692,David Guthrie,2714
Kawhi Leonard,D.Jones,4,629,4,0,13,3582,3.25,5.6947535771065185,-2.4447535771065185,1,270,0.25,0.4292527821939587,-0.17925278219395868,5.679304897314376,0.8056872037914692,David Jones,1168
Kawhi Leonard,D.Mosher,2,631,2,0,8,3587,4.0,5.684627575277338,-1.6846275752773376,0,271,0.0,0.4294770206022187,-0.4294770206022187,5.679304897314376,0.8056872037914692,Dannica Mosher,1628484
Kawhi Leonard,D.Richardson,24,609,24,0,128,3467,5.333333333333333,5.692939244663383,-0.3596059113300498,13,258,0.5416666666666666,0.4236453201970443,0.11802134646962231,5.679304897314376,0.8056872037914692,Derek Richardson,1204
Kawhi Leonard,D.Scott,5,628,5,0,17,3578,3.4,5.697452229299363,-2.297452229299363,1,270,0.2,0.4299363057324841,-0.22993630573248408,5.679304897314376,0.8056872037914692,Danielle Scott,1628487
Kawhi Leonard,D.Stafford,12,621,12,0,54,3541,4.5,5.702093397745571,-1.2020933977455712,4,267,0.3333333333333333,0.42995169082125606,-0.09661835748792275,5.679304897314376,0.8056872037914692,Derrick Stafford,1195
Kawhi Leonard,D.Taylor,28,605,27,1,162,3433,5.785714285714286,5.674380165289256,0.11133412042502933,10,261,0.35714285714285715,0.43140495867768597,-0.07426210153482882,5.679304897314376,0.8056872037914692,Dedric Taylor,203592
Kawhi Leonard,E.Dalen,24,609,24,0,107,3488,4.458333333333333,5.727422003284072,-1.2690886699507393,14,257,0.5833333333333334,0.4220032840722496,0.1613300492610838,5.679304897314376,0.8056872037914692,Eric Dalen,200833
Kawhi Leonard,E.Lewis,31,602,27,4,200,3395,6.451612903225806,5.6395348837209305,0.8120780195048756,14,257,0.45161290322580644,0.4269102990033223,0.02470260422248416,5.679304897314376,0.8056872037914692,Eric Lewis,2715
Kawhi Leonard,E.Malloy,28,605,24,4,156,3439,5.571428571428571,5.684297520661157,-0.11286894923258561,12,259,0.42857142857142855,0.428099173553719,0.00047225501770953304,5.679304897314376,0.8056872037914692,Ed Malloy,2530
Kawhi Leonard,E.Roe,6,627,6,0,25,3570,4.166666666666667,5.69377990430622,-1.5271132376395533,5,266,0.8333333333333334,0.42424242424242425,0.4090909090909091,5.679304897314376,0.8056872037914692,Eli Roe,2532
Kawhi Leonard,E.Scott,4,629,4,0,21,3574,5.25,5.682034976152623,-0.43203497615262343,2,269,0.5,0.4276629570747218,0.0723370429252782,5.679304897314376,0.8056872037914692,Evan Scott,1628172
Kawhi Leonard,G.Petraitis,23,610,21,2,120,3475,5.217391304347826,5.69672131147541,-0.4793300071275839,10,261,0.43478260869565216,0.4278688524590164,0.00691375623663576,5.679304897314376,0.8056872037914692,Gediminas Petraitis,204058
Kawhi Leonard,G.Zielinski,16,617,16,0,79,3516,4.9375,5.698541329011345,-0.7610413290113449,8,263,0.5,0.42625607779578606,0.07374392220421394,5.679304897314376,0.8056872037914692,Gary Zielinski,1664
Kawhi Leonard,H.Workman,13,620,13,0,61,3534,4.6923076923076925,5.7,-1.0076923076923077,7,264,0.5384615384615384,0.4258064516129032,0.11265508684863523,5.679304897314376,0.8056872037914692,Haywoode Workman,201637
Kawhi Leonard,I.Hwang,1,632,1,0,5,3590,5.0,5.680379746835443,-0.6803797468354427,1,270,1.0,0.4272151898734177,0.5727848101265822,5.679304897314376,0.8056872037914692,Intae Hwang,1630886
Kawhi Leonard,J.Butler,13,620,13,0,73,3522,5.615384615384615,5.680645161290323,-0.06526054590570762,9,262,0.6923076923076923,0.42258064516129035,0.26972704714640194,5.679304897314376,0.8056872037914692,John Butler,1628951
Kawhi Leonard,J.Capers,28,605,27,1,152,3443,5.428571428571429,5.6909090909090905,-0.26233766233766165,9,262,0.32142857142857145,0.43305785123966944,-0.11162927981109799,5.679304897314376,0.8056872037914692,James Capers,1148
Kawhi Leonard,J.Conley,4,629,4,0,11,3584,2.75,5.697933227344992,-2.9479332273449916,2,269,0.5,0.4276629570747218,0.0723370429252782,5.679304897314376,0.8056872037914692,John Conley,1627519
Kawhi Leonard,J.Crawford,5,628,5,0,14,3581,2.8,5.702229299363057,-2.902229299363057,5,266,1.0,0.42356687898089174,0.5764331210191083,5.679304897314376,0.8056872037914692,Joe Crawford,1153
Kawhi Leonard,J.DeRosa,13,620,13,0,60,3535,4.615384615384615,5.701612903225806,-1.086228287841191,5,266,0.38461538461538464,0.4290322580645161,-0.04441687344913148,5.679304897314376,0.8056872037914692,JB DeRosa,1155
Kawhi Leonard,J.Goble,49,584,45,4,256,3339,5.224489795918367,5.717465753424658,-0.49297595750629064,21,250,0.42857142857142855,0.4280821917808219,0.0004892367906066397,5.679304897314376,0.8056872037914692,John Goble,101284
Kawhi Leonard,J.Goldenberg,15,618,15,0,103,3492,6.866666666666666,5.650485436893204,1.2161812297734622,7,264,0.4666666666666667,0.42718446601941745,0.03948220064724922,5.679304897314376,0.8056872037914692,Jason Goldenberg,1626301
Kawhi Leonard,J.Orr,18,615,18,0,90,3505,5.0,5.699186991869919,-0.6991869918699187,9,262,0.5,0.42601626016260163,0.07398373983739837,5.679304897314376,0.8056872037914692,J.T. Orr,202037
Kawhi Leonard,J.Phillips,16,617,14,2,100,3495,6.25,5.6645056726094,0.5854943273905997,9,262,0.5625,0.4246353322528363,0.13786466774716372,5.679304897314376,0.8056872037914692,Jason Phillips,2001
Kawhi Leonard,J.Reneau,1,632,1,0,4,3591,4.0,5.681962025316456,-1.681962025316456,1,270,1.0,0.4272151898734177,0.5727848101265822,5.679304897314376,0.8056872037914692,Jenna Reneau,1628168
Kawhi Leonard,J.Schroeder,4,629,4,0,21,3574,5.25,5.682034976152623,-0.43203497615262343,3,268,0.75,0.4260731319554849,0.3239268680445151,5.679304897314376,0.8056872037914692,Jenna Schroeder,1628954
Kawhi Leonard,J.Sterling,12,621,12,0,79,3516,6.583333333333333,5.661835748792271,0.9214975845410622,6,265,0.5,0.42673107890499196,0.07326892109500804,5.679304897314376,0.8056872037914692,Jonathan Sterling,1627964
Kawhi Leonard,J.Tiven,39,594,38,1,210,3385,5.384615384615385,5.698653198653199,-0.31403781403781394,16,255,0.41025641025641024,0.4292929292929293,-0.01903651903651904,5.679304897314376,0.8056872037914692,Josh Tiven,201639
Kawhi Leonard,J.Van Duyne,28,605,27,1,129,3466,4.607142857142857,5.728925619834711,-1.1217827626918542,18,253,0.6428571428571429,0.41818181818181815,0.22467532467532475,5.679304897314376,0.8056872037914692,Justin Van Duyne,203593
Kawhi Leonard,J.Williams,36,597,33,3,233,3362,6.472222222222222,5.631490787269682,0.8407314349525405,16,255,0.4444444444444444,0.4271356783919598,0.017308766052484603,5.679304897314376,0.8056872037914692,James Williams,202058
Kawhi Leonard,K.Cutler,24,609,23,1,129,3466,5.375,5.691297208538588,-0.3162972085385878,12,259,0.5,0.42528735632183906,0.07471264367816094,5.679304897314376,0.8056872037914692,Kevin Cutler,201246
Kawhi Leonard,K.Fitzgerald,22,611,22,0,126,3469,5.7272727272727275,5.677577741407529,0.04969498586519894,13,258,0.5909090909090909,0.42225859247135844,0.1686504984377325,5.679304897314376,0.8056872037914692,Kane Fitzgerald,201640
Kawhi Leonard,K.Lane,30,603,30,0,146,3449,4.866666666666666,5.7197346600331676,-0.8530679933665013,10,261,0.3333333333333333,0.43283582089552236,-0.09950248756218905,5.679304897314376,0.8056872037914692,Karl Lane,202026
Kawhi Leonard,K.Mauer,15,618,15,0,79,3516,5.266666666666667,5.689320388349515,-0.4226537216828481,10,261,0.6666666666666666,0.4223300970873786,0.244336569579288,5.679304897314376,0.8056872037914692,Ken Mauer,1174
Kawhi Leonard,K.Scott,31,602,27,4,159,3436,5.129032258064516,5.707641196013289,-0.5786089379487729,12,259,0.3870967741935484,0.43023255813953487,-0.043135783945986494,5.679304897314376,0.8056872037914692,Kevin Scott,202041
Kawhi Leonard,L.Holtkamp,11,622,11,0,65,3530,5.909090909090909,5.67524115755627,0.23384975153463916,7,264,0.6363636363636364,0.42443729903536975,0.2119263373282666,5.679304897314376,0.8056872037914692,Lauren Holtkamp,203177
Kawhi Leonard,L.Richardson,21,612,21,0,133,3462,6.333333333333333,5.6568627450980395,0.6764705882352935,11,260,0.5238095238095238,0.42483660130718953,0.0989729225023343,5.679304897314376,0.8056872037914692,Leroy Richardson,1188
Kawhi Leonard,L.Wood,17,616,17,0,79,3516,4.647058823529412,5.707792207792208,-1.0607333842627957,11,260,0.6470588235294118,0.42207792207792205,0.22498090145148975,5.679304897314376,0.8056872037914692,Leon Wood,1201
Kawhi Leonard,M.Ayotte,15,618,15,0,78,3517,5.2,5.690938511326861,-0.4909385113268607,6,265,0.4,0.42880258899676377,-0.028802588996763745,5.679304897314376,0.8056872037914692,Mark Ayotte,2148
Kawhi Leonard,M.Boland,25,608,25,0,167,3428,6.68,5.6381578947368425,1.0418421052631572,13,258,0.52,0.4243421052631579,0.09565789473684211,5.679304897314376,0.8056872037914692,Matt Boland,2005
Kawhi Leonard,M.Callahan,21,612,17,4,118,3477,5.619047619047619,5.681372549019608,-0.06232492997198946,7,264,0.3333333333333333,0.43137254901960786,-0.09803921568627455,5.679304897314376,0.8056872037914692,Mike Callahan,1147
Kawhi Leonard,M.Dagher,14,619,14,0,64,3531,4.571428571428571,5.704361873990307,-1.132933302561736,6,265,0.42857142857142855,0.4281098546042003,0.00046157396722823485,5.679304897314376,0.8056872037914692,Mousa Dagher,1628159
Kawhi Leonard,M.Davis,30,603,22,8,187,3408,6.233333333333333,5.651741293532338,0.581592039800995,13,258,0.43333333333333335,0.42786069651741293,0.0054726368159204175,5.679304897314376,0.8056872037914692,Marc Davis,1830
Kawhi Leonard,M.Ervin,18,615,18,0,97,3498,5.388888888888889,5.68780487804878,-0.2989159891598909,7,264,0.3888888888888889,0.4292682926829268,-0.04037940379403793,5.679304897314376,0.8056872037914692,Mitchell Ervin,203591
Kawhi Leonard,M.Kallio,5,628,5,0,23,3572,4.6,5.687898089171974,-1.0878980891719747,1,270,0.2,0.4299363057324841,-0.22993630573248408,5.679304897314376,0.8056872037914692,Matt Kallio,1627526
Kawhi Leonard,M.Kogut,25,608,23,2,126,3469,5.04,5.7055921052631575,-0.6655921052631575,10,261,0.4,0.4292763157894737,-0.02927631578947365,5.679304897314376,0.8056872037914692,Marat Kogut,201245
Kawhi Leonard,M.Lindsay,32,601,31,1,179,3416,5.59375,5.683860232945092,-0.0901102329450918,17,254,0.53125,0.4226289517470882,0.1086210482529118,5.679304897314376,0.8056872037914692,Mark Lindsay,200834
Kawhi Leonard,M.McCutchen,16,617,16,0,67,3528,4.1875,5.717990275526742,-1.5304902755267422,9,262,0.5625,0.4246353322528363,0.13786466774716372,5.679304897314376,0.8056872037914692,Monty McCutchen,1176
Kawhi Leonard,M.Myers,12,621,12,0,61,3534,5.083333333333333,5.690821256038648,-0.6074879227053147,7,264,0.5833333333333334,0.4251207729468599,0.15821256038647347,5.679304897314376,0.8056872037914692,Matt Myers,202901
Kawhi Leonard,M.Smith,31,602,29,2,184,3411,5.935483870967742,5.666112956810632,0.26937091415711034,17,254,0.5483870967741935,0.4219269102990033,0.1264601864751902,5.679304897314376,0.8056872037914692,Michael Smith,1193
Kawhi Leonard,N.Buchert,41,592,40,1,205,3390,5.0,5.726351351351352,-0.7263513513513518,15,256,0.36585365853658536,0.43243243243243246,-0.0665787738958471,5.679304897314376,0.8056872037914692,Nick Buchert,202007
Kawhi Leonard,N.Green,9,624,9,0,49,3546,5.444444444444445,5.6826923076923075,-0.23824786324786285,6,265,0.6666666666666666,0.42467948717948717,0.24198717948717946,5.679304897314376,0.8056872037914692,Nate Green,1627524
Kawhi Leonard,N.Sago,8,625,8,0,39,3556,4.875,5.6896,-0.8146000000000004,4,267,0.5,0.4272,0.07279999999999998,5.679304897314376,0.8056872037914692,Natalie Sago,1627541
Kawhi Leonard,P.Fraher,30,603,29,1,172,3423,5.733333333333333,5.676616915422885,0.056716417910448236,12,259,0.4,0.4295190713101161,-0.029519071310116052,5.679304897314376,0.8056872037914692,Pat Fraher,2003
Kawhi Leonard,P.Ransom,10,623,10,0,57,3538,5.7,5.678972712680578,0.021027287319422605,4,267,0.4,0.42857142857142855,-0.028571428571428525,5.679304897314376,0.8056872037914692,Phenizee Ransom,1627963
Kawhi Leonard,R.Acosta,14,619,14,0,67,3528,4.785714285714286,5.69951534733441,-0.9138010616201244,9,262,0.6428571428571429,0.42326332794830374,0.21959381490883917,5.679304897314376,0.8056872037914692,Ray Acosta,1626300
Kawhi Leonard,R.Garretson,13,620,13,0,54,3541,4.153846153846154,5.711290322580645,-1.5574441687344907,4,267,0.3076923076923077,0.4306451612903226,-0.12295285359801489,5.679304897314376,0.8056872037914692,Ron Garretson,1164
Kawhi Leonard,R.Hussey,5,628,5,0,15,3580,3.0,5.7006369426751595,-2.7006369426751595,4,267,0.8,0.4251592356687898,0.3748407643312102,5.679304897314376,0.8056872037914692,Robert Hussey,1628480
Kawhi Leonard,R.Mott,23,610,23,0,150,3445,6.521739130434782,5.647540983606557,0.8741981468282249,6,265,0.2608695652173913,0.4344262295081967,-0.1735566642908054,5.679304897314376,0.8056872037914692,Rodney Mott,1179
Kawhi Leonard,S.Anderson,7,626,7,0,37,3558,5.285714285714286,5.68370607028754,-0.39799178457325457,2,269,0.2857142857142857,0.42971246006389774,-0.14399817434961204,5.679304897314376,0.8056872037914692,Steve Anderson,202000
Kawhi Leonard,S.Corbin,21,612,20,1,126,3469,6.0,5.6683006535947715,0.33169934640522847,9,262,0.42857142857142855,0.42810457516339867,0.00046685340802987696,5.679304897314376,0.8056872037914692,Sean Corbin,1151
Kawhi Leonard,S.Foster,36,597,32,4,246,3349,6.833333333333333,5.609715242881072,1.2236180904522609,19,252,0.5277777777777778,0.4221105527638191,0.1056672250139587,5.679304897314376,0.8056872037914692,Scott Foster,1162
Kawhi Leonard,S.Jelks,4,629,4,0,18,3577,4.5,5.6868044515103335,-1.1868044515103335,2,269,0.5,0.4276629570747218,0.0723370429252782,5.679304897314376,0.8056872037914692,Simone Jelks,1628481
Kawhi Leonard,S.Mehta,5,628,5,0,38,3557,7.6,5.664012738853503,1.9359872611464963,2,269,0.4,0.428343949044586,-0.02834394904458598,5.679304897314376,0.8056872037914692,Suyash Mehta,1627529
Kawhi Leonard,S.Mitchell,3,630,3,0,19,3576,6.333333333333333,5.6761904761904765,0.6571428571428566,1,270,0.3333333333333333,0.42857142857142855,-0.09523809523809523,5.679304897314376,0.8056872037914692,Sha'Rae Mitchell,1629178
Kawhi Leonard,S.Twardoski,26,607,25,1,158,3437,6.076923076923077,5.662273476112026,0.4146496008110505,16,255,0.6153846153846154,0.4200988467874794,0.19528576859713603,5.679304897314376,0.8056872037914692,Scott Twardoski,202053
Kawhi Leonard,S.Wall,14,619,13,1,74,3521,5.285714285714286,5.688206785137318,-0.40249249942303233,9,262,0.6428571428571429,0.42326332794830374,0.21959381490883917,5.679304897314376,0.8056872037914692,Scott Wall,1198
Kawhi Leonard,S.Wright,26,607,23,3,130,3465,5.0,5.7084019769357495,-0.7084019769357495,12,259,0.46153846153846156,0.42668863261943984,0.03484982891902172,5.679304897314376,0.8056872037914692,Sean Wright,2882
Kawhi Leonard,T.Brothers,34,599,27,7,249,3346,7.323529411764706,5.585976627712855,1.737552784051851,17,254,0.5,0.4240400667779633,0.0759599332220367,5.679304897314376,0.8056872037914692,Tony Brothers,1146
Kawhi Leonard,T.Brown,19,614,19,0,131,3464,6.894736842105263,5.641693811074918,1.2530430310303444,9,262,0.47368421052631576,0.42671009771986973,0.04697411280644603,5.679304897314376,0.8056872037914692,Tony Brown,2529
Kawhi Leonard,T.Ford,28,605,27,1,143,3452,5.107142857142857,5.705785123966942,-0.5986422668240854,10,261,0.35714285714285715,0.43140495867768597,-0.07426210153482882,5.679304897314376,0.8056872037914692,Tyler Ford,204059
Kawhi Leonard,T.Maddox,27,606,26,1,173,3422,6.407407407407407,5.646864686468647,0.7605427209387603,10,261,0.37037037037037035,0.4306930693069307,-0.06032269893656034,5.679304897314376,0.8056872037914692,Tre Maddox,202027
Kawhi Leonard,T.Ricks,2,631,2,0,12,3583,6.0,5.678288431061807,0.3217115689381931,1,270,0.5,0.42789223454833597,0.07210776545166403,5.679304897314376,0.8056872037914692,Tyler Ricks,1627539
Kawhi Leonard,T.Washington,26,607,25,1,160,3435,6.153846153846154,5.658978583196046,0.4948675706501078,13,258,0.5,0.42504118616144976,0.07495881383855024,5.679304897314376,0.8056872037914692,Tom Washington,1199
Kawhi Leonard,Z.Zarba,33,600,28,5,195,3400,5.909090909090909,5.666666666666667,0.2424242424242422,16,255,0.48484848484848486,0.425,0.05984848484848487,5.679304897314376,0.8056872037914692,Zach Zarba,2534
Rudy Gobert,A.Moyer-Gleich,13,855,13,0,63,4448,4.846153846153846,5.20233918128655,-0.3561853351327038,11,589,0.8461538461538461,0.6888888888888889,0.15726495726495726,5.197004608294931,0.6912442396313364,Ashley Moyer-Gleich,1628953
Rudy Gobert,A.Nagy,14,854,14,0,61,4450,4.357142857142857,5.210772833723653,-0.8536299765807964,12,588,0.8571428571428571,0.6885245901639344,0.16861826697892268,5.197004608294931,0.6912442396313364,Andy Nagy,1627534
Rudy Gobert,A.Smith,23,845,23,0,128,4383,5.565217391304348,5.18698224852071,0.37823514278363746,20,580,0.8695652173913043,0.6863905325443787,0.18317468484692567,5.197004608294931,0.6912442396313364,Aaron Smith,1626302
Rudy Gobert,B.Adair,24,844,24,0,136,4375,5.666666666666667,5.1836492890995265,0.48301737756714047,16,584,0.6666666666666666,0.6919431279620853,-0.025276461295418717,5.197004608294931,0.6912442396313364,Brandon Adair,1627961
Rudy Gobert,B.Adams,23,845,22,1,141,4370,6.130434782608695,5.171597633136095,0.9588371494726005,12,588,0.5217391304347826,0.6958579881656805,-0.17411885773089786,5.197004608294931,0.6912442396313364,Bennie Adams,1363
Rudy Gobert,B.Barnaky,44,824,43,1,226,4285,5.136363636363637,5.200242718446602,-0.06387908208296533,33,567,0.75,0.6881067961165048,0.061893203883495174,5.197004608294931,0.6912442396313364,Brent Barnaky,201638
Rudy Gobert,B.Burns,2,866,2,0,12,4499,6.0,5.195150115473441,0.8048498845265586,2,598,1.0,0.6905311778290993,0.30946882217090066,5.197004608294931,0.6912442396313364,Blanca Burns,1629174
Rudy Gobert,B.Forte,39,829,36,3,197,4314,5.051282051282051,5.203860072376357,-0.15257802109430596,24,576,0.6153846153846154,0.6948130277442702,-0.07942841235965481,5.197004608294931,0.6912442396313364,Brian Forte,101283
Rudy Gobert,B.Haskill,3,865,3,0,13,4498,4.333333333333333,5.2,-0.8666666666666671,2,598,0.6666666666666666,0.6913294797687861,-0.024662813102119485,5.197004608294931,0.6912442396313364,Brent Haskill,1629175
Rudy Gobert,B.Kennedy,43,825,38,5,222,4289,5.162790697674419,5.198787878787879,-0.035997181113460286,34,566,0.7906976744186046,0.686060606060606,0.10463706835799857,5.197004608294931,0.6912442396313364,Bill Kennedy,1662
Rudy Gobert,B.Nansel,27,841,27,0,138,4373,5.111111111111111,5.199762187871581,-0.08865107676047046,18,582,0.6666666666666666,0.6920332936979786,-0.025366627031311983,5.197004608294931,0.6912442396313364,Brett Nansel,202035
Rudy Gobert,B.Salvatore,2,866,2,0,0,4511,0.0,5.209006928406467,-5.209006928406467,2,598,1.0,0.6905311778290993,0.30946882217090066,5.197004608294931,0.6912442396313364,Bennett Salvatore,1192
Rudy Gobert,B.Schwab,11,857,11,0,48,4463,4.363636363636363,5.207701283547258,-0.8440649199108945,8,592,0.7272727272727273,0.690781796966161,0.03649093030656625,5.197004608294931,0.6912442396313364,Brandon Schwab,1628171
Rudy Gobert,B.Spooner,15,853,15,0,76,4435,5.066666666666666,5.199296600234467,-0.1326299335678005,10,590,0.6666666666666666,0.6916764361078547,-0.025009769441188046,5.197004608294931,0.6912442396313364,Bill Spooner,1194
Rudy Gobert,B.Taylor,28,840,28,0,126,4385,4.5,5.220238095238095,-0.7202380952380949,20,580,0.7142857142857143,0.6904761904761905,0.023809523809523836,5.197004608294931,0.6912442396313364,Ben Taylor,202049
Rudy Gobert,C.Blair,34,834,31,3,167,4344,4.911764705882353,5.2086330935251794,-0.2968683876428262,23,577,0.6764705882352942,0.6918465227817746,-0.015375934546480452,5.197004608294931,0.6912442396313364,Curtis Blair,200832
Rudy Gobert,C.Flores,11,857,11,0,73,4438,6.636363636363637,5.17852975495916,1.4578338814044765,8,592,0.7272727272727273,0.690781796966161,0.03649093030656625,5.197004608294931,0.6912442396313364,Che Flores,203054
Rudy Gobert,C.Kirkland,33,835,33,0,154,4357,4.666666666666667,5.217964071856287,-0.5512974051896204,23,577,0.696969696969697,0.6910179640718563,0.005951732897840678,5.197004608294931,0.6912442396313364,Courtney Kirkland,2004
Rudy Gobert,C.Washington,24,844,24,0,113,4398,4.708333333333333,5.210900473933649,-0.5025671406003163,21,579,0.875,0.6860189573459715,0.18898104265402849,5.197004608294931,0.6912442396313364,CJ Washington,202056
Rudy Gobert,D.Collins,36,832,36,0,217,4294,6.027777777777778,5.1610576923076925,0.8667200854700852,30,570,0.8333333333333334,0.6850961538461539,0.14823717948717952,5.197004608294931,0.6912442396313364,Derrick Collins,2002
Rudy Gobert,D.Crawford,10,858,10,0,48,4463,4.8,5.201631701631702,-0.40163170163170214,6,594,0.6,0.6923076923076923,-0.09230769230769231,5.197004608294931,0.6912442396313364,Dan Crawford,1152
Rudy Gobert,D.Guthrie,29,839,26,3,149,4362,5.137931034482759,5.199046483909416,-0.06111544942665681,22,578,0.7586206896551724,0.6889153754469607,0.06970531420821169,5.197004608294931,0.6912442396313364,David Guthrie,2714
Rudy Gobert,D.Jones,9,859,9,0,19,4492,2.111111111111111,5.229336437718277,-3.1182253266071656,5,595,0.5555555555555556,0.6926658905704307,-0.13711033501487513,5.197004608294931,0.6912442396313364,David Jones,1168
Rudy Gobert,D.Mosher,3,865,3,0,15,4496,5.0,5.197687861271676,-0.19768786127167637,3,597,1.0,0.6901734104046243,0.3098265895953757,5.197004608294931,0.6912442396313364,Dannica Mosher,1628484
Rudy Gobert,D.Richardson,24,844,24,0,165,4346,6.875,5.149289099526066,1.725710900473934,21,579,0.875,0.6860189573459715,0.18898104265402849,5.197004608294931,0.6912442396313364,Derek Richardson,1204
Rudy Gobert,D.Scott,8,860,8,0,31,4480,3.875,5.209302325581396,-1.3343023255813957,4,596,0.5,0.6930232558139535,-0.19302325581395352,5.197004608294931,0.6912442396313364,Danielle Scott,1628487
Rudy Gobert,D.Stafford,15,853,15,0,69,4442,4.6,5.207502930832357,-0.6075029308323572,11,589,0.7333333333333333,0.690504103165299,0.042829230168034305,5.197004608294931,0.6912442396313364,Derrick Stafford,1195
Rudy Gobert,D.Taylor,31,837,29,2,155,4356,5.0,5.204301075268817,-0.20430107526881702,21,579,0.6774193548387096,0.6917562724014337,-0.014336917562724039,5.197004608294931,0.6912442396313364,Dedric Taylor,203592
Rudy Gobert,E.Dalen,29,839,28,1,174,4337,6.0,5.169249106078665,0.8307508939213353,21,579,0.7241379310344828,0.6901072705601907,0.03403066047429204,5.197004608294931,0.6912442396313364,Eric Dalen,200833
Rudy Gobert,E.Lewis,36,832,35,1,185,4326,5.138888888888889,5.199519230769231,-0.060630341880341554,28,572,0.7777777777777778,0.6875,0.09027777777777779,5.197004608294931,0.6912442396313364,Eric Lewis,2715
Rudy Gobert,E.Malloy,47,821,44,3,271,4240,5.76595744680851,5.1644336175395855,0.6015238292689249,38,562,0.8085106382978723,0.6845310596833131,0.12397957861455922,5.197004608294931,0.6912442396313364,Ed Malloy,2530
Rudy Gobert,E.Roe,5,863,5,0,21,4490,4.2,5.202780996523754,-1.0027809965237537,3,597,0.6,0.6917728852838934,-0.09177288528389338,5.197004608294931,0.6912442396313364,Eli Roe,2532
Rudy Gobert,E.Scott,13,855,13,0,75,4436,5.769230769230769,5.188304093567251,0.5809266756635179,11,589,0.8461538461538461,0.6888888888888889,0.15726495726495726,5.197004608294931,0.6912442396313364,Evan Scott,1628172
Rudy Gobert,G.Petraitis,36,832,33,3,190,4321,5.277777777777778,5.193509615384615,0.0842681623931627,29,571,0.8055555555555556,0.6862980769230769,0.11925747863247871,5.197004608294931,0.6912442396313364,Gediminas Petraitis,204058
Rudy Gobert,G.Zielinski,15,853,15,0,79,4432,5.266666666666667,5.1957796014068,0.07088706525986677,14,586,0.9333333333333333,0.6869871043376319,0.24634622899570147,5.197004608294931,0.6912442396313364,Gary Zielinski,1664
Rudy Gobert,H.Workman,15,853,15,0,64,4447,4.266666666666667,5.213364595545134,-0.9466979288784678,12,588,0.8,0.6893317702227433,0.11066822977725677,5.197004608294931,0.6912442396313364,Haywoode Workman,201637
Rudy Gobert,I.Hwang,7,861,7,0,38,4473,5.428571428571429,5.195121951219512,0.23344947735191646,5,595,0.7142857142857143,0.6910569105691057,0.023228803716608626,5.197004608294931,0.6912442396313364,Intae Hwang,1630886
Rudy Gobert,J.Butler,22,846,22,0,115,4396,5.2272727272727275,5.196217494089835,0.031055233182892827,15,585,0.6818181818181818,0.6914893617021277,-0.009671179883945946,5.197004608294931,0.6912442396313364,John Butler,1628951
Rudy Gobert,J.Capers,37,831,34,3,193,4318,5.216216216216216,5.196149217809868,0.020066998406347736,26,574,0.7027027027027027,0.690734055354994,0.01196864734770875,5.197004608294931,0.6912442396313364,James Capers,1148
Rudy Gobert,J.Conley,7,861,7,0,19,4492,2.7142857142857144,5.21718931475029,-2.5029036004645757,6,594,0.8571428571428571,0.6898954703832753,0.16724738675958184,5.197004608294931,0.6912442396313364,John Conley,1627519
Rudy Gobert,J.Crawford,3,865,3,0,6,4505,2.0,5.208092485549133,-3.208092485549133,2,598,0.6666666666666666,0.6913294797687861,-0.024662813102119485,5.197004608294931,0.6912442396313364,Joe Crawford,1153
Rudy Gobert,J.DeRosa,29,839,28,1,171,4340,5.896551724137931,5.172824791418355,0.7237269327195754,27,573,0.9310344827586207,0.6829558998808105,0.24807858287781015,5.197004608294931,0.6912442396313364,JB DeRosa,1155
Rudy Gobert,J.Goble,71,797,67,4,369,4142,5.197183098591549,5.196988707653701,0.00019439093784789918,47,553,0.6619718309859155,0.6938519447929736,-0.03188011380705813,5.197004608294931,0.6912442396313364,John Goble,101284
Rudy Gobert,J.Goldenberg,19,849,19,0,88,4423,4.631578947368421,5.209658421672556,-0.5780794743041344,16,584,0.8421052631578947,0.6878680800942285,0.15423718306366618,5.197004608294931,0.6912442396313364,Jason Goldenberg,1626301
Rudy Gobert,J.Orr,33,835,33,0,189,4322,5.7272727272727275,5.176047904191617,0.5512248230811103,19,581,0.5757575757575758,0.6958083832335329,-0.12005080747595709,5.197004608294931,0.6912442396313364,J.T. Orr,202037
Rudy Gobert,J.Phillips,17,851,17,0,100,4411,5.882352941176471,5.18331374853114,0.6990391926453308,11,589,0.6470588235294118,0.6921269095182139,-0.045068085988802076,5.197004608294931,0.6912442396313364,Jason Phillips,2001
Rudy Gobert,J.Ralls,3,865,3,0,8,4503,2.6666666666666665,5.205780346820809,-2.5391136801541427,2,598,0.6666666666666666,0.6913294797687861,-0.024662813102119485,5.197004608294931,0.6912442396313364,JD Ralls,1628485
Rudy Gobert,J.Reneau,3,865,3,0,16,4495,5.333333333333333,5.196531791907514,0.13680154142581902,1,599,0.3333333333333333,0.692485549132948,-0.3591522157996147,5.197004608294931,0.6912442396313364,Jenna Reneau,1628168
Rudy Gobert,J.Schroeder,17,851,17,0,59,4452,3.4705882352941178,5.2314923619271445,-1.7609041266330268,14,586,0.8235294117647058,0.6886016451233843,0.13492776664132156,5.197004608294931,0.6912442396313364,Jenna Schroeder,1628954
Rudy Gobert,J.Sterling,19,849,19,0,113,4398,5.947368421052632,5.180212014134276,0.7671564069183558,14,586,0.7368421052631579,0.690223792697291,0.046618312565866904,5.197004608294931,0.6912442396313364,Jonathan Sterling,1627964
Rudy Gobert,J.Tiven,45,823,42,3,207,4304,4.6,5.229647630619684,-0.6296476306196848,34,566,0.7555555555555555,0.6877278250303767,0.06782773052517888,5.197004608294931,0.6912442396313364,Josh Tiven,201639
Rudy Gobert,J.Van Duyne,42,826,42,0,206,4305,4.904761904761905,5.211864406779661,-0.3071025020177558,38,562,0.9047619047619048,0.6803874092009685,0.22437449556093625,5.197004608294931,0.6912442396313364,Justin Van Duyne,203593
Rudy Gobert,J.Williams,43,825,40,3,202,4309,4.6976744186046515,5.223030303030303,-0.5253558844256512,28,572,0.6511627906976745,0.6933333333333334,-0.04217054263565889,5.197004608294931,0.6912442396313364,James Williams,202058
Rudy Gobert,K.Cutler,41,827,40,1,220,4291,5.365853658536586,5.18863361547763,0.17722004305895567,30,570,0.7317073170731707,0.6892382103990327,0.04246910667413806,5.197004608294931,0.6912442396313364,Kevin Cutler,201246
Rudy Gobert,K.Fitzgerald,28,840,27,1,196,4315,7.0,5.136904761904762,1.8630952380952381,23,577,0.8214285714285714,0.6869047619047619,0.1345238095238095,5.197004608294931,0.6912442396313364,Kane Fitzgerald,201640
Rudy Gobert,K.Kissinger,1,867,1,0,4,4507,4.0,5.19838523644752,-1.1983852364475203,1,599,1.0,0.6908881199538639,0.3091118800461361,5.197004608294931,0.6912442396313364,Kipp Kissinger,204055
Rudy Gobert,K.Lane,40,828,39,1,224,4287,5.6,5.177536231884058,0.422463768115942,28,572,0.7,0.6908212560386473,0.009178743961352653,5.197004608294931,0.6912442396313364,Karl Lane,202026
Rudy Gobert,K.Mauer,24,844,21,3,149,4362,6.208333333333333,5.168246445497631,1.0400868878357024,17,583,0.7083333333333334,0.6907582938388626,0.017575039494470812,5.197004608294931,0.6912442396313364,Ken Mauer,1174
Rudy Gobert,K.Scott,46,822,44,2,211,4300,4.586956521739131,5.231143552311435,-0.6441870305723043,33,567,0.717391304347826,0.6897810218978102,0.027610282450015844,5.197004608294931,0.6912442396313364,Kevin Scott,202041
Rudy Gobert,L.Holtkamp,17,851,17,0,104,4407,6.117647058823529,5.1786133960047005,0.9390336628188285,13,587,0.7647058823529411,0.6897767332549941,0.07492914909794701,5.197004608294931,0.6912442396313364,Lauren Holtkamp,203177
Rudy Gobert,L.Richardson,20,848,20,0,106,4405,5.3,5.194575471698113,0.10542452830188687,15,585,0.75,0.6898584905660378,0.06014150943396224,5.197004608294931,0.6912442396313364,Leroy Richardson,1188
Rudy Gobert,L.Wood,38,830,38,0,226,4285,5.947368421052632,5.162650602409639,0.7847178186429931,28,572,0.7368421052631579,0.689156626506024,0.0476854787571338,5.197004608294931,0.6912442396313364,Leon Wood,1201
Rudy Gobert,M.Ayotte,23,845,23,0,153,4358,6.6521739130434785,5.157396449704142,1.4947774633393367,18,582,0.782608695652174,0.6887573964497041,0.09385129920246982,5.197004608294931,0.6912442396313364,Mark Ayotte,2148
Rudy Gobert,M.Boland,31,837,31,0,175,4336,5.645161290322581,5.180406212664277,0.46475507765830404,22,578,0.7096774193548387,0.6905615292712067,0.019115890083632014,5.197004608294931,0.6912442396313364,Matt Boland,2005
Rudy Gobert,M.Callahan,17,851,17,0,99,4412,5.823529411764706,5.18448883666275,0.6390405751019559,13,587,0.7647058823529411,0.6897767332549941,0.07492914909794701,5.197004608294931,0.6912442396313364,Mike Callahan,1147
Rudy Gobert,M.Dagher,15,853,15,0,95,4416,6.333333333333333,5.177022274325909,1.1563110590074244,11,589,0.7333333333333333,0.690504103165299,0.042829230168034305,5.197004608294931,0.6912442396313364,Mousa Dagher,1628159
Rudy Gobert,M.Davis,44,824,43,1,210,4301,4.7727272727272725,5.219660194174757,-0.44693292144748487,31,569,0.7045454545454546,0.6905339805825242,0.014011473962930343,5.197004608294931,0.6912442396313364,Marc Davis,1830
Rudy Gobert,M.Ervin,31,837,29,2,168,4343,5.419354838709677,5.188769414575866,0.23058542413381122,26,574,0.8387096774193549,0.6857825567502986,0.15292712066905623,5.197004608294931,0.6912442396313364,Mitchell Ervin,203591
Rudy Gobert,M.Kallio,13,855,13,0,64,4447,4.923076923076923,5.201169590643275,-0.27809266756635154,10,590,0.7692307692307693,0.6900584795321637,0.07917228969860557,5.197004608294931,0.6912442396313364,Matt Kallio,1627526
Rudy Gobert,M.Kogut,29,839,29,0,139,4372,4.793103448275862,5.210965435041716,-0.4178619867658542,21,579,0.7241379310344828,0.6901072705601907,0.03403066047429204,5.197004608294931,0.6912442396313364,Marat Kogut,201245
Rudy Gobert,M.Lindsay,46,822,45,1,233,4278,5.065217391304348,5.204379562043796,-0.13916217073944814,31,569,0.6739130434782609,0.6922141119221411,-0.018301068443880242,5.197004608294931,0.6912442396313364,Mark Lindsay,200834
Rudy Gobert,M.McCutchen,9,859,9,0,35,4476,3.888888888888889,5.2107101280558785,-1.3218212391669897,7,593,0.7777777777777778,0.6903376018626309,0.08744017591514686,5.197004608294931,0.6912442396313364,Monty McCutchen,1176
Rudy Gobert,M.Myers,15,853,15,0,59,4452,3.933333333333333,5.219226260257913,-1.2858929269245798,11,589,0.7333333333333333,0.690504103165299,0.042829230168034305,5.197004608294931,0.6912442396313364,Matt Myers,202901
Rudy Gobert,M.Smith,37,831,36,1,247,4264,6.675675675675675,5.131167268351384,1.5445084073242912,32,568,0.8648648648648649,0.6835138387484958,0.1813510261163691,5.197004608294931,0.6912442396313364,Michael Smith,1193
Rudy Gobert,N.Buchert,38,830,36,2,205,4306,5.394736842105263,5.187951807228916,0.20678503487634714,28,572,0.7368421052631579,0.689156626506024,0.0476854787571338,5.197004608294931,0.6912442396313364,Nick Buchert,202007
Rudy Gobert,N.Green,9,859,9,0,81,4430,9.0,5.157159487776484,3.842840512223516,6,594,0.6666666666666666,0.6915017462165308,-0.024835079549864192,5.197004608294931,0.6912442396313364,Nate Green,1627524
Rudy Gobert,N.Sago,19,849,18,1,75,4436,3.9473684210526314,5.2249705535924615,-1.2776021325398301,16,584,0.8421052631578947,0.6878680800942285,0.15423718306366618,5.197004608294931,0.6912442396313364,Natalie Sago,1627541
Rudy Gobert,P.Fraher,48,820,45,3,225,4286,4.6875,5.226829268292683,-0.5393292682926827,36,564,0.75,0.6878048780487804,0.06219512195121957,5.197004608294931,0.6912442396313364,Pat Fraher,2003
Rudy Gobert,P.O'Connell,1,867,1,0,3,4508,3.0,5.199538638985006,-2.199538638985006,1,599,1.0,0.6908881199538639,0.3091118800461361,5.197004608294931,0.6912442396313364,Pat O'Connell,1629183
Rudy Gobert,P.Ransom,18,850,18,0,79,4432,4.388888888888889,5.214117647058823,-0.825228758169934,15,585,0.8333333333333334,0.6882352941176471,0.14509803921568631,5.197004608294931,0.6912442396313364,Phenizee Ransom,1627963
Rudy Gobert,R.Acosta,34,834,32,2,173,4338,5.088235294117647,5.201438848920863,-0.1132035548032162,23,577,0.6764705882352942,0.6918465227817746,-0.015375934546480452,5.197004608294931,0.6912442396313364,Ray Acosta,1626300
Rudy Gobert,R.Garretson,21,847,21,0,88,4423,4.190476190476191,5.221959858323495,-1.0314836678473043,12,588,0.5714285714285714,0.6942148760330579,-0.12278630460448647,5.197004608294931,0.6912442396313364,Ron Garretson,1164
Rudy Gobert,R.Hussey,6,862,6,0,30,4481,5.0,5.198375870069605,-0.19837587006960522,4,596,0.6666666666666666,0.691415313225058,-0.024748646558391374,5.197004608294931,0.6912442396313364,Robert Hussey,1628480
Rudy Gobert,R.Mott,34,834,33,1,187,4324,5.5,5.184652278177458,0.3153477218225422,22,578,0.6470588235294118,0.6930455635491607,-0.045986740019748895,5.197004608294931,0.6912442396313364,Rodney Mott,1179
Rudy Gobert,S.Anderson,7,861,7,0,33,4478,4.714285714285714,5.200929152148665,-0.4866434378629503,4,596,0.5714285714285714,0.6922183507549361,-0.1207897793263647,5.197004608294931,0.6912442396313364,Steve Anderson,202000
Rudy Gobert,S.Corbin,32,836,29,3,124,4387,3.875,5.247607655502392,-1.3726076555023923,24,576,0.75,0.6889952153110048,0.06100478468899517,5.197004608294931,0.6912442396313364,Sean Corbin,1151
Rudy Gobert,S.Foster,45,823,41,4,265,4246,5.888888888888889,5.159173754556501,0.7297151343323884,36,564,0.8,0.6852976913730255,0.1147023086269745,5.197004608294931,0.6912442396313364,Scott Foster,1162
Rudy Gobert,S.Jelks,6,862,6,0,50,4461,8.333333333333334,5.175174013921113,3.1581593194122206,3,597,0.5,0.6925754060324826,-0.19257540603248258,5.197004608294931,0.6912442396313364,Simone Jelks,1628481
Rudy Gobert,S.Mehta,8,860,8,0,36,4475,4.5,5.203488372093023,-0.7034883720930232,7,593,0.875,0.6895348837209302,0.1854651162790698,5.197004608294931,0.6912442396313364,Suyash Mehta,1627529
Rudy Gobert,S.Mitchell,6,862,6,0,21,4490,3.5,5.208816705336427,-1.7088167053364272,6,594,1.0,0.6890951276102089,0.31090487238979114,5.197004608294931,0.6912442396313364,Sha'Rae Mitchell,1629178
Rudy Gobert,S.Twardoski,39,829,38,1,240,4271,6.153846153846154,5.151990349819059,1.0018558040270955,33,567,0.8461538461538461,0.6839565741857659,0.1621972719680802,5.197004608294931,0.6912442396313364,Scott Twardoski,202053
Rudy Gobert,S.Wall,29,839,29,0,145,4366,5.0,5.203814064362336,-0.2038140643623363,24,576,0.8275862068965517,0.6865315852205006,0.1410546216760511,5.197004608294931,0.6912442396313364,Scott Wall,1198
Rudy Gobert,S.Wright,38,830,35,3,202,4309,5.315789473684211,5.191566265060241,0.1242232086239694,26,574,0.6842105263157895,0.691566265060241,-0.007355738744451501,5.197004608294931,0.6912442396313364,Sean Wright,2882
Rudy Gobert,T.Brothers,37,831,37,0,196,4315,5.297297297297297,5.192539109506619,0.10475818779067847,28,572,0.7567567567567568,0.6883273164861613,0.0684294402705955,5.197004608294931,0.6912442396313364,Tony Brothers,1146
Rudy Gobert,T.Brown,26,842,25,1,128,4383,4.923076923076923,5.205463182897862,-0.2823862598209388,18,582,0.6923076923076923,0.6912114014251781,0.0010962908825141726,5.197004608294931,0.6912442396313364,Tony Brown,2529
Rudy Gobert,T.Ford,50,818,49,1,239,4272,4.78,5.222493887530562,-0.44249388753056174,39,561,0.78,0.6858190709046454,0.09418092909535458,5.197004608294931,0.6912442396313364,Tyler Ford,204059
Rudy Gobert,T.Maddox,41,827,40,1,235,4276,5.7317073170731705,5.1704957678355505,0.56121154923762,33,567,0.8048780487804879,0.6856106408706167,0.11926740790987111,5.197004608294931,0.6912442396313364,Tre Maddox,202027
Rudy Gobert,T.Ricks,1,867,1,0,12,4499,12.0,5.189158016147635,6.810841983852365,1,599,1.0,0.6908881199538639,0.3091118800461361,5.197004608294931,0.6912442396313364,Tyler Ricks,1627539
Rudy Gobert,T.Washington,33,835,32,1,152,4359,4.606060606060606,5.220359281437125,-0.6142986753765189,21,579,0.6363636363636364,0.6934131736526946,-0.05704953728905826,5.197004608294931,0.6912442396313364,Tom Washington,1199
Rudy Gobert,V.Palmer,4,864,4,0,14,4497,3.5,5.204861111111111,-1.7048611111111107,4,596,1.0,0.6898148148148148,0.31018518518518523,5.197004608294931,0.6912442396313364,Violet Palmer,1185
Rudy Gobert,Z.Zarba,44,824,40,4,242,4269,5.5,5.180825242718447,0.3191747572815533,24,576,0.5454545454545454,0.6990291262135923,-0.15357458075904684,5.197004608294931,0.6912442396313364,Zach Zarba,2534
Jaren Jackson Jr.,A.Moyer-Gleich,11,423,11,0,54,1962,4.909090909090909,4.638297872340425,0.27079303675048383,18,540,1.6363636363636365,1.2765957446808511,0.35976789168278533,4.645161290322581,10.928571428571429,Ashley Moyer-Gleich,1628953
Jaren Jackson Jr.,A.Nagy,13,421,13,0,67,1949,5.153846153846154,4.629453681710213,0.5243924721359408,15,543,1.1538461538461537,1.2897862232779098,-0.13594006943175607,4.645161290322581,10.928571428571429,Andy Nagy,1627534
Jaren Jackson Jr.,A.Smith,19,415,19,0,81,1935,4.2631578947368425,4.662650602409639,-0.3994927076727963,27,531,1.4210526315789473,1.2795180722891566,0.14153455928979075,4.645161290322581,10.928571428571429,Aaron Smith,1626302
Jaren Jackson Jr.,B.Adair,17,417,17,0,82,1934,4.823529411764706,4.6378896882494,0.18563972351530555,23,535,1.3529411764705883,1.2829736211031175,0.06996755536747079,4.645161290322581,10.928571428571429,Brandon Adair,1627961
Jaren Jackson Jr.,B.Adams,3,431,3,0,22,1994,7.333333333333333,4.626450116009281,2.7068832173240525,3,555,1.0,1.2877030162412992,-0.28770301624129924,4.645161290322581,10.928571428571429,Bennie Adams,1363
Jaren Jackson Jr.,B.Barnaky,23,411,22,1,117,1899,5.086956521739131,4.62043795620438,0.46651856553475124,30,528,1.3043478260869565,1.2846715328467153,0.019676293240241227,4.645161290322581,10.928571428571429,Brent Barnaky,201638
Jaren Jackson Jr.,B.Burns,1,433,1,0,6,2010,6.0,4.64203233256351,1.3579676674364896,1,557,1.0,1.2863741339491916,-0.28637413394919164,4.645161290322581,10.928571428571429,Blanca Burns,1629174
Jaren Jackson Jr.,B.Forte,21,413,21,0,110,1906,5.238095238095238,4.61501210653753,0.6230831315577081,28,530,1.3333333333333333,1.2832929782082325,0.050040355125100744,4.645161290322581,10.928571428571429,Brian Forte,101283
Jaren Jackson Jr.,B.Haskill,2,432,2,0,16,2000,8.0,4.62962962962963,3.3703703703703702,1,557,0.5,1.2893518518518519,-0.7893518518518519,4.645161290322581,10.928571428571429,Brent Haskill,1629175
Jaren Jackson Jr.,B.Kennedy,19,415,18,1,94,1922,4.947368421052632,4.63132530120482,0.3160431198478122,22,536,1.1578947368421053,1.2915662650602409,-0.13367152821813555,4.645161290322581,10.928571428571429,Bill Kennedy,1662
Jaren Jackson Jr.,B.Maru,1,433,1,0,3,2013,3.0,4.648960739030023,-1.6489607390300227,1,557,1.0,1.2863741339491916,-0.28637413394919164,4.645161290322581,10.928571428571429,Biniam Maru,1629177
Jaren Jackson Jr.,B.Nansel,15,419,15,0,85,1931,5.666666666666667,4.608591885441528,1.0580747812251392,17,541,1.1333333333333333,1.2911694510739857,-0.15783611774065243,4.645161290322581,10.928571428571429,Brett Nansel,202035
Jaren Jackson Jr.,B.Schwab,9,425,9,0,58,1958,6.444444444444445,4.607058823529412,1.8373856209150325,15,543,1.6666666666666667,1.2776470588235294,0.3890196078431374,4.645161290322581,10.928571428571429,Brandon Schwab,1628171
Jaren Jackson Jr.,B.Taylor,25,409,25,0,111,1905,4.44,4.657701711491443,-0.21770171149144257,36,522,1.44,1.276283618581907,0.16371638141809286,4.645161290322581,10.928571428571429,Ben Taylor,202049
Jaren Jackson Jr.,C.Blair,25,409,25,0,119,1897,4.76,4.638141809290953,0.12185819070904635,34,524,1.36,1.2811735941320292,0.07882640586797085,4.645161290322581,10.928571428571429,Curtis Blair,200832
Jaren Jackson Jr.,C.Flores,4,430,4,0,17,1999,4.25,4.648837209302326,-0.398837209302326,6,552,1.5,1.283720930232558,0.21627906976744193,4.645161290322581,10.928571428571429,Che Flores,203054
Jaren Jackson Jr.,C.Kirkland,20,414,19,1,80,1936,4.0,4.676328502415459,-0.6763285024154593,26,532,1.3,1.285024154589372,0.01497584541062813,4.645161290322581,10.928571428571429,Courtney Kirkland,2004
Jaren Jackson Jr.,C.Washington,12,422,12,0,66,1950,5.5,4.62085308056872,0.87914691943128,20,538,1.6666666666666667,1.2748815165876777,0.39178515007898906,4.645161290322581,10.928571428571429,CJ Washington,202056
Jaren Jackson Jr.,D.Collins,19,415,19,0,71,1945,3.736842105263158,4.686746987951807,-0.9499048826886489,26,532,1.368421052631579,1.2819277108433735,0.08649334178820545,4.645161290322581,10.928571428571429,Derrick Collins,2002
Jaren Jackson Jr.,D.Guthrie,14,420,14,0,68,1948,4.857142857142857,4.6380952380952385,0.21904761904761827,24,534,1.7142857142857142,1.2714285714285714,0.44285714285714284,4.645161290322581,10.928571428571429,David Guthrie,2714
Jaren Jackson Jr.,D.Mosher,3,431,3,0,20,1996,6.666666666666667,4.631090487238979,2.0355761794276876,5,553,1.6666666666666667,1.283062645011601,0.3836040216550658,4.645161290322581,10.928571428571429,Dannica Mosher,1628484
Jaren Jackson Jr.,D.Richardson,12,422,12,0,50,1966,4.166666666666667,4.658767772511848,-0.4921011058451814,13,545,1.0833333333333333,1.2914691943127963,-0.20813586097946302,4.645161290322581,10.928571428571429,Derek Richardson,1204
Jaren Jackson Jr.,D.Scott,8,426,8,0,33,1983,4.125,4.654929577464789,-0.529929577464789,13,545,1.625,1.2793427230046948,0.34565727699530524,4.645161290322581,10.928571428571429,Danielle Scott,1628487
Jaren Jackson Jr.,D.Taylor,15,419,14,1,68,1948,4.533333333333333,4.649164677804296,-0.11583134447096288,21,537,1.4,1.2816229116945108,0.1183770883054891,4.645161290322581,10.928571428571429,Dedric Taylor,203592
Jaren Jackson Jr.,E.Dalen,14,420,14,0,74,1942,5.285714285714286,4.623809523809523,0.6619047619047622,17,541,1.2142857142857142,1.2880952380952382,-0.07380952380952399,4.645161290322581,10.928571428571429,Eric Dalen,200833
Jaren Jackson Jr.,E.Lewis,19,415,18,1,64,1952,3.3684210526315788,4.703614457831326,-1.335193405199747,19,539,1.0,1.2987951807228915,-0.29879518072289146,4.645161290322581,10.928571428571429,Eric Lewis,2715
Jaren Jackson Jr.,E.Malloy,19,415,19,0,65,1951,3.4210526315789473,4.701204819277108,-1.2801521876981607,27,531,1.4210526315789473,1.2795180722891566,0.14153455928979075,4.645161290322581,10.928571428571429,Ed Malloy,2530
Jaren Jackson Jr.,E.Scott,15,419,15,0,58,1958,3.8666666666666667,4.673031026252984,-0.806364359586317,21,537,1.4,1.2816229116945108,0.1183770883054891,4.645161290322581,10.928571428571429,Evan Scott,1628172
Jaren Jackson Jr.,G.Petraitis,26,408,24,2,132,1884,5.076923076923077,4.617647058823529,0.45927601809954766,32,526,1.2307692307692308,1.2892156862745099,-0.05844645550527905,4.645161290322581,10.928571428571429,Gediminas Petraitis,204058
Jaren Jackson Jr.,H.Workman,6,428,6,0,23,1993,3.8333333333333335,4.656542056074766,-0.8232087227414326,8,550,1.3333333333333333,1.2850467289719627,0.048286604361370555,4.645161290322581,10.928571428571429,Haywoode Workman,201637
Jaren Jackson Jr.,I.Hwang,4,430,4,0,16,2000,4.0,4.651162790697675,-0.6511627906976747,10,548,2.5,1.2744186046511627,1.2255813953488373,4.645161290322581,10.928571428571429,Intae Hwang,1630886
Jaren Jackson Jr.,J.Butler,12,422,12,0,46,1970,3.8333333333333335,4.668246445497631,-0.8349131121642972,15,543,1.25,1.2867298578199051,-0.03672985781990512,4.645161290322581,10.928571428571429,John Butler,1628951
Jaren Jackson Jr.,J.Capers,19,415,17,2,100,1916,5.2631578947368425,4.6168674698795185,0.646290424857324,20,538,1.0526315789473684,1.2963855421686747,-0.24375396322130638,4.645161290322581,10.928571428571429,James Capers,1148
Jaren Jackson Jr.,J.Conley,11,423,11,0,42,1974,3.8181818181818183,4.666666666666667,-0.8484848484848486,16,542,1.4545454545454546,1.281323877068558,0.1732215774768966,4.645161290322581,10.928571428571429,John Conley,1627519
Jaren Jackson Jr.,J.DeRosa,20,414,19,1,116,1900,5.8,4.5893719806763285,1.2106280193236714,27,531,1.35,1.2826086956521738,0.06739130434782625,4.645161290322581,10.928571428571429,JB DeRosa,1155
Jaren Jackson Jr.,J.Goble,40,394,37,3,205,1811,5.125,4.596446700507614,0.528553299492386,52,506,1.3,1.284263959390863,0.015736040609137136,4.645161290322581,10.928571428571429,John Goble,101284
Jaren Jackson Jr.,J.Goldenberg,14,420,14,0,80,1936,5.714285714285714,4.609523809523809,1.1047619047619053,23,535,1.6428571428571428,1.2738095238095237,0.36904761904761907,4.645161290322581,10.928571428571429,Jason Goldenberg,1626301
Jaren Jackson Jr.,J.Orr,20,414,20,0,83,1933,4.15,4.669082125603865,-0.5190821256038642,27,531,1.35,1.2826086956521738,0.06739130434782625,4.645161290322581,10.928571428571429,J.T. Orr,202037
Jaren Jackson Jr.,J.Phillips,3,431,3,0,4,2012,1.3333333333333333,4.6682134570765665,-3.3348801237432335,4,554,1.3333333333333333,1.28538283062645,0.04795050270688317,4.645161290322581,10.928571428571429,Jason Phillips,2001
Jaren Jackson Jr.,J.Ralls,5,429,5,0,37,1979,7.4,4.613053613053613,2.7869463869463873,7,551,1.4,1.2843822843822843,0.11561771561771561,4.645161290322581,10.928571428571429,JD Ralls,1628485
Jaren Jackson Jr.,J.Reneau,2,432,2,0,15,2001,7.5,4.631944444444445,2.8680555555555554,3,555,1.5,1.2847222222222223,0.21527777777777768,4.645161290322581,10.928571428571429,Jenna Reneau,1628168
Jaren Jackson Jr.,J.Schroeder,13,421,13,0,68,1948,5.230769230769231,4.6270783847981,0.6036908459711308,15,543,1.1538461538461537,1.2897862232779098,-0.13594006943175607,4.645161290322581,10.928571428571429,Jenna Schroeder,1628954
Jaren Jackson Jr.,J.Sterling,19,415,19,0,77,1939,4.052631578947368,4.672289156626506,-0.6196575776791375,21,537,1.105263157894737,1.2939759036144578,-0.18871274571972085,4.645161290322581,10.928571428571429,Jonathan Sterling,1627964
Jaren Jackson Jr.,J.Tiven,20,414,19,1,85,1931,4.25,4.664251207729468,-0.41425120772946844,28,530,1.4,1.2801932367149758,0.11980676328502415,4.645161290322581,10.928571428571429,Josh Tiven,201639
Jaren Jackson Jr.,J.Van Duyne,22,412,21,1,98,1918,4.454545454545454,4.655339805825243,-0.2007943512797885,31,527,1.4090909090909092,1.279126213592233,0.12996469549867617,4.645161290322581,10.928571428571429,Justin Van Duyne,203593
Jaren Jackson Jr.,J.Williams,18,416,17,1,90,1926,5.0,4.6298076923076925,0.3701923076923075,26,532,1.4444444444444444,1.2788461538461537,0.16559829059829068,4.645161290322581,10.928571428571429,James Williams,202058
Jaren Jackson Jr.,K.Cutler,21,413,20,1,121,1895,5.761904761904762,4.588377723970944,1.1735270379338179,26,532,1.2380952380952381,1.2881355932203389,-0.050040355125100744,4.645161290322581,10.928571428571429,Kevin Cutler,201246
Jaren Jackson Jr.,K.Fitzgerald,13,421,12,1,52,1964,4.0,4.665083135391924,-0.6650831353919244,13,545,1.0,1.2945368171021379,-0.29453681710213786,4.645161290322581,10.928571428571429,Kane Fitzgerald,201640
Jaren Jackson Jr.,K.Lane,27,407,24,3,131,1885,4.851851851851852,4.631449631449631,0.2204022204022209,31,527,1.1481481481481481,1.2948402948402948,-0.1466921466921467,4.645161290322581,10.928571428571429,Karl Lane,202026
Jaren Jackson Jr.,K.Mauer,9,425,8,1,36,1980,4.0,4.658823529411765,-0.658823529411765,10,548,1.1111111111111112,1.2894117647058823,-0.1783006535947711,4.645161290322581,10.928571428571429,Ken Mauer,1174
Jaren Jackson Jr.,K.Scott,15,419,15,0,57,1959,3.8,4.675417661097852,-0.8754176610978526,21,537,1.4,1.2816229116945108,0.1183770883054891,4.645161290322581,10.928571428571429,Kevin Scott,202041
Jaren Jackson Jr.,L.Holtkamp,6,428,6,0,18,1998,3.0,4.668224299065421,-1.6682242990654208,6,552,1.0,1.2897196261682242,-0.2897196261682242,4.645161290322581,10.928571428571429,Lauren Holtkamp,203177
Jaren Jackson Jr.,L.Richardson,4,430,4,0,17,1999,4.25,4.648837209302326,-0.398837209302326,6,552,1.5,1.283720930232558,0.21627906976744193,4.645161290322581,10.928571428571429,Leroy Richardson,1188
Jaren Jackson Jr.,L.Wood,15,419,15,0,74,1942,4.933333333333334,4.634844868735083,0.2984884645982504,19,539,1.2666666666666666,1.2863961813842482,-0.019729514717581553,4.645161290322581,10.928571428571429,Leon Wood,1201
Jaren Jackson Jr.,M.Ayotte,2,432,2,0,7,2009,3.5,4.650462962962963,-1.1504629629629628,1,557,0.5,1.2893518518518519,-0.7893518518518519,4.645161290322581,10.928571428571429,Mark Ayotte,2148
Jaren Jackson Jr.,M.Boland,14,420,14,0,61,1955,4.357142857142857,4.654761904761905,-0.29761904761904834,18,540,1.2857142857142858,1.2857142857142858,0.0,4.645161290322581,10.928571428571429,Matt Boland,2005
Jaren Jackson Jr.,M.Callahan,1,433,1,0,0,2016,0.0,4.655889145496536,-4.655889145496536,1,557,1.0,1.2863741339491916,-0.28637413394919164,4.645161290322581,10.928571428571429,Mike Callahan,1147
Jaren Jackson Jr.,M.Dagher,11,423,11,0,49,1967,4.454545454545454,4.650118203309693,-0.19557274876423847,17,541,1.5454545454545454,1.2789598108747045,0.26649473457984096,4.645161290322581,10.928571428571429,Mousa Dagher,1628159
Jaren Jackson Jr.,M.Davis,20,414,18,2,89,1927,4.45,4.654589371980676,-0.20458937198067595,25,533,1.25,1.28743961352657,-0.03743961352656999,4.645161290322581,10.928571428571429,Marc Davis,1830
Jaren Jackson Jr.,M.Ervin,20,414,17,3,84,1932,4.2,4.666666666666667,-0.4666666666666668,23,535,1.15,1.2922705314009661,-0.14227053140096624,4.645161290322581,10.928571428571429,Mitchell Ervin,203591
Jaren Jackson Jr.,M.Kallio,8,426,8,0,37,1979,4.625,4.645539906103286,-0.020539906103286043,13,545,1.625,1.2793427230046948,0.34565727699530524,4.645161290322581,10.928571428571429,Matt Kallio,1627526
Jaren Jackson Jr.,M.Kogut,17,417,15,2,94,1922,5.529411764705882,4.609112709832134,0.9202990548737482,22,536,1.2941176470588236,1.2853717026378897,0.008745944420933904,4.645161290322581,10.928571428571429,Marat Kogut,201245
Jaren Jackson Jr.,M.Lindsay,19,415,18,1,79,1937,4.157894736842105,4.667469879518072,-0.5095751426759669,24,534,1.263157894736842,1.2867469879518072,-0.023589093214965162,4.645161290322581,10.928571428571429,Mark Lindsay,200834
Jaren Jackson Jr.,M.Myers,13,421,13,0,56,1960,4.3076923076923075,4.655581947743468,-0.34788964005116085,19,539,1.4615384615384615,1.2802850356294537,0.18125342590900773,4.645161290322581,10.928571428571429,Matt Myers,202901
Jaren Jackson Jr.,M.Smith,22,412,22,0,127,1889,5.7727272727272725,4.584951456310679,1.1877758164165932,31,527,1.4090909090909092,1.279126213592233,0.12996469549867617,4.645161290322581,10.928571428571429,Michael Smith,1193
Jaren Jackson Jr.,N.Buchert,19,415,19,0,77,1939,4.052631578947368,4.672289156626506,-0.6196575776791375,23,535,1.2105263157894737,1.2891566265060241,-0.07863031071655047,4.645161290322581,10.928571428571429,Nick Buchert,202007
Jaren Jackson Jr.,N.Green,9,425,9,0,54,1962,6.0,4.616470588235294,1.3835294117647061,20,538,2.2222222222222223,1.2658823529411765,0.9563398692810459,4.645161290322581,10.928571428571429,Nate Green,1627524
Jaren Jackson Jr.,N.Sago,18,416,18,0,61,1955,3.388888888888889,4.699519230769231,-1.310630341880342,22,536,1.2222222222222223,1.2884615384615385,-0.06623931623931623,4.645161290322581,10.928571428571429,Natalie Sago,1627541
Jaren Jackson Jr.,P.Fraher,21,413,20,1,114,1902,5.428571428571429,4.605326876513317,0.823244552058112,29,529,1.380952380952381,1.2808716707021792,0.10008071025020171,4.645161290322581,10.928571428571429,Pat Fraher,2003
Jaren Jackson Jr.,P.Ransom,18,416,18,0,92,1924,5.111111111111111,4.625,0.4861111111111107,24,534,1.3333333333333333,1.2836538461538463,0.049679487179487,4.645161290322581,10.928571428571429,Phenizee Ransom,1627963
Jaren Jackson Jr.,R.Acosta,21,413,21,0,82,1934,3.9047619047619047,4.682808716707021,-0.7780468119451167,31,527,1.4761904761904763,1.2760290556900726,0.20016142050040364,4.645161290322581,10.928571428571429,Ray Acosta,1626300
Jaren Jackson Jr.,R.Garretson,3,431,3,0,14,2002,4.666666666666667,4.645011600928075,0.021655065738592327,4,554,1.3333333333333333,1.28538283062645,0.04795050270688317,4.645161290322581,10.928571428571429,Ron Garretson,1164
Jaren Jackson Jr.,R.Hussey,7,427,7,0,30,1986,4.285714285714286,4.6510538641686185,-0.36533957845433296,10,548,1.4285714285714286,1.2833723653395785,0.14519906323185006,4.645161290322581,10.928571428571429,Robert Hussey,1628480
Jaren Jackson Jr.,R.Mott,16,418,16,0,66,1950,4.125,4.6650717703349285,-0.5400717703349285,23,535,1.4375,1.2799043062200957,0.15759569377990434,4.645161290322581,10.928571428571429,Rodney Mott,1179
Jaren Jackson Jr.,S.Corbin,14,420,14,0,59,1957,4.214285714285714,4.65952380952381,-0.44523809523809543,19,539,1.3571428571428572,1.2833333333333334,0.07380952380952377,4.645161290322581,10.928571428571429,Sean Corbin,1151
Jaren Jackson Jr.,S.Foster,14,420,12,2,74,1942,5.285714285714286,4.623809523809523,0.6619047619047622,18,540,1.2857142857142858,1.2857142857142858,0.0,4.645161290322581,10.928571428571429,Scott Foster,1162
Jaren Jackson Jr.,S.Jelks,6,428,6,0,33,1983,5.5,4.633177570093458,0.8668224299065423,7,551,1.1666666666666667,1.2873831775700935,-0.12071651090342672,4.645161290322581,10.928571428571429,Simone Jelks,1628481
Jaren Jackson Jr.,S.Mehta,13,421,13,0,84,1932,6.461538461538462,4.589073634204276,1.872464827334186,18,540,1.3846153846153846,1.2826603325415677,0.10195505207381683,4.645161290322581,10.928571428571429,Suyash Mehta,1627529
Jaren Jackson Jr.,S.Mitchell,9,425,9,0,41,1975,4.555555555555555,4.647058823529412,-0.09150326797385677,17,541,1.8888888888888888,1.2729411764705882,0.6159477124183006,4.645161290322581,10.928571428571429,Sha'Rae Mitchell,1629178
Jaren Jackson Jr.,S.Twardoski,21,413,21,0,100,1916,4.761904761904762,4.6392251815980625,0.12267958030669934,28,530,1.3333333333333333,1.2832929782082325,0.050040355125100744,4.645161290322581,10.928571428571429,Scott Twardoski,202053
Jaren Jackson Jr.,S.Wall,16,418,16,0,59,1957,3.6875,4.681818181818182,-0.9943181818181817,21,537,1.3125,1.284688995215311,0.027811004784688897,4.645161290322581,10.928571428571429,Scott Wall,1198
Jaren Jackson Jr.,S.Wright,22,412,21,1,115,1901,5.2272727272727275,4.614077669902913,0.6131950573698148,27,531,1.2272727272727273,1.2888349514563107,-0.06156222418358337,4.645161290322581,10.928571428571429,Sean Wright,2882
Jaren Jackson Jr.,T.Brothers,25,409,25,0,92,1924,3.68,4.704156479217604,-1.0241564792176034,32,526,1.28,1.2860635696821516,-0.006063569682151604,4.645161290322581,10.928571428571429,Tony Brothers,1146
Jaren Jackson Jr.,T.Brown,7,427,7,0,23,1993,3.2857142857142856,4.667447306791569,-1.3817330210772836,6,552,0.8571428571428571,1.2927400468384076,-0.4355971896955505,4.645161290322581,10.928571428571429,Tony Brown,2529
Jaren Jackson Jr.,T.Ford,22,412,21,1,120,1896,5.454545454545454,4.601941747572815,0.8526037069726389,32,526,1.4545454545454546,1.2766990291262137,0.1778464254192409,4.645161290322581,10.928571428571429,Tyler Ford,204059
Jaren Jackson Jr.,T.Maddox,13,421,12,1,35,1981,2.6923076923076925,4.705463182897862,-2.0131554905901696,13,545,1.0,1.2945368171021379,-0.29453681710213786,4.645161290322581,10.928571428571429,Tre Maddox,202027
Jaren Jackson Jr.,T.Mirkovich,1,433,1,0,10,2006,10.0,4.6327944572748265,5.3672055427251735,2,556,2.0,1.2840646651270209,0.7159353348729791,4.645161290322581,10.928571428571429,Tyler Mirkovich,1628482
Jaren Jackson Jr.,T.Ricks,1,433,1,0,10,2006,10.0,4.6327944572748265,5.3672055427251735,3,555,3.0,1.28175519630485,1.71824480369515,4.645161290322581,10.928571428571429,Tyler Ricks,1627539
Jaren Jackson Jr.,T.Washington,17,417,17,0,72,1944,4.235294117647059,4.661870503597123,-0.42657638595006375,21,537,1.2352941176470589,1.2877697841726619,-0.05247566652560298,4.645161290322581,10.928571428571429,Tom Washington,1199
Jaren Jackson Jr.,Z.Zarba,15,419,15,0,72,1944,4.8,4.639618138424821,0.16038186157517842,24,534,1.6,1.2744630071599046,0.3255369928400955,4.645161290322581,10.928571428571429,Zach Zarba,2534
Andre Drummond,A.Moyer-Gleich,18,762,18,0,62,3217,3.4444444444444446,4.221784776902887,-0.7773403324584427,10,554,0.5555555555555556,0.7270341207349081,-0.17147856517935256,4.203846153846154,0.7230769230769231,Ashley Moyer-Gleich,1628953
Andre Drummond,A.Nagy,17,763,17,0,32,3247,1.8823529411764706,4.255570117955439,-2.3732171767789683,13,551,0.7647058823529411,0.7221494102228048,0.04255647213013636,4.203846153846154,0.7230769230769231,Andy Nagy,1627534
Andre Drummond,A.Smith,38,742,38,0,154,3125,4.052631578947368,4.211590296495957,-0.1589587175485887,28,536,0.7368421052631579,0.7223719676549866,0.014470137608171285,4.203846153846154,0.7230769230769231,Aaron Smith,1626302
Andre Drummond,B.Adair,16,764,16,0,51,3228,3.1875,4.225130890052356,-1.0376308900523563,9,555,0.5625,0.7264397905759162,-0.16393979057591623,4.203846153846154,0.7230769230769231,Brandon Adair,1627961
Andre Drummond,B.Adams,14,766,14,0,67,3212,4.785714285714286,4.193211488250653,0.5925027974636325,11,553,0.7857142857142857,0.7219321148825065,0.06378217083177917,4.203846153846154,0.7230769230769231,Bennie Adams,1363
Andre Drummond,B.Barnaky,34,746,34,0,129,3150,3.7941176470588234,4.222520107238606,-0.42840246017978245,26,538,0.7647058823529411,0.7211796246648794,0.04352625768806173,4.203846153846154,0.7230769230769231,Brent Barnaky,201638
Andre Drummond,B.Forte,51,729,50,1,220,3059,4.313725490196078,4.196159122085048,0.1175663681110306,40,524,0.7843137254901961,0.7187928669410151,0.065520858549181,4.203846153846154,0.7230769230769231,Brian Forte,101283
Andre Drummond,B.Haskill,1,779,1,0,0,3279,0.0,4.2092426187419765,-4.2092426187419765,1,563,1.0,0.7227214377406932,0.2772785622593068,4.203846153846154,0.7230769230769231,Brent Haskill,1629175
Andre Drummond,B.Kennedy,31,749,31,0,100,3179,3.225806451612903,4.2443257676902535,-1.0185193160773505,22,542,0.7096774193548387,0.7236315086782377,-0.013954089323398922,4.203846153846154,0.7230769230769231,Bill Kennedy,1662
Andre Drummond,B.Nansel,24,756,24,0,85,3194,3.5416666666666665,4.224867724867725,-0.6832010582010581,17,547,0.7083333333333334,0.7235449735449735,-0.01521164021164012,4.203846153846154,0.7230769230769231,Brett Nansel,202035
Andre Drummond,B.Salvatore,3,777,3,0,26,3253,8.666666666666666,4.186615186615187,4.480051480051479,3,561,1.0,0.722007722007722,0.277992277992278,4.203846153846154,0.7230769230769231,Bennett Salvatore,1192
Andre Drummond,B.Schwab,9,771,9,0,23,3256,2.5555555555555554,4.223086900129702,-1.6675313445741464,6,558,0.6666666666666666,0.7237354085603113,-0.05706874189364464,4.203846153846154,0.7230769230769231,Brandon Schwab,1628171
Andre Drummond,B.Spooner,13,767,13,0,52,3227,4.0,4.207301173402868,-0.20730117340286824,12,552,0.9230769230769231,0.7196870925684485,0.2033898305084746,4.203846153846154,0.7230769230769231,Bill Spooner,1194
Andre Drummond,B.Taylor,40,740,40,0,195,3084,4.875,4.167567567567567,0.7074324324324328,32,532,0.8,0.7189189189189189,0.08108108108108114,4.203846153846154,0.7230769230769231,Ben Taylor,202049
Andre Drummond,C.Aubry,2,778,2,0,7,3272,3.5,4.205655526992288,-0.7056555269922882,0,564,0.0,0.7249357326478149,-0.7249357326478149,4.203846153846154,0.7230769230769231,Clare Aubry,1629422
Andre Drummond,C.Blair,40,740,40,0,164,3115,4.1,4.20945945945946,-0.10945945945946,30,534,0.75,0.7216216216216216,0.02837837837837842,4.203846153846154,0.7230769230769231,Curtis Blair,200832
Andre Drummond,C.Flores,4,776,4,0,11,3268,2.75,4.211340206185567,-1.4613402061855671,3,561,0.75,0.7229381443298969,0.027061855670103108,4.203846153846154,0.7230769230769231,Che Flores,203054
Andre Drummond,C.Kirkland,39,741,39,0,179,3100,4.589743589743589,4.183535762483131,0.40620782726045856,30,534,0.7692307692307693,0.7206477732793523,0.04858299595141702,4.203846153846154,0.7230769230769231,Courtney Kirkland,2004
Andre Drummond,C.Washington,25,755,25,0,99,3180,3.96,4.211920529801325,-0.25192052980132473,20,544,0.8,0.7205298013245033,0.07947019867549676,4.203846153846154,0.7230769230769231,CJ Washington,202056
Andre Drummond,D.Collins,33,747,32,1,164,3115,4.96969696969697,4.170013386880857,0.7996835828161126,28,536,0.8484848484848485,0.7175368139223561,0.13094803456249238,4.203846153846154,0.7230769230769231,Derrick Collins,2002
Andre Drummond,D.Crawford,15,765,15,0,70,3209,4.666666666666667,4.1947712418300656,0.4718954248366014,13,551,0.8666666666666667,0.7202614379084967,0.14640522875816997,4.203846153846154,0.7230769230769231,Dan Crawford,1152
Andre Drummond,D.Guthrie,33,747,33,0,130,3149,3.9393939393939394,4.215528781793842,-0.2761348423999026,22,542,0.6666666666666666,0.7255689424364123,-0.058902275769745716,4.203846153846154,0.7230769230769231,David Guthrie,2714
Andre Drummond,D.Jones,10,770,10,0,72,3207,7.2,4.164935064935065,3.035064935064935,9,555,0.9,0.7207792207792207,0.17922077922077928,4.203846153846154,0.7230769230769231,David Jones,1168
Andre Drummond,D.Mosher,5,775,5,0,11,3268,2.2,4.216774193548387,-2.016774193548387,2,562,0.4,0.7251612903225807,-0.3251612903225807,4.203846153846154,0.7230769230769231,Dannica Mosher,1628484
Andre Drummond,D.Richardson,33,747,33,0,151,3128,4.575757575757576,4.187416331994645,0.3883412437629312,24,540,0.7272727272727273,0.7228915662650602,0.004381161007667056,4.203846153846154,0.7230769230769231,Derek Richardson,1204
Andre Drummond,D.Scott,7,773,7,0,18,3261,2.5714285714285716,4.21862871927555,-1.6472001478469784,4,560,0.5714285714285714,0.7244501940491591,-0.15302162262058772,4.203846153846154,0.7230769230769231,Danielle Scott,1628487
Andre Drummond,D.Stafford,21,759,21,0,105,3174,5.0,4.181818181818182,0.8181818181818183,19,545,0.9047619047619048,0.7180500658761528,0.18671183888575194,4.203846153846154,0.7230769230769231,Derrick Stafford,1195
Andre Drummond,D.Taylor,32,748,32,0,160,3119,5.0,4.169786096256685,0.8302139037433154,22,542,0.6875,0.7245989304812834,-0.03709893048128343,4.203846153846154,0.7230769230769231,Dedric Taylor,203592
Andre Drummond,E.Dalen,30,750,30,0,138,3141,4.6,4.188,0.4119999999999999,21,543,0.7,0.724,-0.02400000000000002,4.203846153846154,0.7230769230769231,Eric Dalen,200833
Andre Drummond,E.Lewis,32,748,31,1,134,3145,4.1875,4.204545454545454,-0.017045454545454142,27,537,0.84375,0.7179144385026738,0.12583556149732622,4.203846153846154,0.7230769230769231,Eric Lewis,2715
Andre Drummond,E.Malloy,36,744,36,0,132,3147,3.6666666666666665,4.229838709677419,-0.5631720430107525,26,538,0.7222222222222222,0.7231182795698925,-0.0008960573476702871,4.203846153846154,0.7230769230769231,Ed Malloy,2530
Andre Drummond,E.Roe,11,769,11,0,65,3214,5.909090909090909,4.179453836150845,1.729637072940064,10,554,0.9090909090909091,0.7204161248374512,0.18867478425345785,4.203846153846154,0.7230769230769231,Eli Roe,2532
Andre Drummond,E.Scott,18,762,18,0,55,3224,3.0555555555555554,4.230971128608924,-1.1754155730533684,12,552,0.6666666666666666,0.7244094488188977,-0.057742782152231054,4.203846153846154,0.7230769230769231,Evan Scott,1628172
Andre Drummond,G.Petraitis,26,754,26,0,100,3179,3.8461538461538463,4.2161803713527854,-0.3700265251989392,22,542,0.8461538461538461,0.7188328912466844,0.12732095490716178,4.203846153846154,0.7230769230769231,Gediminas Petraitis,204058
Andre Drummond,G.Zielinski,9,771,9,0,45,3234,5.0,4.19455252918288,0.8054474708171204,8,556,0.8888888888888888,0.7211413748378729,0.16774751405101596,4.203846153846154,0.7230769230769231,Gary Zielinski,1664
Andre Drummond,H.Workman,17,763,17,0,103,3176,6.0588235294117645,4.162516382699869,1.8963071467118953,13,551,0.7647058823529411,0.7221494102228048,0.04255647213013636,4.203846153846154,0.7230769230769231,Haywoode Workman,201637
Andre Drummond,I.Hwang,3,777,3,0,5,3274,1.6666666666666667,4.213642213642213,-2.5469755469755464,1,563,0.3333333333333333,0.7245817245817245,-0.3912483912483912,4.203846153846154,0.7230769230769231,Intae Hwang,1630886
Andre Drummond,J.Butler,8,772,8,0,49,3230,6.125,4.183937823834197,1.9410621761658033,5,559,0.625,0.7240932642487047,-0.09909326424870468,4.203846153846154,0.7230769230769231,John Butler,1628951
Andre Drummond,J.Capers,35,745,35,0,135,3144,3.857142857142857,4.220134228187919,-0.36299137104506185,24,540,0.6857142857142857,0.7248322147651006,-0.039117929050814904,4.203846153846154,0.7230769230769231,James Capers,1148
Andre Drummond,J.Conley,8,772,8,0,33,3246,4.125,4.204663212435233,-0.079663212435233,4,560,0.5,0.7253886010362695,-0.22538860103626945,4.203846153846154,0.7230769230769231,John Conley,1627519
Andre Drummond,J.Crawford,5,775,5,0,30,3249,6.0,4.192258064516129,1.8077419354838709,4,560,0.8,0.7225806451612903,0.07741935483870976,4.203846153846154,0.7230769230769231,Joe Crawford,1153
Andre Drummond,J.DeRosa,20,760,20,0,38,3241,1.9,4.264473684210526,-2.3644736842105263,16,548,0.8,0.7210526315789474,0.07894736842105265,4.203846153846154,0.7230769230769231,JB DeRosa,1155
Andre Drummond,J.Goble,65,715,64,1,292,2987,4.492307692307692,4.177622377622377,0.314685314685315,48,516,0.7384615384615385,0.7216783216783217,0.016783216783216814,4.203846153846154,0.7230769230769231,John Goble,101284
Andre Drummond,J.Goldenberg,20,760,20,0,76,3203,3.8,4.214473684210526,-0.41447368421052655,16,548,0.8,0.7210526315789474,0.07894736842105265,4.203846153846154,0.7230769230769231,Jason Goldenberg,1626301
Andre Drummond,J.Orr,36,744,36,0,138,3141,3.8333333333333335,4.221774193548387,-0.38844086021505353,23,541,0.6388888888888888,0.7271505376344086,-0.08826164874551978,4.203846153846154,0.7230769230769231,J.T. Orr,202037
Andre Drummond,J.Phillips,15,765,15,0,70,3209,4.666666666666667,4.1947712418300656,0.4718954248366014,10,554,0.6666666666666666,0.7241830065359477,-0.05751633986928106,4.203846153846154,0.7230769230769231,Jason Phillips,2001
Andre Drummond,J.Ralls,4,776,4,0,13,3266,3.25,4.208762886597938,-0.9587628865979383,4,560,1.0,0.7216494845360825,0.27835051546391754,4.203846153846154,0.7230769230769231,JD Ralls,1628485
Andre Drummond,J.Reneau,1,779,1,0,2,3277,2.0,4.206675224646983,-2.2066752246469834,1,563,1.0,0.7227214377406932,0.2772785622593068,4.203846153846154,0.7230769230769231,Jenna Reneau,1628168
Andre Drummond,J.Schroeder,10,770,10,0,28,3251,2.8,4.222077922077922,-1.4220779220779223,6,558,0.6,0.7246753246753247,-0.12467532467532472,4.203846153846154,0.7230769230769231,Jenna Schroeder,1628954
Andre Drummond,J.Sterling,15,765,15,0,59,3220,3.933333333333333,4.209150326797386,-0.27581699346405264,10,554,0.6666666666666666,0.7241830065359477,-0.05751633986928106,4.203846153846154,0.7230769230769231,Jonathan Sterling,1627964
Andre Drummond,J.Tiven,39,741,39,0,199,3080,5.102564102564102,4.156545209176788,0.9460188933873139,31,533,0.7948717948717948,0.7192982456140351,0.07557354925775972,4.203846153846154,0.7230769230769231,Josh Tiven,201639
Andre Drummond,J.Van Duyne,34,746,34,0,203,3076,5.970588235294118,4.1233243967828415,1.8472638385112763,28,536,0.8235294117647058,0.7184986595174263,0.10503075224727954,4.203846153846154,0.7230769230769231,Justin Van Duyne,203593
Andre Drummond,J.Williams,41,739,40,1,190,3089,4.634146341463414,4.179972936400541,0.45417340506287296,24,540,0.5853658536585366,0.7307171853856563,-0.14535133172711978,4.203846153846154,0.7230769230769231,James Williams,202058
Andre Drummond,K.Cutler,42,738,42,0,196,3083,4.666666666666667,4.177506775067751,0.4891598915989164,34,530,0.8095238095238095,0.7181571815718157,0.0913666279519938,4.203846153846154,0.7230769230769231,Kevin Cutler,201246
Andre Drummond,K.Fitzgerald,24,756,24,0,137,3142,5.708333333333333,4.156084656084656,1.5522486772486772,18,546,0.75,0.7222222222222222,0.02777777777777779,4.203846153846154,0.7230769230769231,Kane Fitzgerald,201640
Andre Drummond,K.Lane,37,743,37,0,165,3114,4.45945945945946,4.191117092866756,0.2683423665927034,26,538,0.7027027027027027,0.7240915208613729,-0.02138881815867011,4.203846153846154,0.7230769230769231,Karl Lane,202026
Andre Drummond,K.Mauer,17,763,17,0,150,3129,8.823529411764707,4.10091743119266,4.722611980572046,14,550,0.8235294117647058,0.7208387942332897,0.10269061753141617,4.203846153846154,0.7230769230769231,Ken Mauer,1174
Andre Drummond,K.Scott,35,745,35,0,111,3168,3.1714285714285713,4.2523489932885905,-1.0809204218600192,24,540,0.6857142857142857,0.7248322147651006,-0.039117929050814904,4.203846153846154,0.7230769230769231,Kevin Scott,202041
Andre Drummond,L.Holtkamp,25,755,25,0,147,3132,5.88,4.1483443708609276,1.7316556291390723,18,546,0.72,0.7231788079470198,-0.003178807947019857,4.203846153846154,0.7230769230769231,Lauren Holtkamp,203177
Andre Drummond,L.Richardson,23,757,23,0,106,3173,4.608695652173913,4.191545574636724,0.41715007753718947,18,546,0.782608695652174,0.7212681638044914,0.06134053184768251,4.203846153846154,0.7230769230769231,Leroy Richardson,1188
Andre Drummond,L.Wood,24,756,24,0,69,3210,2.875,4.246031746031746,-1.371031746031746,17,547,0.7083333333333334,0.7235449735449735,-0.01521164021164012,4.203846153846154,0.7230769230769231,Leon Wood,1201
Andre Drummond,M.Ayotte,21,759,21,0,130,3149,6.190476190476191,4.148880105401845,2.041596085074346,15,549,0.7142857142857143,0.7233201581027668,-0.00903444381705254,4.203846153846154,0.7230769230769231,Mark Ayotte,2148
Andre Drummond,M.Boland,34,746,34,0,120,3159,3.5294117647058822,4.234584450402145,-0.7051726856962626,24,540,0.7058823529411765,0.7238605898123325,-0.01797823687115596,4.203846153846154,0.7230769230769231,Matt Boland,2005
Andre Drummond,M.Callahan,15,765,15,0,58,3221,3.8666666666666667,4.210457516339869,-0.3437908496732027,13,551,0.8666666666666667,0.7202614379084967,0.14640522875816997,4.203846153846154,0.7230769230769231,Mike Callahan,1147
Andre Drummond,M.Dagher,14,766,14,0,46,3233,3.2857142857142856,4.2206266318537855,-0.9349123461394999,6,558,0.42857142857142855,0.7284595300261096,-0.2998881014546811,4.203846153846154,0.7230769230769231,Mousa Dagher,1628159
Andre Drummond,M.Davis,36,744,36,0,132,3147,3.6666666666666665,4.229838709677419,-0.5631720430107525,28,536,0.7777777777777778,0.7204301075268817,0.05734767025089604,4.203846153846154,0.7230769230769231,Marc Davis,1830
Andre Drummond,M.Ervin,40,740,40,0,161,3118,4.025,4.213513513513513,-0.18851351351351298,28,536,0.7,0.7243243243243244,-0.02432432432432441,4.203846153846154,0.7230769230769231,Mitchell Ervin,203591
Andre Drummond,M.Kallio,4,776,4,0,8,3271,2.0,4.21520618556701,-2.21520618556701,3,561,0.75,0.7229381443298969,0.027061855670103108,4.203846153846154,0.7230769230769231,Matt Kallio,1627526
Andre Drummond,M.Kogut,37,743,37,0,142,3137,3.8378378378378377,4.22207267833109,-0.38423484049325207,28,536,0.7567567567567568,0.721399730820996,0.035357025935760844,4.203846153846154,0.7230769230769231,Marat Kogut,201245
Andre Drummond,M.Lindsay,40,740,40,0,136,3143,3.4,4.2472972972972975,-0.8472972972972976,25,539,0.625,0.7283783783783784,-0.10337837837837838,4.203846153846154,0.7230769230769231,Mark Lindsay,200834
Andre Drummond,M.McCutchen,13,767,13,0,58,3221,4.461538461538462,4.199478487614081,0.26205997392438096,11,553,0.8461538461538461,0.7209908735332464,0.12516297262059972,4.203846153846154,0.7230769230769231,Monty McCutchen,1176
Andre Drummond,M.Myers,20,760,20,0,58,3221,2.9,4.238157894736842,-1.3381578947368422,14,550,0.7,0.7236842105263158,-0.023684210526315863,4.203846153846154,0.7230769230769231,Matt Myers,202901
Andre Drummond,M.Smith,44,736,44,0,187,3092,4.25,4.201086956521739,0.048913043478260754,31,533,0.7045454545454546,0.7241847826086957,-0.01963932806324109,4.203846153846154,0.7230769230769231,Michael Smith,1193
Andre Drummond,N.Buchert,40,740,40,0,196,3083,4.9,4.166216216216216,0.7337837837837844,26,538,0.65,0.727027027027027,-0.07702702702702702,4.203846153846154,0.7230769230769231,Nick Buchert,202007
Andre Drummond,N.Green,11,769,11,0,29,3250,2.6363636363636362,4.22626788036411,-1.5899042440004734,7,557,0.6363636363636364,0.7243172951885566,-0.08795365882492023,4.203846153846154,0.7230769230769231,Nate Green,1627524
Andre Drummond,N.Sago,20,760,20,0,42,3237,2.1,4.25921052631579,-2.1592105263157895,14,550,0.7,0.7236842105263158,-0.023684210526315863,4.203846153846154,0.7230769230769231,Natalie Sago,1627541
Andre Drummond,P.Fraher,36,744,36,0,145,3134,4.027777777777778,4.212365591397849,-0.18458781362007137,31,533,0.8611111111111112,0.7163978494623656,0.14471326164874554,4.203846153846154,0.7230769230769231,Pat Fraher,2003
Andre Drummond,P.O'Connell,1,779,1,0,3,3276,3.0,4.205391527599486,-1.2053915275994864,0,564,0.0,0.72400513478819,-0.72400513478819,4.203846153846154,0.7230769230769231,Pat O'Connell,1629183
Andre Drummond,P.Ransom,19,761,19,0,64,3215,3.3684210526315788,4.2247043363994745,-0.8562832837678958,10,554,0.5263157894736842,0.7279894875164258,-0.2016736980427416,4.203846153846154,0.7230769230769231,Phenizee Ransom,1627963
Andre Drummond,R.Acosta,26,754,26,0,112,3167,4.3076923076923075,4.20026525198939,0.10742705570291733,18,546,0.6923076923076923,0.7241379310344828,-0.03183023872679047,4.203846153846154,0.7230769230769231,Ray Acosta,1626300
Andre Drummond,R.Garretson,19,761,19,0,93,3186,4.894736842105263,4.186596583442839,0.7081402586624241,15,549,0.7894736842105263,0.721419185282523,0.0680544989280033,4.203846153846154,0.7230769230769231,Ron Garretson,1164
Andre Drummond,R.Hussey,5,775,5,0,11,3268,2.2,4.216774193548387,-2.016774193548387,4,560,0.8,0.7225806451612903,0.07741935483870976,4.203846153846154,0.7230769230769231,Robert Hussey,1628480
Andre Drummond,R.Mott,34,746,33,1,135,3144,3.9705882352941178,4.214477211796247,-0.24388897650212904,19,545,0.5588235294117647,0.7305630026809652,-0.17173947326920047,4.203846153846154,0.7230769230769231,Rodney Mott,1179
Andre Drummond,S.Anderson,7,773,7,0,32,3247,4.571428571428571,4.200517464424321,0.37091110700425034,6,558,0.8571428571428571,0.7218628719275549,0.13527998521530216,4.203846153846154,0.7230769230769231,Steve Anderson,202000
Andre Drummond,S.Corbin,36,744,36,0,174,3105,4.833333333333333,4.173387096774194,0.6599462365591391,28,536,0.7777777777777778,0.7204301075268817,0.05734767025089604,4.203846153846154,0.7230769230769231,Sean Corbin,1151
Andre Drummond,S.Foster,31,749,30,1,124,3155,4.0,4.212283044058745,-0.21228304405874532,22,542,0.7096774193548387,0.7236315086782377,-0.013954089323398922,4.203846153846154,0.7230769230769231,Scott Foster,1162
Andre Drummond,S.Jelks,2,778,2,0,2,3277,1.0,4.212082262210797,-3.2120822622107967,0,564,0.0,0.7249357326478149,-0.7249357326478149,4.203846153846154,0.7230769230769231,Simone Jelks,1628481
Andre Drummond,S.Mehta,12,768,12,0,20,3259,1.6666666666666667,4.243489583333333,-2.576822916666666,8,556,0.6666666666666666,0.7239583333333334,-0.05729166666666674,4.203846153846154,0.7230769230769231,Suyash Mehta,1627529
Andre Drummond,S.Mitchell,6,774,6,0,10,3269,1.6666666666666667,4.223514211886305,-2.5568475452196378,6,558,1.0,0.7209302325581395,0.2790697674418605,4.203846153846154,0.7230769230769231,Sha'Rae Mitchell,1629178
Andre Drummond,S.Twardoski,34,746,34,0,139,3140,4.088235294117647,4.20911528150134,-0.12087998738369343,23,541,0.6764705882352942,0.725201072386059,-0.04873048415076486,4.203846153846154,0.7230769230769231,Scott Twardoski,202053
Andre Drummond,S.Wall,30,750,30,0,145,3134,4.833333333333333,4.1786666666666665,0.6546666666666665,19,545,0.6333333333333333,0.7266666666666667,-0.09333333333333338,4.203846153846154,0.7230769230769231,Scott Wall,1198
Andre Drummond,S.Wright,27,753,26,1,93,3186,3.4444444444444446,4.231075697211155,-0.7866312527667105,16,548,0.5925925925925926,0.7277556440903055,-0.1351630514977129,4.203846153846154,0.7230769230769231,Sean Wright,2882
Andre Drummond,T.Brothers,36,744,36,0,142,3137,3.9444444444444446,4.216397849462366,-0.2719534050179213,29,535,0.8055555555555556,0.7190860215053764,0.08646953405017921,4.203846153846154,0.7230769230769231,Tony Brothers,1146
Andre Drummond,T.Brown,25,755,25,0,129,3150,5.16,4.172185430463577,0.9878145695364235,22,542,0.88,0.7178807947019867,0.16211920529801327,4.203846153846154,0.7230769230769231,Tony Brown,2529
Andre Drummond,T.Ford,32,748,31,1,108,3171,3.375,4.239304812834225,-0.8643048128342246,27,537,0.84375,0.7179144385026738,0.12583556149732622,4.203846153846154,0.7230769230769231,Tyler Ford,204059
Andre Drummond,T.Maddox,33,747,33,0,102,3177,3.090909090909091,4.253012048192771,-1.1621029572836798,30,534,0.9090909090909091,0.714859437751004,0.19423147133990504,4.203846153846154,0.7230769230769231,Tre Maddox,202027
Andre Drummond,T.Mirkovich,1,779,1,0,8,3271,8.0,4.198973042362002,3.8010269576379976,1,563,1.0,0.7227214377406932,0.2772785622593068,4.203846153846154,0.7230769230769231,Tyler Mirkovich,1628482
Andre Drummond,T.Ricks,2,778,2,0,4,3275,2.0,4.209511568123394,-2.2095115681233937,2,562,1.0,0.7223650385604113,0.27763496143958866,4.203846153846154,0.7230769230769231,Tyler Ricks,1627539
Andre Drummond,T.Washington,37,743,37,0,173,3106,4.675675675675675,4.180349932705249,0.49532574297042675,28,536,0.7567567567567568,0.721399730820996,0.035357025935760844,4.203846153846154,0.7230769230769231,Tom Washington,1199
Andre Drummond,V.Palmer,2,778,2,0,9,3270,4.5,4.203084832904884,0.2969151670951158,1,563,0.5,0.7236503856041131,-0.2236503856041131,4.203846153846154,0.7230769230769231,Violet Palmer,1185
Andre Drummond,V.Voyard-Tadal,1,779,1,0,11,3268,11.0,4.195121951219512,6.804878048780488,1,563,1.0,0.7227214377406932,0.2772785622593068,4.203846153846154,0.7230769230769231,Vladimir Voyard-Tadal,1626303
Andre Drummond,Z.Zarba,42,738,41,1,197,3082,4.690476190476191,4.176151761517615,0.5143244289585756,33,531,0.7857142857142857,0.7195121951219512,0.0662020905923345,4.203846153846154,0.7230769230769231,Zach Zarba,2534
Jayson Tatum,A.Moyer-Gleich,15,691,15,0,89,3884,5.933333333333334,5.620839363241679,0.3124939700916549,8,331,0.5333333333333333,0.47901591895803186,0.054317414375301465,5.627478753541077,0.4801699716713881,Ashley Moyer-Gleich,1628953
Jayson Tatum,A.Nagy,18,688,18,0,115,3858,6.388888888888889,5.607558139534884,0.7813307493540051,9,330,0.5,0.4796511627906977,0.020348837209302306,5.627478753541077,0.4801699716713881,Andy Nagy,1627534
Jayson Tatum,A.Smith,32,674,32,0,156,3817,4.875,5.663204747774481,-0.7882047477744809,18,321,0.5625,0.4762611275964392,0.08623887240356082,5.627478753541077,0.4801699716713881,Aaron Smith,1626302
Jayson Tatum,B.Adair,21,685,21,0,108,3865,5.142857142857143,5.642335766423358,-0.49947862356621453,13,326,0.6190476190476191,0.4759124087591241,0.14313521028849496,5.627478753541077,0.4801699716713881,Brandon Adair,1627961
Jayson Tatum,B.Adams,3,703,3,0,15,3958,5.0,5.630156472261735,-0.630156472261735,3,336,1.0,0.4779516358463727,0.5220483641536273,5.627478753541077,0.4801699716713881,Bennie Adams,1363
Jayson Tatum,B.Barnaky,37,669,37,0,170,3803,4.594594594594595,5.684603886397609,-1.090009291803014,18,321,0.4864864864864865,0.4798206278026906,0.006665858683795933,5.627478753541077,0.4801699716713881,Brent Barnaky,201638
Jayson Tatum,B.Forte,44,662,43,1,256,3717,5.818181818181818,5.614803625377643,0.20337819280417513,29,310,0.6590909090909091,0.46827794561933533,0.19081296347157373,5.627478753541077,0.4801699716713881,Brian Forte,101283
Jayson Tatum,B.Haskill,2,704,2,0,19,3954,9.5,5.6164772727272725,3.8835227272727275,0,339,0.0,0.4815340909090909,-0.4815340909090909,5.627478753541077,0.4801699716713881,Brent Haskill,1629175
Jayson Tatum,B.Kennedy,17,689,16,1,122,3851,7.176470588235294,5.589259796806966,1.587210791428328,9,330,0.5294117647058824,0.47895500725689405,0.05045675744898831,5.627478753541077,0.4801699716713881,Bill Kennedy,1662
Jayson Tatum,B.Nansel,11,695,11,0,69,3904,6.2727272727272725,5.61726618705036,0.6554610856769125,7,332,0.6363636363636364,0.4776978417266187,0.15866579463701763,5.627478753541077,0.4801699716713881,Brett Nansel,202035
Jayson Tatum,B.Schwab,7,699,7,0,38,3935,5.428571428571429,5.629470672389127,-0.2008992438176982,6,333,0.8571428571428571,0.47639484978540775,0.38074800735744935,5.627478753541077,0.4801699716713881,Brandon Schwab,1628171
Jayson Tatum,B.Spooner,2,704,2,0,7,3966,3.5,5.6335227272727275,-2.1335227272727275,2,337,1.0,0.4786931818181818,0.5213068181818181,5.627478753541077,0.4801699716713881,Bill Spooner,1194
Jayson Tatum,B.Taylor,35,671,32,3,170,3803,4.857142857142857,5.667660208643815,-0.810517351500958,19,320,0.5428571428571428,0.47690014903129657,0.06595699382584624,5.627478753541077,0.4801699716713881,Ben Taylor,202049
Jayson Tatum,C.Blair,28,678,28,0,143,3830,5.107142857142857,5.648967551622419,-0.5418246944795619,16,323,0.5714285714285714,0.47640117994100295,0.09502739148756845,5.627478753541077,0.4801699716713881,Curtis Blair,200832
Jayson Tatum,C.Flores,6,700,6,0,22,3951,3.6666666666666665,5.644285714285714,-1.9776190476190476,4,335,0.6666666666666666,0.4785714285714286,0.18809523809523804,5.627478753541077,0.4801699716713881,Che Flores,203054
Jayson Tatum,C.Kirkland,30,676,24,6,177,3796,5.9,5.615384615384615,0.2846153846153854,16,323,0.5333333333333333,0.47781065088757396,0.055522682445759364,5.627478753541077,0.4801699716713881,Courtney Kirkland,2004
Jayson Tatum,C.Washington,20,686,20,0,86,3887,4.3,5.666180758017493,-1.3661807580174932,13,326,0.65,0.4752186588921283,0.17478134110787175,5.627478753541077,0.4801699716713881,CJ Washington,202056
Jayson Tatum,D.Collins,31,675,30,1,175,3798,5.645161290322581,5.626666666666667,0.018494623655914033,15,324,0.4838709677419355,0.48,0.003870967741935516,5.627478753541077,0.4801699716713881,Derrick Collins,2002
Jayson Tatum,D.Guthrie,29,677,23,6,195,3778,6.724137931034483,5.580502215657312,1.1436357153771715,14,325,0.4827586206896552,0.48005908419497784,0.002699536494677357,5.627478753541077,0.4801699716713881,David Guthrie,2714
Jayson Tatum,D.Mosher,6,700,6,0,46,3927,7.666666666666667,5.61,2.0566666666666666,4,335,0.6666666666666666,0.4785714285714286,0.18809523809523804,5.627478753541077,0.4801699716713881,Dannica Mosher,1628484
Jayson Tatum,D.Richardson,15,691,15,0,86,3887,5.733333333333333,5.625180897250361,0.10815243608297198,10,329,0.6666666666666666,0.4761215629522431,0.1905451037144235,5.627478753541077,0.4801699716713881,Derek Richardson,1204
Jayson Tatum,D.Scott,5,701,5,0,25,3948,5.0,5.631954350927247,-0.6319543509272467,1,338,0.2,0.48216833095577744,-0.2821683309557774,5.627478753541077,0.4801699716713881,Danielle Scott,1628487
Jayson Tatum,D.Stafford,3,703,3,0,6,3967,2.0,5.642958748221906,-3.642958748221906,0,339,0.0,0.4822190611664296,-0.4822190611664296,5.627478753541077,0.4801699716713881,Derrick Stafford,1195
Jayson Tatum,D.Taylor,24,682,23,1,114,3859,4.75,5.658357771260997,-0.9083577712609969,13,326,0.5416666666666666,0.4780058651026393,0.06366080156402731,5.627478753541077,0.4801699716713881,Dedric Taylor,203592
Jayson Tatum,E.Dalen,20,686,20,0,124,3849,6.2,5.610787172011662,0.5892128279883382,10,329,0.5,0.47959183673469385,0.020408163265306145,5.627478753541077,0.4801699716713881,Eric Dalen,200833
Jayson Tatum,E.Lewis,26,680,22,4,152,3821,5.846153846153846,5.6191176470588236,0.22703619909502226,14,325,0.5384615384615384,0.47794117647058826,0.06052036199095018,5.627478753541077,0.4801699716713881,Eric Lewis,2715
Jayson Tatum,E.Malloy,36,670,36,0,200,3773,5.555555555555555,5.63134328358209,-0.07578772802653422,18,321,0.5,0.4791044776119403,0.020895522388059695,5.627478753541077,0.4801699716713881,Ed Malloy,2530
Jayson Tatum,E.Scott,15,691,15,0,111,3862,7.4,5.589001447178003,1.8109985528219976,8,331,0.5333333333333333,0.47901591895803186,0.054317414375301465,5.627478753541077,0.4801699716713881,Evan Scott,1628172
Jayson Tatum,G.Petraitis,31,675,30,1,165,3808,5.32258064516129,5.641481481481481,-0.31890083632019106,17,322,0.5483870967741935,0.47703703703703704,0.07135005973715647,5.627478753541077,0.4801699716713881,Gediminas Petraitis,204058
Jayson Tatum,G.Zielinski,1,705,1,0,2,3971,2.0,5.6326241134751776,-3.6326241134751776,1,338,1.0,0.4794326241134752,0.5205673758865248,5.627478753541077,0.4801699716713881,Gary Zielinski,1664
Jayson Tatum,H.Workman,7,699,7,0,15,3958,2.142857142857143,5.662374821173104,-3.5195176783159616,6,333,0.8571428571428571,0.47639484978540775,0.38074800735744935,5.627478753541077,0.4801699716713881,Haywoode Workman,201637
Jayson Tatum,I.Hwang,5,701,5,0,23,3950,4.6,5.634807417974322,-1.0348074179743225,2,337,0.4,0.48074179743223966,-0.08074179743223964,5.627478753541077,0.4801699716713881,Intae Hwang,1630886
Jayson Tatum,J.Butler,14,692,14,0,115,3858,8.214285714285714,5.57514450867052,2.6391412056151937,7,332,0.5,0.4797687861271676,0.020231213872832388,5.627478753541077,0.4801699716713881,John Butler,1628951
Jayson Tatum,J.Capers,35,671,28,7,187,3786,5.3428571428571425,5.642324888226527,-0.2994677453693848,13,326,0.37142857142857144,0.4858420268256334,-0.11441345539706194,5.627478753541077,0.4801699716713881,James Capers,1148
Jayson Tatum,J.Conley,10,696,10,0,70,3903,7.0,5.607758620689655,1.3922413793103452,4,335,0.4,0.4813218390804598,-0.08132183908045976,5.627478753541077,0.4801699716713881,John Conley,1627519
Jayson Tatum,J.DeRosa,34,672,33,1,201,3772,5.911764705882353,5.613095238095238,0.2986694677871151,19,320,0.5588235294117647,0.47619047619047616,0.08263305322128855,5.627478753541077,0.4801699716713881,JB DeRosa,1155
Jayson Tatum,J.Goble,56,650,52,4,298,3675,5.321428571428571,5.653846153846154,-0.332417582417583,22,317,0.39285714285714285,0.4876923076923077,-0.09483516483516485,5.627478753541077,0.4801699716713881,John Goble,101284
Jayson Tatum,J.Goldenberg,22,684,21,1,160,3813,7.2727272727272725,5.574561403508772,1.6981658692185002,13,326,0.5909090909090909,0.4766081871345029,0.11430090377458801,5.627478753541077,0.4801699716713881,Jason Goldenberg,1626301
Jayson Tatum,J.Orr,17,689,17,0,75,3898,4.411764705882353,5.657474600870827,-1.2457098949884742,10,329,0.5882352941176471,0.47750362844702465,0.11073166567062243,5.627478753541077,0.4801699716713881,J.T. Orr,202037
Jayson Tatum,J.Phillips,7,699,7,0,15,3958,2.142857142857143,5.662374821173104,-3.5195176783159616,3,336,0.42857142857142855,0.48068669527896996,-0.05211526670754141,5.627478753541077,0.4801699716713881,Jason Phillips,2001
Jayson Tatum,J.Ralls,2,704,2,0,14,3959,7.0,5.623579545454546,1.3764204545454541,2,337,1.0,0.4786931818181818,0.5213068181818181,5.627478753541077,0.4801699716713881,JD Ralls,1628485
Jayson Tatum,J.Reneau,2,704,2,0,11,3962,5.5,5.627840909090909,-0.12784090909090917,1,338,0.5,0.48011363636363635,0.019886363636363646,5.627478753541077,0.4801699716713881,Jenna Reneau,1628168
Jayson Tatum,J.Schroeder,7,699,7,0,58,3915,8.285714285714286,5.600858369098712,2.6848559166155743,5,334,0.7142857142857143,0.47782546494992845,0.23646024933578585,5.627478753541077,0.4801699716713881,Jenna Schroeder,1628954
Jayson Tatum,J.Sterling,8,698,8,0,46,3927,5.75,5.626074498567335,0.12392550143266501,2,337,0.25,0.4828080229226361,-0.23280802292263608,5.627478753541077,0.4801699716713881,Jonathan Sterling,1627964
Jayson Tatum,J.Tiven,32,674,28,4,207,3766,6.46875,5.58753709198813,0.8812129080118698,16,323,0.5,0.4792284866468843,0.020771513353115723,5.627478753541077,0.4801699716713881,Josh Tiven,201639
Jayson Tatum,J.Van Duyne,25,681,23,2,131,3842,5.24,5.641703377386197,-0.40170337738619644,12,327,0.48,0.4801762114537445,-0.00017621145374452363,5.627478753541077,0.4801699716713881,Justin Van Duyne,203593
Jayson Tatum,J.Williams,31,675,27,4,184,3789,5.935483870967742,5.613333333333333,0.3221505376344087,14,325,0.45161290322580644,0.48148148148148145,-0.029868578255675016,5.627478753541077,0.4801699716713881,James Williams,202058
Jayson Tatum,K.Cutler,32,674,32,0,202,3771,6.3125,5.594955489614243,0.717544510385757,20,319,0.625,0.4732937685459941,0.1517062314540059,5.627478753541077,0.4801699716713881,Kevin Cutler,201246
Jayson Tatum,K.Fitzgerald,25,681,23,2,120,3853,4.8,5.657856093979442,-0.857856093979442,19,320,0.76,0.4698972099853157,0.2901027900146843,5.627478753541077,0.4801699716713881,Kane Fitzgerald,201640
Jayson Tatum,K.Lane,27,679,26,1,158,3815,5.851851851851852,5.618556701030927,0.23329515082092467,13,326,0.48148148148148145,0.4801178203240059,0.0013636611574755486,5.627478753541077,0.4801699716713881,Karl Lane,202026
Jayson Tatum,K.Mauer,14,692,14,0,48,3925,3.4285714285714284,5.671965317919075,-2.243393889347647,7,332,0.5,0.4797687861271676,0.020231213872832388,5.627478753541077,0.4801699716713881,Ken Mauer,1174
Jayson Tatum,K.Scott,33,673,30,3,189,3784,5.7272727272727275,5.622585438335809,0.10468728893691814,16,323,0.48484848484848486,0.4799405646359584,0.004907920212526451,5.627478753541077,0.4801699716713881,Kevin Scott,202041
Jayson Tatum,L.Holtkamp,11,695,11,0,55,3918,5.0,5.637410071942446,-0.6374100719424458,5,334,0.45454545454545453,0.4805755395683453,-0.02603008502289078,5.627478753541077,0.4801699716713881,Lauren Holtkamp,203177
Jayson Tatum,L.Richardson,15,691,15,0,47,3926,3.1333333333333333,5.681620839363242,-2.5482875060299084,11,328,0.7333333333333333,0.47467438494934877,0.2586589483839845,5.627478753541077,0.4801699716713881,Leroy Richardson,1188
Jayson Tatum,L.Wood,14,692,14,0,76,3897,5.428571428571429,5.631502890173411,-0.20293146160198194,9,330,0.6428571428571429,0.476878612716763,0.1659785301403799,5.627478753541077,0.4801699716713881,Leon Wood,1201
Jayson Tatum,M.Ayotte,16,690,16,0,66,3907,4.125,5.66231884057971,-1.5373188405797098,10,329,0.625,0.47681159420289854,0.14818840579710146,5.627478753541077,0.4801699716713881,Mark Ayotte,2148
Jayson Tatum,M.Boland,23,683,23,0,114,3859,4.956521739130435,5.650073206442167,-0.6935514673117327,11,328,0.4782608695652174,0.4802342606149341,-0.0019733910497167217,5.627478753541077,0.4801699716713881,Matt Boland,2005
Jayson Tatum,M.Callahan,9,697,9,0,19,3954,2.111111111111111,5.672883787661406,-3.561772676550295,6,333,0.6666666666666666,0.47776183644189385,0.18890483022477278,5.627478753541077,0.4801699716713881,Mike Callahan,1147
Jayson Tatum,M.Dagher,13,693,13,0,101,3872,7.769230769230769,5.587301587301587,2.181929181929182,7,332,0.5384615384615384,0.4790764790764791,0.059385059385059336,5.627478753541077,0.4801699716713881,Mousa Dagher,1628159
Jayson Tatum,M.Davis,42,664,37,5,233,3740,5.5476190476190474,5.632530120481928,-0.08491107286288013,23,316,0.5476190476190477,0.4759036144578313,0.07171543316121637,5.627478753541077,0.4801699716713881,Marc Davis,1830
Jayson Tatum,M.Ervin,27,679,26,1,145,3828,5.37037037037037,5.6377025036818855,-0.2673321333115153,15,324,0.5555555555555556,0.47717231222385864,0.07838324333169694,5.627478753541077,0.4801699716713881,Mitchell Ervin,203591
Jayson Tatum,M.Kallio,7,699,7,0,38,3935,5.428571428571429,5.629470672389127,-0.2008992438176982,5,334,0.7142857142857143,0.47782546494992845,0.23646024933578585,5.627478753541077,0.4801699716713881,Matt Kallio,1627526
Jayson Tatum,M.Kogut,36,670,36,0,221,3752,6.138888888888889,5.6,0.5388888888888896,20,319,0.5555555555555556,0.4761194029850746,0.07943615257048098,5.627478753541077,0.4801699716713881,Marat Kogut,201245
Jayson Tatum,M.Lindsay,35,671,32,3,160,3813,4.571428571428571,5.682563338301043,-1.111134766872472,17,322,0.4857142857142857,0.4798807749627422,0.005833510751543536,5.627478753541077,0.4801699716713881,Mark Lindsay,200834
Jayson Tatum,M.McCutchen,1,705,1,0,3,3970,3.0,5.631205673758865,-2.631205673758865,1,338,1.0,0.4794326241134752,0.5205673758865248,5.627478753541077,0.4801699716713881,Monty McCutchen,1176
Jayson Tatum,M.Myers,23,683,23,0,152,3821,6.608695652173913,5.594436310395315,1.0142593417785983,15,324,0.6521739130434783,0.4743777452415813,0.177796167801897,5.627478753541077,0.4801699716713881,Matt Myers,202901
Jayson Tatum,M.Smith,26,680,26,0,147,3826,5.653846153846154,5.626470588235295,0.02737556561085963,17,322,0.6538461538461539,0.47352941176470587,0.180316742081448,5.627478753541077,0.4801699716713881,Michael Smith,1193
Jayson Tatum,N.Buchert,31,675,31,0,142,3831,4.580645161290323,5.6755555555555555,-1.0949103942652325,17,322,0.5483870967741935,0.47703703703703704,0.07135005973715647,5.627478753541077,0.4801699716713881,Nick Buchert,202007
Jayson Tatum,N.Green,16,690,16,0,84,3889,5.25,5.636231884057971,-0.38623188405797126,10,329,0.625,0.47681159420289854,0.14818840579710146,5.627478753541077,0.4801699716713881,Nate Green,1627524
Jayson Tatum,N.Sago,26,680,26,0,127,3846,4.884615384615385,5.655882352941177,-0.7712669683257918,15,324,0.5769230769230769,0.4764705882352941,0.10045248868778278,5.627478753541077,0.4801699716713881,Natalie Sago,1627541
Jayson Tatum,P.Fraher,30,676,26,4,162,3811,5.4,5.637573964497041,-0.2375739644970407,19,320,0.6333333333333333,0.47337278106508873,0.15996055226824457,5.627478753541077,0.4801699716713881,Pat Fraher,2003
Jayson Tatum,P.Ransom,24,682,24,0,127,3846,5.291666666666667,5.639296187683285,-0.3476295210166178,13,326,0.5416666666666666,0.4780058651026393,0.06366080156402731,5.627478753541077,0.4801699716713881,Phenizee Ransom,1627963
Jayson Tatum,R.Acosta,33,673,33,0,209,3764,6.333333333333333,5.592867756315007,0.7404655770183259,24,315,0.7272727272727273,0.46805349182763745,0.25921923544508985,5.627478753541077,0.4801699716713881,Ray Acosta,1626300
Jayson Tatum,R.Garretson,6,700,6,0,20,3953,3.3333333333333335,5.647142857142857,-2.3138095238095233,3,336,0.5,0.48,0.020000000000000018,5.627478753541077,0.4801699716713881,Ron Garretson,1164
Jayson Tatum,R.Hussey,7,699,7,0,47,3926,6.714285714285714,5.61659513590844,1.0976905783772741,5,334,0.7142857142857143,0.47782546494992845,0.23646024933578585,5.627478753541077,0.4801699716713881,Robert Hussey,1628480
Jayson Tatum,R.Mott,22,684,20,2,130,3843,5.909090909090909,5.618421052631579,0.2906698564593304,14,325,0.6363636363636364,0.47514619883040937,0.16121743753322698,5.627478753541077,0.4801699716713881,Rodney Mott,1179
Jayson Tatum,S.Corbin,29,677,27,2,175,3798,6.0344827586206895,5.610044313146234,0.42443844547445586,17,322,0.5862068965517241,0.4756277695716396,0.11057912698008449,5.627478753541077,0.4801699716713881,Sean Corbin,1151
Jayson Tatum,S.Foster,40,666,32,8,238,3735,5.95,5.608108108108108,0.3418918918918923,18,321,0.45,0.481981981981982,-0.03198198198198199,5.627478753541077,0.4801699716713881,Scott Foster,1162
Jayson Tatum,S.Jelks,5,701,5,0,21,3952,4.2,5.637660485021398,-1.4376604850213974,2,337,0.4,0.48074179743223966,-0.08074179743223964,5.627478753541077,0.4801699716713881,Simone Jelks,1628481
Jayson Tatum,S.Mehta,13,693,13,0,95,3878,7.3076923076923075,5.595959595959596,1.7117327117327115,6,333,0.46153846153846156,0.4805194805194805,-0.01898101898101895,5.627478753541077,0.4801699716713881,Suyash Mehta,1627529
Jayson Tatum,S.Twardoski,22,684,22,0,124,3849,5.636363636363637,5.62719298245614,0.009170653907496273,10,329,0.45454545454545453,0.48099415204678364,-0.02644869750132911,5.627478753541077,0.4801699716713881,Scott Twardoski,202053
Jayson Tatum,S.Wall,25,681,25,0,132,3841,5.28,5.640234948604992,-0.36023494860499206,18,321,0.72,0.4713656387665198,0.24863436123348015,5.627478753541077,0.4801699716713881,Scott Wall,1198
Jayson Tatum,S.Wright,38,668,32,6,189,3784,4.973684210526316,5.664670658682635,-0.6909864481563188,23,316,0.6052631578947368,0.47305389221556887,0.13220926567916796,5.627478753541077,0.4801699716713881,Sean Wright,2882
Jayson Tatum,T.Brothers,37,669,32,5,190,3783,5.135135135135135,5.654708520179372,-0.5195733850442368,16,323,0.43243243243243246,0.4828101644245142,-0.05037773199208173,5.627478753541077,0.4801699716713881,Tony Brothers,1146
Jayson Tatum,T.Brown,17,689,16,1,92,3881,5.411764705882353,5.632801161103048,-0.2210364552206947,9,330,0.5294117647058824,0.47895500725689405,0.05045675744898831,5.627478753541077,0.4801699716713881,Tony Brown,2529
Jayson Tatum,T.Ford,36,670,33,3,222,3751,6.166666666666667,5.598507462686567,0.5681592039801,17,322,0.4722222222222222,0.48059701492537316,-0.008374792703150946,5.627478753541077,0.4801699716713881,Tyler Ford,204059
Jayson Tatum,T.Maddox,20,686,17,3,101,3872,5.05,5.644314868804665,-0.5943148688046653,12,327,0.6,0.47667638483965014,0.12332361516034984,5.627478753541077,0.4801699716713881,Tre Maddox,202027
Jayson Tatum,T.Mirkovich,2,704,2,0,17,3956,8.5,5.619318181818182,2.8806818181818183,1,338,0.5,0.48011363636363635,0.019886363636363646,5.627478753541077,0.4801699716713881,Tyler Mirkovich,1628482
Jayson Tatum,T.Ricks,4,702,4,0,22,3951,5.5,5.628205128205129,-0.12820512820512864,3,336,0.75,0.47863247863247865,0.27136752136752135,5.627478753541077,0.4801699716713881,Tyler Ricks,1627539
Jayson Tatum,T.Washington,20,686,20,0,94,3879,4.7,5.654518950437318,-0.9545189504373175,12,327,0.6,0.47667638483965014,0.12332361516034984,5.627478753541077,0.4801699716713881,Tom Washington,1199
Jayson Tatum,V.Voyard-Tadal,2,704,2,0,7,3966,3.5,5.6335227272727275,-2.1335227272727275,1,338,0.5,0.48011363636363635,0.019886363636363646,5.627478753541077,0.4801699716713881,Vladimir Voyard-Tadal,1626303
Jayson Tatum,Z.Zarba,42,664,33,9,270,3703,6.428571428571429,5.576807228915663,0.8517641996557659,19,320,0.4523809523809524,0.4819277108433735,-0.029546758462421108,5.627478753541077,0.4801699716713881,Zach Zarba,2534
Kristaps Porzingis,A.Moyer-Gleich,11,518,11,0,81,2419,7.363636363636363,4.6698841698841695,2.6937521937521938,0,0,0.0,0.0,0.0,4.725897920604915,0.0,Ashley Moyer-Gleich,1628953
Kristaps Porzingis,A.Nagy,14,515,14,0,79,2421,5.642857142857143,4.7009708737864075,0.9418862690707357,0,0,0.0,0.0,0.0,4.725897920604915,0.0,Andy Nagy,1627534
Kristaps Porzingis,A.Smith,21,508,21,0,113,2387,5.380952380952381,4.698818897637795,0.682133483314586,0,0,0.0,0.0,0.0,4.725897920604915,0.0,Aaron Smith,1626302
Kristaps Porzingis,B.Adair,15,514,15,0,68,2432,4.533333333333333,4.7315175097276265,-0.1981841763942933,0,0,0.0,0.0,0.0,4.725897920604915,0.0,Brandon Adair,1627961
Kristaps Porzingis,B.Adams,9,520,9,0,35,2465,3.888888888888889,4.740384615384615,-0.8514957264957261,0,0,0.0,0.0,0.0,4.725897920604915,0.0,Bennie Adams,1363
Kristaps Porzingis,B.Barnaky,30,499,30,0,136,2364,4.533333333333333,4.7374749498997994,-0.20414161656646623,0,0,0.0,0.0,0.0,4.725897920604915,0.0,Brent Barnaky,201638
Kristaps Porzingis,B.Forte,25,504,24,1,132,2368,5.28,4.698412698412699,0.5815873015873017,0,0,0.0,0.0,0.0,4.725897920604915,0.0,Brian Forte,101283
Kristaps Porzingis,B.Haskill,1,528,1,0,7,2493,7.0,4.721590909090909,2.278409090909091,0,0,0.0,0.0,0.0,4.725897920604915,0.0,Brent Haskill,1629175
Kristaps Porzingis,B.Kennedy,20,509,20,0,86,2414,4.3,4.742632612966601,-0.4426326129666016,0,0,0.0,0.0,0.0,4.725897920604915,0.0,Bill Kennedy,1662
Kristaps Porzingis,B.Nansel,10,519,10,0,49,2451,4.9,4.722543352601156,0.17745664739884415,0,0,0.0,0.0,0.0,4.725897920604915,0.0,Brett Nansel,202035
Kristaps Porzingis,B.Schwab,8,521,8,0,58,2442,7.25,4.687140115163148,2.5628598848368522,0,0,0.0,0.0,0.0,4.725897920604915,0.0,Brandon Schwab,1628171
Kristaps Porzingis,B.Spooner,6,523,6,0,14,2486,2.3333333333333335,4.753346080305928,-2.4200127469725943,0,0,0.0,0.0,0.0,4.725897920604915,0.0,Bill Spooner,1194
Kristaps Porzingis,B.Taylor,21,508,20,1,98,2402,4.666666666666667,4.728346456692913,-0.06167979002624602,0,0,0.0,0.0,0.0,4.725897920604915,0.0,Ben Taylor,202049
Kristaps Porzingis,C.Blair,19,510,19,0,85,2415,4.473684210526316,4.735294117647059,-0.26160990712074295,0,0,0.0,0.0,0.0,4.725897920604915,0.0,Curtis Blair,200832
Kristaps Porzingis,C.Flores,7,522,7,0,50,2450,7.142857142857143,4.693486590038314,2.449370552818829,0,0,0.0,0.0,0.0,4.725897920604915,0.0,Che Flores,203054
Kristaps Porzingis,C.Kirkland,24,505,23,1,140,2360,5.833333333333333,4.673267326732673,1.16006600660066,0,0,0.0,0.0,0.0,4.725897920604915,0.0,Courtney Kirkland,2004
Kristaps Porzingis,C.Washington,16,513,16,0,99,2401,6.1875,4.680311890838206,1.5071881091617936,0,0,0.0,0.0,0.0,4.725897920604915,0.0,CJ Washington,202056
Kristaps Porzingis,D.Collins,36,493,35,1,136,2364,3.7777777777777777,4.795131845841785,-1.017354068064007,0,0,0.0,0.0,0.0,4.725897920604915,0.0,Derrick Collins,2002
Kristaps Porzingis,D.Crawford,7,522,7,0,23,2477,3.2857142857142856,4.745210727969349,-1.4594964422550634,0,0,0.0,0.0,0.0,4.725897920604915,0.0,Dan Crawford,1152
Kristaps Porzingis,D.Guthrie,28,501,27,1,132,2368,4.714285714285714,4.726546906187624,-0.012261191901909996,0,0,0.0,0.0,0.0,4.725897920604915,0.0,David Guthrie,2714
Kristaps Porzingis,D.Jones,3,526,3,0,8,2492,2.6666666666666665,4.737642585551331,-2.0709759188846646,0,0,0.0,0.0,0.0,4.725897920604915,0.0,David Jones,1168
Kristaps Porzingis,D.Mosher,5,524,5,0,34,2466,6.8,4.706106870229007,2.0938931297709926,0,0,0.0,0.0,0.0,4.725897920604915,0.0,Dannica Mosher,1628484
Kristaps Porzingis,D.Richardson,19,510,19,0,93,2407,4.894736842105263,4.719607843137255,0.17512899896800782,0,0,0.0,0.0,0.0,4.725897920604915,0.0,Derek Richardson,1204
Kristaps Porzingis,D.Scott,4,525,4,0,11,2489,2.75,4.740952380952381,-1.9909523809523808,0,0,0.0,0.0,0.0,4.725897920604915,0.0,Danielle Scott,1628487
Kristaps Porzingis,D.Stafford,6,523,6,0,20,2480,3.3333333333333335,4.741873804971319,-1.4085404716379855,0,0,0.0,0.0,0.0,4.725897920604915,0.0,Derrick Stafford,1195
Kristaps Porzingis,D.Taylor,28,501,28,0,147,2353,5.25,4.696606786427146,0.5533932135728543,0,0,0.0,0.0,0.0,4.725897920604915,0.0,Dedric Taylor,203592
Kristaps Porzingis,E.Dalen,22,507,22,0,88,2412,4.0,4.757396449704142,-0.7573964497041423,0,0,0.0,0.0,0.0,4.725897920604915,0.0,Eric Dalen,200833
Kristaps Porzingis,E.Lewis,18,511,18,0,62,2438,3.4444444444444446,4.771037181996086,-1.3265927375516418,0,0,0.0,0.0,0.0,4.725897920604915,0.0,Eric Lewis,2715
Kristaps Porzingis,E.Malloy,26,503,26,0,111,2389,4.269230769230769,4.749502982107356,-0.48027221287658683,0,0,0.0,0.0,0.0,4.725897920604915,0.0,Ed Malloy,2530
Kristaps Porzingis,E.Roe,2,527,2,0,7,2493,3.5,4.730550284629981,-1.230550284629981,0,0,0.0,0.0,0.0,4.725897920604915,0.0,Eli Roe,2532
Kristaps Porzingis,E.Scott,14,515,14,0,57,2443,4.071428571428571,4.7436893203883495,-0.6722607489597783,0,0,0.0,0.0,0.0,4.725897920604915,0.0,Evan Scott,1628172
Kristaps Porzingis,G.Petraitis,26,503,25,1,134,2366,5.153846153846154,4.703777335984095,0.4500688178620589,0,0,0.0,0.0,0.0,4.725897920604915,0.0,Gediminas Petraitis,204058
Kristaps Porzingis,G.Zielinski,8,521,8,0,42,2458,5.25,4.717850287907869,0.5321497120921306,0,0,0.0,0.0,0.0,4.725897920604915,0.0,Gary Zielinski,1664
Kristaps Porzingis,H.Workman,10,519,10,0,28,2472,2.8,4.763005780346821,-1.9630057803468208,0,0,0.0,0.0,0.0,4.725897920604915,0.0,Haywoode Workman,201637
Kristaps Porzingis,I.Hwang,4,525,4,0,21,2479,5.25,4.721904761904762,0.5280952380952382,0,0,0.0,0.0,0.0,4.725897920604915,0.0,Intae Hwang,1630886
Kristaps Porzingis,J.Butler,13,516,13,0,85,2415,6.538461538461538,4.680232558139535,1.8582289803220036,0,0,0.0,0.0,0.0,4.725897920604915,0.0,John Butler,1628951
Kristaps Porzingis,J.Capers,13,516,12,1,60,2440,4.615384615384615,4.728682170542636,-0.11329755515802109,0,0,0.0,0.0,0.0,4.725897920604915,0.0,James Capers,1148
Kristaps Porzingis,J.Conley,6,523,6,0,24,2476,4.0,4.734225621414914,-0.7342256214149137,0,0,0.0,0.0,0.0,4.725897920604915,0.0,John Conley,1627519
Kristaps Porzingis,J.DeRosa,14,515,13,1,60,2440,4.285714285714286,4.737864077669903,-0.452149791955617,0,0,0.0,0.0,0.0,4.725897920604915,0.0,JB DeRosa,1155
Kristaps Porzingis,J.Goble,41,488,40,1,203,2297,4.951219512195122,4.706967213114754,0.24425229908036794,0,0,0.0,0.0,0.0,4.725897920604915,0.0,John Goble,101284
Kristaps Porzingis,J.Goldenberg,14,515,13,1,75,2425,5.357142857142857,4.70873786407767,0.6484049930651867,0,0,0.0,0.0,0.0,4.725897920604915,0.0,Jason Goldenberg,1626301
Kristaps Porzingis,J.Orr,18,511,18,0,79,2421,4.388888888888889,4.737769080234834,-0.3488801913459447,0,0,0.0,0.0,0.0,4.725897920604915,0.0,J.T. Orr,202037
Kristaps Porzingis,J.Phillips,6,523,6,0,23,2477,3.8333333333333335,4.736137667304015,-0.9028043339706815,0,0,0.0,0.0,0.0,4.725897920604915,0.0,Jason Phillips,2001
Kristaps Porzingis,J.Ralls,1,528,1,0,2,2498,2.0,4.731060606060606,-2.7310606060606064,0,0,0.0,0.0,0.0,4.725897920604915,0.0,JD Ralls,1628485
Kristaps Porzingis,J.Reneau,1,528,1,0,14,2486,14.0,4.708333333333333,9.291666666666668,0,0,0.0,0.0,0.0,4.725897920604915,0.0,Jenna Reneau,1628168
Kristaps Porzingis,J.Schroeder,11,518,11,0,45,2455,4.090909090909091,4.739382239382239,-0.6484731484731485,0,0,0.0,0.0,0.0,4.725897920604915,0.0,Jenna Schroeder,1628954
Kristaps Porzingis,J.Sterling,11,518,11,0,50,2450,4.545454545454546,4.72972972972973,-0.18427518427518397,0,0,0.0,0.0,0.0,4.725897920604915,0.0,Jonathan Sterling,1627964
Kristaps Porzingis,J.Tiven,33,496,33,0,140,2360,4.242424242424242,4.758064516129032,-0.5156402737047898,0,0,0.0,0.0,0.0,4.725897920604915,0.0,Josh Tiven,201639
Kristaps Porzingis,J.Van Duyne,24,505,24,0,114,2386,4.75,4.7247524752475245,0.025247524752475492,0,0,0.0,0.0,0.0,4.725897920604915,0.0,Justin Van Duyne,203593
Kristaps Porzingis,J.Williams,22,507,21,1,123,2377,5.590909090909091,4.68836291913215,0.9025461717769412,0,0,0.0,0.0,0.0,4.725897920604915,0.0,James Williams,202058
Kristaps Porzingis,K.Cutler,21,508,21,0,100,2400,4.761904761904762,4.724409448818897,0.03749531308586462,0,0,0.0,0.0,0.0,4.725897920604915,0.0,Kevin Cutler,201246
Kristaps Porzingis,K.Fitzgerald,19,510,19,0,79,2421,4.157894736842105,4.747058823529412,-0.5891640866873065,0,0,0.0,0.0,0.0,4.725897920604915,0.0,Kane Fitzgerald,201640
Kristaps Porzingis,K.Lane,20,509,20,0,100,2400,5.0,4.715127701375246,0.28487229862475427,0,0,0.0,0.0,0.0,4.725897920604915,0.0,Karl Lane,202026
Kristaps Porzingis,K.Mauer,15,514,15,0,52,2448,3.466666666666667,4.762645914396887,-1.2959792477302203,0,0,0.0,0.0,0.0,4.725897920604915,0.0,Ken Mauer,1174
Kristaps Porzingis,K.Scott,25,504,24,1,126,2374,5.04,4.7103174603174605,0.3296825396825396,0,0,0.0,0.0,0.0,4.725897920604915,0.0,Kevin Scott,202041
Kristaps Porzingis,L.Holtkamp,20,509,20,0,91,2409,4.55,4.7328094302554025,-0.18280943025540264,0,0,0.0,0.0,0.0,4.725897920604915,0.0,Lauren Holtkamp,203177
Kristaps Porzingis,L.Richardson,13,516,13,0,54,2446,4.153846153846154,4.74031007751938,-0.5864639236732261,0,0,0.0,0.0,0.0,4.725897920604915,0.0,Leroy Richardson,1188
Kristaps Porzingis,L.Wood,13,516,13,0,62,2438,4.769230769230769,4.724806201550388,0.044424567680381166,0,0,0.0,0.0,0.0,4.725897920604915,0.0,Leon Wood,1201
Kristaps Porzingis,M.Ayotte,14,515,14,0,82,2418,5.857142857142857,4.695145631067962,1.1619972260748952,0,0,0.0,0.0,0.0,4.725897920604915,0.0,Mark Ayotte,2148
Kristaps Porzingis,M.Boland,23,506,23,0,111,2389,4.826086956521739,4.721343873517786,0.10474308300395307,0,0,0.0,0.0,0.0,4.725897920604915,0.0,Matt Boland,2005
Kristaps Porzingis,M.Callahan,11,518,11,0,49,2451,4.454545454545454,4.731660231660232,-0.27711477711477794,0,0,0.0,0.0,0.0,4.725897920604915,0.0,Mike Callahan,1147
Kristaps Porzingis,M.Dagher,14,515,14,0,75,2425,5.357142857142857,4.70873786407767,0.6484049930651867,0,0,0.0,0.0,0.0,4.725897920604915,0.0,Mousa Dagher,1628159
Kristaps Porzingis,M.Davis,24,505,23,1,107,2393,4.458333333333333,4.738613861386138,-0.28028052805280534,0,0,0.0,0.0,0.0,4.725897920604915,0.0,Marc Davis,1830
Kristaps Porzingis,M.Ervin,23,506,23,0,125,2375,5.434782608695652,4.6936758893280635,0.7411067193675889,0,0,0.0,0.0,0.0,4.725897920604915,0.0,Mitchell Ervin,203591
Kristaps Porzingis,M.Kallio,8,521,8,0,44,2456,5.5,4.7140115163147795,0.7859884836852205,0,0,0.0,0.0,0.0,4.725897920604915,0.0,Matt Kallio,1627526
Kristaps Porzingis,M.Kogut,22,507,22,0,119,2381,5.409090909090909,4.6962524654832345,0.7128384436076747,0,0,0.0,0.0,0.0,4.725897920604915,0.0,Marat Kogut,201245
Kristaps Porzingis,M.Lindsay,28,501,27,1,121,2379,4.321428571428571,4.748502994011976,-0.4270744225834049,0,0,0.0,0.0,0.0,4.725897920604915,0.0,Mark Lindsay,200834
Kristaps Porzingis,M.McCutchen,10,519,10,0,43,2457,4.3,4.734104046242774,-0.43410404624277454,0,0,0.0,0.0,0.0,4.725897920604915,0.0,Monty McCutchen,1176
Kristaps Porzingis,M.Myers,4,525,4,0,13,2487,3.25,4.7371428571428575,-1.4871428571428575,0,0,0.0,0.0,0.0,4.725897920604915,0.0,Matt Myers,202901
Kristaps Porzingis,M.Smith,23,506,23,0,89,2411,3.869565217391304,4.764822134387352,-0.8952569169960474,0,0,0.0,0.0,0.0,4.725897920604915,0.0,Michael Smith,1193
Kristaps Porzingis,N.Buchert,30,499,30,0,141,2359,4.7,4.727454909819639,-0.02745490981963883,0,0,0.0,0.0,0.0,4.725897920604915,0.0,Nick Buchert,202007
Kristaps Porzingis,N.Green,14,515,14,0,64,2436,4.571428571428571,4.730097087378641,-0.1586685159500698,0,0,0.0,0.0,0.0,4.725897920604915,0.0,Nate Green,1627524
Kristaps Porzingis,N.Sago,13,516,13,0,66,2434,5.076923076923077,4.717054263565892,0.3598688133571848,0,0,0.0,0.0,0.0,4.725897920604915,0.0,Natalie Sago,1627541
Kristaps Porzingis,P.Fraher,26,503,26,0,153,2347,5.884615384615385,4.666003976143141,1.2186114084722437,0,0,0.0,0.0,0.0,4.725897920604915,0.0,Pat Fraher,2003
Kristaps Porzingis,P.Ransom,14,515,14,0,49,2451,3.5,4.7592233009708735,-1.2592233009708735,0,0,0.0,0.0,0.0,4.725897920604915,0.0,Phenizee Ransom,1627963
Kristaps Porzingis,R.Acosta,18,511,18,0,99,2401,5.5,4.698630136986301,0.801369863013699,0,0,0.0,0.0,0.0,4.725897920604915,0.0,Ray Acosta,1626300
Kristaps Porzingis,R.Garretson,10,519,10,0,46,2454,4.6,4.728323699421965,-0.12832369942196564,0,0,0.0,0.0,0.0,4.725897920604915,0.0,Ron Garretson,1164
Kristaps Porzingis,R.Hussey,3,526,3,0,23,2477,7.666666666666667,4.7091254752851714,2.9575411913814955,0,0,0.0,0.0,0.0,4.725897920604915,0.0,Robert Hussey,1628480
Kristaps Porzingis,R.Mott,19,510,19,0,90,2410,4.7368421052631575,4.7254901960784315,0.011351909184726061,0,0,0.0,0.0,0.0,4.725897920604915,0.0,Rodney Mott,1179
Kristaps Porzingis,S.Anderson,4,525,4,0,17,2483,4.25,4.729523809523809,-0.47952380952380924,0,0,0.0,0.0,0.0,4.725897920604915,0.0,Steve Anderson,202000
Kristaps Porzingis,S.Corbin,24,505,23,1,92,2408,3.8333333333333335,4.768316831683168,-0.9349834983498346,0,0,0.0,0.0,0.0,4.725897920604915,0.0,Sean Corbin,1151
Kristaps Porzingis,S.Foster,27,502,27,0,128,2372,4.7407407407407405,4.725099601593626,0.015641139147114735,0,0,0.0,0.0,0.0,4.725897920604915,0.0,Scott Foster,1162
Kristaps Porzingis,S.Jelks,3,526,3,0,14,2486,4.666666666666667,4.726235741444867,-0.05956907477820028,0,0,0.0,0.0,0.0,4.725897920604915,0.0,Simone Jelks,1628481
Kristaps Porzingis,S.Mehta,7,522,7,0,26,2474,3.7142857142857144,4.739463601532567,-1.0251778872468522,0,0,0.0,0.0,0.0,4.725897920604915,0.0,Suyash Mehta,1627529
Kristaps Porzingis,S.Mitchell,1,528,1,0,4,2496,4.0,4.7272727272727275,-0.7272727272727275,0,0,0.0,0.0,0.0,4.725897920604915,0.0,Sha'Rae Mitchell,1629178
Kristaps Porzingis,S.Twardoski,22,507,22,0,84,2416,3.8181818181818183,4.765285996055227,-0.9471041778734088,0,0,0.0,0.0,0.0,4.725897920604915,0.0,Scott Twardoski,202053
Kristaps Porzingis,S.Wall,16,513,16,0,69,2431,4.3125,4.738791423001949,-0.426291423001949,0,0,0.0,0.0,0.0,4.725897920604915,0.0,Scott Wall,1198
Kristaps Porzingis,S.Wright,20,509,20,0,113,2387,5.65,4.6895874263261295,0.9604125736738709,0,0,0.0,0.0,0.0,4.725897920604915,0.0,Sean Wright,2882
Kristaps Porzingis,T.Brothers,27,502,27,0,120,2380,4.444444444444445,4.741035856573705,-0.29659141212926077,0,0,0.0,0.0,0.0,4.725897920604915,0.0,Tony Brothers,1146
Kristaps Porzingis,T.Brown,15,514,15,0,72,2428,4.8,4.723735408560311,0.07626459143968845,0,0,0.0,0.0,0.0,4.725897920604915,0.0,Tony Brown,2529
Kristaps Porzingis,T.Ford,25,504,25,0,123,2377,4.92,4.716269841269841,0.20373015873015898,0,0,0.0,0.0,0.0,4.725897920604915,0.0,Tyler Ford,204059
Kristaps Porzingis,T.Maddox,24,505,22,2,108,2392,4.5,4.736633663366336,-0.2366336633663364,0,0,0.0,0.0,0.0,4.725897920604915,0.0,Tre Maddox,202027
Kristaps Porzingis,T.Mirkovich,2,527,2,0,11,2489,5.5,4.722960151802656,0.7770398481973437,0,0,0.0,0.0,0.0,4.725897920604915,0.0,Tyler Mirkovich,1628482
Kristaps Porzingis,T.Ricks,2,527,2,0,13,2487,6.5,4.719165085388994,1.780834914611006,0,0,0.0,0.0,0.0,4.725897920604915,0.0,Tyler Ricks,1627539
Kristaps Porzingis,T.Washington,23,506,23,0,112,2388,4.869565217391305,4.719367588932807,0.15019762845849804,0,0,0.0,0.0,0.0,4.725897920604915,0.0,Tom Washington,1199
Kristaps Porzingis,V.Voyard-Tadal,2,527,2,0,18,2482,9.0,4.709677419354839,4.290322580645161,0,0,0.0,0.0,0.0,4.725897920604915,0.0,Vladimir Voyard-Tadal,1626303
Kristaps Porzingis,Z.Zarba,29,500,28,1,134,2366,4.620689655172414,4.732,-0.1113103448275865,0,0,0.0,0.0,0.0,4.725897920604915,0.0,Zach Zarba,2534
Karl-Anthony Towns,A.Moyer-Gleich,8,687,8,0,49,3613,6.125,5.259097525473071,0.865902474526929,7,519,0.875,0.7554585152838428,0.11954148471615722,5.269064748201439,0.7568345323741007,Ashley Moyer-Gleich,1628953
Karl-Anthony Towns,A.Nagy,17,678,16,1,90,3572,5.294117647058823,5.268436578171092,0.025681068887731584,9,517,0.5294117647058824,0.7625368731563422,-0.23312510845045986,5.269064748201439,0.7568345323741007,Andy Nagy,1627534
Karl-Anthony Towns,A.Smith,32,663,32,0,196,3466,6.125,5.2277526395173455,0.8972473604826545,28,498,0.875,0.751131221719457,0.12386877828054299,5.269064748201439,0.7568345323741007,Aaron Smith,1626302
Karl-Anthony Towns,B.Adair,21,674,21,0,129,3533,6.142857142857143,5.241839762611276,0.9010173802458672,18,508,0.8571428571428571,0.7537091988130564,0.10343365832980067,5.269064748201439,0.7568345323741007,Brandon Adair,1627961
Karl-Anthony Towns,B.Adams,9,686,9,0,37,3625,4.111111111111111,5.284256559766764,-1.173145448655653,7,519,0.7777777777777778,0.7565597667638484,0.021218011013929394,5.269064748201439,0.7568345323741007,Bennie Adams,1363
Karl-Anthony Towns,B.Barnaky,30,665,29,1,169,3493,5.633333333333334,5.252631578947368,0.38070175438596543,21,505,0.7,0.7593984962406015,-0.05939849624060156,5.269064748201439,0.7568345323741007,Brent Barnaky,201638
Karl-Anthony Towns,B.Forte,30,665,26,4,196,3466,6.533333333333333,5.21203007518797,1.3213032581453632,23,503,0.7666666666666667,0.7563909774436091,0.01027568922305766,5.269064748201439,0.7568345323741007,Brian Forte,101283
Karl-Anthony Towns,B.Haskill,2,693,2,0,13,3649,6.5,5.265512265512266,1.2344877344877343,2,524,1.0,0.7561327561327561,0.2438672438672439,5.269064748201439,0.7568345323741007,Brent Haskill,1629175
Karl-Anthony Towns,B.Kennedy,33,662,29,4,173,3489,5.242424242424242,5.270392749244713,-0.027968506820470473,24,502,0.7272727272727273,0.7583081570996979,-0.031035429826970606,5.269064748201439,0.7568345323741007,Bill Kennedy,1662
Karl-Anthony Towns,B.Nansel,19,676,19,0,105,3557,5.526315789473684,5.261834319526627,0.26448146994705724,17,509,0.8947368421052632,0.7529585798816568,0.14177826222360634,5.269064748201439,0.7568345323741007,Brett Nansel,202035
Karl-Anthony Towns,B.Schwab,11,684,11,0,44,3618,4.0,5.2894736842105265,-1.2894736842105265,8,518,0.7272727272727273,0.7573099415204678,-0.03003721424774053,5.269064748201439,0.7568345323741007,Brandon Schwab,1628171
Karl-Anthony Towns,B.Spooner,11,684,11,0,43,3619,3.909090909090909,5.29093567251462,-1.381844763423711,8,518,0.7272727272727273,0.7573099415204678,-0.03003721424774053,5.269064748201439,0.7568345323741007,Bill Spooner,1194
Karl-Anthony Towns,B.Taylor,31,664,29,2,194,3468,6.258064516129032,5.22289156626506,1.0351729498639717,23,503,0.7419354838709677,0.7575301204819277,-0.015594636610959944,5.269064748201439,0.7568345323741007,Ben Taylor,202049
Karl-Anthony Towns,C.Aubry,1,694,1,0,6,3656,6.0,5.268011527377522,0.7319884726224783,0,526,0.0,0.7579250720461095,-0.7579250720461095,5.269064748201439,0.7568345323741007,Clare Aubry,1629422
Karl-Anthony Towns,C.Blair,28,667,25,3,152,3510,5.428571428571429,5.262368815592204,0.1662026129792249,16,510,0.5714285714285714,0.7646176911544228,-0.1931891197258514,5.269064748201439,0.7568345323741007,Curtis Blair,200832
Karl-Anthony Towns,C.Flores,7,688,7,0,31,3631,4.428571428571429,5.277616279069767,-0.8490448504983386,7,519,1.0,0.7543604651162791,0.24563953488372092,5.269064748201439,0.7568345323741007,Che Flores,203054
Karl-Anthony Towns,C.Kirkland,28,667,27,1,136,3526,4.857142857142857,5.286356821589205,-0.4292139644463484,22,504,0.7857142857142857,0.7556221889055472,0.030092096808738478,5.269064748201439,0.7568345323741007,Courtney Kirkland,2004
Karl-Anthony Towns,C.Washington,19,676,19,0,103,3559,5.421052631578948,5.264792899408284,0.15625973217066402,16,510,0.8421052631578947,0.7544378698224852,0.08766739333540952,5.269064748201439,0.7568345323741007,CJ Washington,202056
Karl-Anthony Towns,D.Collins,33,662,33,0,203,3459,6.151515151515151,5.2250755287009065,0.9264396228142449,24,502,0.7272727272727273,0.7583081570996979,-0.031035429826970606,5.269064748201439,0.7568345323741007,Derrick Collins,2002
Karl-Anthony Towns,D.Crawford,5,690,5,0,42,3620,8.4,5.246376811594203,3.1536231884057973,3,523,0.6,0.7579710144927536,-0.15797101449275364,5.269064748201439,0.7568345323741007,Dan Crawford,1152
Karl-Anthony Towns,D.Guthrie,29,666,27,2,136,3526,4.689655172413793,5.2942942942942945,-0.6046391218805018,24,502,0.8275862068965517,0.7537537537537538,0.07383245314279796,5.269064748201439,0.7568345323741007,David Guthrie,2714
Karl-Anthony Towns,D.Jones,3,692,3,0,11,3651,3.6666666666666665,5.276011560693641,-1.6093448940269748,2,524,0.6666666666666666,0.7572254335260116,-0.09055876685934494,5.269064748201439,0.7568345323741007,David Jones,1168
Karl-Anthony Towns,D.Mosher,3,692,3,0,14,3648,4.666666666666667,5.271676300578035,-0.6050096339113678,3,523,1.0,0.7557803468208093,0.2442196531791907,5.269064748201439,0.7568345323741007,Dannica Mosher,1628484
Karl-Anthony Towns,D.Richardson,21,674,21,0,109,3553,5.190476190476191,5.271513353115727,-0.08103716263953675,19,507,0.9047619047619048,0.7522255192878339,0.1525363854740709,5.269064748201439,0.7568345323741007,Derek Richardson,1204
Karl-Anthony Towns,D.Scott,9,686,9,0,56,3606,6.222222222222222,5.256559766763848,0.9656624554583741,9,517,1.0,0.7536443148688047,0.24635568513119532,5.269064748201439,0.7568345323741007,Danielle Scott,1628487
Karl-Anthony Towns,D.Stafford,12,683,12,0,56,3606,4.666666666666667,5.279648609077599,-0.612981942410932,10,516,0.8333333333333334,0.7554904831625183,0.07784285017081505,5.269064748201439,0.7568345323741007,Derrick Stafford,1195
Karl-Anthony Towns,D.Taylor,29,666,29,0,154,3508,5.310344827586207,5.267267267267267,0.043077560318939945,24,502,0.8275862068965517,0.7537537537537538,0.07383245314279796,5.269064748201439,0.7568345323741007,Dedric Taylor,203592
Karl-Anthony Towns,E.Dalen,31,664,30,1,178,3484,5.741935483870968,5.246987951807229,0.49494753206373865,25,501,0.8064516129032258,0.7545180722891566,0.051933540614069185,5.269064748201439,0.7568345323741007,Eric Dalen,200833
Karl-Anthony Towns,E.Lewis,22,673,22,0,134,3528,6.090909090909091,5.242199108469539,0.8487099824395514,19,507,0.8636363636363636,0.7533432392273403,0.11029312440902339,5.269064748201439,0.7568345323741007,Eric Lewis,2715
Karl-Anthony Towns,E.Malloy,40,655,37,3,170,3492,4.25,5.331297709923664,-1.081297709923664,27,499,0.675,0.7618320610687023,-0.08683206106870223,5.269064748201439,0.7568345323741007,Ed Malloy,2530
Karl-Anthony Towns,E.Roe,5,690,5,0,19,3643,3.8,5.279710144927536,-1.4797101449275365,5,521,1.0,0.755072463768116,0.244927536231884,5.269064748201439,0.7568345323741007,Eli Roe,2532
Karl-Anthony Towns,E.Scott,8,687,8,0,39,3623,4.875,5.273653566229985,-0.39865356622998505,7,519,0.875,0.7554585152838428,0.11954148471615722,5.269064748201439,0.7568345323741007,Evan Scott,1628172
Karl-Anthony Towns,G.Petraitis,41,654,38,3,184,3478,4.487804878048781,5.318042813455658,-0.8302379354068767,25,501,0.6097560975609756,0.7660550458715596,-0.156298948310584,5.269064748201439,0.7568345323741007,Gediminas Petraitis,204058
Karl-Anthony Towns,G.Zielinski,14,681,14,0,61,3601,4.357142857142857,5.2878120411160054,-0.9306691839731487,10,516,0.7142857142857143,0.7577092511013216,-0.04342353681560729,5.269064748201439,0.7568345323741007,Gary Zielinski,1664
Karl-Anthony Towns,H.Workman,22,673,22,0,100,3562,4.545454545454546,5.292719167904903,-0.7472646224503574,15,511,0.6818181818181818,0.7592867756315007,-0.07746859381331894,5.269064748201439,0.7568345323741007,Haywoode Workman,201637
Karl-Anthony Towns,I.Hwang,5,690,5,0,19,3643,3.8,5.279710144927536,-1.4797101449275365,5,521,1.0,0.755072463768116,0.244927536231884,5.269064748201439,0.7568345323741007,Intae Hwang,1630886
Karl-Anthony Towns,J.Butler,17,678,17,0,88,3574,5.176470588235294,5.271386430678466,-0.09491584244317153,14,512,0.8235294117647058,0.7551622418879056,0.06836716987680025,5.269064748201439,0.7568345323741007,John Butler,1628951
Karl-Anthony Towns,J.Capers,25,670,23,2,139,3523,5.56,5.25820895522388,0.3017910447761194,17,509,0.68,0.7597014925373134,-0.0797014925373134,5.269064748201439,0.7568345323741007,James Capers,1148
Karl-Anthony Towns,J.Conley,6,689,6,0,37,3625,6.166666666666667,5.261248185776488,0.9054184808901793,5,521,0.8333333333333334,0.7561683599419449,0.0771649733913885,5.269064748201439,0.7568345323741007,John Conley,1627519
Karl-Anthony Towns,J.DeRosa,33,662,31,2,202,3460,6.121212121212121,5.2265861027190335,0.8946260184930876,28,498,0.8484848484848485,0.7522658610271903,0.09621898745765822,5.269064748201439,0.7568345323741007,JB DeRosa,1155
Karl-Anthony Towns,J.Goble,48,647,46,2,281,3381,5.854166666666667,5.225656877897991,0.6285097887686764,42,484,0.875,0.7480680061823802,0.12693199381761977,5.269064748201439,0.7568345323741007,John Goble,101284
Karl-Anthony Towns,J.Goldenberg,18,677,18,0,96,3566,5.333333333333333,5.267355982274742,0.06597735105859126,17,509,0.9444444444444444,0.7518463810930576,0.19259806335138685,5.269064748201439,0.7568345323741007,Jason Goldenberg,1626301
Karl-Anthony Towns,J.Orr,25,670,25,0,113,3549,4.52,5.2970149253731345,-0.7770149253731349,23,503,0.92,0.7507462686567165,0.1692537313432836,5.269064748201439,0.7568345323741007,J.T. Orr,202037
Karl-Anthony Towns,J.Phillips,8,687,8,0,28,3634,3.5,5.289665211062591,-1.7896652110625908,7,519,0.875,0.7554585152838428,0.11954148471615722,5.269064748201439,0.7568345323741007,Jason Phillips,2001
Karl-Anthony Towns,J.Ralls,3,692,3,0,18,3644,6.0,5.265895953757226,0.7341040462427744,2,524,0.6666666666666666,0.7572254335260116,-0.09055876685934494,5.269064748201439,0.7568345323741007,JD Ralls,1628485
Karl-Anthony Towns,J.Reneau,5,690,5,0,27,3635,5.4,5.268115942028985,0.131884057971015,3,523,0.6,0.7579710144927536,-0.15797101449275364,5.269064748201439,0.7568345323741007,Jenna Reneau,1628168
Karl-Anthony Towns,J.Schroeder,14,681,14,0,69,3593,4.928571428571429,5.276064610866373,-0.3474931822949445,10,516,0.7142857142857143,0.7577092511013216,-0.04342353681560729,5.269064748201439,0.7568345323741007,Jenna Schroeder,1628954
Karl-Anthony Towns,J.Sterling,20,675,20,0,92,3570,4.6,5.288888888888889,-0.6888888888888891,15,511,0.75,0.7570370370370371,-0.007037037037037064,5.269064748201439,0.7568345323741007,Jonathan Sterling,1627964
Karl-Anthony Towns,J.Tiven,37,658,35,2,208,3454,5.621621621621622,5.249240121580547,0.37238150004107506,31,495,0.8378378378378378,0.7522796352583586,0.08555820257947921,5.269064748201439,0.7568345323741007,Josh Tiven,201639
Karl-Anthony Towns,J.Van Duyne,30,665,30,0,153,3509,5.1,5.276691729323308,-0.17669172932330834,23,503,0.7666666666666667,0.7563909774436091,0.01027568922305766,5.269064748201439,0.7568345323741007,Justin Van Duyne,203593
Karl-Anthony Towns,J.Williams,28,667,28,0,134,3528,4.785714285714286,5.289355322338831,-0.5036410366245452,18,508,0.6428571428571429,0.7616191904047976,-0.11876204754765474,5.269064748201439,0.7568345323741007,James Williams,202058
Karl-Anthony Towns,K.Cutler,31,664,28,3,154,3508,4.967741935483871,5.283132530120482,-0.3153905946366109,26,500,0.8387096774193549,0.7530120481927711,0.08569762922658375,5.269064748201439,0.7568345323741007,Kevin Cutler,201246
Karl-Anthony Towns,K.Fitzgerald,20,675,20,0,89,3573,4.45,5.293333333333333,-0.8433333333333328,15,511,0.75,0.7570370370370371,-0.007037037037037064,5.269064748201439,0.7568345323741007,Kane Fitzgerald,201640
Karl-Anthony Towns,K.Lane,28,667,27,1,137,3525,4.892857142857143,5.284857571214393,-0.3920004283572496,23,503,0.8214285714285714,0.7541229385307346,0.06730563289783675,5.269064748201439,0.7568345323741007,Karl Lane,202026
Karl-Anthony Towns,K.Mauer,27,668,27,0,154,3508,5.703703703703703,5.251497005988024,0.45220669771567934,23,503,0.8518518518518519,0.7529940119760479,0.09885783987580399,5.269064748201439,0.7568345323741007,Ken Mauer,1174
Karl-Anthony Towns,K.Scott,41,654,38,3,214,3448,5.219512195121951,5.27217125382263,-0.05265905870067833,34,492,0.8292682926829268,0.7522935779816514,0.07697471470127537,5.269064748201439,0.7568345323741007,Kevin Scott,202041
Karl-Anthony Towns,L.Holtkamp,18,677,18,0,85,3577,4.722222222222222,5.283604135893649,-0.5613819136714264,17,509,0.9444444444444444,0.7518463810930576,0.19259806335138685,5.269064748201439,0.7568345323741007,Lauren Holtkamp,203177
Karl-Anthony Towns,L.Richardson,15,680,15,0,76,3586,5.066666666666666,5.273529411764706,-0.20686274509803937,10,516,0.6666666666666666,0.7588235294117647,-0.09215686274509804,5.269064748201439,0.7568345323741007,Leroy Richardson,1188
Karl-Anthony Towns,L.Wood,17,678,17,0,72,3590,4.235294117647059,5.294985250737463,-1.0596911330904044,14,512,0.8235294117647058,0.7551622418879056,0.06836716987680025,5.269064748201439,0.7568345323741007,Leon Wood,1201
Karl-Anthony Towns,M.Ayotte,22,673,22,0,117,3545,5.318181818181818,5.267459138187221,0.05072267999459701,17,509,0.7727272727272727,0.7563150074294205,0.016412265297852224,5.269064748201439,0.7568345323741007,Mark Ayotte,2148
Karl-Anthony Towns,M.Boland,26,669,26,0,97,3565,3.730769230769231,5.328849028400598,-1.5980797976313674,21,505,0.8076923076923077,0.7548579970104634,0.0528343106818443,5.269064748201439,0.7568345323741007,Matt Boland,2005
Karl-Anthony Towns,M.Callahan,15,680,15,0,69,3593,4.6,5.283823529411765,-0.6838235294117654,12,514,0.8,0.7558823529411764,0.044117647058823595,5.269064748201439,0.7568345323741007,Mike Callahan,1147
Karl-Anthony Towns,M.Dagher,9,686,9,0,62,3600,6.888888888888889,5.247813411078718,1.6410754778101717,7,519,0.7777777777777778,0.7565597667638484,0.021218011013929394,5.269064748201439,0.7568345323741007,Mousa Dagher,1628159
Karl-Anthony Towns,M.Davis,36,659,30,6,194,3468,5.388888888888889,5.262518968133536,0.12636992075535325,22,504,0.6111111111111112,0.7647951441578149,-0.15368403304670375,5.269064748201439,0.7568345323741007,Marc Davis,1830
Karl-Anthony Towns,M.Ervin,30,665,28,2,174,3488,5.8,5.245112781954887,0.5548872180451125,24,502,0.8,0.7548872180451128,0.045112781954887216,5.269064748201439,0.7568345323741007,Mitchell Ervin,203591
Karl-Anthony Towns,M.Kallio,6,689,6,0,42,3620,7.0,5.253991291727141,1.7460087082728588,4,522,0.6666666666666666,0.7576197387518142,-0.09095307208514758,5.269064748201439,0.7568345323741007,Matt Kallio,1627526
Karl-Anthony Towns,M.Kogut,39,656,39,0,215,3447,5.512820512820513,5.254573170731708,0.2582473420888052,31,495,0.7948717948717948,0.7545731707317073,0.04029862414008756,5.269064748201439,0.7568345323741007,Marat Kogut,201245
Karl-Anthony Towns,M.Lindsay,35,660,31,4,199,3463,5.685714285714286,5.246969696969697,0.4387445887445889,26,500,0.7428571428571429,0.7575757575757576,-0.014718614718614687,5.269064748201439,0.7568345323741007,Mark Lindsay,200834
Karl-Anthony Towns,M.McCutchen,10,685,10,0,54,3608,5.4,5.267153284671533,0.13284671532846737,10,516,1.0,0.7532846715328467,0.24671532846715327,5.269064748201439,0.7568345323741007,Monty McCutchen,1176
Karl-Anthony Towns,M.Myers,16,679,16,0,101,3561,6.3125,5.244477172312224,1.0680228276877761,13,513,0.8125,0.7555228276877761,0.05697717231222388,5.269064748201439,0.7568345323741007,Matt Myers,202901
Karl-Anthony Towns,M.Smith,23,672,23,0,116,3546,5.043478260869565,5.276785714285714,-0.233307453416149,18,508,0.782608695652174,0.7559523809523809,0.026656314699793016,5.269064748201439,0.7568345323741007,Michael Smith,1193
Karl-Anthony Towns,N.Buchert,37,658,34,3,181,3481,4.891891891891892,5.2902735562310035,-0.3983816643391114,29,497,0.7837837837837838,0.7553191489361702,0.028464634847613524,5.269064748201439,0.7568345323741007,Nick Buchert,202007
Karl-Anthony Towns,N.Green,17,678,17,0,92,3570,5.411764705882353,5.265486725663717,0.14627798021863647,15,511,0.8823529411764706,0.7536873156342183,0.12866562554225225,5.269064748201439,0.7568345323741007,Nate Green,1627524
Karl-Anthony Towns,N.Sago,11,684,10,1,58,3604,5.2727272727272725,5.269005847953216,0.0037214247740564588,10,516,0.9090909090909091,0.7543859649122807,0.15470494417862835,5.269064748201439,0.7568345323741007,Natalie Sago,1627541
Karl-Anthony Towns,P.Fraher,29,666,28,1,161,3501,5.551724137931035,5.256756756756757,0.2949673811742777,25,501,0.8620689655172413,0.7522522522522522,0.1098167132649891,5.269064748201439,0.7568345323741007,Pat Fraher,2003
Karl-Anthony Towns,P.O'Connell,2,693,2,0,13,3649,6.5,5.265512265512266,1.2344877344877343,2,524,1.0,0.7561327561327561,0.2438672438672439,5.269064748201439,0.7568345323741007,Pat O'Connell,1629183
Karl-Anthony Towns,P.Ransom,15,680,15,0,108,3554,7.2,5.226470588235294,1.973529411764706,14,512,0.9333333333333333,0.7529411764705882,0.18039215686274512,5.269064748201439,0.7568345323741007,Phenizee Ransom,1627963
Karl-Anthony Towns,R.Acosta,21,674,19,2,111,3551,5.285714285714286,5.268545994065282,0.017168291649003464,12,514,0.5714285714285714,0.7626112759643917,-0.1911827045358203,5.269064748201439,0.7568345323741007,Ray Acosta,1626300
Karl-Anthony Towns,R.Garretson,12,683,12,0,40,3622,3.3333333333333335,5.30307467057101,-1.9697413372376764,10,516,0.8333333333333334,0.7554904831625183,0.07784285017081505,5.269064748201439,0.7568345323741007,Ron Garretson,1164
Karl-Anthony Towns,R.Hussey,7,688,7,0,37,3625,5.285714285714286,5.2688953488372094,0.01681893687707614,6,520,0.8571428571428571,0.7558139534883721,0.10132890365448499,5.269064748201439,0.7568345323741007,Robert Hussey,1628480
Karl-Anthony Towns,R.Mott,27,668,26,1,161,3501,5.962962962962963,5.241017964071856,0.7219449988911064,23,503,0.8518518518518519,0.7529940119760479,0.09885783987580399,5.269064748201439,0.7568345323741007,Rodney Mott,1179
Karl-Anthony Towns,R.Richardson,1,694,1,0,0,3662,0.0,5.276657060518732,-5.276657060518732,1,525,1.0,0.7564841498559077,0.24351585014409227,5.269064748201439,0.7568345323741007,Randy Richardson,1627538
Karl-Anthony Towns,S.Anderson,9,686,9,0,54,3608,6.0,5.259475218658892,0.740524781341108,6,520,0.6666666666666666,0.7580174927113703,-0.09135082604470368,5.269064748201439,0.7568345323741007,Steve Anderson,202000
Karl-Anthony Towns,S.Corbin,26,669,26,0,134,3528,5.153846153846154,5.273542600896861,-0.11969644705070692,21,505,0.8076923076923077,0.7548579970104634,0.0528343106818443,5.269064748201439,0.7568345323741007,Sean Corbin,1151
Karl-Anthony Towns,S.Foster,34,661,29,5,193,3469,5.676470588235294,5.248108925869894,0.4283616623654005,23,503,0.6764705882352942,0.7609682299546142,-0.08449764171932006,5.269064748201439,0.7568345323741007,Scott Foster,1162
Karl-Anthony Towns,S.Jelks,9,686,9,0,56,3606,6.222222222222222,5.256559766763848,0.9656624554583741,6,520,0.6666666666666666,0.7580174927113703,-0.09135082604470368,5.269064748201439,0.7568345323741007,Simone Jelks,1628481
Karl-Anthony Towns,S.Mehta,11,684,11,0,66,3596,6.0,5.257309941520468,0.742690058479532,11,515,1.0,0.7529239766081871,0.2470760233918129,5.269064748201439,0.7568345323741007,Suyash Mehta,1627529
Karl-Anthony Towns,S.Mitchell,5,690,5,0,32,3630,6.4,5.260869565217392,1.1391304347826088,5,521,1.0,0.755072463768116,0.244927536231884,5.269064748201439,0.7568345323741007,Sha'Rae Mitchell,1629178
Karl-Anthony Towns,S.Twardoski,34,661,33,1,156,3506,4.588235294117647,5.304084720121029,-0.7158494260033823,23,503,0.6764705882352942,0.7609682299546142,-0.08449764171932006,5.269064748201439,0.7568345323741007,Scott Twardoski,202053
Karl-Anthony Towns,S.Wall,24,671,24,0,141,3521,5.875,5.247391952309985,0.627608047690015,21,505,0.875,0.7526080476900149,0.12239195230998512,5.269064748201439,0.7568345323741007,Scott Wall,1198
Karl-Anthony Towns,S.Wright,37,658,35,2,184,3478,4.972972972972973,5.285714285714286,-0.3127413127413128,26,500,0.7027027027027027,0.7598784194528876,-0.057175716750184846,5.269064748201439,0.7568345323741007,Sean Wright,2882
Karl-Anthony Towns,T.Brothers,34,661,33,1,172,3490,5.0588235294117645,5.279878971255673,-0.2210554418439088,29,497,0.8529411764705882,0.7518910741301059,0.10105010234048228,5.269064748201439,0.7568345323741007,Tony Brothers,1146
Karl-Anthony Towns,T.Brown,18,677,18,0,76,3586,4.222222222222222,5.296898079763663,-1.0746758575414406,14,512,0.7777777777777778,0.7562776957163959,0.021500082061381875,5.269064748201439,0.7568345323741007,Tony Brown,2529
Karl-Anthony Towns,T.Ford,36,659,34,2,170,3492,4.722222222222222,5.298937784522003,-0.576715562299781,29,497,0.8055555555555556,0.7541729893778453,0.05138256617771031,5.269064748201439,0.7568345323741007,Tyler Ford,204059
Karl-Anthony Towns,T.Maddox,33,662,31,2,208,3454,6.303030303030303,5.217522658610272,1.085507644420031,26,500,0.7878787878787878,0.7552870090634441,0.0325917788153437,5.269064748201439,0.7568345323741007,Tre Maddox,202027
Karl-Anthony Towns,T.Ricks,7,688,7,0,30,3632,4.285714285714286,5.27906976744186,-0.9933554817275745,5,521,0.7142857142857143,0.7572674418604651,-0.04298172757475083,5.269064748201439,0.7568345323741007,Tyler Ricks,1627539
Karl-Anthony Towns,T.Washington,29,666,29,0,175,3487,6.0344827586206895,5.2357357357357355,0.798747022884954,25,501,0.8620689655172413,0.7522522522522522,0.1098167132649891,5.269064748201439,0.7568345323741007,Tom Washington,1199
Karl-Anthony Towns,V.Voyard-Tadal,1,694,1,0,20,3642,20.0,5.247838616714698,14.752161383285301,1,525,1.0,0.7564841498559077,0.24351585014409227,5.269064748201439,0.7568345323741007,Vladimir Voyard-Tadal,1626303
Karl-Anthony Towns,Z.Zarba,32,663,29,3,152,3510,4.75,5.294117647058823,-0.5441176470588234,24,502,0.75,0.7571644042232277,-0.007164404223227727,5.269064748201439,0.7568345323741007,Zach Zarba,2534
Bam Adebayo,A.Moyer-Gleich,12,633,12,0,61,2882,5.083333333333333,4.552922590837283,0.5304107424960502,9,395,0.75,0.6240126382306477,0.12598736176935232,4.562790697674418,0.6263565891472869,Ashley Moyer-Gleich,1628953
Bam Adebayo,A.Nagy,21,624,21,0,121,2822,5.761904761904762,4.522435897435898,1.239468864468864,18,386,0.8571428571428571,0.6185897435897436,0.23855311355311348,4.562790697674418,0.6263565891472869,Andy Nagy,1627534
Bam Adebayo,A.Smith,29,616,29,0,131,2812,4.517241379310345,4.564935064935065,-0.04769368562471943,21,383,0.7241379310344828,0.6217532467532467,0.10238468428123604,4.562790697674418,0.6263565891472869,Aaron Smith,1626302
Bam Adebayo,B.Adair,22,623,22,0,97,2846,4.409090909090909,4.568218298555378,-0.15912738946446847,17,387,0.7727272727272727,0.6211878009630819,0.1515394717641908,4.562790697674418,0.6263565891472869,Brandon Adair,1627961
Bam Adebayo,B.Adams,7,638,7,0,37,2906,5.285714285714286,4.554858934169279,0.7308553515450065,6,398,0.8571428571428571,0.6238244514106583,0.23331840573219875,4.562790697674418,0.6263565891472869,Bennie Adams,1363
Bam Adebayo,B.Barnaky,34,611,33,1,146,2797,4.294117647058823,4.577741407528642,-0.2836237604698182,26,378,0.7647058823529411,0.618657937806874,0.14604794454606718,4.562790697674418,0.6263565891472869,Brent Barnaky,201638
Bam Adebayo,B.Forte,30,615,30,0,147,2796,4.9,4.546341463414634,0.3536585365853666,15,389,0.5,0.6325203252032521,-0.13252032520325208,4.562790697674418,0.6263565891472869,Brian Forte,101283
Bam Adebayo,B.Haskill,3,642,3,0,16,2927,5.333333333333333,4.559190031152648,0.7741433021806854,2,402,0.6666666666666666,0.6261682242990654,0.04049844236760125,4.562790697674418,0.6263565891472869,Brent Haskill,1629175
Bam Adebayo,B.Kennedy,16,629,15,1,73,2870,4.5625,4.5627980922098565,-0.0002980922098565486,9,395,0.5625,0.6279809220985691,-0.06548092209856915,4.562790697674418,0.6263565891472869,Bill Kennedy,1662
Bam Adebayo,B.Nansel,18,627,18,0,104,2839,5.777777777777778,4.5279106858054226,1.2498670919723551,14,390,0.7777777777777778,0.6220095693779905,0.15576820839978733,4.562790697674418,0.6263565891472869,Brett Nansel,202035
Bam Adebayo,B.Schwab,13,632,13,0,56,2887,4.3076923076923075,4.568037974683544,-0.2603456669912365,9,395,0.6923076923076923,0.625,0.06730769230769229,4.562790697674418,0.6263565891472869,Brandon Schwab,1628171
Bam Adebayo,B.Spooner,1,644,1,0,2,2941,2.0,4.566770186335404,-2.566770186335404,0,404,0.0,0.6273291925465838,-0.6273291925465838,4.562790697674418,0.6263565891472869,Bill Spooner,1194
Bam Adebayo,B.Taylor,29,616,27,2,120,2823,4.137931034482759,4.582792207792208,-0.44486117330944897,17,387,0.5862068965517241,0.6282467532467533,-0.04203985669502919,4.562790697674418,0.6263565891472869,Ben Taylor,202049
Bam Adebayo,C.Blair,31,614,30,1,164,2779,5.290322580645161,4.526058631921824,0.7642639487233369,20,384,0.6451612903225806,0.6254071661237784,0.01975412419880218,4.562790697674418,0.6263565891472869,Curtis Blair,200832
Bam Adebayo,C.Flores,4,641,4,0,26,2917,6.5,4.5507020280811235,1.9492979719188765,3,401,0.75,0.625585023400936,0.12441497659906398,4.562790697674418,0.6263565891472869,Che Flores,203054
Bam Adebayo,C.Kirkland,36,609,34,2,170,2773,4.722222222222222,4.553366174055829,0.16885604816639344,26,378,0.7222222222222222,0.6206896551724138,0.1015325670498084,4.562790697674418,0.6263565891472869,Courtney Kirkland,2004
Bam Adebayo,C.Washington,23,622,23,0,87,2856,3.782608695652174,4.591639871382637,-0.8090311757304631,17,387,0.7391304347826086,0.6221864951768489,0.11694393960575977,4.562790697674418,0.6263565891472869,CJ Washington,202056
Bam Adebayo,D.Collins,21,624,21,0,81,2862,3.857142857142857,4.586538461538462,-0.7293956043956045,16,388,0.7619047619047619,0.6217948717948718,0.14010989010989006,4.562790697674418,0.6263565891472869,Derrick Collins,2002
Bam Adebayo,D.Guthrie,33,612,29,4,136,2807,4.121212121212121,4.586601307189542,-0.46538918597742107,21,383,0.6363636363636364,0.6258169934640523,0.010546642899584069,4.562790697674418,0.6263565891472869,David Guthrie,2714
Bam Adebayo,D.Mosher,3,642,3,0,11,2932,3.6666666666666665,4.566978193146418,-0.9003115264797512,1,403,0.3333333333333333,0.6277258566978193,-0.294392523364486,4.562790697674418,0.6263565891472869,Dannica Mosher,1628484
Bam Adebayo,D.Richardson,16,629,16,0,84,2859,5.25,4.545310015898251,0.7046899841017487,9,395,0.5625,0.6279809220985691,-0.06548092209856915,4.562790697674418,0.6263565891472869,Derek Richardson,1204
Bam Adebayo,D.Scott,8,637,8,0,46,2897,5.75,4.547880690737833,1.2021193092621667,8,396,1.0,0.6216640502354788,0.37833594976452123,4.562790697674418,0.6263565891472869,Danielle Scott,1628487
Bam Adebayo,D.Stafford,3,642,3,0,17,2926,5.666666666666667,4.557632398753894,1.1090342679127732,2,402,0.6666666666666666,0.6261682242990654,0.04049844236760125,4.562790697674418,0.6263565891472869,Derrick Stafford,1195
Bam Adebayo,D.Taylor,32,613,32,0,163,2780,5.09375,4.535073409461664,0.5586765905383357,23,381,0.71875,0.6215334420880914,0.09721655791190864,4.562790697674418,0.6263565891472869,Dedric Taylor,203592
Bam Adebayo,E.Dalen,19,626,19,0,96,2847,5.052631578947368,4.547923322683706,0.5047082562636618,15,389,0.7894736842105263,0.6214057507987221,0.16806793341180426,4.562790697674418,0.6263565891472869,Eric Dalen,200833
Bam Adebayo,E.Lewis,23,622,20,3,72,2871,3.130434782608696,4.615755627009646,-1.4853208444009502,12,392,0.5217391304347826,0.6302250803858521,-0.10848594995106953,4.562790697674418,0.6263565891472869,Eric Lewis,2715
Bam Adebayo,E.Malloy,27,618,26,1,104,2839,3.8518518518518516,4.593851132686084,-0.7419992808342326,20,384,0.7407407407407407,0.6213592233009708,0.11938151743976988,4.562790697674418,0.6263565891472869,Ed Malloy,2530
Bam Adebayo,E.Scott,14,631,14,0,70,2873,5.0,4.553090332805072,0.4469096671949284,5,399,0.35714285714285715,0.6323296354992076,-0.27518677835635047,4.562790697674418,0.6263565891472869,Evan Scott,1628172
Bam Adebayo,G.Petraitis,25,620,25,0,94,2849,3.76,4.59516129032258,-0.8351612903225805,17,387,0.68,0.6241935483870967,0.05580645161290332,4.562790697674418,0.6263565891472869,Gediminas Petraitis,204058
Bam Adebayo,G.Zielinski,4,641,4,0,14,2929,3.5,4.569422776911076,-1.0694227769110762,4,400,1.0,0.62402496099844,0.37597503900156004,4.562790697674418,0.6263565891472869,Gary Zielinski,1664
Bam Adebayo,H.Workman,12,633,12,0,46,2897,3.8333333333333335,4.576619273301738,-0.7432859399684042,10,394,0.8333333333333334,0.6224328593996841,0.2109004739336493,4.562790697674418,0.6263565891472869,Haywoode Workman,201637
Bam Adebayo,I.Hwang,9,636,9,0,39,2904,4.333333333333333,4.566037735849057,-0.23270440251572388,8,396,0.8888888888888888,0.6226415094339622,0.2662473794549266,4.562790697674418,0.6263565891472869,Intae Hwang,1630886
Bam Adebayo,J.Butler,11,634,11,0,62,2881,5.636363636363637,4.544164037854889,1.0921995985087474,8,396,0.7272727272727273,0.6246056782334385,0.1026670490392888,4.562790697674418,0.6263565891472869,John Butler,1628951
Bam Adebayo,J.Capers,18,627,16,2,74,2869,4.111111111111111,4.575757575757576,-0.4646464646464654,11,393,0.6111111111111112,0.6267942583732058,-0.015683147262094632,4.562790697674418,0.6263565891472869,James Capers,1148
Bam Adebayo,J.Conley,10,635,10,0,55,2888,5.5,4.548031496062992,0.9519685039370076,7,397,0.7,0.6251968503937008,0.07480314960629919,4.562790697674418,0.6263565891472869,John Conley,1627519
Bam Adebayo,J.DeRosa,23,622,22,1,117,2826,5.086956521739131,4.543408360128617,0.5435481616105138,13,391,0.5652173913043478,0.6286173633440515,-0.06339997203970371,4.562790697674418,0.6263565891472869,JB DeRosa,1155
Bam Adebayo,J.Goble,53,592,51,2,253,2690,4.773584905660377,4.543918918918919,0.2296659867414581,37,367,0.6981132075471698,0.6199324324324325,0.07818077511473731,4.562790697674418,0.6263565891472869,John Goble,101284
Bam Adebayo,J.Goldenberg,23,622,23,0,130,2813,5.6521739130434785,4.522508038585209,1.1296658744582695,19,385,0.8260869565217391,0.6189710610932476,0.20711589542849151,4.562790697674418,0.6263565891472869,Jason Goldenberg,1626301
Bam Adebayo,J.Orr,25,620,25,0,99,2844,3.96,4.587096774193548,-0.6270967741935483,18,386,0.72,0.6225806451612903,0.09741935483870967,4.562790697674418,0.6263565891472869,J.T. Orr,202037
Bam Adebayo,J.Phillips,7,638,7,0,34,2909,4.857142857142857,4.559561128526646,0.297581728616211,5,399,0.7142857142857143,0.6253918495297806,0.08889386475593375,4.562790697674418,0.6263565891472869,Jason Phillips,2001
Bam Adebayo,J.Ralls,2,643,2,0,12,2931,6.0,4.558320373250389,1.441679626749611,1,403,0.5,0.6267496111975117,-0.1267496111975117,4.562790697674418,0.6263565891472869,JD Ralls,1628485
Bam Adebayo,J.Schroeder,14,631,14,0,74,2869,5.285714285714286,4.54675118858954,0.7389630971247456,9,395,0.6428571428571429,0.6259904912836767,0.01686665157346623,4.562790697674418,0.6263565891472869,Jenna Schroeder,1628954
Bam Adebayo,J.Sterling,20,625,20,0,85,2858,4.25,4.5728,-0.3228,15,389,0.75,0.6224,0.12760000000000005,4.562790697674418,0.6263565891472869,Jonathan Sterling,1627964
Bam Adebayo,J.Tiven,28,617,26,2,120,2823,4.285714285714286,4.575364667747164,-0.2896503820328782,18,386,0.6428571428571429,0.6256077795786061,0.017249363278536767,4.562790697674418,0.6263565891472869,Josh Tiven,201639
Bam Adebayo,J.Van Duyne,24,621,24,0,115,2828,4.791666666666667,4.553945249597423,0.23772141706924366,15,389,0.625,0.6264090177133655,-0.0014090177133655457,4.562790697674418,0.6263565891472869,Justin Van Duyne,203593
Bam Adebayo,J.Williams,34,611,31,3,130,2813,3.823529411764706,4.603927986906711,-0.7803985751420046,23,381,0.6764705882352942,0.6235679214402619,0.052902666795032305,4.562790697674418,0.6263565891472869,James Williams,202058
Bam Adebayo,K.Cutler,23,622,23,0,105,2838,4.565217391304348,4.562700964630225,0.0025164266741226626,19,385,0.8260869565217391,0.6189710610932476,0.20711589542849151,4.562790697674418,0.6263565891472869,Kevin Cutler,201246
Bam Adebayo,K.Fitzgerald,20,625,18,2,120,2823,6.0,4.5168,1.4832,15,389,0.75,0.6224,0.12760000000000005,4.562790697674418,0.6263565891472869,Kane Fitzgerald,201640
Bam Adebayo,K.Lane,32,613,32,0,155,2788,4.84375,4.548123980424143,0.2956260195758569,24,380,0.75,0.6199021207177814,0.1300978792822186,4.562790697674418,0.6263565891472869,Karl Lane,202026
Bam Adebayo,K.Mauer,16,629,16,0,62,2881,3.875,4.580286168521463,-0.7052861685214626,10,394,0.625,0.6263910969793323,-0.0013910969793322625,4.562790697674418,0.6263565891472869,Ken Mauer,1174
Bam Adebayo,K.Scott,32,613,30,2,132,2811,4.125,4.585644371941273,-0.4606443719412727,23,381,0.71875,0.6215334420880914,0.09721655791190864,4.562790697674418,0.6263565891472869,Kevin Scott,202041
Bam Adebayo,L.Holtkamp,14,631,14,0,72,2871,5.142857142857143,4.549920760697306,0.592936382159837,11,393,0.7857142857142857,0.6228209191759112,0.1628933665383745,4.562790697674418,0.6263565891472869,Lauren Holtkamp,203177
Bam Adebayo,L.Richardson,14,631,14,0,47,2896,3.357142857142857,4.589540412044374,-1.232397554901517,5,399,0.35714285714285715,0.6323296354992076,-0.27518677835635047,4.562790697674418,0.6263565891472869,Leroy Richardson,1188
Bam Adebayo,L.Wood,15,630,15,0,54,2889,3.6,4.585714285714285,-0.9857142857142853,10,394,0.6666666666666666,0.6253968253968254,0.041269841269841234,4.562790697674418,0.6263565891472869,Leon Wood,1201
Bam Adebayo,M.Ayotte,10,635,10,0,54,2889,5.4,4.5496062992125985,0.8503937007874018,8,396,0.8,0.6236220472440945,0.1763779527559055,4.562790697674418,0.6263565891472869,Mark Ayotte,2148
Bam Adebayo,M.Boland,21,624,21,0,71,2872,3.380952380952381,4.602564102564102,-1.2216117216117213,20,384,0.9523809523809523,0.6153846153846154,0.3369963369963369,4.562790697674418,0.6263565891472869,Matt Boland,2005
Bam Adebayo,M.Callahan,7,638,7,0,18,2925,2.5714285714285716,4.584639498432602,-2.0132109270040304,5,399,0.7142857142857143,0.6253918495297806,0.08889386475593375,4.562790697674418,0.6263565891472869,Mike Callahan,1147
Bam Adebayo,M.Dagher,16,629,16,0,68,2875,4.25,4.5707472178060415,-0.32074721780604154,11,393,0.6875,0.6248012718600954,0.06269872813990462,4.562790697674418,0.6263565891472869,Mousa Dagher,1628159
Bam Adebayo,M.Davis,27,618,22,5,124,2819,4.592592592592593,4.561488673139158,0.03110391945343416,16,388,0.5925925925925926,0.627831715210356,-0.03523912261776341,4.562790697674418,0.6263565891472869,Marc Davis,1830
Bam Adebayo,M.Ervin,32,613,31,1,136,2807,4.25,4.579119086460032,-0.3291190864600324,22,382,0.6875,0.6231647634584013,0.06433523654159867,4.562790697674418,0.6263565891472869,Mitchell Ervin,203591
Bam Adebayo,M.Kallio,5,640,5,0,14,2929,2.8,4.5765625,-1.7765624999999998,4,400,0.8,0.625,0.17500000000000004,4.562790697674418,0.6263565891472869,Matt Kallio,1627526
Bam Adebayo,M.Kogut,35,610,35,0,162,2781,4.628571428571429,4.559016393442623,0.0695550351288059,21,383,0.6,0.6278688524590164,-0.02786885245901638,4.562790697674418,0.6263565891472869,Marat Kogut,201245
Bam Adebayo,M.Lindsay,25,620,23,2,107,2836,4.28,4.574193548387097,-0.29419354838709655,17,387,0.68,0.6241935483870967,0.05580645161290332,4.562790697674418,0.6263565891472869,Mark Lindsay,200834
Bam Adebayo,M.McCutchen,1,644,1,0,0,2943,0.0,4.569875776397516,-4.569875776397516,1,403,1.0,0.6257763975155279,0.37422360248447206,4.562790697674418,0.6263565891472869,Monty McCutchen,1176
Bam Adebayo,M.Myers,17,628,17,0,95,2848,5.588235294117647,4.535031847133758,1.053203446983889,11,393,0.6470588235294118,0.6257961783439491,0.021262645185462725,4.562790697674418,0.6263565891472869,Matt Myers,202901
Bam Adebayo,M.Smith,17,628,17,0,95,2848,5.588235294117647,4.535031847133758,1.053203446983889,13,391,0.7647058823529411,0.6226114649681529,0.14209441738478823,4.562790697674418,0.6263565891472869,Michael Smith,1193
Bam Adebayo,N.Buchert,33,612,33,0,154,2789,4.666666666666667,4.55718954248366,0.10947712418300704,26,378,0.7878787878787878,0.6176470588235294,0.1702317290552584,4.562790697674418,0.6263565891472869,Nick Buchert,202007
Bam Adebayo,N.Green,15,630,15,0,93,2850,6.2,4.523809523809524,1.6761904761904765,7,397,0.4666666666666667,0.6301587301587301,-0.16349206349206347,4.562790697674418,0.6263565891472869,Nate Green,1627524
Bam Adebayo,N.Sago,21,624,21,0,105,2838,5.0,4.548076923076923,0.45192307692307665,15,389,0.7142857142857143,0.6233974358974359,0.0908882783882784,4.562790697674418,0.6263565891472869,Natalie Sago,1627541
Bam Adebayo,P.Fraher,32,613,31,1,163,2780,5.09375,4.535073409461664,0.5586765905383357,24,380,0.75,0.6199021207177814,0.1300978792822186,4.562790697674418,0.6263565891472869,Pat Fraher,2003
Bam Adebayo,P.Ransom,15,630,15,0,91,2852,6.066666666666666,4.526984126984127,1.5396825396825395,9,395,0.6,0.626984126984127,-0.026984126984127,4.562790697674418,0.6263565891472869,Phenizee Ransom,1627963
Bam Adebayo,R.Acosta,33,612,33,0,153,2790,4.636363636363637,4.5588235294117645,0.07754010695187219,25,379,0.7575757575757576,0.619281045751634,0.13829471182412356,4.562790697674418,0.6263565891472869,Ray Acosta,1626300
Bam Adebayo,R.Garretson,6,639,6,0,5,2938,0.8333333333333334,4.597809076682316,-3.764475743348983,4,400,0.6666666666666666,0.6259780907668232,0.04068857589984343,4.562790697674418,0.6263565891472869,Ron Garretson,1164
Bam Adebayo,R.Hussey,14,631,14,0,70,2873,5.0,4.553090332805072,0.4469096671949284,12,392,0.8571428571428571,0.6212361331220285,0.23590672402082857,4.562790697674418,0.6263565891472869,Robert Hussey,1628480
Bam Adebayo,R.Mott,20,625,20,0,83,2860,4.15,4.576,-0.42599999999999927,14,390,0.7,0.624,0.07599999999999996,4.562790697674418,0.6263565891472869,Rodney Mott,1179
Bam Adebayo,S.Corbin,25,620,25,0,111,2832,4.44,4.567741935483871,-0.12774193548387025,21,383,0.84,0.617741935483871,0.22225806451612895,4.562790697674418,0.6263565891472869,Sean Corbin,1151
Bam Adebayo,S.Foster,39,606,35,4,196,2747,5.0256410256410255,4.533003300330033,0.4926377253109928,18,386,0.46153846153846156,0.636963696369637,-0.17542523483117545,4.562790697674418,0.6263565891472869,Scott Foster,1162
Bam Adebayo,S.Jelks,10,635,10,0,41,2902,4.1,4.570078740157481,-0.4700787401574811,9,395,0.9,0.6220472440944882,0.27795275590551183,4.562790697674418,0.6263565891472869,Simone Jelks,1628481
Bam Adebayo,S.Mehta,8,637,8,0,29,2914,3.625,4.574568288854003,-0.9495682888540031,4,400,0.5,0.6279434850863422,-0.12794348508634223,4.562790697674418,0.6263565891472869,Suyash Mehta,1627529
Bam Adebayo,S.Mitchell,4,641,4,0,21,2922,5.25,4.558502340093604,0.6914976599063962,4,400,1.0,0.62402496099844,0.37597503900156004,4.562790697674418,0.6263565891472869,Sha'Rae Mitchell,1629178
Bam Adebayo,S.Twardoski,22,623,22,0,79,2864,3.590909090909091,4.597110754414126,-1.0062016635050348,16,388,0.7272727272727273,0.622792937399679,0.10447978987304829,4.562790697674418,0.6263565891472869,Scott Twardoski,202053
Bam Adebayo,S.Wall,27,618,27,0,137,2806,5.074074074074074,4.540453074433657,0.5336209996404175,17,387,0.6296296296296297,0.6262135922330098,0.0034160373966198865,4.562790697674418,0.6263565891472869,Scott Wall,1198
Bam Adebayo,S.Wright,29,616,25,4,120,2823,4.137931034482759,4.582792207792208,-0.44486117330944897,22,382,0.7586206896551724,0.6201298701298701,0.1384908195253023,4.562790697674418,0.6263565891472869,Sean Wright,2882
Bam Adebayo,T.Brothers,34,611,31,3,177,2766,5.205882352941177,4.527004909983633,0.6788774429575435,23,381,0.6764705882352942,0.6235679214402619,0.052902666795032305,4.562790697674418,0.6263565891472869,Tony Brothers,1146
Bam Adebayo,T.Brown,15,630,14,1,55,2888,3.6666666666666665,4.584126984126984,-0.9174603174603173,10,394,0.6666666666666666,0.6253968253968254,0.041269841269841234,4.562790697674418,0.6263565891472869,Tony Brown,2529
Bam Adebayo,T.Ford,23,622,20,3,111,2832,4.826086956521739,4.553054662379421,0.2730322941423182,13,391,0.5652173913043478,0.6286173633440515,-0.06339997203970371,4.562790697674418,0.6263565891472869,Tyler Ford,204059
Bam Adebayo,T.Maddox,19,626,16,3,93,2850,4.894736842105263,4.552715654952077,0.3420211871531862,10,394,0.5263157894736842,0.6293929712460063,-0.10307718177232217,4.562790697674418,0.6263565891472869,Tre Maddox,202027
Bam Adebayo,T.Mirkovich,5,640,5,0,40,2903,8.0,4.5359375,3.4640625,3,401,0.6,0.6265625,-0.026562500000000044,4.562790697674418,0.6263565891472869,Tyler Mirkovich,1628482
Bam Adebayo,T.Ricks,5,640,5,0,26,2917,5.2,4.5578125,0.6421875000000004,3,401,0.6,0.6265625,-0.026562500000000044,4.562790697674418,0.6263565891472869,Tyler Ricks,1627539
Bam Adebayo,T.Washington,25,620,25,0,122,2821,4.88,4.55,0.33000000000000007,19,385,0.76,0.6209677419354839,0.13903225806451613,4.562790697674418,0.6263565891472869,Tom Washington,1199
Bam Adebayo,Z.Zarba,35,610,29,6,152,2791,4.3428571428571425,4.575409836065574,-0.2325526932084312,19,385,0.5428571428571428,0.6311475409836066,-0.08829039812646378,4.562790697674418,0.6263565891472869,Zach Zarba,2534
Brandon Ingram,A.Moyer-Gleich,12,493,12,0,42,2453,3.5,4.975659229208925,-1.475659229208925,9,336,0.75,0.6815415821501014,0.06845841784989859,4.9405940594059405,0.6871287128712872,Ashley Moyer-Gleich,1628953
Brandon Ingram,A.Nagy,11,494,11,0,50,2445,4.545454545454546,4.949392712550607,-0.40393816709606156,7,338,0.6363636363636364,0.6842105263157895,-0.04784688995215314,4.9405940594059405,0.6871287128712872,Andy Nagy,1627534
Brandon Ingram,A.Smith,18,487,18,0,90,2405,5.0,4.938398357289528,0.06160164271047197,11,334,0.6111111111111112,0.6858316221765913,-0.07472051106548017,4.9405940594059405,0.6871287128712872,Aaron Smith,1626302
Brandon Ingram,B.Adair,12,493,12,0,73,2422,6.083333333333333,4.9127789046653145,1.1705544286680185,7,338,0.5833333333333334,0.6855983772819473,-0.10226504394861391,4.9405940594059405,0.6871287128712872,Brandon Adair,1627961
Brandon Ingram,B.Adams,14,491,14,0,73,2422,5.214285714285714,4.932790224032587,0.2814954902531275,9,336,0.6428571428571429,0.6843177189409368,-0.04146057608379394,4.9405940594059405,0.6871287128712872,Bennie Adams,1363
Brandon Ingram,B.Barnaky,25,480,24,1,114,2381,4.56,4.960416666666666,-0.40041666666666664,13,332,0.52,0.6916666666666667,-0.17166666666666663,4.9405940594059405,0.6871287128712872,Brent Barnaky,201638
Brandon Ingram,B.Burns,2,503,2,0,12,2483,6.0,4.936381709741551,1.0636182902584492,1,344,0.5,0.68389662027833,-0.18389662027832998,4.9405940594059405,0.6871287128712872,Blanca Burns,1629174
Brandon Ingram,B.Forte,15,490,15,0,65,2430,4.333333333333333,4.959183673469388,-0.6258503401360551,10,335,0.6666666666666666,0.6836734693877551,-0.017006802721088454,4.9405940594059405,0.6871287128712872,Brian Forte,101283
Brandon Ingram,B.Haskill,1,504,1,0,5,2490,5.0,4.940476190476191,0.05952380952380931,1,344,1.0,0.6825396825396826,0.31746031746031744,4.9405940594059405,0.6871287128712872,Brent Haskill,1629175
Brandon Ingram,B.Kennedy,21,484,21,0,122,2373,5.809523809523809,4.902892561983471,0.9066312475403384,17,328,0.8095238095238095,0.6776859504132231,0.13183785911058643,4.9405940594059405,0.6871287128712872,Bill Kennedy,1662
Brandon Ingram,B.Nansel,13,492,13,0,51,2444,3.923076923076923,4.967479674796748,-1.0444027517198253,10,335,0.7692307692307693,0.6808943089430894,0.08833646028767983,4.9405940594059405,0.6871287128712872,Brett Nansel,202035
Brandon Ingram,B.Schwab,8,497,8,0,39,2456,4.875,4.941649899396379,-0.06664989939637866,7,338,0.875,0.6800804828973843,0.19491951710261568,4.9405940594059405,0.6871287128712872,Brandon Schwab,1628171
Brandon Ingram,B.Spooner,7,498,7,0,22,2473,3.142857142857143,4.965863453815261,-1.8230063109581178,5,340,0.7142857142857143,0.6827309236947792,0.03155479059093513,4.9405940594059405,0.6871287128712872,Bill Spooner,1194
Brandon Ingram,B.Taylor,22,483,22,0,97,2398,4.409090909090909,4.9648033126294,-0.5557124035384904,16,329,0.7272727272727273,0.6811594202898551,0.04611330698287219,4.9405940594059405,0.6871287128712872,Ben Taylor,202049
Brandon Ingram,C.Blair,22,483,21,1,115,2380,5.2272727272727275,4.927536231884058,0.29973649538866987,13,332,0.5909090909090909,0.6873706004140787,-0.09646150950498777,4.9405940594059405,0.6871287128712872,Curtis Blair,200832
Brandon Ingram,C.Flores,3,502,3,0,14,2481,4.666666666666667,4.942231075697211,-0.2755644090305438,2,343,0.6666666666666666,0.6832669322709163,-0.016600265604249653,4.9405940594059405,0.6871287128712872,Che Flores,203054
Brandon Ingram,C.Kirkland,25,480,25,0,102,2393,4.08,4.985416666666667,-0.9054166666666665,12,333,0.48,0.69375,-0.21375,4.9405940594059405,0.6871287128712872,Courtney Kirkland,2004
Brandon Ingram,C.Washington,18,487,18,0,99,2396,5.5,4.919917864476386,0.5800821355236137,11,334,0.6111111111111112,0.6858316221765913,-0.07472051106548017,4.9405940594059405,0.6871287128712872,CJ Washington,202056
Brandon Ingram,D.Collins,25,480,25,0,116,2379,4.64,4.95625,-0.31625000000000014,19,326,0.76,0.6791666666666667,0.08083333333333331,4.9405940594059405,0.6871287128712872,Derrick Collins,2002
Brandon Ingram,D.Crawford,4,501,4,0,2,2493,0.5,4.976047904191617,-4.476047904191617,4,341,1.0,0.6806387225548902,0.3193612774451098,4.9405940594059405,0.6871287128712872,Dan Crawford,1152
Brandon Ingram,D.Guthrie,22,483,22,0,118,2377,5.363636363636363,4.921325051759834,0.44231131187652917,16,329,0.7272727272727273,0.6811594202898551,0.04611330698287219,4.9405940594059405,0.6871287128712872,David Guthrie,2714
Brandon Ingram,D.Mosher,4,501,4,0,16,2479,4.0,4.94810379241517,-0.9481037924151696,3,342,0.75,0.6826347305389222,0.06736526946107779,4.9405940594059405,0.6871287128712872,Dannica Mosher,1628484
Brandon Ingram,D.Richardson,15,490,15,0,78,2417,5.2,4.93265306122449,0.2673469387755105,9,336,0.6,0.6857142857142857,-0.08571428571428574,4.9405940594059405,0.6871287128712872,Derek Richardson,1204
Brandon Ingram,D.Scott,7,498,7,0,31,2464,4.428571428571429,4.947791164658635,-0.519219736087206,5,340,0.7142857142857143,0.6827309236947792,0.03155479059093513,4.9405940594059405,0.6871287128712872,Danielle Scott,1628487
Brandon Ingram,D.Stafford,8,497,8,0,35,2460,4.375,4.949698189134809,-0.5746981891348089,5,340,0.625,0.6841046277665996,-0.05910462776659964,4.9405940594059405,0.6871287128712872,Derrick Stafford,1195
Brandon Ingram,D.Taylor,31,474,30,1,178,2317,5.741935483870968,4.8881856540084385,0.8537498298625295,21,324,0.6774193548387096,0.6835443037974683,-0.0061249489587587025,4.9405940594059405,0.6871287128712872,Dedric Taylor,203592
Brandon Ingram,E.Dalen,18,487,18,0,86,2409,4.777777777777778,4.946611909650924,-0.16883413187314655,16,329,0.8888888888888888,0.675564681724846,0.21332420716404288,4.9405940594059405,0.6871287128712872,Eric Dalen,200833
Brandon Ingram,E.Lewis,27,478,27,0,135,2360,5.0,4.937238493723849,0.06276150627615085,20,325,0.7407407407407407,0.6799163179916318,0.06082442274910893,4.9405940594059405,0.6871287128712872,Eric Lewis,2715
Brandon Ingram,E.Malloy,19,486,19,0,93,2402,4.894736842105263,4.94238683127572,-0.047649989170457374,18,327,0.9473684210526315,0.6728395061728395,0.27452891487979203,4.9405940594059405,0.6871287128712872,Ed Malloy,2530
Brandon Ingram,E.Scott,14,491,14,0,71,2424,5.071428571428571,4.936863543788188,0.13456502764038358,14,331,1.0,0.6741344195519349,0.32586558044806513,4.9405940594059405,0.6871287128712872,Evan Scott,1628172
Brandon Ingram,G.Petraitis,25,480,24,1,97,2398,3.88,4.995833333333334,-1.1158333333333337,13,332,0.52,0.6916666666666667,-0.17166666666666663,4.9405940594059405,0.6871287128712872,Gediminas Petraitis,204058
Brandon Ingram,G.Zielinski,7,498,7,0,27,2468,3.857142857142857,4.955823293172691,-1.098680436029834,4,341,0.5714285714285714,0.6847389558232931,-0.11331038439472174,4.9405940594059405,0.6871287128712872,Gary Zielinski,1664
Brandon Ingram,H.Workman,13,492,13,0,57,2438,4.384615384615385,4.955284552845528,-0.5706691682301432,5,340,0.38461538461538464,0.6910569105691057,-0.30644152595372104,4.9405940594059405,0.6871287128712872,Haywoode Workman,201637
Brandon Ingram,I.Hwang,2,503,2,0,6,2489,3.0,4.9483101391650095,-1.9483101391650095,2,343,1.0,0.6819085487077535,0.3180914512922465,4.9405940594059405,0.6871287128712872,Intae Hwang,1630886
Brandon Ingram,J.Butler,16,489,16,0,95,2400,5.9375,4.9079754601226995,1.0295245398773005,11,334,0.6875,0.6830265848670757,0.004473415132924319,4.9405940594059405,0.6871287128712872,John Butler,1628951
Brandon Ingram,J.Capers,22,483,22,0,113,2382,5.136363636363637,4.931677018633541,0.2046866177300961,14,331,0.6363636363636364,0.6853002070393375,-0.04893657067570112,4.9405940594059405,0.6871287128712872,James Capers,1148
Brandon Ingram,J.Conley,7,498,7,0,33,2462,4.714285714285714,4.943775100401607,-0.2294893861158922,6,339,0.8571428571428571,0.6807228915662651,0.176419965576592,4.9405940594059405,0.6871287128712872,John Conley,1627519
Brandon Ingram,J.DeRosa,21,484,21,0,109,2386,5.190476190476191,4.929752066115703,0.26072412436048786,18,327,0.8571428571428571,0.6756198347107438,0.18152302243211327,4.9405940594059405,0.6871287128712872,JB DeRosa,1155
Brandon Ingram,J.Goble,51,454,51,0,222,2273,4.352941176470588,5.006607929515418,-0.6536667530448304,35,310,0.6862745098039216,0.6828193832599119,0.003455126544009701,4.9405940594059405,0.6871287128712872,John Goble,101284
Brandon Ingram,J.Goldenberg,14,491,14,0,67,2428,4.785714285714286,4.945010183299389,-0.15929589758510332,12,333,0.8571428571428571,0.6782077393075356,0.17893511783532146,4.9405940594059405,0.6871287128712872,Jason Goldenberg,1626301
Brandon Ingram,J.Orr,17,488,16,1,76,2419,4.470588235294118,4.956967213114754,-0.4863789778206362,9,336,0.5294117647058824,0.6885245901639344,-0.15911282545805205,4.9405940594059405,0.6871287128712872,J.T. Orr,202037
Brandon Ingram,J.Phillips,10,495,10,0,33,2462,3.3,4.973737373737373,-1.6737373737373735,8,337,0.8,0.6808080808080809,0.11919191919191918,4.9405940594059405,0.6871287128712872,Jason Phillips,2001
Brandon Ingram,J.Reneau,2,503,2,0,15,2480,7.5,4.930417495029821,2.569582504970179,2,343,1.0,0.6819085487077535,0.3180914512922465,4.9405940594059405,0.6871287128712872,Jenna Reneau,1628168
Brandon Ingram,J.Schroeder,15,490,15,0,71,2424,4.733333333333333,4.946938775510204,-0.2136054421768705,9,336,0.6,0.6857142857142857,-0.08571428571428574,4.9405940594059405,0.6871287128712872,Jenna Schroeder,1628954
Brandon Ingram,J.Sterling,20,485,20,0,134,2361,6.7,4.868041237113402,1.8319587628865985,11,334,0.55,0.688659793814433,-0.13865979381443294,4.9405940594059405,0.6871287128712872,Jonathan Sterling,1627964
Brandon Ingram,J.Tiven,28,477,28,0,152,2343,5.428571428571429,4.911949685534591,0.516621743036838,21,324,0.75,0.6792452830188679,0.07075471698113212,4.9405940594059405,0.6871287128712872,Josh Tiven,201639
Brandon Ingram,J.Van Duyne,14,491,14,0,74,2421,5.285714285714286,4.930753564154786,0.3549607215594994,11,334,0.7857142857142857,0.6802443991853361,0.10546988652894962,4.9405940594059405,0.6871287128712872,Justin Van Duyne,203593
Brandon Ingram,J.Williams,25,480,25,0,123,2372,4.92,4.941666666666666,-0.0216666666666665,18,327,0.72,0.68125,0.03874999999999995,4.9405940594059405,0.6871287128712872,James Williams,202058
Brandon Ingram,K.Cutler,23,482,23,0,119,2376,5.173913043478261,4.929460580912863,0.24445246256539743,14,331,0.6086956521739131,0.6867219917012448,-0.07802633952733173,4.9405940594059405,0.6871287128712872,Kevin Cutler,201246
Brandon Ingram,K.Fitzgerald,12,493,11,1,49,2446,4.083333333333333,4.9614604462474645,-0.8781271129141315,8,337,0.6666666666666666,0.6835699797160243,-0.01690331304935766,4.9405940594059405,0.6871287128712872,Kane Fitzgerald,201640
Brandon Ingram,K.Lane,24,481,24,0,113,2382,4.708333333333333,4.952182952182953,-0.24384961884961953,14,331,0.5833333333333334,0.6881496881496881,-0.10481635481635476,4.9405940594059405,0.6871287128712872,Karl Lane,202026
Brandon Ingram,K.Mauer,15,490,15,0,65,2430,4.333333333333333,4.959183673469388,-0.6258503401360551,10,335,0.6666666666666666,0.6836734693877551,-0.017006802721088454,4.9405940594059405,0.6871287128712872,Ken Mauer,1174
Brandon Ingram,K.Scott,24,481,23,1,108,2387,4.5,4.962577962577963,-0.4625779625779627,15,330,0.625,0.6860706860706861,-0.06107068607068611,4.9405940594059405,0.6871287128712872,Kevin Scott,202041
Brandon Ingram,L.Holtkamp,18,487,18,0,63,2432,3.5,4.993839835728953,-1.493839835728953,8,337,0.4444444444444444,0.6919917864476386,-0.24754734200319417,4.9405940594059405,0.6871287128712872,Lauren Holtkamp,203177
Brandon Ingram,L.Richardson,12,493,12,0,76,2419,6.333333333333333,4.906693711967546,1.426639621365787,7,338,0.5833333333333334,0.6855983772819473,-0.10226504394861391,4.9405940594059405,0.6871287128712872,Leroy Richardson,1188
Brandon Ingram,L.Wood,26,479,26,0,122,2373,4.6923076923076925,4.954070981210856,-0.2617632889031638,19,326,0.7307692307692307,0.6805845511482255,0.05018467962100526,4.9405940594059405,0.6871287128712872,Leon Wood,1201
Brandon Ingram,M.Ayotte,20,485,20,0,105,2390,5.25,4.927835051546392,0.322164948453608,15,330,0.75,0.6804123711340206,0.06958762886597936,4.9405940594059405,0.6871287128712872,Mark Ayotte,2148
Brandon Ingram,M.Boland,23,482,23,0,126,2369,5.478260869565218,4.9149377593361,0.5633231102291179,14,331,0.6086956521739131,0.6867219917012448,-0.07802633952733173,4.9405940594059405,0.6871287128712872,Matt Boland,2005
Brandon Ingram,M.Callahan,10,495,10,0,34,2461,3.4,4.971717171717172,-1.571717171717172,8,337,0.8,0.6808080808080809,0.11919191919191918,4.9405940594059405,0.6871287128712872,Mike Callahan,1147
Brandon Ingram,M.Dagher,9,496,9,0,45,2450,5.0,4.939516129032258,0.06048387096774199,8,337,0.8888888888888888,0.6794354838709677,0.2094534050179211,4.9405940594059405,0.6871287128712872,Mousa Dagher,1628159
Brandon Ingram,M.Davis,27,478,27,0,124,2371,4.592592592592593,4.960251046025105,-0.36765845343251247,14,331,0.5185185185185185,0.6924686192468619,-0.17395010072834338,4.9405940594059405,0.6871287128712872,Marc Davis,1830
Brandon Ingram,M.Ervin,29,476,29,0,156,2339,5.379310344827586,4.913865546218488,0.4654447986090986,24,321,0.8275862068965517,0.6743697478991597,0.153216458997392,4.9405940594059405,0.6871287128712872,Mitchell Ervin,203591
Brandon Ingram,M.Kallio,4,501,4,0,23,2472,5.75,4.934131736526946,0.8158682634730541,2,343,0.5,0.6846307385229541,-0.18463073852295409,4.9405940594059405,0.6871287128712872,Matt Kallio,1627526
Brandon Ingram,M.Kogut,20,485,20,0,111,2384,5.55,4.9154639175257735,0.6345360824742263,14,331,0.7,0.6824742268041237,0.017525773195876226,4.9405940594059405,0.6871287128712872,Marat Kogut,201245
Brandon Ingram,M.Lindsay,21,484,21,0,101,2394,4.809523809523809,4.946280991735537,-0.13675718221172772,17,328,0.8095238095238095,0.6776859504132231,0.13183785911058643,4.9405940594059405,0.6871287128712872,Mark Lindsay,200834
Brandon Ingram,M.McCutchen,5,500,5,0,18,2477,3.6,4.954,-1.3539999999999996,2,343,0.4,0.686,-0.28600000000000003,4.9405940594059405,0.6871287128712872,Monty McCutchen,1176
Brandon Ingram,M.Myers,7,498,7,0,60,2435,8.571428571428571,4.889558232931727,3.681870338496844,5,340,0.7142857142857143,0.6827309236947792,0.03155479059093513,4.9405940594059405,0.6871287128712872,Matt Myers,202901
Brandon Ingram,M.Smith,28,477,28,0,176,2319,6.285714285714286,4.861635220125786,1.4240790655884998,21,324,0.75,0.6792452830188679,0.07075471698113212,4.9405940594059405,0.6871287128712872,Michael Smith,1193
Brandon Ingram,N.Buchert,24,481,24,0,100,2395,4.166666666666667,4.979209979209979,-0.8125433125433119,19,326,0.7916666666666666,0.6777546777546778,0.11391198891198884,4.9405940594059405,0.6871287128712872,Nick Buchert,202007
Brandon Ingram,N.Green,10,495,10,0,53,2442,5.3,4.933333333333334,0.36666666666666625,8,337,0.8,0.6808080808080809,0.11919191919191918,4.9405940594059405,0.6871287128712872,Nate Green,1627524
Brandon Ingram,N.Sago,14,491,14,0,80,2415,5.714285714285714,4.918533604887983,0.7957521093977311,11,334,0.7857142857142857,0.6802443991853361,0.10546988652894962,4.9405940594059405,0.6871287128712872,Natalie Sago,1627541
Brandon Ingram,P.Fraher,19,486,19,0,91,2404,4.7894736842105265,4.946502057613169,-0.15702837340264253,14,331,0.7368421052631579,0.6810699588477366,0.055772146415421275,4.9405940594059405,0.6871287128712872,Pat Fraher,2003
Brandon Ingram,P.Ransom,7,498,7,0,27,2468,3.857142857142857,4.955823293172691,-1.098680436029834,6,339,0.8571428571428571,0.6807228915662651,0.176419965576592,4.9405940594059405,0.6871287128712872,Phenizee Ransom,1627963
Brandon Ingram,R.Acosta,19,486,19,0,102,2393,5.368421052631579,4.923868312757202,0.4445527398743767,14,331,0.7368421052631579,0.6810699588477366,0.055772146415421275,4.9405940594059405,0.6871287128712872,Ray Acosta,1626300
Brandon Ingram,R.Garretson,10,495,10,0,43,2452,4.3,4.9535353535353535,-0.6535353535353536,8,337,0.8,0.6808080808080809,0.11919191919191918,4.9405940594059405,0.6871287128712872,Ron Garretson,1164
Brandon Ingram,R.Hussey,5,500,5,0,27,2468,5.4,4.936,0.4640000000000004,5,340,1.0,0.68,0.31999999999999995,4.9405940594059405,0.6871287128712872,Robert Hussey,1628480
Brandon Ingram,R.Mott,26,479,26,0,132,2363,5.076923076923077,4.933194154488517,0.14372892243455926,15,330,0.5769230769230769,0.6889352818371608,-0.11201220491408392,4.9405940594059405,0.6871287128712872,Rodney Mott,1179
Brandon Ingram,R.Richardson,1,504,1,0,5,2490,5.0,4.940476190476191,0.05952380952380931,1,344,1.0,0.6825396825396826,0.31746031746031744,4.9405940594059405,0.6871287128712872,Randy Richardson,1627538
Brandon Ingram,S.Anderson,2,503,2,0,2,2493,1.0,4.956262425447316,-3.956262425447316,1,344,0.5,0.68389662027833,-0.18389662027832998,4.9405940594059405,0.6871287128712872,Steve Anderson,202000
Brandon Ingram,S.Corbin,14,491,14,0,61,2434,4.357142857142857,4.957230142566192,-0.600087285423335,11,334,0.7857142857142857,0.6802443991853361,0.10546988652894962,4.9405940594059405,0.6871287128712872,Sean Corbin,1151
Brandon Ingram,S.Foster,26,479,26,0,137,2358,5.269230769230769,4.922755741127348,0.3464750281034208,19,326,0.7307692307692307,0.6805845511482255,0.05018467962100526,4.9405940594059405,0.6871287128712872,Scott Foster,1162
Brandon Ingram,S.Jelks,3,502,3,0,16,2479,5.333333333333333,4.938247011952191,0.3950863213811422,3,342,1.0,0.6812749003984063,0.3187250996015937,4.9405940594059405,0.6871287128712872,Simone Jelks,1628481
Brandon Ingram,S.Mehta,4,501,4,0,24,2471,6.0,4.932135728542915,1.0678642714570854,4,341,1.0,0.6806387225548902,0.3193612774451098,4.9405940594059405,0.6871287128712872,Suyash Mehta,1627529
Brandon Ingram,S.Twardoski,24,481,24,0,103,2392,4.291666666666667,4.972972972972973,-0.6813063063063058,17,328,0.7083333333333334,0.681912681912682,0.02642065142065142,4.9405940594059405,0.6871287128712872,Scott Twardoski,202053
Brandon Ingram,S.Wall,19,486,19,0,73,2422,3.8421052631578947,4.983539094650205,-1.1414338314923107,15,330,0.7894736842105263,0.6790123456790124,0.11046133853151396,4.9405940594059405,0.6871287128712872,Scott Wall,1198
Brandon Ingram,S.Wright,24,481,24,0,146,2349,6.083333333333333,4.883575883575884,1.199757449757449,10,335,0.4166666666666667,0.6964656964656964,-0.27979902979902976,4.9405940594059405,0.6871287128712872,Sean Wright,2882
Brandon Ingram,T.Brothers,23,482,21,2,119,2376,5.173913043478261,4.929460580912863,0.24445246256539743,17,328,0.7391304347826086,0.6804979253112033,0.0586325094714053,4.9405940594059405,0.6871287128712872,Tony Brothers,1146
Brandon Ingram,T.Brown,14,491,14,0,60,2435,4.285714285714286,4.959266802443992,-0.6735525167297061,14,331,1.0,0.6741344195519349,0.32586558044806513,4.9405940594059405,0.6871287128712872,Tony Brown,2529
Brandon Ingram,T.Ford,29,476,28,1,133,2362,4.586206896551724,4.96218487394958,-0.37597797739785577,19,326,0.6551724137931034,0.6848739495798319,-0.029701535786728517,4.9405940594059405,0.6871287128712872,Tyler Ford,204059
Brandon Ingram,T.Maddox,17,488,17,0,96,2399,5.647058823529412,4.915983606557377,0.7310752169720347,12,333,0.7058823529411765,0.6823770491803278,0.023505303760848695,4.9405940594059405,0.6871287128712872,Tre Maddox,202027
Brandon Ingram,T.Ricks,2,503,2,0,7,2488,3.5,4.9463220675944335,-1.4463220675944335,0,345,0.0,0.6858846918489065,-0.6858846918489065,4.9405940594059405,0.6871287128712872,Tyler Ricks,1627539
Brandon Ingram,T.Washington,24,481,24,0,117,2378,4.875,4.943866943866944,-0.06886694386694359,19,326,0.7916666666666666,0.6777546777546778,0.11391198891198884,4.9405940594059405,0.6871287128712872,Tom Washington,1199
Brandon Ingram,Z.Zarba,27,478,26,1,141,2354,5.222222222222222,4.924686192468619,0.29753602975360316,14,331,0.5185185185185185,0.6924686192468619,-0.17395010072834338,4.9405940594059405,0.6871287128712872,Zach Zarba,2534
Donovan Mitchell,A.Moyer-Gleich,8,594,8,0,49,3067,6.125,5.1632996632996635,0.9617003367003365,5,353,0.625,0.5942760942760943,0.03072390572390571,5.176079734219269,0.9069767441860465,Ashley Moyer-Gleich,1628953
Donovan Mitchell,A.Nagy,9,593,9,0,51,3065,5.666666666666667,5.168634064080944,0.4980326025857229,8,350,0.8888888888888888,0.5902192242833052,0.29866966460558364,5.176079734219269,0.9069767441860465,Andy Nagy,1627534
Donovan Mitchell,A.Smith,22,580,22,0,105,3011,4.7727272727272725,5.191379310344828,-0.4186520376175551,17,341,0.7727272727272727,0.5879310344827586,0.18479623824451408,5.176079734219269,0.9069767441860465,Aaron Smith,1626302
Donovan Mitchell,B.Adair,20,582,20,0,94,3022,4.7,5.1924398625429555,-0.49243986254295535,16,342,0.8,0.5876288659793815,0.21237113402061858,5.176079734219269,0.9069767441860465,Brandon Adair,1627961
Donovan Mitchell,B.Adams,7,595,7,0,33,3083,4.714285714285714,5.181512605042017,-0.46722689075630264,6,352,0.8571428571428571,0.5915966386554622,0.2655462184873949,5.176079734219269,0.9069767441860465,Bennie Adams,1363
Donovan Mitchell,B.Barnaky,33,569,32,1,173,2943,5.242424242424242,5.172231985940246,0.0701922564839963,22,336,0.6666666666666666,0.5905096660808435,0.07615700058582309,5.176079734219269,0.9069767441860465,Brent Barnaky,201638
Donovan Mitchell,B.Burns,1,601,1,0,2,3114,2.0,5.181364392678868,-3.1813643926788684,1,357,1.0,0.5940099833610649,0.4059900166389351,5.176079734219269,0.9069767441860465,Blanca Burns,1629174
Donovan Mitchell,B.Forte,29,573,27,2,151,2965,5.206896551724138,5.174520069808028,0.03237648191610987,14,344,0.4827586206896552,0.6003490401396161,-0.1175904194499609,5.176079734219269,0.9069767441860465,Brian Forte,101283
Donovan Mitchell,B.Haskill,2,600,2,0,15,3101,7.5,5.168333333333333,2.331666666666667,1,357,0.5,0.595,-0.09499999999999997,5.176079734219269,0.9069767441860465,Brent Haskill,1629175
Donovan Mitchell,B.Kennedy,19,583,18,1,77,3039,4.052631578947368,5.212692967409948,-1.1600613884625801,14,344,0.7368421052631579,0.5900514579759862,0.14679064728717162,5.176079734219269,0.9069767441860465,Bill Kennedy,1662
Donovan Mitchell,B.Nansel,18,584,18,0,105,3011,5.833333333333333,5.155821917808219,0.6775114155251138,10,348,0.5555555555555556,0.5958904109589042,-0.04033485540334858,5.176079734219269,0.9069767441860465,Brett Nansel,202035
Donovan Mitchell,B.Schwab,10,592,10,0,50,3066,5.0,5.179054054054054,-0.1790540540540544,8,350,0.8,0.5912162162162162,0.20878378378378382,5.176079734219269,0.9069767441860465,Brandon Schwab,1628171
Donovan Mitchell,B.Spooner,5,597,5,0,22,3094,4.4,5.182579564489112,-0.7825795644891116,3,355,0.6,0.5946398659966499,0.005360134003350114,5.176079734219269,0.9069767441860465,Bill Spooner,1194
Donovan Mitchell,B.Taylor,28,574,27,1,160,2956,5.714285714285714,5.149825783972125,0.5644599303135891,14,344,0.5,0.5993031358885017,-0.0993031358885017,5.176079734219269,0.9069767441860465,Ben Taylor,202049
Donovan Mitchell,C.Aubry,1,601,1,0,8,3108,8.0,5.1713810316139766,2.8286189683860234,0,358,0.0,0.5956738768718802,-0.5956738768718802,5.176079734219269,0.9069767441860465,Clare Aubry,1629422
Donovan Mitchell,C.Blair,23,579,21,2,143,2973,6.217391304347826,5.134715025906735,1.0826762784410908,13,345,0.5652173913043478,0.5958549222797928,-0.03063753097544497,5.176079734219269,0.9069767441860465,Curtis Blair,200832
Donovan Mitchell,C.Flores,4,598,4,0,11,3105,2.75,5.1923076923076925,-2.4423076923076925,4,354,1.0,0.5919732441471572,0.40802675585284276,5.176079734219269,0.9069767441860465,Che Flores,203054
Donovan Mitchell,C.Kirkland,21,581,21,0,110,3006,5.238095238095238,5.173838209982788,0.06425702811244971,12,346,0.5714285714285714,0.5955249569707401,-0.024096385542168752,5.176079734219269,0.9069767441860465,Courtney Kirkland,2004
Donovan Mitchell,C.Washington,17,585,17,0,103,3013,6.0588235294117645,5.150427350427351,0.9083961789844137,10,348,0.5882352941176471,0.5948717948717949,-0.006636500754147789,5.176079734219269,0.9069767441860465,CJ Washington,202056
Donovan Mitchell,D.Collins,25,577,25,0,115,3001,4.6,5.20103986135182,-0.6010398613518202,12,346,0.48,0.5996533795493935,-0.11965337954939348,5.176079734219269,0.9069767441860465,Derrick Collins,2002
Donovan Mitchell,D.Guthrie,26,576,23,3,127,2989,4.884615384615385,5.189236111111111,-0.3046207264957257,16,342,0.6153846153846154,0.59375,0.02163461538461542,5.176079734219269,0.9069767441860465,David Guthrie,2714
Donovan Mitchell,D.Mosher,4,598,4,0,31,3085,7.75,5.15886287625418,2.5911371237458196,4,354,1.0,0.5919732441471572,0.40802675585284276,5.176079734219269,0.9069767441860465,Dannica Mosher,1628484
Donovan Mitchell,D.Richardson,20,582,20,0,83,3033,4.15,5.211340206185567,-1.0613402061855668,11,347,0.55,0.5962199312714777,-0.04621993127147761,5.176079734219269,0.9069767441860465,Derek Richardson,1204
Donovan Mitchell,D.Scott,7,595,7,0,42,3074,6.0,5.166386554621849,0.833613445378151,5,353,0.7142857142857143,0.5932773109243697,0.12100840336134455,5.176079734219269,0.9069767441860465,Danielle Scott,1628487
Donovan Mitchell,D.Stafford,4,598,4,0,19,3097,4.75,5.178929765886288,-0.42892976588628784,4,354,1.0,0.5919732441471572,0.40802675585284276,5.176079734219269,0.9069767441860465,Derrick Stafford,1195
Donovan Mitchell,D.Taylor,25,577,23,2,136,2980,5.44,5.164644714038128,0.2753552859618722,17,341,0.68,0.5909878682842288,0.08901213171577127,5.176079734219269,0.9069767441860465,Dedric Taylor,203592
Donovan Mitchell,E.Dalen,29,573,27,2,142,2974,4.896551724137931,5.19022687609075,-0.29367515195281957,17,341,0.5862068965517241,0.5951134380453752,-0.00890654149365111,5.176079734219269,0.9069767441860465,Eric Dalen,200833
Donovan Mitchell,E.Lewis,23,579,22,1,136,2980,5.913043478260869,5.146804835924007,0.7662386423368623,15,343,0.6521739130434783,0.5924006908462867,0.05977322219719161,5.176079734219269,0.9069767441860465,Eric Lewis,2715
Donovan Mitchell,E.Malloy,25,577,24,1,111,3005,4.44,5.2079722703639515,-0.7679722703639511,19,339,0.76,0.587521663778163,0.17247833622183706,5.176079734219269,0.9069767441860465,Ed Malloy,2530
Donovan Mitchell,E.Scott,14,588,14,0,76,3040,5.428571428571429,5.170068027210885,0.25850340136054406,9,349,0.6428571428571429,0.5935374149659864,0.04931972789115646,5.176079734219269,0.9069767441860465,Evan Scott,1628172
Donovan Mitchell,G.Petraitis,30,572,29,1,171,2945,5.7,5.148601398601398,0.5513986013986019,19,339,0.6333333333333333,0.5926573426573427,0.04067599067599059,5.176079734219269,0.9069767441860465,Gediminas Petraitis,204058
Donovan Mitchell,G.Zielinski,4,598,4,0,7,3109,1.75,5.198996655518394,-3.4489966555183944,3,355,0.75,0.5936454849498328,0.15635451505016718,5.176079734219269,0.9069767441860465,Gary Zielinski,1664
Donovan Mitchell,H.Workman,7,595,7,0,30,3086,4.285714285714286,5.18655462184874,-0.9008403361344541,5,353,0.7142857142857143,0.5932773109243697,0.12100840336134455,5.176079734219269,0.9069767441860465,Haywoode Workman,201637
Donovan Mitchell,I.Hwang,5,597,5,0,57,3059,11.4,5.123953098827471,6.2760469011725295,3,355,0.6,0.5946398659966499,0.005360134003350114,5.176079734219269,0.9069767441860465,Intae Hwang,1630886
Donovan Mitchell,J.Butler,13,589,13,0,83,3033,6.384615384615385,5.149405772495755,1.2352096121196299,7,351,0.5384615384615384,0.5959252971137521,-0.05746375865221365,5.176079734219269,0.9069767441860465,John Butler,1628951
Donovan Mitchell,J.Capers,26,576,23,3,147,2969,5.653846153846154,5.154513888888889,0.4993322649572649,19,339,0.7307692307692307,0.5885416666666666,0.1422275641025641,5.176079734219269,0.9069767441860465,James Capers,1148
Donovan Mitchell,J.Conley,8,594,8,0,44,3072,5.5,5.171717171717172,0.32828282828282784,5,353,0.625,0.5942760942760943,0.03072390572390571,5.176079734219269,0.9069767441860465,John Conley,1627519
Donovan Mitchell,J.DeRosa,22,580,20,2,157,2959,7.136363636363637,5.1017241379310345,2.034639498432602,10,348,0.45454545454545453,0.6,-0.14545454545454545,5.176079734219269,0.9069767441860465,JB DeRosa,1155
Donovan Mitchell,J.Goble,45,557,43,2,222,2894,4.933333333333334,5.195691202872531,-0.2623578695391977,24,334,0.5333333333333333,0.599640933572711,-0.06630760023937765,5.176079734219269,0.9069767441860465,John Goble,101284
Donovan Mitchell,J.Goldenberg,13,589,13,0,75,3041,5.769230769230769,5.162988115449915,0.6062426537808543,7,351,0.5384615384615384,0.5959252971137521,-0.05746375865221365,5.176079734219269,0.9069767441860465,Jason Goldenberg,1626301
Donovan Mitchell,J.Orr,24,578,24,0,125,2991,5.208333333333333,5.174740484429066,0.03359284890426739,17,341,0.7083333333333334,0.5899653979238755,0.11836793540945789,5.176079734219269,0.9069767441860465,J.T. Orr,202037
Donovan Mitchell,J.Phillips,6,596,6,0,36,3080,6.0,5.167785234899329,0.8322147651006713,3,355,0.5,0.5956375838926175,-0.09563758389261745,5.176079734219269,0.9069767441860465,Jason Phillips,2001
Donovan Mitchell,J.Ralls,3,599,3,0,14,3102,4.666666666666667,5.178631051752921,-0.5119643850862543,3,355,1.0,0.5926544240400667,0.40734557595993326,5.176079734219269,0.9069767441860465,JD Ralls,1628485
Donovan Mitchell,J.Reneau,1,601,1,0,7,3109,7.0,5.173044925124792,1.8269550748752081,1,357,1.0,0.5940099833610649,0.4059900166389351,5.176079734219269,0.9069767441860465,Jenna Reneau,1628168
Donovan Mitchell,J.Schroeder,8,594,8,0,47,3069,5.875,5.166666666666667,0.708333333333333,7,351,0.875,0.5909090909090909,0.28409090909090906,5.176079734219269,0.9069767441860465,Jenna Schroeder,1628954
Donovan Mitchell,J.Sterling,27,575,27,0,139,2977,5.148148148148148,5.177391304347826,-0.02924315619967821,19,339,0.7037037037037037,0.5895652173913043,0.11413848631239942,5.176079734219269,0.9069767441860465,Jonathan Sterling,1627964
Donovan Mitchell,J.Tiven,28,574,26,2,135,2981,4.821428571428571,5.193379790940766,-0.37195121951219523,19,339,0.6785714285714286,0.5905923344947736,0.08797909407665505,5.176079734219269,0.9069767441860465,Josh Tiven,201639
Donovan Mitchell,J.Van Duyne,30,572,30,0,114,3002,3.8,5.248251748251748,-1.4482517482517485,20,338,0.6666666666666666,0.5909090909090909,0.07575757575757569,5.176079734219269,0.9069767441860465,Justin Van Duyne,203593
Donovan Mitchell,J.Williams,23,579,22,1,124,2992,5.391304347826087,5.167530224525043,0.22377412330104374,16,342,0.6956521739130435,0.5906735751295337,0.10497859878350979,5.176079734219269,0.9069767441860465,James Williams,202058
Donovan Mitchell,K.Cutler,23,579,23,0,109,3007,4.739130434782608,5.193436960276339,-0.4543065254937302,17,341,0.7391304347826086,0.5889464594127807,0.15018397536982797,5.176079734219269,0.9069767441860465,Kevin Cutler,201246
Donovan Mitchell,K.Fitzgerald,18,584,17,1,70,3046,3.888888888888889,5.215753424657534,-1.3268645357686455,11,347,0.6111111111111112,0.5941780821917808,0.01693302891933035,5.176079734219269,0.9069767441860465,Kane Fitzgerald,201640
Donovan Mitchell,K.Lane,25,577,24,1,121,2995,4.84,5.190641247833622,-0.3506412478336225,16,342,0.64,0.5927209705372617,0.04727902946273832,5.176079734219269,0.9069767441860465,Karl Lane,202026
Donovan Mitchell,K.Mauer,13,589,12,1,69,3047,5.3076923076923075,5.173174872665535,0.1345174350267726,9,349,0.6923076923076923,0.5925297113752123,0.09977798093248003,5.176079734219269,0.9069767441860465,Ken Mauer,1174
Donovan Mitchell,K.Scott,31,571,30,1,187,2929,6.032258064516129,5.129597197898423,0.9026608666177056,17,341,0.5483870967741935,0.5971978984238179,-0.04881080164962437,5.176079734219269,0.9069767441860465,Kevin Scott,202041
Donovan Mitchell,L.Holtkamp,10,592,10,0,41,3075,4.1,5.194256756756757,-1.0942567567567574,7,351,0.7,0.5929054054054054,0.10709459459459458,5.176079734219269,0.9069767441860465,Lauren Holtkamp,203177
Donovan Mitchell,L.Richardson,13,589,13,0,68,3048,5.230769230769231,5.174872665534805,0.0558965652344261,8,350,0.6153846153846154,0.5942275042444821,0.0211571111401333,5.176079734219269,0.9069767441860465,Leroy Richardson,1188
Donovan Mitchell,L.Wood,25,577,25,0,125,2991,5.0,5.183708838821491,-0.1837088388214907,15,343,0.6,0.5944540727902946,0.00554592720970537,5.176079734219269,0.9069767441860465,Leon Wood,1201
Donovan Mitchell,M.Ayotte,16,586,16,0,78,3038,4.875,5.184300341296928,-0.30930034129692796,14,344,0.875,0.5870307167235495,0.28796928327645055,5.176079734219269,0.9069767441860465,Mark Ayotte,2148
Donovan Mitchell,M.Boland,18,584,18,0,111,3005,6.166666666666667,5.14554794520548,1.0211187214611872,11,347,0.6111111111111112,0.5941780821917808,0.01693302891933035,5.176079734219269,0.9069767441860465,Matt Boland,2005
Donovan Mitchell,M.Callahan,10,592,10,0,57,3059,5.7,5.16722972972973,0.5327702702702704,8,350,0.8,0.5912162162162162,0.20878378378378382,5.176079734219269,0.9069767441860465,Mike Callahan,1147
Donovan Mitchell,M.Dagher,11,591,11,0,41,3075,3.727272727272727,5.2030456852791875,-1.4757729580064605,7,351,0.6363636363636364,0.5939086294416244,0.042455006922011984,5.176079734219269,0.9069767441860465,Mousa Dagher,1628159
Donovan Mitchell,M.Davis,30,572,29,1,125,2991,4.166666666666667,5.229020979020979,-1.0623543123543122,15,343,0.5,0.5996503496503497,-0.09965034965034969,5.176079734219269,0.9069767441860465,Marc Davis,1830
Donovan Mitchell,M.Ervin,25,577,25,0,110,3006,4.4,5.209705372616984,-0.8097053726169836,18,340,0.72,0.5892547660311959,0.1307452339688041,5.176079734219269,0.9069767441860465,Mitchell Ervin,203591
Donovan Mitchell,M.Kallio,6,596,6,0,31,3085,5.166666666666667,5.176174496644295,-0.009507829977628113,2,356,0.3333333333333333,0.5973154362416108,-0.26398210290827745,5.176079734219269,0.9069767441860465,Matt Kallio,1627526
Donovan Mitchell,M.Kogut,21,581,21,0,116,3000,5.523809523809524,5.163511187607573,0.36029833620195095,15,343,0.7142857142857143,0.5903614457831325,0.12392426850258176,5.176079734219269,0.9069767441860465,Marat Kogut,201245
Donovan Mitchell,M.Lindsay,28,574,27,1,169,2947,6.035714285714286,5.134146341463414,0.9015679442508713,16,342,0.5714285714285714,0.5958188153310104,-0.024390243902439046,5.176079734219269,0.9069767441860465,Mark Lindsay,200834
Donovan Mitchell,M.McCutchen,2,600,2,0,11,3105,5.5,5.175,0.3250000000000002,2,356,1.0,0.5933333333333334,0.4066666666666666,5.176079734219269,0.9069767441860465,Monty McCutchen,1176
Donovan Mitchell,M.Myers,17,585,17,0,101,3015,5.9411764705882355,5.153846153846154,0.7873303167420813,13,345,0.7647058823529411,0.5897435897435898,0.17496229260935137,5.176079734219269,0.9069767441860465,Matt Myers,202901
Donovan Mitchell,M.Smith,28,574,27,1,158,2958,5.642857142857143,5.153310104529616,0.4895470383275269,18,340,0.6428571428571429,0.5923344947735192,0.05052264808362372,5.176079734219269,0.9069767441860465,Michael Smith,1193
Donovan Mitchell,N.Buchert,27,575,25,2,167,2949,6.185185185185185,5.128695652173913,1.0564895330112725,15,343,0.5555555555555556,0.5965217391304348,-0.040966183574879245,5.176079734219269,0.9069767441860465,Nick Buchert,202007
Donovan Mitchell,N.Green,12,590,12,0,61,3055,5.083333333333333,5.177966101694915,-0.09463276836158219,7,351,0.5833333333333334,0.5949152542372881,-0.011581920903954712,5.176079734219269,0.9069767441860465,Nate Green,1627524
Donovan Mitchell,N.Sago,18,584,17,1,102,3014,5.666666666666667,5.160958904109589,0.505707762557078,12,346,0.6666666666666666,0.5924657534246576,0.07420091324200906,5.176079734219269,0.9069767441860465,Natalie Sago,1627541
Donovan Mitchell,P.Fraher,29,573,27,2,176,2940,6.068965517241379,5.130890052356021,0.9380754648853582,15,343,0.5172413793103449,0.5986038394415357,-0.08136246013119086,5.176079734219269,0.9069767441860465,Pat Fraher,2003
Donovan Mitchell,P.O'Connell,2,600,2,0,14,3102,7.0,5.17,1.83,1,357,0.5,0.595,-0.09499999999999997,5.176079734219269,0.9069767441860465,Pat O'Connell,1629183
Donovan Mitchell,P.Ransom,21,581,21,0,84,3032,4.0,5.218588640275387,-1.218588640275387,12,346,0.5714285714285714,0.5955249569707401,-0.024096385542168752,5.176079734219269,0.9069767441860465,Phenizee Ransom,1627963
Donovan Mitchell,R.Acosta,31,571,30,1,128,2988,4.129032258064516,5.23292469352014,-1.1038924354556237,20,338,0.6451612903225806,0.5919439579684763,0.05321733235410431,5.176079734219269,0.9069767441860465,Ray Acosta,1626300
Donovan Mitchell,R.Garretson,11,591,11,0,24,3092,2.1818181818181817,5.231810490693739,-3.0499923088755576,7,351,0.6363636363636364,0.5939086294416244,0.042455006922011984,5.176079734219269,0.9069767441860465,Ron Garretson,1164
Donovan Mitchell,R.Hussey,11,591,11,0,43,3073,3.909090909090909,5.199661590524535,-1.2905706814336257,10,348,0.9090909090909091,0.5888324873096447,0.3202584217812644,5.176079734219269,0.9069767441860465,Robert Hussey,1628480
Donovan Mitchell,R.Mott,27,575,26,1,120,2996,4.444444444444445,5.210434782608695,-0.7659903381642508,17,341,0.6296296296296297,0.5930434782608696,0.03658615136876009,5.176079734219269,0.9069767441860465,Rodney Mott,1179
Donovan Mitchell,R.Richardson,1,601,1,0,2,3114,2.0,5.181364392678868,-3.1813643926788684,1,357,1.0,0.5940099833610649,0.4059900166389351,5.176079734219269,0.9069767441860465,Randy Richardson,1627538
Donovan Mitchell,S.Corbin,22,580,20,2,116,3000,5.2727272727272725,5.172413793103448,0.10031347962382409,16,342,0.7272727272727273,0.5896551724137931,0.13761755485893423,5.176079734219269,0.9069767441860465,Sean Corbin,1151
Donovan Mitchell,S.Foster,33,569,32,1,157,2959,4.757575757575758,5.200351493848857,-0.4427757362730995,18,340,0.5454545454545454,0.5975395430579965,-0.05208499760345109,5.176079734219269,0.9069767441860465,Scott Foster,1162
Donovan Mitchell,S.Jelks,6,596,6,0,21,3095,3.5,5.192953020134228,-1.6929530201342278,6,352,1.0,0.5906040268456376,0.4093959731543624,5.176079734219269,0.9069767441860465,Simone Jelks,1628481
Donovan Mitchell,S.Mehta,11,591,11,0,68,3048,6.181818181818182,5.157360406091371,1.0244577757268107,6,352,0.5454545454545454,0.5956006768189509,-0.05014613136440549,5.176079734219269,0.9069767441860465,Suyash Mehta,1627529
Donovan Mitchell,S.Mitchell,2,600,2,0,6,3110,3.0,5.183333333333334,-2.1833333333333336,2,356,1.0,0.5933333333333334,0.4066666666666666,5.176079734219269,0.9069767441860465,Sha'Rae Mitchell,1629178
Donovan Mitchell,S.Twardoski,26,576,25,1,118,2998,4.538461538461538,5.204861111111111,-0.6663995726495724,17,341,0.6538461538461539,0.5920138888888888,0.061832264957265015,5.176079734219269,0.9069767441860465,Scott Twardoski,202053
Donovan Mitchell,S.Wall,19,583,19,0,66,3050,3.473684210526316,5.23156089193825,-1.7578766814119344,11,347,0.5789473684210527,0.5951972555746141,-0.01624988715356146,5.176079734219269,0.9069767441860465,Scott Wall,1198
Donovan Mitchell,S.Wright,22,580,19,3,117,2999,5.318181818181818,5.1706896551724135,0.14749216300940482,12,346,0.5454545454545454,0.596551724137931,-0.05109717868338559,5.176079734219269,0.9069767441860465,Sean Wright,2882
Donovan Mitchell,T.Brothers,30,572,28,2,189,2927,6.3,5.1171328671328675,1.1828671328671323,16,342,0.5333333333333333,0.5979020979020979,-0.06456876456876459,5.176079734219269,0.9069767441860465,Tony Brothers,1146
Donovan Mitchell,T.Brown,15,587,14,1,87,3029,5.8,5.1601362862010225,0.6398637137989773,11,347,0.7333333333333333,0.5911413969335605,0.1421919363997728,5.176079734219269,0.9069767441860465,Tony Brown,2529
Donovan Mitchell,T.Ford,40,562,38,2,241,2875,6.025,5.115658362989324,0.9093416370106766,29,329,0.725,0.5854092526690391,0.13959074733096088,5.176079734219269,0.9069767441860465,Tyler Ford,204059
Donovan Mitchell,T.Maddox,26,576,26,0,142,2974,5.461538461538462,5.163194444444445,0.29834401709401703,22,336,0.8461538461538461,0.5833333333333334,0.2628205128205128,5.176079734219269,0.9069767441860465,Tre Maddox,202027
Donovan Mitchell,T.Ricks,4,598,4,0,28,3088,7.0,5.1638795986622075,1.8361204013377925,2,356,0.5,0.5953177257525084,-0.09531772575250841,5.176079734219269,0.9069767441860465,Tyler Ricks,1627539
Donovan Mitchell,T.Washington,23,579,22,1,112,3004,4.869565217391305,5.1882556131260795,-0.31869039573477487,15,343,0.6521739130434783,0.5924006908462867,0.05977322219719161,5.176079734219269,0.9069767441860465,Tom Washington,1199
Donovan Mitchell,Z.Zarba,33,569,31,2,151,2965,4.575757575757576,5.210896309314587,-0.6351387335570111,23,335,0.696969696969697,0.5887521968365553,0.10821750013314169,5.176079734219269,0.9069767441860465,Zach Zarba,2534
Paul George,A.Moyer-Gleich,16,666,15,1,106,3446,6.625,5.1741741741741745,1.4508258258258255,10,401,0.625,0.6021021021021021,0.022897897897897868,5.2082111436950145,0.7961876832844574,Ashley Moyer-Gleich,1628953
Paul George,A.Nagy,9,673,9,0,32,3520,3.5555555555555554,5.2303120356612185,-1.6747564801056631,8,403,0.8888888888888888,0.5988112927191679,0.29007759616972095,5.2082111436950145,0.7961876832844574,Andy Nagy,1627534
Paul George,A.Smith,22,660,22,0,119,3433,5.409090909090909,5.201515151515151,0.20757575757575797,11,400,0.5,0.6060606060606061,-0.10606060606060608,5.2082111436950145,0.7961876832844574,Aaron Smith,1626302
Paul George,B.Adair,11,671,11,0,48,3504,4.363636363636363,5.2220566318926975,-0.8584202682563342,8,403,0.7272727272727273,0.6005961251862891,0.12667660208643816,5.2082111436950145,0.7961876832844574,Brandon Adair,1627961
Paul George,B.Adams,14,668,14,0,75,3477,5.357142857142857,5.205089820359281,0.15205303678357573,9,402,0.6428571428571429,0.6017964071856288,0.04106073567151414,5.2082111436950145,0.7961876832844574,Bennie Adams,1363
Paul George,B.Barnaky,29,653,29,0,157,3395,5.413793103448276,5.199081163859112,0.21471193958916412,18,393,0.6206896551724138,0.6018376722817764,0.018851982890637387,5.2082111436950145,0.7961876832844574,Brent Barnaky,201638
Paul George,B.Forte,36,646,33,3,192,3360,5.333333333333333,5.201238390092879,0.13209494324045412,21,390,0.5833333333333334,0.6037151702786377,-0.020381836945304377,5.2082111436950145,0.7961876832844574,Brian Forte,101283
Paul George,B.Haskill,1,681,1,0,6,3546,6.0,5.20704845814978,0.7929515418502202,1,410,1.0,0.6020558002936858,0.39794419970631423,5.2082111436950145,0.7961876832844574,Brent Haskill,1629175
Paul George,B.Kennedy,23,659,22,1,102,3450,4.434782608695652,5.235204855842185,-0.8004222471465328,12,399,0.5217391304347826,0.6054628224582701,-0.0837236920234875,5.2082111436950145,0.7961876832844574,Bill Kennedy,1662
Paul George,B.Nansel,15,667,15,0,109,3443,7.266666666666667,5.16191904047976,2.1047476261869065,12,399,0.8,0.5982008995502249,0.20179910044977512,5.2082111436950145,0.7961876832844574,Brett Nansel,202035
Paul George,B.Schwab,8,674,8,0,24,3528,3.0,5.234421364985163,-2.234421364985163,4,407,0.5,0.6038575667655787,-0.10385756676557867,5.2082111436950145,0.7961876832844574,Brandon Schwab,1628171
Paul George,B.Spooner,10,672,10,0,70,3482,7.0,5.181547619047619,1.8184523809523814,5,406,0.5,0.6041666666666666,-0.10416666666666663,5.2082111436950145,0.7961876832844574,Bill Spooner,1194
Paul George,B.Taylor,28,654,26,2,149,3403,5.321428571428571,5.203363914373089,0.11806465705548241,17,394,0.6071428571428571,0.6024464831804281,0.004696373962428946,5.2082111436950145,0.7961876832844574,Ben Taylor,202049
Paul George,C.Aubry,1,681,1,0,8,3544,8.0,5.204111600587371,2.795888399412629,1,410,1.0,0.6020558002936858,0.39794419970631423,5.2082111436950145,0.7961876832844574,Clare Aubry,1629422
Paul George,C.Blair,36,646,34,2,211,3341,5.861111111111111,5.171826625386997,0.689284485724114,21,390,0.5833333333333334,0.6037151702786377,-0.020381836945304377,5.2082111436950145,0.7961876832844574,Curtis Blair,200832
Paul George,C.Flores,7,675,7,0,18,3534,2.5714285714285716,5.235555555555556,-2.6641269841269843,5,406,0.7142857142857143,0.6014814814814815,0.1128042328042328,5.2082111436950145,0.7961876832844574,Che Flores,203054
Paul George,C.Kirkland,29,653,28,1,133,3419,4.586206896551724,5.23583460949464,-0.649627712942916,16,395,0.5517241379310345,0.6049004594180705,-0.053176321487035993,5.2082111436950145,0.7961876832844574,Courtney Kirkland,2004
Paul George,C.Washington,21,661,21,0,82,3470,3.9047619047619047,5.249621785173979,-1.344859880412074,13,398,0.6190476190476191,0.6021180030257186,0.016929616021900462,5.2082111436950145,0.7961876832844574,CJ Washington,202056
Paul George,D.Collins,34,648,33,1,144,3408,4.235294117647059,5.2592592592592595,-1.0239651416122006,25,386,0.7352941176470589,0.595679012345679,0.13961510530137988,5.2082111436950145,0.7961876832844574,Derrick Collins,2002
Paul George,D.Crawford,8,674,8,0,51,3501,6.375,5.1943620178041545,1.1806379821958455,3,408,0.375,0.6053412462908012,-0.23034124629080122,5.2082111436950145,0.7961876832844574,Dan Crawford,1152
Paul George,D.Guthrie,27,655,26,1,169,3383,6.2592592592592595,5.1648854961832065,1.094373763076053,19,392,0.7037037037037037,0.5984732824427481,0.10523042126095561,5.2082111436950145,0.7961876832844574,David Guthrie,2714
Paul George,D.Jones,4,678,4,0,27,3525,6.75,5.199115044247788,1.5508849557522124,3,408,0.75,0.6017699115044248,0.14823008849557517,5.2082111436950145,0.7961876832844574,David Jones,1168
Paul George,D.Mosher,2,680,2,0,6,3546,3.0,5.214705882352941,-2.2147058823529413,1,410,0.5,0.6029411764705882,-0.1029411764705882,5.2082111436950145,0.7961876832844574,Dannica Mosher,1628484
Paul George,D.Richardson,21,661,21,0,127,3425,6.0476190476190474,5.181543116490166,0.866075931128881,10,401,0.47619047619047616,0.6066565809379728,-0.13046610474749665,5.2082111436950145,0.7961876832844574,Derek Richardson,1204
Paul George,D.Scott,3,679,3,0,2,3550,0.6666666666666666,5.228276877761414,-4.561610211094747,2,409,0.6666666666666666,0.6023564064801178,0.06431026018654884,5.2082111436950145,0.7961876832844574,Danielle Scott,1628487
Paul George,D.Stafford,10,672,10,0,44,3508,4.4,5.220238095238095,-0.8202380952380945,7,404,0.7,0.6011904761904762,0.09880952380952379,5.2082111436950145,0.7961876832844574,Derrick Stafford,1195
Paul George,D.Taylor,33,649,33,0,153,3399,4.636363636363637,5.237288135593221,-0.6009244992295839,17,394,0.5151515151515151,0.6070878274268104,-0.0919363122752953,5.2082111436950145,0.7961876832844574,Dedric Taylor,203592
Paul George,E.Dalen,24,658,24,0,102,3450,4.25,5.243161094224924,-0.9931610942249236,19,392,0.7916666666666666,0.5957446808510638,0.19592198581560283,5.2082111436950145,0.7961876832844574,Eric Dalen,200833
Paul George,E.Lewis,33,649,31,2,178,3374,5.393939393939394,5.1987673343605545,0.1951720595788391,19,392,0.5757575757575758,0.6040061633281972,-0.02824858757062143,5.2082111436950145,0.7961876832844574,Eric Lewis,2715
Paul George,E.Malloy,32,650,32,0,184,3368,5.75,5.181538461538461,0.5684615384615386,24,387,0.75,0.5953846153846154,0.1546153846153846,5.2082111436950145,0.7961876832844574,Ed Malloy,2530
Paul George,E.Roe,2,680,2,0,7,3545,3.5,5.213235294117647,-1.7132352941176467,1,410,0.5,0.6029411764705882,-0.1029411764705882,5.2082111436950145,0.7961876832844574,Eli Roe,2532
Paul George,E.Scott,5,677,5,0,19,3533,3.8,5.218611521418021,-1.418611521418021,4,407,0.8,0.6011816838995568,0.1988183161004432,5.2082111436950145,0.7961876832844574,Evan Scott,1628172
Paul George,G.Petraitis,33,649,32,1,159,3393,4.818181818181818,5.228043143297381,-0.4098613251155623,26,385,0.7878787878787878,0.5932203389830508,0.19465844889573702,5.2082111436950145,0.7961876832844574,Gediminas Petraitis,204058
Paul George,G.Zielinski,9,673,9,0,56,3496,6.222222222222222,5.194650817236256,1.0275714049859666,5,406,0.5555555555555556,0.6032689450222882,-0.04771338946673265,5.2082111436950145,0.7961876832844574,Gary Zielinski,1664
Paul George,H.Workman,13,669,13,0,75,3477,5.769230769230769,5.197309417040358,0.5719213521904107,7,404,0.5384615384615384,0.6038863976083707,-0.06542485914683227,5.2082111436950145,0.7961876832844574,Haywoode Workman,201637
Paul George,J.Butler,8,674,8,0,36,3516,4.5,5.216617210682492,-0.7166172106824922,5,406,0.625,0.6023738872403561,0.02262611275964388,5.2082111436950145,0.7961876832844574,John Butler,1628951
Paul George,J.Capers,34,648,33,1,141,3411,4.147058823529412,5.263888888888889,-1.1168300653594772,21,390,0.6176470588235294,0.6018518518518519,0.015795206971677578,5.2082111436950145,0.7961876832844574,James Capers,1148
Paul George,J.Conley,6,676,6,0,20,3532,3.3333333333333335,5.224852071005917,-1.8915187376725835,4,407,0.6666666666666666,0.6020710059171598,0.06459566074950684,5.2082111436950145,0.7961876832844574,John Conley,1627519
Paul George,J.Crawford,1,681,1,0,8,3544,8.0,5.204111600587371,2.795888399412629,1,410,1.0,0.6020558002936858,0.39794419970631423,5.2082111436950145,0.7961876832844574,Joe Crawford,1153
Paul George,J.DeRosa,18,664,18,0,96,3456,5.333333333333333,5.204819277108434,0.12851405622489942,10,401,0.5555555555555556,0.6039156626506024,-0.04836010709504679,5.2082111436950145,0.7961876832844574,JB DeRosa,1155
Paul George,J.Goble,58,624,55,3,310,3242,5.344827586206897,5.19551282051282,0.14931476569407653,41,370,0.7068965517241379,0.592948717948718,0.11394783377541995,5.2082111436950145,0.7961876832844574,John Goble,101284
Paul George,J.Goldenberg,16,666,16,0,108,3444,6.75,5.171171171171171,1.5788288288288292,13,398,0.8125,0.5975975975975976,0.21490240240240244,5.2082111436950145,0.7961876832844574,Jason Goldenberg,1626301
Paul George,J.Orr,30,652,29,1,131,3421,4.366666666666666,5.2469325153374236,-0.8802658486707573,17,394,0.5666666666666667,0.6042944785276073,-0.03762781186094066,5.2082111436950145,0.7961876832844574,J.T. Orr,202037
Paul George,J.Phillips,13,669,13,0,84,3468,6.461538461538462,5.183856502242152,1.2776819592963093,8,403,0.6153846153846154,0.6023916292974589,0.012992986087156488,5.2082111436950145,0.7961876832844574,Jason Phillips,2001
Paul George,J.Ralls,2,680,2,0,10,3542,5.0,5.208823529411765,-0.20882352941176485,2,409,1.0,0.6014705882352941,0.3985294117647059,5.2082111436950145,0.7961876832844574,JD Ralls,1628485
Paul George,J.Reneau,1,681,1,0,0,3552,0.0,5.215859030837004,-5.215859030837004,1,410,1.0,0.6020558002936858,0.39794419970631423,5.2082111436950145,0.7961876832844574,Jenna Reneau,1628168
Paul George,J.Schroeder,8,674,8,0,37,3515,4.625,5.21513353115727,-0.59013353115727,4,407,0.5,0.6038575667655787,-0.10385756676557867,5.2082111436950145,0.7961876832844574,Jenna Schroeder,1628954
Paul George,J.Sterling,14,668,14,0,70,3482,5.0,5.212574850299402,-0.2125748502994016,10,401,0.7142857142857143,0.6002994011976048,0.11398631308810947,5.2082111436950145,0.7961876832844574,Jonathan Sterling,1627964
Paul George,J.Tiven,46,636,46,0,259,3293,5.630434782608695,5.177672955974843,0.45276182663385267,27,384,0.5869565217391305,0.6037735849056604,-0.016817063166529866,5.2082111436950145,0.7961876832844574,Josh Tiven,201639
Paul George,J.Van Duyne,40,642,40,0,190,3362,4.75,5.2367601246105915,-0.4867601246105915,24,387,0.6,0.602803738317757,-0.002803738317757043,5.2082111436950145,0.7961876832844574,Justin Van Duyne,203593
Paul George,J.Williams,33,649,31,2,134,3418,4.0606060606060606,5.266563944530046,-1.2059578839239853,25,386,0.7575757575757576,0.5947611710323575,0.16281458654340009,5.2082111436950145,0.7961876832844574,James Williams,202058
Paul George,K.Cutler,37,645,36,1,143,3409,3.864864864864865,5.285271317829458,-1.4204064529645928,23,388,0.6216216216216216,0.6015503875968993,0.02007123402472233,5.2082111436950145,0.7961876832844574,Kevin Cutler,201246
Paul George,K.Fitzgerald,28,654,26,2,146,3406,5.214285714285714,5.207951070336391,0.006334643949323038,15,396,0.5357142857142857,0.6055045871559633,-0.06979030144167764,5.2082111436950145,0.7961876832844574,Kane Fitzgerald,201640
Paul George,K.Lane,26,656,26,0,117,3435,4.5,5.236280487804878,-0.7362804878048781,18,393,0.6923076923076923,0.5990853658536586,0.09322232645403372,5.2082111436950145,0.7961876832844574,Karl Lane,202026
Paul George,K.Mauer,20,662,19,1,134,3418,6.7,5.163141993957704,1.536858006042296,13,398,0.65,0.6012084592145015,0.04879154078549852,5.2082111436950145,0.7961876832844574,Ken Mauer,1174
Paul George,K.Scott,30,652,28,2,137,3415,4.566666666666666,5.237730061349693,-0.6710633946830269,22,389,0.7333333333333333,0.5966257668711656,0.13670756646216764,5.2082111436950145,0.7961876832844574,Kevin Scott,202041
Paul George,L.Holtkamp,20,662,20,0,101,3451,5.05,5.212990936555891,-0.16299093655589125,11,400,0.55,0.6042296072507553,-0.05422960725075521,5.2082111436950145,0.7961876832844574,Lauren Holtkamp,203177
Paul George,L.Richardson,16,666,16,0,101,3451,6.3125,5.181681681681682,1.130818318318318,12,399,0.75,0.5990990990990991,0.15090090090090091,5.2082111436950145,0.7961876832844574,Leroy Richardson,1188
Paul George,L.Wood,24,658,24,0,117,3435,4.875,5.220364741641338,-0.3453647416413377,14,397,0.5833333333333334,0.6033434650455927,-0.020010131712259294,5.2082111436950145,0.7961876832844574,Leon Wood,1201
Paul George,M.Ayotte,21,661,21,0,118,3434,5.619047619047619,5.195158850226929,0.4238887688206896,12,399,0.5714285714285714,0.6036308623298033,-0.032202290901231945,5.2082111436950145,0.7961876832844574,Mark Ayotte,2148
Paul George,M.Boland,26,656,26,0,114,3438,4.384615384615385,5.240853658536586,-0.8562382739212007,17,394,0.6538461538461539,0.600609756097561,0.0532363977485929,5.2082111436950145,0.7961876832844574,Matt Boland,2005
Paul George,M.Callahan,19,663,19,0,96,3456,5.052631578947368,5.212669683257919,-0.16003810431055054,11,400,0.5789473684210527,0.6033182503770739,-0.024370881956021218,5.2082111436950145,0.7961876832844574,Mike Callahan,1147
Paul George,M.Dagher,13,669,13,0,50,3502,3.8461538461538463,5.234678624813154,-1.3885247786593076,7,404,0.5384615384615384,0.6038863976083707,-0.06542485914683227,5.2082111436950145,0.7961876832844574,Mousa Dagher,1628159
Paul George,M.Davis,37,645,34,3,247,3305,6.675675675675675,5.124031007751938,1.5516446679237372,24,387,0.6486486486486487,0.6,0.04864864864864871,5.2082111436950145,0.7961876832844574,Marc Davis,1830
Paul George,M.Ervin,30,652,29,1,182,3370,6.066666666666666,5.168711656441718,0.8979550102249485,24,387,0.8,0.593558282208589,0.20644171779141107,5.2082111436950145,0.7961876832844574,Mitchell Ervin,203591
Paul George,M.Kallio,7,675,7,0,38,3514,5.428571428571429,5.205925925925926,0.22264550264550298,6,405,0.8571428571428571,0.6,0.2571428571428571,5.2082111436950145,0.7961876832844574,Matt Kallio,1627526
Paul George,M.Kogut,28,654,28,0,165,3387,5.892857142857143,5.178899082568807,0.713958060288336,15,396,0.5357142857142857,0.6055045871559633,-0.06979030144167764,5.2082111436950145,0.7961876832844574,Marat Kogut,201245
Paul George,M.Lindsay,31,651,31,0,158,3394,5.096774193548387,5.213517665130568,-0.1167434715821809,17,394,0.5483870967741935,0.6052227342549923,-0.056835637480798784,5.2082111436950145,0.7961876832844574,Mark Lindsay,200834
Paul George,M.McCutchen,11,671,11,0,50,3502,4.545454545454546,5.219076005961252,-0.6736214605067063,5,406,0.45454545454545453,0.6050670640834576,-0.15052160953800303,5.2082111436950145,0.7961876832844574,Monty McCutchen,1176
Paul George,M.Myers,11,671,11,0,49,3503,4.454545454545454,5.220566318926974,-0.7660208643815203,10,401,0.9090909090909091,0.5976154992548435,0.3114754098360656,5.2082111436950145,0.7961876832844574,Matt Myers,202901
Paul George,M.Smith,34,648,33,1,145,3407,4.264705882352941,5.257716049382716,-0.9930101670297748,27,384,0.7941176470588235,0.5925925925925926,0.20152505446623092,5.2082111436950145,0.7961876832844574,Michael Smith,1193
Paul George,N.Buchert,38,644,36,2,199,3353,5.2368421052631575,5.206521739130435,0.03032036613272293,26,385,0.6842105263157895,0.5978260869565217,0.08638443935926776,5.2082111436950145,0.7961876832844574,Nick Buchert,202007
Paul George,N.Green,8,674,8,0,38,3514,4.75,5.213649851632048,-0.46364985163204775,8,403,1.0,0.5979228486646885,0.4020771513353115,5.2082111436950145,0.7961876832844574,Nate Green,1627524
Paul George,N.Sago,12,670,12,0,59,3493,4.916666666666667,5.213432835820895,-0.29676616915422827,8,403,0.6666666666666666,0.6014925373134329,0.06517412935323375,5.2082111436950145,0.7961876832844574,Natalie Sago,1627541
Paul George,P.Fraher,30,652,30,0,142,3410,4.733333333333333,5.230061349693251,-0.4967280163599179,21,390,0.7,0.598159509202454,0.10184049079754598,5.2082111436950145,0.7961876832844574,Pat Fraher,2003
Paul George,P.O'Connell,1,681,1,0,0,3552,0.0,5.215859030837004,-5.215859030837004,1,410,1.0,0.6020558002936858,0.39794419970631423,5.2082111436950145,0.7961876832844574,Pat O'Connell,1629183
Paul George,P.Ransom,12,670,12,0,51,3501,4.25,5.2253731343283585,-0.9753731343283585,7,404,0.5833333333333334,0.6029850746268657,-0.01965174129353231,5.2082111436950145,0.7961876832844574,Phenizee Ransom,1627963
Paul George,R.Acosta,18,664,18,0,62,3490,3.4444444444444446,5.256024096385542,-1.8115796519410976,12,399,0.6666666666666666,0.6009036144578314,0.06576305220883527,5.2082111436950145,0.7961876832844574,Ray Acosta,1626300
Paul George,R.Garretson,12,670,12,0,88,3464,7.333333333333333,5.170149253731343,2.16318407960199,9,402,0.75,0.6,0.15000000000000002,5.2082111436950145,0.7961876832844574,Ron Garretson,1164
Paul George,R.Hussey,3,679,3,0,12,3540,4.0,5.213549337260678,-1.2135493372606776,3,408,1.0,0.6008836524300442,0.39911634756995584,5.2082111436950145,0.7961876832844574,Robert Hussey,1628480
Paul George,R.Mott,22,660,21,1,103,3449,4.681818181818182,5.225757575757576,-0.543939393939394,12,399,0.5454545454545454,0.6045454545454545,-0.05909090909090908,5.2082111436950145,0.7961876832844574,Rodney Mott,1179
Paul George,S.Anderson,3,679,3,0,13,3539,4.333333333333333,5.212076583210604,-0.8787432498772709,1,410,0.3333333333333333,0.6038291605301914,-0.2704958271968581,5.2082111436950145,0.7961876832844574,Steve Anderson,202000
Paul George,S.Corbin,29,653,28,1,192,3360,6.620689655172414,5.145482388973966,1.4752072661984474,16,395,0.5517241379310345,0.6049004594180705,-0.053176321487035993,5.2082111436950145,0.7961876832844574,Sean Corbin,1151
Paul George,S.Foster,44,638,43,1,206,3346,4.681818181818182,5.244514106583072,-0.5626959247648902,32,379,0.7272727272727273,0.5940438871473355,0.13322884012539182,5.2082111436950145,0.7961876832844574,Scott Foster,1162
Paul George,S.Jelks,6,676,6,0,23,3529,3.8333333333333335,5.220414201183432,-1.387080867850098,4,407,0.6666666666666666,0.6020710059171598,0.06459566074950684,5.2082111436950145,0.7961876832844574,Simone Jelks,1628481
Paul George,S.Mehta,7,675,7,0,26,3526,3.7142857142857144,5.223703703703704,-1.5094179894179893,4,407,0.5714285714285714,0.6029629629629629,-0.031534391534391526,5.2082111436950145,0.7961876832844574,Suyash Mehta,1627529
Paul George,S.Mitchell,4,678,4,0,9,3543,2.25,5.225663716814159,-2.975663716814159,1,410,0.25,0.6047197640117994,-0.3547197640117994,5.2082111436950145,0.7961876832844574,Sha'Rae Mitchell,1629178
Paul George,S.Twardoski,30,652,30,0,184,3368,6.133333333333334,5.1656441717791415,0.9676891615541923,16,395,0.5333333333333333,0.6058282208588958,-0.07249488752556243,5.2082111436950145,0.7961876832844574,Scott Twardoski,202053
Paul George,S.Wall,20,662,20,0,109,3443,5.45,5.2009063444108765,0.24909365558912366,12,399,0.6,0.6027190332326284,-0.002719033232628454,5.2082111436950145,0.7961876832844574,Scott Wall,1198
Paul George,S.Wright,25,657,24,1,161,3391,6.44,5.161339421613394,1.2786605783866065,17,394,0.68,0.5996955859969558,0.08030441400304422,5.2082111436950145,0.7961876832844574,Sean Wright,2882
Paul George,T.Brothers,34,648,31,3,169,3383,4.970588235294118,5.220679012345679,-0.250090777051561,23,388,0.6764705882352942,0.5987654320987654,0.07770515613652873,5.2082111436950145,0.7961876832844574,Tony Brothers,1146
Paul George,T.Brown,22,660,21,1,131,3421,5.954545454545454,5.183333333333334,0.7712121212121206,15,396,0.6818181818181818,0.6,0.08181818181818179,5.2082111436950145,0.7961876832844574,Tony Brown,2529
Paul George,T.Ford,30,652,29,1,170,3382,5.666666666666667,5.1871165644171775,0.47955010224948946,19,392,0.6333333333333333,0.6012269938650306,0.03210633946830266,5.2082111436950145,0.7961876832844574,Tyler Ford,204059
Paul George,T.Maddox,28,654,26,2,112,3440,4.0,5.259938837920489,-1.2599388379204894,19,392,0.6785714285714286,0.599388379204893,0.07918304936653564,5.2082111436950145,0.7961876832844574,Tre Maddox,202027
Paul George,T.Ricks,2,680,2,0,6,3546,3.0,5.214705882352941,-2.2147058823529413,2,409,1.0,0.6014705882352941,0.3985294117647059,5.2082111436950145,0.7961876832844574,Tyler Ricks,1627539
Paul George,T.Washington,28,654,28,0,123,3429,4.392857142857143,5.243119266055046,-0.8502621231979024,17,394,0.6071428571428571,0.6024464831804281,0.004696373962428946,5.2082111436950145,0.7961876832844574,Tom Washington,1199
Paul George,Z.Zarba,42,640,38,4,245,3307,5.833333333333333,5.1671875,0.6661458333333332,29,382,0.6904761904761905,0.596875,0.09360119047619042,5.2082111436950145,0.7961876832844574,Zach Zarba,2534
DeAndre Jordan,A.Moyer-Gleich,8,713,8,0,18,2772,2.25,3.887798036465638,-1.6377980364656382,8,473,1.0,0.6633941093969145,0.33660589060308554,3.869625520110957,0.6990291262135923,Ashley Moyer-Gleich,1628953
DeAndre Jordan,A.Nagy,9,712,9,0,9,2781,1.0,3.9058988764044944,-2.9058988764044944,8,473,0.8888888888888888,0.6643258426966292,0.22456304619225964,3.869625520110957,0.6990291262135923,Andy Nagy,1627534
DeAndre Jordan,A.Smith,19,702,19,0,30,2760,1.5789473684210527,3.9316239316239314,-2.3526765632028788,17,464,0.8947368421052632,0.6609686609686609,0.23376818113660225,3.869625520110957,0.6990291262135923,Aaron Smith,1626302
DeAndre Jordan,B.Adair,16,705,16,0,34,2756,2.125,3.9092198581560282,-1.7842198581560282,5,476,0.3125,0.675177304964539,-0.362677304964539,3.869625520110957,0.6990291262135923,Brandon Adair,1627961
DeAndre Jordan,B.Adams,25,696,25,0,190,2600,7.6,3.735632183908046,3.8643678160919537,19,462,0.76,0.6637931034482759,0.0962068965517241,3.869625520110957,0.6990291262135923,Bennie Adams,1363
DeAndre Jordan,B.Barnaky,41,680,41,0,168,2622,4.097560975609756,3.8558823529411765,0.24167862266857965,32,449,0.7804878048780488,0.6602941176470588,0.12019368723099,3.869625520110957,0.6990291262135923,Brent Barnaky,201638
DeAndre Jordan,B.Forte,36,685,36,0,164,2626,4.555555555555555,3.8335766423357662,0.7219789132197891,29,452,0.8055555555555556,0.6598540145985401,0.14570154095701549,3.869625520110957,0.6990291262135923,Brian Forte,101283
DeAndre Jordan,B.Kennedy,26,695,25,1,85,2705,3.269230769230769,3.8920863309352516,-0.6228555617044824,17,464,0.6538461538461539,0.6676258992805756,-0.01377974543442173,3.869625520110957,0.6990291262135923,Bill Kennedy,1662
DeAndre Jordan,B.Nansel,22,699,22,0,55,2735,2.5,3.9127324749642347,-1.4127324749642347,15,466,0.6818181818181818,0.6666666666666666,0.015151515151515138,3.869625520110957,0.6990291262135923,Brett Nansel,202035
DeAndre Jordan,B.Salvatore,2,719,2,0,29,2761,14.5,3.8400556328233657,10.659944367176635,2,479,1.0,0.6662030598052852,0.33379694019471484,3.869625520110957,0.6990291262135923,Bennett Salvatore,1192
DeAndre Jordan,B.Schwab,6,715,6,0,6,2784,1.0,3.893706293706294,-2.893706293706294,4,477,0.6666666666666666,0.6671328671328671,-0.0004662004662004948,3.869625520110957,0.6990291262135923,Brandon Schwab,1628171
DeAndre Jordan,B.Spooner,21,700,21,0,97,2693,4.619047619047619,3.847142857142857,0.7719047619047616,19,462,0.9047619047619048,0.66,0.24476190476190474,3.869625520110957,0.6990291262135923,Bill Spooner,1194
DeAndre Jordan,B.Taylor,27,694,26,1,82,2708,3.037037037037037,3.9020172910662825,-0.8649802540292453,19,462,0.7037037037037037,0.6657060518731989,0.03799765183050485,3.869625520110957,0.6990291262135923,Ben Taylor,202049
DeAndre Jordan,C.Blair,29,692,29,0,137,2653,4.724137931034483,3.8338150289017343,0.8903229021327488,24,457,0.8275862068965517,0.6604046242774566,0.1671815826190951,3.869625520110957,0.6990291262135923,Curtis Blair,200832
DeAndre Jordan,C.Flores,8,713,8,0,9,2781,1.125,3.900420757363254,-2.775420757363254,6,475,0.75,0.6661991584852734,0.08380084151472655,3.869625520110957,0.6990291262135923,Che Flores,203054
DeAndre Jordan,C.Kirkland,30,691,29,1,143,2647,4.766666666666667,3.8306801736613605,0.9359864930053061,22,459,0.7333333333333333,0.6642547033285094,0.06907863000482384,3.869625520110957,0.6990291262135923,Courtney Kirkland,2004
DeAndre Jordan,C.Washington,18,703,18,0,37,2753,2.0555555555555554,3.9160739687055477,-1.8605184131499923,14,467,0.7777777777777778,0.6642958748221907,0.11348190295558713,3.869625520110957,0.6990291262135923,CJ Washington,202056
DeAndre Jordan,D.Collins,25,696,25,0,103,2687,4.12,3.860632183908046,0.25936781609195414,20,461,0.8,0.6623563218390804,0.1376436781609196,3.869625520110957,0.6990291262135923,Derrick Collins,2002
DeAndre Jordan,D.Crawford,13,708,13,0,67,2723,5.153846153846154,3.846045197740113,1.3078009561060413,11,470,0.8461538461538461,0.6638418079096046,0.18231203824424158,3.869625520110957,0.6990291262135923,Dan Crawford,1152
DeAndre Jordan,D.Guthrie,32,689,30,2,113,2677,3.53125,3.885341074020319,-0.35409107402031914,22,459,0.6875,0.6661828737300436,0.02131712626995641,3.869625520110957,0.6990291262135923,David Guthrie,2714
DeAndre Jordan,D.Jones,6,715,6,0,32,2758,5.333333333333333,3.8573426573426572,1.4759906759906758,4,477,0.6666666666666666,0.6671328671328671,-0.0004662004662004948,3.869625520110957,0.6990291262135923,David Jones,1168
DeAndre Jordan,D.Mosher,4,717,4,0,2,2788,0.5,3.888423988842399,-3.388423988842399,1,480,0.25,0.6694560669456067,-0.41945606694560666,3.869625520110957,0.6990291262135923,Dannica Mosher,1628484
DeAndre Jordan,D.Richardson,30,691,30,0,121,2669,4.033333333333333,3.862518089725036,0.17081524360829725,22,459,0.7333333333333333,0.6642547033285094,0.06907863000482384,3.869625520110957,0.6990291262135923,Derek Richardson,1204
DeAndre Jordan,D.Scott,4,717,4,0,7,2783,1.75,3.881450488145049,-2.131450488145049,1,480,0.25,0.6694560669456067,-0.41945606694560666,3.869625520110957,0.6990291262135923,Danielle Scott,1628487
DeAndre Jordan,D.Stafford,13,708,13,0,104,2686,8.0,3.7937853107344632,4.206214689265536,10,471,0.7692307692307693,0.6652542372881356,0.10397653194263368,3.869625520110957,0.6990291262135923,Derrick Stafford,1195
DeAndre Jordan,D.Taylor,31,690,31,0,109,2681,3.5161290322580645,3.8855072463768114,-0.36937821411874694,22,459,0.7096774193548387,0.6652173913043479,0.044460028050490874,3.869625520110957,0.6990291262135923,Dedric Taylor,203592
DeAndre Jordan,E.Dalen,30,691,30,0,111,2679,3.7,3.8769898697539795,-0.17698986975397935,21,460,0.7,0.6657018813314037,0.03429811866859622,3.869625520110957,0.6990291262135923,Eric Dalen,200833
DeAndre Jordan,E.Lewis,25,696,25,0,102,2688,4.08,3.8620689655172415,0.21793103448275852,16,465,0.64,0.6681034482758621,-0.028103448275862086,3.869625520110957,0.6990291262135923,Eric Lewis,2715
DeAndre Jordan,E.Malloy,32,689,30,2,107,2683,3.34375,3.8940493468795356,-0.5502993468795356,20,461,0.625,0.6690856313497823,-0.04408563134978227,3.869625520110957,0.6990291262135923,Ed Malloy,2530
DeAndre Jordan,E.Roe,6,715,6,0,37,2753,6.166666666666667,3.85034965034965,2.316317016317017,5,476,0.8333333333333334,0.6657342657342658,0.16759906759906762,3.869625520110957,0.6990291262135923,Eli Roe,2532
DeAndre Jordan,E.Scott,12,709,12,0,11,2779,0.9166666666666666,3.919605077574048,-3.0029384109073813,9,472,0.75,0.6657263751763046,0.08427362482369538,3.869625520110957,0.6990291262135923,Evan Scott,1628172
DeAndre Jordan,G.Petraitis,30,691,30,0,72,2718,2.4,3.93342981186686,-1.53342981186686,22,459,0.7333333333333333,0.6642547033285094,0.06907863000482384,3.869625520110957,0.6990291262135923,Gediminas Petraitis,204058
DeAndre Jordan,G.Zielinski,18,703,18,0,114,2676,6.333333333333333,3.806543385490754,2.526789947842579,13,468,0.7222222222222222,0.6657183499288762,0.05650387229334597,3.869625520110957,0.6990291262135923,Gary Zielinski,1664
DeAndre Jordan,H.Workman,19,702,19,0,85,2705,4.473684210526316,3.853276353276353,0.6204078572499627,13,468,0.6842105263157895,0.6666666666666666,0.01754385964912286,3.869625520110957,0.6990291262135923,Haywoode Workman,201637
DeAndre Jordan,I.Hwang,4,717,4,0,6,2784,1.5,3.8828451882845187,-2.3828451882845187,2,479,0.5,0.6680613668061367,-0.1680613668061367,3.869625520110957,0.6990291262135923,Intae Hwang,1630886
DeAndre Jordan,J.Butler,12,709,12,0,11,2779,0.9166666666666666,3.919605077574048,-3.0029384109073813,6,475,0.5,0.6699576868829337,-0.16995768688293367,3.869625520110957,0.6990291262135923,John Butler,1628951
DeAndre Jordan,J.Capers,23,698,23,0,89,2701,3.869565217391304,3.8696275071633237,-6.228977201949704e-05,18,463,0.782608695652174,0.663323782234957,0.11928491341721692,3.869625520110957,0.6990291262135923,James Capers,1148
DeAndre Jordan,J.Conley,7,714,7,0,11,2779,1.5714285714285714,3.892156862745098,-2.3207282913165264,3,478,0.42857142857142855,0.6694677871148459,-0.24089635854341734,3.869625520110957,0.6990291262135923,John Conley,1627519
DeAndre Jordan,J.Crawford,6,715,6,0,55,2735,9.166666666666666,3.825174825174825,5.341491841491841,5,476,0.8333333333333334,0.6657342657342658,0.16759906759906762,3.869625520110957,0.6990291262135923,Joe Crawford,1153
DeAndre Jordan,J.DeRosa,16,705,16,0,26,2764,1.625,3.9205673758865247,-2.2955673758865247,12,469,0.75,0.6652482269503546,0.08475177304964543,3.869625520110957,0.6990291262135923,JB DeRosa,1155
DeAndre Jordan,J.Goble,57,664,57,0,190,2600,3.3333333333333335,3.9156626506024095,-0.582329317269076,39,442,0.6842105263157895,0.6656626506024096,0.018547875713379902,3.869625520110957,0.6990291262135923,John Goble,101284
DeAndre Jordan,J.Goldenberg,15,706,15,0,27,2763,1.8,3.913597733711048,-2.113597733711048,11,470,0.7333333333333333,0.6657223796033994,0.06761095372993386,3.869625520110957,0.6990291262135923,Jason Goldenberg,1626301
DeAndre Jordan,J.Orr,28,693,28,0,97,2693,3.4642857142857144,3.886002886002886,-0.4217171717171717,23,458,0.8214285714285714,0.6608946608946609,0.16053391053391053,3.869625520110957,0.6990291262135923,J.T. Orr,202037
DeAndre Jordan,J.Phillips,15,706,15,0,79,2711,5.266666666666667,3.8399433427762037,1.4267233238904629,13,468,0.8666666666666667,0.6628895184135978,0.20377714825306892,3.869625520110957,0.6990291262135923,Jason Phillips,2001
DeAndre Jordan,J.Ralls,1,720,1,0,3,2787,3.0,3.870833333333333,-0.8708333333333331,1,480,1.0,0.6666666666666666,0.33333333333333337,3.869625520110957,0.6990291262135923,JD Ralls,1628485
DeAndre Jordan,J.Schroeder,9,712,9,0,13,2777,1.4444444444444444,3.9002808988764044,-2.45583645443196,9,472,1.0,0.6629213483146067,0.3370786516853933,3.869625520110957,0.6990291262135923,Jenna Schroeder,1628954
DeAndre Jordan,J.Sterling,13,708,13,0,24,2766,1.8461538461538463,3.906779661016949,-2.0606258148631027,8,473,0.6153846153846154,0.6680790960451978,-0.052694480660582355,3.869625520110957,0.6990291262135923,Jonathan Sterling,1627964
DeAndre Jordan,J.Tiven,39,682,38,1,99,2691,2.5384615384615383,3.9457478005865103,-1.407286262124972,27,454,0.6923076923076923,0.6656891495601173,0.026618542747575025,3.869625520110957,0.6990291262135923,Josh Tiven,201639
DeAndre Jordan,J.Van Duyne,37,684,35,2,124,2666,3.3513513513513513,3.8976608187134505,-0.5463094673620992,18,463,0.4864864864864865,0.6769005847953217,-0.19041409830883516,3.869625520110957,0.6990291262135923,Justin Van Duyne,203593
DeAndre Jordan,J.Williams,36,685,36,0,116,2674,3.2222222222222223,3.9036496350364964,-0.6814274128142741,21,460,0.5833333333333334,0.6715328467153284,-0.08819951338199505,3.869625520110957,0.6990291262135923,James Williams,202058
DeAndre Jordan,K.Cutler,40,681,40,0,177,2613,4.425,3.8370044052863435,0.5879955947136564,30,451,0.75,0.6622613803230544,0.08773861967694563,3.869625520110957,0.6990291262135923,Kevin Cutler,201246
DeAndre Jordan,K.Fitzgerald,27,694,27,0,124,2666,4.592592592592593,3.84149855907781,0.7510940335147827,20,461,0.7407407407407407,0.6642651296829971,0.07647561105774359,3.869625520110957,0.6990291262135923,Kane Fitzgerald,201640
DeAndre Jordan,K.Lane,39,682,39,0,126,2664,3.230769230769231,3.906158357771261,-0.6753891270020302,25,456,0.6410256410256411,0.6686217008797654,-0.027596059854124277,3.869625520110957,0.6990291262135923,Karl Lane,202026
DeAndre Jordan,K.Mauer,31,690,30,1,143,2647,4.612903225806452,3.836231884057971,0.776671341748481,22,459,0.7096774193548387,0.6652173913043479,0.044460028050490874,3.869625520110957,0.6990291262135923,Ken Mauer,1174
DeAndre Jordan,K.Scott,32,689,32,0,101,2689,3.15625,3.9027576197387517,-0.7465076197387517,23,458,0.71875,0.6647314949201741,0.05401850507982586,3.869625520110957,0.6990291262135923,Kevin Scott,202041
DeAndre Jordan,L.Holtkamp,18,703,18,0,69,2721,3.8333333333333335,3.8705547652916072,-0.037221431958273765,15,466,0.8333333333333334,0.662873399715505,0.1704599336178284,3.869625520110957,0.6990291262135923,Lauren Holtkamp,203177
DeAndre Jordan,L.Richardson,17,704,17,0,121,2669,7.117647058823529,3.7911931818181817,3.3264538770053473,12,469,0.7058823529411765,0.6661931818181818,0.03968917112299475,3.869625520110957,0.6990291262135923,Leroy Richardson,1188
DeAndre Jordan,L.Wood,30,691,30,0,133,2657,4.433333333333334,3.845151953690304,0.5881813796430295,22,459,0.7333333333333333,0.6642547033285094,0.06907863000482384,3.869625520110957,0.6990291262135923,Leon Wood,1201
DeAndre Jordan,M.Ayotte,26,695,26,0,134,2656,5.153846153846154,3.8215827338129498,1.3322634200332044,16,465,0.6153846153846154,0.6690647482014388,-0.05368013281682338,3.869625520110957,0.6990291262135923,Mark Ayotte,2148
DeAndre Jordan,M.Boland,22,699,22,0,95,2695,4.318181818181818,3.855507868383405,0.46267394979841336,18,463,0.8181818181818182,0.6623748211731044,0.1558069970087138,3.869625520110957,0.6990291262135923,Matt Boland,2005
DeAndre Jordan,M.Callahan,18,703,17,1,105,2685,5.833333333333333,3.8193456614509245,2.0139876718824086,13,468,0.7222222222222222,0.6657183499288762,0.05650387229334597,3.869625520110957,0.6990291262135923,Mike Callahan,1147
DeAndre Jordan,M.Dagher,15,706,15,0,36,2754,2.4,3.9008498583569406,-1.5008498583569407,7,474,0.4666666666666667,0.6713881019830028,-0.20472143531633613,3.869625520110957,0.6990291262135923,Mousa Dagher,1628159
DeAndre Jordan,M.Davis,42,679,38,4,132,2658,3.142857142857143,3.914580265095729,-0.7717231222385861,24,457,0.5714285714285714,0.6730486008836525,-0.10162002945508108,3.869625520110957,0.6990291262135923,Marc Davis,1830
DeAndre Jordan,M.Ervin,27,694,27,0,98,2692,3.6296296296296298,3.878962536023055,-0.2493329063934251,17,464,0.6296296296296297,0.6685878962536023,-0.038958266623972615,3.869625520110957,0.6990291262135923,Mitchell Ervin,203591
DeAndre Jordan,M.Kallio,6,715,6,0,9,2781,1.5,3.8895104895104895,-2.3895104895104895,4,477,0.6666666666666666,0.6671328671328671,-0.0004662004662004948,3.869625520110957,0.6990291262135923,Matt Kallio,1627526
DeAndre Jordan,M.Kogut,35,686,34,1,116,2674,3.3142857142857145,3.8979591836734695,-0.583673469387755,28,453,0.8,0.6603498542274052,0.13965014577259482,3.869625520110957,0.6990291262135923,Marat Kogut,201245
DeAndre Jordan,M.Lindsay,34,687,34,0,129,2661,3.7941176470588234,3.873362445414847,-0.0792447983560236,20,461,0.5882352941176471,0.6710334788937409,-0.0827981847760938,3.869625520110957,0.6990291262135923,Mark Lindsay,200834
DeAndre Jordan,M.McCutchen,17,704,17,0,92,2698,5.411764705882353,3.8323863636363638,1.5793783422459895,14,467,0.8235294117647058,0.6633522727272727,0.16017713903743314,3.869625520110957,0.6990291262135923,Monty McCutchen,1176
DeAndre Jordan,M.Myers,10,711,10,0,15,2775,1.5,3.9029535864978904,-2.4029535864978904,7,474,0.7,0.6666666666666666,0.033333333333333326,3.869625520110957,0.6990291262135923,Matt Myers,202901
DeAndre Jordan,M.Smith,27,694,27,0,151,2639,5.592592592592593,3.8025936599423633,1.7899989326502292,23,458,0.8518518518518519,0.659942363112392,0.1919094887394599,3.869625520110957,0.6990291262135923,Michael Smith,1193
DeAndre Jordan,N.Buchert,29,692,28,1,92,2698,3.1724137931034484,3.898843930635838,-0.7264301375323896,20,461,0.6896551724137931,0.6661849710982659,0.02347020131552724,3.869625520110957,0.6990291262135923,Nick Buchert,202007
DeAndre Jordan,N.Green,13,708,13,0,17,2773,1.3076923076923077,3.9166666666666665,-2.6089743589743586,8,473,0.6153846153846154,0.6680790960451978,-0.052694480660582355,3.869625520110957,0.6990291262135923,Nate Green,1627524
DeAndre Jordan,N.Sago,16,705,15,1,27,2763,1.6875,3.9191489361702128,-2.2316489361702128,9,472,0.5625,0.6695035460992907,-0.10700354609929075,3.869625520110957,0.6990291262135923,Natalie Sago,1627541
DeAndre Jordan,P.Fraher,30,691,30,0,122,2668,4.066666666666666,3.861070911722142,0.20559575494452442,21,460,0.7,0.6657018813314037,0.03429811866859622,3.869625520110957,0.6990291262135923,Pat Fraher,2003
DeAndre Jordan,P.Ransom,12,709,12,0,12,2778,1.0,3.918194640338505,-2.918194640338505,8,473,0.6666666666666666,0.6671368124118476,-0.0004701457451810054,3.869625520110957,0.6990291262135923,Phenizee Ransom,1627963
DeAndre Jordan,R.Acosta,22,699,20,2,31,2759,1.4090909090909092,3.9470672389127324,-2.537976329821823,14,467,0.6363636363636364,0.6680972818311874,-0.031733645467551086,3.869625520110957,0.6990291262135923,Ray Acosta,1626300
DeAndre Jordan,R.Garretson,23,698,23,0,137,2653,5.956521739130435,3.8008595988538683,2.1556621402765663,19,462,0.8260869565217391,0.66189111747851,0.1641958390432291,3.869625520110957,0.6990291262135923,Ron Garretson,1164
DeAndre Jordan,R.Hussey,4,717,4,0,3,2787,0.75,3.8870292887029287,-3.1370292887029287,2,479,0.5,0.6680613668061367,-0.1680613668061367,3.869625520110957,0.6990291262135923,Robert Hussey,1628480
DeAndre Jordan,R.Mott,32,689,32,0,116,2674,3.625,3.8809869375907113,-0.25598693759071134,19,462,0.59375,0.6705370101596516,-0.07678701015965161,3.869625520110957,0.6990291262135923,Rodney Mott,1179
DeAndre Jordan,R.Richardson,1,720,1,0,4,2786,4.0,3.8694444444444445,0.13055555555555554,1,480,1.0,0.6666666666666666,0.33333333333333337,3.869625520110957,0.6990291262135923,Randy Richardson,1627538
DeAndre Jordan,S.Anderson,5,716,5,0,24,2766,4.8,3.863128491620112,0.936871508379888,4,477,0.8,0.6662011173184358,0.13379888268156426,3.869625520110957,0.6990291262135923,Steve Anderson,202000
DeAndre Jordan,S.Corbin,26,695,26,0,97,2693,3.730769230769231,3.874820143884892,-0.14405091311566132,15,466,0.5769230769230769,0.6705035971223021,-0.09358052019922525,3.869625520110957,0.6990291262135923,Sean Corbin,1151
DeAndre Jordan,S.Foster,40,681,40,0,114,2676,2.85,3.9295154185022025,-1.0795154185022025,29,452,0.725,0.6637298091042585,0.06127019089574148,3.869625520110957,0.6990291262135923,Scott Foster,1162
DeAndre Jordan,S.Jelks,5,716,5,0,13,2777,2.6,3.8784916201117317,-1.2784916201117316,1,480,0.2,0.6703910614525139,-0.4703910614525139,3.869625520110957,0.6990291262135923,Simone Jelks,1628481
DeAndre Jordan,S.Mehta,7,714,7,0,21,2769,3.0,3.8781512605042017,-0.8781512605042017,4,477,0.5714285714285714,0.6680672268907563,-0.09663865546218486,3.869625520110957,0.6990291262135923,Suyash Mehta,1627529
DeAndre Jordan,S.Mitchell,2,719,2,0,0,2790,0.0,3.8803894297635604,-3.8803894297635604,2,479,1.0,0.6662030598052852,0.33379694019471484,3.869625520110957,0.6990291262135923,Sha'Rae Mitchell,1629178
DeAndre Jordan,S.Twardoski,28,693,28,0,84,2706,3.0,3.9047619047619047,-0.9047619047619047,19,462,0.6785714285714286,0.6666666666666666,0.011904761904761973,3.869625520110957,0.6990291262135923,Scott Twardoski,202053
DeAndre Jordan,S.Wall,22,699,22,0,112,2678,5.090909090909091,3.831187410586552,1.2597216803225386,16,465,0.7272727272727273,0.6652360515021459,0.06203667577058136,3.869625520110957,0.6990291262135923,Scott Wall,1198
DeAndre Jordan,S.Wright,52,669,50,2,142,2648,2.730769230769231,3.9581464872944694,-1.2273772565252385,31,450,0.5961538461538461,0.672645739910314,-0.07649189375646781,3.869625520110957,0.6990291262135923,Sean Wright,2882
DeAndre Jordan,T.Brothers,26,695,25,1,125,2665,4.8076923076923075,3.8345323741007196,0.9731599335915879,19,462,0.7307692307692307,0.6647482014388489,0.06602102933038179,3.869625520110957,0.6990291262135923,Tony Brothers,1146
DeAndre Jordan,T.Brown,22,699,22,0,98,2692,4.454545454545454,3.8512160228898424,0.6033294316556117,19,462,0.8636363636363636,0.6609442060085837,0.20269215762777992,3.869625520110957,0.6990291262135923,Tony Brown,2529
DeAndre Jordan,T.Ford,32,689,31,1,99,2691,3.09375,3.9056603773584904,-0.8119103773584904,16,465,0.5,0.6748911465892597,-0.17489114658925975,3.869625520110957,0.6990291262135923,Tyler Ford,204059
DeAndre Jordan,T.Maddox,39,682,39,0,124,2666,3.1794871794871793,3.909090909090909,-0.7296037296037299,29,452,0.7435897435897436,0.6627565982404692,0.08083314534927444,3.869625520110957,0.6990291262135923,Tre Maddox,202027
DeAndre Jordan,T.Mirkovich,1,720,1,0,0,2790,0.0,3.875,-3.875,0,481,0.0,0.6680555555555555,-0.6680555555555555,3.869625520110957,0.6990291262135923,Tyler Mirkovich,1628482
DeAndre Jordan,T.Washington,26,695,26,0,126,2664,4.846153846153846,3.833093525179856,1.01306032097399,18,463,0.6923076923076923,0.6661870503597123,0.026120641947980028,3.869625520110957,0.6990291262135923,Tom Washington,1199
DeAndre Jordan,V.Voyard-Tadal,1,720,1,0,0,2790,0.0,3.875,-3.875,1,480,1.0,0.6666666666666666,0.33333333333333337,3.869625520110957,0.6990291262135923,Vladimir Voyard-Tadal,1626303
DeAndre Jordan,Z.Zarba,40,681,39,1,159,2631,3.975,3.8634361233480177,0.11156387665198242,32,449,0.8,0.6593245227606461,0.14067547723935392,3.869625520110957,0.6990291262135923,Zach Zarba,2534
Collin Sexton,A.Moyer-Gleich,15,392,15,0,58,1706,3.8666666666666667,4.3520408163265305,-0.4853741496598638,13,239,0.8666666666666667,0.6096938775510204,0.25697278911564625,4.334152334152334,0.6191646191646192,Ashley Moyer-Gleich,1628953
Collin Sexton,A.Nagy,18,389,18,0,97,1667,5.388888888888889,4.285347043701799,1.10354184518709,12,240,0.6666666666666666,0.6169665809768637,0.049700085689802886,4.334152334152334,0.6191646191646192,Andy Nagy,1627534
Collin Sexton,A.Smith,12,395,12,0,45,1719,3.75,4.351898734177215,-0.6018987341772153,8,244,0.6666666666666666,0.6177215189873417,0.048945147679324896,4.334152334152334,0.6191646191646192,Aaron Smith,1626302
Collin Sexton,B.Adair,9,398,9,0,38,1726,4.222222222222222,4.336683417085427,-0.11446119486320505,4,248,0.4444444444444444,0.6231155778894473,-0.17867113344500285,4.334152334152334,0.6191646191646192,Brandon Adair,1627961
Collin Sexton,B.Adams,3,404,3,0,22,1742,7.333333333333333,4.311881188118812,3.0214521452145213,3,249,1.0,0.6163366336633663,0.38366336633663367,4.334152334152334,0.6191646191646192,Bennie Adams,1363
Collin Sexton,B.Barnaky,18,389,18,0,69,1695,3.8333333333333335,4.3573264781491,-0.5239931448157669,8,244,0.4444444444444444,0.6272493573264781,-0.1828049128820337,4.334152334152334,0.6191646191646192,Brent Barnaky,201638
Collin Sexton,B.Forte,25,382,25,0,147,1617,5.88,4.232984293193717,1.6470157068062825,14,238,0.56,0.6230366492146597,-0.06303664921465968,4.334152334152334,0.6191646191646192,Brian Forte,101283
Collin Sexton,B.Haskill,1,406,1,0,5,1759,5.0,4.332512315270936,0.6674876847290641,1,251,1.0,0.6182266009852216,0.38177339901477836,4.334152334152334,0.6191646191646192,Brent Haskill,1629175
Collin Sexton,B.Kennedy,16,391,16,0,68,1696,4.25,4.337595907928389,-0.08759590792838878,12,240,0.75,0.6138107416879796,0.13618925831202044,4.334152334152334,0.6191646191646192,Bill Kennedy,1662
Collin Sexton,B.Nansel,13,394,13,0,65,1699,5.0,4.312182741116751,0.687817258883249,7,245,0.5384615384615384,0.6218274111675127,-0.08336587270597429,4.334152334152334,0.6191646191646192,Brett Nansel,202035
Collin Sexton,B.Schwab,7,400,7,0,41,1723,5.857142857142857,4.3075,1.5496428571428567,5,247,0.7142857142857143,0.6175,0.09678571428571425,4.334152334152334,0.6191646191646192,Brandon Schwab,1628171
Collin Sexton,B.Spooner,1,406,1,0,2,1762,2.0,4.3399014778325125,-2.3399014778325125,1,251,1.0,0.6182266009852216,0.38177339901477836,4.334152334152334,0.6191646191646192,Bill Spooner,1194
Collin Sexton,B.Taylor,15,392,15,0,55,1709,3.6666666666666665,4.35969387755102,-0.6930272108843538,10,242,0.6666666666666666,0.6173469387755102,0.04931972789115646,4.334152334152334,0.6191646191646192,Ben Taylor,202049
Collin Sexton,C.Blair,22,385,22,0,103,1661,4.681818181818182,4.314285714285714,0.3675324675324676,16,236,0.7272727272727273,0.612987012987013,0.11428571428571432,4.334152334152334,0.6191646191646192,Curtis Blair,200832
Collin Sexton,C.Flores,7,400,7,0,21,1743,3.0,4.3575,-1.3575,2,250,0.2857142857142857,0.625,-0.3392857142857143,4.334152334152334,0.6191646191646192,Che Flores,203054
Collin Sexton,C.Kirkland,20,387,20,0,59,1705,2.95,4.405684754521964,-1.4556847545219638,15,237,0.75,0.6124031007751938,0.13759689922480622,4.334152334152334,0.6191646191646192,Courtney Kirkland,2004
Collin Sexton,C.Washington,16,391,16,0,75,1689,4.6875,4.319693094629156,0.36780690537084393,12,240,0.75,0.6138107416879796,0.13618925831202044,4.334152334152334,0.6191646191646192,CJ Washington,202056
Collin Sexton,D.Collins,18,389,18,0,61,1703,3.388888888888889,4.377892030848329,-0.9890031419594405,7,245,0.3888888888888889,0.6298200514138818,-0.24093116252499286,4.334152334152334,0.6191646191646192,Derrick Collins,2002
Collin Sexton,D.Guthrie,17,390,17,0,79,1685,4.647058823529412,4.32051282051282,0.32654600301659187,14,238,0.8235294117647058,0.6102564102564103,0.21327300150829553,4.334152334152334,0.6191646191646192,David Guthrie,2714
Collin Sexton,D.Mosher,9,398,9,0,47,1717,5.222222222222222,4.314070351758794,0.9081518704634286,6,246,0.6666666666666666,0.6180904522613065,0.048576214405360085,4.334152334152334,0.6191646191646192,Dannica Mosher,1628484
Collin Sexton,D.Richardson,18,389,18,0,77,1687,4.277777777777778,4.336760925449871,-0.05898314767209367,12,240,0.6666666666666666,0.6169665809768637,0.049700085689802886,4.334152334152334,0.6191646191646192,Derek Richardson,1204
Collin Sexton,D.Scott,9,398,9,0,37,1727,4.111111111111111,4.339195979899498,-0.22808486878838696,6,246,0.6666666666666666,0.6180904522613065,0.048576214405360085,4.334152334152334,0.6191646191646192,Danielle Scott,1628487
Collin Sexton,D.Taylor,15,392,15,0,61,1703,4.066666666666666,4.344387755102041,-0.27772108843537424,6,246,0.4,0.6275510204081632,-0.22755102040816322,4.334152334152334,0.6191646191646192,Dedric Taylor,203592
Collin Sexton,E.Dalen,19,388,19,0,84,1680,4.421052631578948,4.329896907216495,0.09115572436245323,12,240,0.631578947368421,0.6185567010309279,0.01302224633749316,4.334152334152334,0.6191646191646192,Eric Dalen,200833
Collin Sexton,E.Lewis,15,392,15,0,75,1689,5.0,4.308673469387755,0.6913265306122449,9,243,0.6,0.6198979591836735,-0.01989795918367354,4.334152334152334,0.6191646191646192,Eric Lewis,2715
Collin Sexton,E.Malloy,12,395,12,0,64,1700,5.333333333333333,4.30379746835443,1.0295358649789028,7,245,0.5833333333333334,0.620253164556962,-0.03691983122362863,4.334152334152334,0.6191646191646192,Ed Malloy,2530
Collin Sexton,E.Scott,15,392,15,0,58,1706,3.8666666666666667,4.3520408163265305,-0.4853741496598638,11,241,0.7333333333333333,0.6147959183673469,0.11853741496598635,4.334152334152334,0.6191646191646192,Evan Scott,1628172
Collin Sexton,G.Petraitis,22,385,22,0,78,1686,3.5454545454545454,4.37922077922078,-0.8337662337662342,17,235,0.7727272727272727,0.6103896103896104,0.16233766233766234,4.334152334152334,0.6191646191646192,Gediminas Petraitis,204058
Collin Sexton,H.Workman,9,398,9,0,36,1728,4.0,4.341708542713568,-0.341708542713568,7,245,0.7777777777777778,0.6155778894472361,0.16219988833054166,4.334152334152334,0.6191646191646192,Haywoode Workman,201637
Collin Sexton,I.Hwang,5,402,5,0,19,1745,3.8,4.340796019900497,-0.5407960199004975,4,248,0.8,0.6169154228855721,0.18308457711442794,4.334152334152334,0.6191646191646192,Intae Hwang,1630886
Collin Sexton,J.Butler,17,390,17,0,72,1692,4.235294117647059,4.338461538461538,-0.10316742081447927,10,242,0.5882352941176471,0.6205128205128205,-0.03227752639517345,4.334152334152334,0.6191646191646192,John Butler,1628951
Collin Sexton,J.Capers,14,393,14,0,79,1685,5.642857142857143,4.287531806615776,1.3553253362413669,6,246,0.42857142857142855,0.6259541984732825,-0.19738276990185394,4.334152334152334,0.6191646191646192,James Capers,1148
Collin Sexton,J.Conley,10,397,10,0,45,1719,4.5,4.329974811083123,0.17002518891687668,6,246,0.6,0.6196473551637279,-0.019647355163727953,4.334152334152334,0.6191646191646192,John Conley,1627519
Collin Sexton,J.DeRosa,17,390,17,0,72,1692,4.235294117647059,4.338461538461538,-0.10316742081447927,13,239,0.7647058823529411,0.6128205128205129,0.15188536953242826,4.334152334152334,0.6191646191646192,JB DeRosa,1155
Collin Sexton,J.Goble,30,377,30,0,133,1631,4.433333333333334,4.326259946949602,0.10707338638373187,20,232,0.6666666666666666,0.6153846153846154,0.05128205128205121,4.334152334152334,0.6191646191646192,John Goble,101284
Collin Sexton,J.Goldenberg,14,393,14,0,63,1701,4.5,4.32824427480916,0.17175572519083993,9,243,0.6428571428571429,0.6183206106870229,0.024536532170119973,4.334152334152334,0.6191646191646192,Jason Goldenberg,1626301
Collin Sexton,J.Orr,12,395,12,0,22,1742,1.8333333333333333,4.410126582278481,-2.5767932489451484,8,244,0.6666666666666666,0.6177215189873417,0.048945147679324896,4.334152334152334,0.6191646191646192,J.T. Orr,202037
Collin Sexton,J.Phillips,6,401,6,0,7,1757,1.1666666666666667,4.381546134663342,-3.214879467996675,2,250,0.3333333333333333,0.6234413965087282,-0.2901080631753949,4.334152334152334,0.6191646191646192,Jason Phillips,2001
Collin Sexton,J.Ralls,5,402,5,0,13,1751,2.6,4.355721393034826,-1.7557213930348259,2,250,0.4,0.6218905472636815,-0.22189054726368151,4.334152334152334,0.6191646191646192,JD Ralls,1628485
Collin Sexton,J.Reneau,1,406,1,0,2,1762,2.0,4.3399014778325125,-2.3399014778325125,0,252,0.0,0.6206896551724138,-0.6206896551724138,4.334152334152334,0.6191646191646192,Jenna Reneau,1628168
Collin Sexton,J.Schroeder,8,399,8,0,25,1739,3.125,4.358395989974937,-1.2333959899749374,3,249,0.375,0.6240601503759399,-0.24906015037593987,4.334152334152334,0.6191646191646192,Jenna Schroeder,1628954
Collin Sexton,J.Sterling,18,389,18,0,83,1681,4.611111111111111,4.32133676092545,0.28977435018566045,13,239,0.7222222222222222,0.6143958868894601,0.10782633533276209,4.334152334152334,0.6191646191646192,Jonathan Sterling,1627964
Collin Sexton,J.Tiven,18,389,18,0,60,1704,3.3333333333333335,4.380462724935732,-1.047129391602399,10,242,0.5555555555555556,0.622107969151671,-0.06655241359611541,4.334152334152334,0.6191646191646192,Josh Tiven,201639
Collin Sexton,J.Van Duyne,12,395,12,0,36,1728,3.0,4.374683544303798,-1.3746835443037977,9,243,0.75,0.6151898734177215,0.13481012658227853,4.334152334152334,0.6191646191646192,Justin Van Duyne,203593
Collin Sexton,J.Williams,17,390,17,0,82,1682,4.823529411764706,4.312820512820513,0.510708898944193,12,240,0.7058823529411765,0.6153846153846154,0.0904977375565611,4.334152334152334,0.6191646191646192,James Williams,202058
Collin Sexton,K.Cutler,22,385,22,0,76,1688,3.4545454545454546,4.384415584415584,-0.9298701298701295,12,240,0.5454545454545454,0.6233766233766234,-0.07792207792207795,4.334152334152334,0.6191646191646192,Kevin Cutler,201246
Collin Sexton,K.Fitzgerald,9,398,9,0,38,1726,4.222222222222222,4.336683417085427,-0.11446119486320505,6,246,0.6666666666666666,0.6180904522613065,0.048576214405360085,4.334152334152334,0.6191646191646192,Kane Fitzgerald,201640
Collin Sexton,K.Lane,23,384,23,0,130,1634,5.6521739130434785,4.255208333333333,1.3969655797101455,13,239,0.5652173913043478,0.6223958333333334,-0.05717844202898559,4.334152334152334,0.6191646191646192,Karl Lane,202026
Collin Sexton,K.Mauer,8,399,8,0,35,1729,4.375,4.333333333333333,0.04166666666666696,5,247,0.625,0.6190476190476191,0.005952380952380931,4.334152334152334,0.6191646191646192,Ken Mauer,1174
Collin Sexton,K.Scott,23,384,23,0,95,1669,4.130434782608695,4.346354166666667,-0.21591938405797162,14,238,0.6086956521739131,0.6197916666666666,-0.011096014492753548,4.334152334152334,0.6191646191646192,Kevin Scott,202041
Collin Sexton,L.Holtkamp,6,401,6,0,31,1733,5.166666666666667,4.321695760598503,0.8449709060681636,3,249,0.5,0.6209476309226932,-0.12094763092269323,4.334152334152334,0.6191646191646192,Lauren Holtkamp,203177
Collin Sexton,L.Richardson,11,396,11,0,62,1702,5.636363636363637,4.297979797979798,1.3383838383838391,9,243,0.8181818181818182,0.6136363636363636,0.20454545454545459,4.334152334152334,0.6191646191646192,Leroy Richardson,1188
Collin Sexton,L.Wood,7,400,7,0,40,1724,5.714285714285714,4.31,1.4042857142857148,5,247,0.7142857142857143,0.6175,0.09678571428571425,4.334152334152334,0.6191646191646192,Leon Wood,1201
Collin Sexton,M.Ayotte,9,398,9,0,55,1709,6.111111111111111,4.293969849246231,1.8171412618648795,4,248,0.4444444444444444,0.6231155778894473,-0.17867113344500285,4.334152334152334,0.6191646191646192,Mark Ayotte,2148
Collin Sexton,M.Boland,11,396,11,0,69,1695,6.2727272727272725,4.28030303030303,1.9924242424242422,6,246,0.5454545454545454,0.6212121212121212,-0.0757575757575758,4.334152334152334,0.6191646191646192,Matt Boland,2005
Collin Sexton,M.Callahan,3,404,3,0,10,1754,3.3333333333333335,4.341584158415841,-1.008250825082508,1,251,0.3333333333333333,0.6212871287128713,-0.28795379537953797,4.334152334152334,0.6191646191646192,Mike Callahan,1147
Collin Sexton,M.Dagher,16,391,16,0,68,1696,4.25,4.337595907928389,-0.08759590792838878,10,242,0.625,0.618925831202046,0.006074168797953972,4.334152334152334,0.6191646191646192,Mousa Dagher,1628159
Collin Sexton,M.Davis,21,386,21,0,104,1660,4.9523809523809526,4.300518134715026,0.6518628176659265,14,238,0.6666666666666666,0.616580310880829,0.050086355785837644,4.334152334152334,0.6191646191646192,Marc Davis,1830
Collin Sexton,M.Ervin,20,387,20,0,74,1690,3.7,4.366925064599483,-0.6669250645994831,11,241,0.55,0.6227390180878553,-0.07273901808785521,4.334152334152334,0.6191646191646192,Mitchell Ervin,203591
Collin Sexton,M.Kallio,14,393,14,0,51,1713,3.642857142857143,4.358778625954199,-0.7159214830970559,9,243,0.6428571428571429,0.6183206106870229,0.024536532170119973,4.334152334152334,0.6191646191646192,Matt Kallio,1627526
Collin Sexton,M.Kogut,19,388,19,0,86,1678,4.526315789473684,4.324742268041237,0.20157352143244722,10,242,0.5263157894736842,0.6237113402061856,-0.09739555073250139,4.334152334152334,0.6191646191646192,Marat Kogut,201245
Collin Sexton,M.Lindsay,16,391,16,0,78,1686,4.875,4.312020460358056,0.5629795396419439,12,240,0.75,0.6138107416879796,0.13618925831202044,4.334152334152334,0.6191646191646192,Mark Lindsay,200834
Collin Sexton,M.Myers,23,384,23,0,109,1655,4.739130434782608,4.309895833333333,0.4292346014492754,14,238,0.6086956521739131,0.6197916666666666,-0.011096014492753548,4.334152334152334,0.6191646191646192,Matt Myers,202901
Collin Sexton,M.Smith,16,391,16,0,61,1703,3.8125,4.3554987212276215,-0.5429987212276215,10,242,0.625,0.618925831202046,0.006074168797953972,4.334152334152334,0.6191646191646192,Michael Smith,1193
Collin Sexton,N.Buchert,18,389,18,0,70,1694,3.888888888888889,4.354755784061696,-0.46586689517280755,11,241,0.6111111111111112,0.6195372750642674,-0.008426163953156207,4.334152334152334,0.6191646191646192,Nick Buchert,202007
Collin Sexton,N.Green,6,401,6,0,31,1733,5.166666666666667,4.321695760598503,0.8449709060681636,3,249,0.5,0.6209476309226932,-0.12094763092269323,4.334152334152334,0.6191646191646192,Nate Green,1627524
Collin Sexton,N.Sago,22,385,22,0,94,1670,4.2727272727272725,4.337662337662338,-0.06493506493506551,13,239,0.5909090909090909,0.6207792207792208,-0.029870129870129825,4.334152334152334,0.6191646191646192,Natalie Sago,1627541
Collin Sexton,P.Fraher,22,385,22,0,101,1663,4.590909090909091,4.3194805194805195,0.27142857142857135,13,239,0.5909090909090909,0.6207792207792208,-0.029870129870129825,4.334152334152334,0.6191646191646192,Pat Fraher,2003
Collin Sexton,P.O'Connell,1,406,1,0,8,1756,8.0,4.325123152709359,3.6748768472906406,1,251,1.0,0.6182266009852216,0.38177339901477836,4.334152334152334,0.6191646191646192,Pat O'Connell,1629183
Collin Sexton,P.Ransom,15,392,15,0,55,1709,3.6666666666666665,4.35969387755102,-0.6930272108843538,5,247,0.3333333333333333,0.6301020408163265,-0.29676870748299317,4.334152334152334,0.6191646191646192,Phenizee Ransom,1627963
Collin Sexton,R.Acosta,21,386,21,0,84,1680,4.0,4.352331606217617,-0.35233160621761694,11,241,0.5238095238095238,0.6243523316062176,-0.10054280779669378,4.334152334152334,0.6191646191646192,Ray Acosta,1626300
Collin Sexton,R.Garretson,4,403,4,0,11,1753,2.75,4.349875930521092,-1.5998759305210921,3,249,0.75,0.6178660049627791,0.1321339950372209,4.334152334152334,0.6191646191646192,Ron Garretson,1164
Collin Sexton,R.Hussey,10,397,10,0,56,1708,5.6,4.302267002518891,1.2977329974811083,4,248,0.4,0.6246851385390428,-0.22468513853904282,4.334152334152334,0.6191646191646192,Robert Hussey,1628480
Collin Sexton,R.Mott,21,386,21,0,86,1678,4.095238095238095,4.347150259067358,-0.25191216382926296,8,244,0.38095238095238093,0.6321243523316062,-0.2511719713792253,4.334152334152334,0.6191646191646192,Rodney Mott,1179
Collin Sexton,S.Corbin,16,391,16,0,63,1701,3.9375,4.350383631713555,-0.41288363171355513,8,244,0.5,0.6240409207161125,-0.1240409207161125,4.334152334152334,0.6191646191646192,Sean Corbin,1151
Collin Sexton,S.Foster,12,395,12,0,48,1716,4.0,4.3443037974683545,-0.3443037974683545,8,244,0.6666666666666666,0.6177215189873417,0.048945147679324896,4.334152334152334,0.6191646191646192,Scott Foster,1162
Collin Sexton,S.Jelks,2,405,2,0,16,1748,8.0,4.3160493827160495,3.6839506172839505,2,250,1.0,0.6172839506172839,0.3827160493827161,4.334152334152334,0.6191646191646192,Simone Jelks,1628481
Collin Sexton,S.Mehta,11,396,11,0,45,1719,4.090909090909091,4.340909090909091,-0.25,8,244,0.7272727272727273,0.6161616161616161,0.11111111111111116,4.334152334152334,0.6191646191646192,Suyash Mehta,1627529
Collin Sexton,S.Mitchell,7,400,7,0,42,1722,6.0,4.305,1.6950000000000003,4,248,0.5714285714285714,0.62,-0.0485714285714286,4.334152334152334,0.6191646191646192,Sha'Rae Mitchell,1629178
Collin Sexton,S.Twardoski,28,379,28,0,143,1621,5.107142857142857,4.277044854881266,0.8300980022615905,22,230,0.7857142857142857,0.6068601583113457,0.17885412740294004,4.334152334152334,0.6191646191646192,Scott Twardoski,202053
Collin Sexton,S.Wall,15,392,15,0,54,1710,3.6,4.362244897959184,-0.7622448979591838,8,244,0.5333333333333333,0.6224489795918368,-0.08911564625850343,4.334152334152334,0.6191646191646192,Scott Wall,1198
Collin Sexton,S.Wright,15,392,15,0,87,1677,5.8,4.278061224489796,1.521938775510204,12,240,0.8,0.6122448979591837,0.18775510204081636,4.334152334152334,0.6191646191646192,Sean Wright,2882
Collin Sexton,T.Brothers,16,391,16,0,66,1698,4.125,4.342710997442455,-0.21771099744245515,5,247,0.3125,0.6317135549872123,-0.31921355498721227,4.334152334152334,0.6191646191646192,Tony Brothers,1146
Collin Sexton,T.Brown,12,395,12,0,44,1720,3.6666666666666665,4.3544303797468356,-0.687763713080169,6,246,0.5,0.6227848101265823,-0.12278481012658227,4.334152334152334,0.6191646191646192,Tony Brown,2529
Collin Sexton,T.Ford,23,384,23,0,92,1672,4.0,4.354166666666667,-0.35416666666666696,17,235,0.7391304347826086,0.6119791666666666,0.12715126811594202,4.334152334152334,0.6191646191646192,Tyler Ford,204059
Collin Sexton,T.Maddox,10,397,10,0,45,1719,4.5,4.329974811083123,0.17002518891687668,6,246,0.6,0.6196473551637279,-0.019647355163727953,4.334152334152334,0.6191646191646192,Tre Maddox,202027
Collin Sexton,T.Mirkovich,2,405,2,0,15,1749,7.5,4.318518518518519,3.181481481481481,1,251,0.5,0.6197530864197531,-0.11975308641975313,4.334152334152334,0.6191646191646192,Tyler Mirkovich,1628482
Collin Sexton,T.Ricks,2,405,2,0,9,1755,4.5,4.333333333333333,0.16666666666666696,1,251,0.5,0.6197530864197531,-0.11975308641975313,4.334152334152334,0.6191646191646192,Tyler Ricks,1627539
Collin Sexton,T.Washington,13,394,13,0,38,1726,2.923076923076923,4.380710659898477,-1.457633736821554,9,243,0.6923076923076923,0.616751269035533,0.07555642327215928,4.334152334152334,0.6191646191646192,Tom Washington,1199
Collin Sexton,Z.Zarba,20,387,20,0,77,1687,3.85,4.359173126614987,-0.509173126614987,15,237,0.75,0.6124031007751938,0.13759689922480622,4.334152334152334,0.6191646191646192,Zach Zarba,2534
Jusuf Nurkic,A.Moyer-Gleich,6,604,6,0,29,2117,4.833333333333333,3.5049668874172184,1.3283664459161146,0,0,0.0,0.0,0.0,3.518032786885246,0.0,Ashley Moyer-Gleich,1628953
Jusuf Nurkic,A.Nagy,8,602,8,0,37,2109,4.625,3.5033222591362128,1.1216777408637872,0,0,0.0,0.0,0.0,3.518032786885246,0.0,Andy Nagy,1627534
Jusuf Nurkic,A.Smith,19,591,19,0,69,2077,3.6315789473684212,3.514382402707276,0.11719654466114537,0,0,0.0,0.0,0.0,3.518032786885246,0.0,Aaron Smith,1626302
Jusuf Nurkic,B.Adair,12,598,12,0,40,2106,3.3333333333333335,3.5217391304347827,-0.18840579710144922,0,0,0.0,0.0,0.0,3.518032786885246,0.0,Brandon Adair,1627961
Jusuf Nurkic,B.Adams,22,588,22,0,72,2074,3.272727272727273,3.5272108843537415,-0.2544836116264686,0,0,0.0,0.0,0.0,3.518032786885246,0.0,Bennie Adams,1363
Jusuf Nurkic,B.Barnaky,30,580,30,0,144,2002,4.8,3.4517241379310346,1.3482758620689652,0,0,0.0,0.0,0.0,3.518032786885246,0.0,Brent Barnaky,201638
Jusuf Nurkic,B.Forte,29,581,29,0,109,2037,3.7586206896551726,3.5060240963855422,0.25259659326963035,0,0,0.0,0.0,0.0,3.518032786885246,0.0,Brian Forte,101283
Jusuf Nurkic,B.Kennedy,34,576,34,0,131,2015,3.8529411764705883,3.498263888888889,0.3546772875816995,0,0,0.0,0.0,0.0,3.518032786885246,0.0,Bill Kennedy,1662
Jusuf Nurkic,B.Nansel,27,583,27,0,103,2043,3.814814814814815,3.5042881646655233,0.3105266501492916,0,0,0.0,0.0,0.0,3.518032786885246,0.0,Brett Nansel,202035
Jusuf Nurkic,B.Salvatore,1,609,1,0,0,2146,0.0,3.5238095238095237,-3.5238095238095237,0,0,0.0,0.0,0.0,3.518032786885246,0.0,Bennett Salvatore,1192
Jusuf Nurkic,B.Schwab,4,606,4,0,11,2135,2.75,3.5231023102310233,-0.7731023102310233,0,0,0.0,0.0,0.0,3.518032786885246,0.0,Brandon Schwab,1628171
Jusuf Nurkic,B.Spooner,16,594,16,0,63,2083,3.9375,3.506734006734007,0.4307659932659931,0,0,0.0,0.0,0.0,3.518032786885246,0.0,Bill Spooner,1194
Jusuf Nurkic,B.Taylor,25,585,25,0,84,2062,3.36,3.5247863247863247,-0.16478632478632482,0,0,0.0,0.0,0.0,3.518032786885246,0.0,Ben Taylor,202049
Jusuf Nurkic,C.Blair,34,576,33,1,87,2059,2.5588235294117645,3.5746527777777777,-1.0158292483660132,0,0,0.0,0.0,0.0,3.518032786885246,0.0,Curtis Blair,200832
Jusuf Nurkic,C.Flores,6,604,6,0,18,2128,3.0,3.5231788079470197,-0.5231788079470197,0,0,0.0,0.0,0.0,3.518032786885246,0.0,Che Flores,203054
Jusuf Nurkic,C.Kirkland,27,583,27,0,94,2052,3.4814814814814814,3.5197255574614066,-0.038244075979925185,0,0,0.0,0.0,0.0,3.518032786885246,0.0,Courtney Kirkland,2004
Jusuf Nurkic,C.Washington,15,595,15,0,42,2104,2.8,3.5361344537815125,-0.7361344537815127,0,0,0.0,0.0,0.0,3.518032786885246,0.0,CJ Washington,202056
Jusuf Nurkic,D.Collins,24,586,24,0,74,2072,3.0833333333333335,3.535836177474403,-0.45250284414106945,0,0,0.0,0.0,0.0,3.518032786885246,0.0,Derrick Collins,2002
Jusuf Nurkic,D.Crawford,6,604,6,0,17,2129,2.8333333333333335,3.524834437086093,-0.6915011037527594,0,0,0.0,0.0,0.0,3.518032786885246,0.0,Dan Crawford,1152
Jusuf Nurkic,D.Guthrie,24,586,24,0,64,2082,2.6666666666666665,3.5529010238907848,-0.8862343572241183,0,0,0.0,0.0,0.0,3.518032786885246,0.0,David Guthrie,2714
Jusuf Nurkic,D.Jones,5,605,5,0,12,2134,2.4,3.5272727272727273,-1.1272727272727274,0,0,0.0,0.0,0.0,3.518032786885246,0.0,David Jones,1168
Jusuf Nurkic,D.Mosher,3,607,3,0,6,2140,2.0,3.525535420098847,-1.525535420098847,0,0,0.0,0.0,0.0,3.518032786885246,0.0,Dannica Mosher,1628484
Jusuf Nurkic,D.Richardson,20,590,20,0,81,2065,4.05,3.5,0.5499999999999998,0,0,0.0,0.0,0.0,3.518032786885246,0.0,Derek Richardson,1204
Jusuf Nurkic,D.Scott,7,603,7,0,26,2120,3.7142857142857144,3.51575456053068,0.1985311537550345,0,0,0.0,0.0,0.0,3.518032786885246,0.0,Danielle Scott,1628487
Jusuf Nurkic,D.Stafford,9,601,9,0,24,2122,2.6666666666666665,3.530782029950083,-0.8641153632834166,0,0,0.0,0.0,0.0,3.518032786885246,0.0,Derrick Stafford,1195
Jusuf Nurkic,D.Taylor,23,587,22,1,83,2063,3.608695652173913,3.5144804088586032,0.09421524331530984,0,0,0.0,0.0,0.0,3.518032786885246,0.0,Dedric Taylor,203592
Jusuf Nurkic,E.Dalen,19,591,19,0,82,2064,4.315789473684211,3.4923857868020303,0.8234036868821804,0,0,0.0,0.0,0.0,3.518032786885246,0.0,Eric Dalen,200833
Jusuf Nurkic,E.Lewis,29,581,28,1,118,2028,4.068965517241379,3.4905335628227196,0.5784319544186594,0,0,0.0,0.0,0.0,3.518032786885246,0.0,Eric Lewis,2715
Jusuf Nurkic,E.Malloy,27,583,27,0,73,2073,2.7037037037037037,3.555746140651801,-0.8520424369480972,0,0,0.0,0.0,0.0,3.518032786885246,0.0,Ed Malloy,2530
Jusuf Nurkic,E.Roe,4,606,4,0,2,2144,0.5,3.537953795379538,-3.037953795379538,0,0,0.0,0.0,0.0,3.518032786885246,0.0,Eli Roe,2532
Jusuf Nurkic,E.Scott,7,603,7,0,25,2121,3.5714285714285716,3.517412935323383,0.05401563610518867,0,0,0.0,0.0,0.0,3.518032786885246,0.0,Evan Scott,1628172
Jusuf Nurkic,G.Petraitis,34,576,34,0,119,2027,3.5,3.5190972222222223,-0.01909722222222232,0,0,0.0,0.0,0.0,3.518032786885246,0.0,Gediminas Petraitis,204058
Jusuf Nurkic,G.Zielinski,19,591,19,0,43,2103,2.263157894736842,3.5583756345177666,-1.2952177397809246,0,0,0.0,0.0,0.0,3.518032786885246,0.0,Gary Zielinski,1664
Jusuf Nurkic,H.Workman,16,594,16,0,62,2084,3.875,3.508417508417508,0.3665824915824918,0,0,0.0,0.0,0.0,3.518032786885246,0.0,Haywoode Workman,201637
Jusuf Nurkic,I.Hwang,6,604,6,0,17,2129,2.8333333333333335,3.524834437086093,-0.6915011037527594,0,0,0.0,0.0,0.0,3.518032786885246,0.0,Intae Hwang,1630886
Jusuf Nurkic,J.Butler,15,595,15,0,56,2090,3.7333333333333334,3.5126050420168067,0.22072829131652671,0,0,0.0,0.0,0.0,3.518032786885246,0.0,John Butler,1628951
Jusuf Nurkic,J.Capers,23,587,23,0,82,2064,3.5652173913043477,3.51618398637138,0.049033404932967706,0,0,0.0,0.0,0.0,3.518032786885246,0.0,James Capers,1148
Jusuf Nurkic,J.Conley,7,603,7,0,21,2125,3.0,3.5240464344941955,-0.5240464344941955,0,0,0.0,0.0,0.0,3.518032786885246,0.0,John Conley,1627519
Jusuf Nurkic,J.Crawford,3,607,3,0,8,2138,2.6666666666666665,3.5222405271828667,-0.8555738605162002,0,0,0.0,0.0,0.0,3.518032786885246,0.0,Joe Crawford,1153
Jusuf Nurkic,J.DeRosa,20,590,20,0,62,2084,3.1,3.5322033898305083,-0.4322033898305082,0,0,0.0,0.0,0.0,3.518032786885246,0.0,JB DeRosa,1155
Jusuf Nurkic,J.Goble,44,566,44,0,204,1942,4.636363636363637,3.431095406360424,1.2052682300032127,0,0,0.0,0.0,0.0,3.518032786885246,0.0,John Goble,101284
Jusuf Nurkic,J.Goldenberg,17,593,17,0,58,2088,3.411764705882353,3.521079258010118,-0.1093145521277652,0,0,0.0,0.0,0.0,3.518032786885246,0.0,Jason Goldenberg,1626301
Jusuf Nurkic,J.Orr,38,572,38,0,144,2002,3.789473684210526,3.5,0.2894736842105261,0,0,0.0,0.0,0.0,3.518032786885246,0.0,J.T. Orr,202037
Jusuf Nurkic,J.Phillips,7,603,7,0,23,2123,3.2857142857142856,3.5207296849087895,-0.23501539919450387,0,0,0.0,0.0,0.0,3.518032786885246,0.0,Jason Phillips,2001
Jusuf Nurkic,J.Schroeder,9,601,9,0,29,2117,3.2222222222222223,3.5224625623960066,-0.3002403401737843,0,0,0.0,0.0,0.0,3.518032786885246,0.0,Jenna Schroeder,1628954
Jusuf Nurkic,J.Sterling,15,595,15,0,66,2080,4.4,3.495798319327731,0.9042016806722692,0,0,0.0,0.0,0.0,3.518032786885246,0.0,Jonathan Sterling,1627964
Jusuf Nurkic,J.Tiven,25,585,25,0,89,2057,3.56,3.516239316239316,0.04376068376068387,0,0,0.0,0.0,0.0,3.518032786885246,0.0,Josh Tiven,201639
Jusuf Nurkic,J.Van Duyne,29,581,29,0,86,2060,2.9655172413793105,3.5456110154905334,-0.5800937741112229,0,0,0.0,0.0,0.0,3.518032786885246,0.0,Justin Van Duyne,203593
Jusuf Nurkic,J.Williams,28,582,27,1,97,2049,3.4642857142857144,3.520618556701031,-0.05633284241531644,0,0,0.0,0.0,0.0,3.518032786885246,0.0,James Williams,202058
Jusuf Nurkic,K.Cutler,31,579,31,0,98,2048,3.161290322580645,3.53713298791019,-0.3758426653295448,0,0,0.0,0.0,0.0,3.518032786885246,0.0,Kevin Cutler,201246
Jusuf Nurkic,K.Fitzgerald,22,588,22,0,70,2076,3.1818181818181817,3.5306122448979593,-0.34879406307977767,0,0,0.0,0.0,0.0,3.518032786885246,0.0,Kane Fitzgerald,201640
Jusuf Nurkic,K.Lane,30,580,29,1,130,2016,4.333333333333333,3.475862068965517,0.857471264367816,0,0,0.0,0.0,0.0,3.518032786885246,0.0,Karl Lane,202026
Jusuf Nurkic,K.Mauer,19,591,19,0,65,2081,3.4210526315789473,3.521150592216582,-0.10009796063763465,0,0,0.0,0.0,0.0,3.518032786885246,0.0,Ken Mauer,1174
Jusuf Nurkic,K.Scott,28,582,28,0,123,2023,4.392857142857143,3.4759450171821307,0.9169121256750126,0,0,0.0,0.0,0.0,3.518032786885246,0.0,Kevin Scott,202041
Jusuf Nurkic,L.Holtkamp,13,597,13,0,44,2102,3.3846153846153846,3.5209380234505865,-0.1363226388352019,0,0,0.0,0.0,0.0,3.518032786885246,0.0,Lauren Holtkamp,203177
Jusuf Nurkic,L.Richardson,18,592,18,0,51,2095,2.8333333333333335,3.5388513513513513,-0.7055180180180178,0,0,0.0,0.0,0.0,3.518032786885246,0.0,Leroy Richardson,1188
Jusuf Nurkic,L.Wood,24,586,24,0,109,2037,4.541666666666667,3.4761092150170647,1.0655574516496022,0,0,0.0,0.0,0.0,3.518032786885246,0.0,Leon Wood,1201
Jusuf Nurkic,M.Ayotte,22,588,22,0,72,2074,3.272727272727273,3.5272108843537415,-0.2544836116264686,0,0,0.0,0.0,0.0,3.518032786885246,0.0,Mark Ayotte,2148
Jusuf Nurkic,M.Boland,21,589,21,0,84,2062,4.0,3.500848896434635,0.4991511035653651,0,0,0.0,0.0,0.0,3.518032786885246,0.0,Matt Boland,2005
Jusuf Nurkic,M.Callahan,11,599,11,0,66,2080,6.0,3.4724540901502503,2.5275459098497497,0,0,0.0,0.0,0.0,3.518032786885246,0.0,Mike Callahan,1147
Jusuf Nurkic,M.Dagher,17,593,17,0,51,2095,3.0,3.532883642495784,-0.5328836424957841,0,0,0.0,0.0,0.0,3.518032786885246,0.0,Mousa Dagher,1628159
Jusuf Nurkic,M.Davis,29,581,28,1,73,2073,2.5172413793103448,3.567986230636833,-1.0507448513264883,0,0,0.0,0.0,0.0,3.518032786885246,0.0,Marc Davis,1830
Jusuf Nurkic,M.Ervin,23,587,23,0,101,2045,4.391304347826087,3.48381601362862,0.9074883341974669,0,0,0.0,0.0,0.0,3.518032786885246,0.0,Mitchell Ervin,203591
Jusuf Nurkic,M.Kallio,10,600,10,0,36,2110,3.6,3.5166666666666666,0.08333333333333348,0,0,0.0,0.0,0.0,3.518032786885246,0.0,Matt Kallio,1627526
Jusuf Nurkic,M.Kogut,21,589,21,0,75,2071,3.5714285714285716,3.5161290322580645,0.05529953917050712,0,0,0.0,0.0,0.0,3.518032786885246,0.0,Marat Kogut,201245
Jusuf Nurkic,M.Lindsay,33,577,32,1,116,2030,3.515151515151515,3.518197573656846,-0.0030460585053306843,0,0,0.0,0.0,0.0,3.518032786885246,0.0,Mark Lindsay,200834
Jusuf Nurkic,M.McCutchen,13,597,13,0,44,2102,3.3846153846153846,3.5209380234505865,-0.1363226388352019,0,0,0.0,0.0,0.0,3.518032786885246,0.0,Monty McCutchen,1176
Jusuf Nurkic,M.Myers,12,598,12,0,62,2084,5.166666666666667,3.4849498327759196,1.6817168338907473,0,0,0.0,0.0,0.0,3.518032786885246,0.0,Matt Myers,202901
Jusuf Nurkic,M.Smith,24,586,24,0,54,2092,2.25,3.569965870307167,-1.319965870307167,0,0,0.0,0.0,0.0,3.518032786885246,0.0,Michael Smith,1193
Jusuf Nurkic,N.Buchert,25,585,25,0,61,2085,2.44,3.5641025641025643,-1.1241025641025644,0,0,0.0,0.0,0.0,3.518032786885246,0.0,Nick Buchert,202007
Jusuf Nurkic,N.Green,6,604,6,0,16,2130,2.6666666666666665,3.5264900662251657,-0.8598233995584992,0,0,0.0,0.0,0.0,3.518032786885246,0.0,Nate Green,1627524
Jusuf Nurkic,N.Sago,16,594,16,0,58,2088,3.625,3.515151515151515,0.10984848484848486,0,0,0.0,0.0,0.0,3.518032786885246,0.0,Natalie Sago,1627541
Jusuf Nurkic,P.Fraher,20,590,19,1,63,2083,3.15,3.5305084745762714,-0.38050847457627146,0,0,0.0,0.0,0.0,3.518032786885246,0.0,Pat Fraher,2003
Jusuf Nurkic,P.O'Connell,3,607,3,0,13,2133,4.333333333333333,3.514003294892916,0.819330038440417,0,0,0.0,0.0,0.0,3.518032786885246,0.0,Pat O'Connell,1629183
Jusuf Nurkic,P.Ransom,16,594,16,0,59,2087,3.6875,3.5134680134680134,0.1740319865319866,0,0,0.0,0.0,0.0,3.518032786885246,0.0,Phenizee Ransom,1627963
Jusuf Nurkic,R.Acosta,21,589,21,0,75,2071,3.5714285714285716,3.5161290322580645,0.05529953917050712,0,0,0.0,0.0,0.0,3.518032786885246,0.0,Ray Acosta,1626300
Jusuf Nurkic,R.Garretson,16,594,16,0,53,2093,3.3125,3.5235690235690234,-0.21106902356902335,0,0,0.0,0.0,0.0,3.518032786885246,0.0,Ron Garretson,1164
Jusuf Nurkic,R.Hussey,7,603,7,0,25,2121,3.5714285714285716,3.517412935323383,0.05401563610518867,0,0,0.0,0.0,0.0,3.518032786885246,0.0,Robert Hussey,1628480
Jusuf Nurkic,R.Mott,28,582,28,0,101,2045,3.607142857142857,3.513745704467354,0.0933971526755033,0,0,0.0,0.0,0.0,3.518032786885246,0.0,Rodney Mott,1179
Jusuf Nurkic,R.Richardson,1,609,1,0,1,2145,1.0,3.522167487684729,-2.522167487684729,0,0,0.0,0.0,0.0,3.518032786885246,0.0,Randy Richardson,1627538
Jusuf Nurkic,S.Anderson,6,604,6,0,14,2132,2.3333333333333335,3.5298013245033113,-1.1964679911699778,0,0,0.0,0.0,0.0,3.518032786885246,0.0,Steve Anderson,202000
Jusuf Nurkic,S.Corbin,23,587,23,0,77,2069,3.347826086956522,3.524701873935264,-0.17687578697874207,0,0,0.0,0.0,0.0,3.518032786885246,0.0,Sean Corbin,1151
Jusuf Nurkic,S.Foster,33,577,32,1,101,2045,3.0606060606060606,3.5441941074523395,-0.483588046846279,0,0,0.0,0.0,0.0,3.518032786885246,0.0,Scott Foster,1162
Jusuf Nurkic,S.Jelks,4,606,4,0,14,2132,3.5,3.5181518151815183,-0.018151815181518316,0,0,0.0,0.0,0.0,3.518032786885246,0.0,Simone Jelks,1628481
Jusuf Nurkic,S.Mehta,6,604,6,0,27,2119,4.5,3.5082781456953644,0.9917218543046356,0,0,0.0,0.0,0.0,3.518032786885246,0.0,Suyash Mehta,1627529
Jusuf Nurkic,S.Mitchell,4,606,4,0,20,2126,5.0,3.5082508250825084,1.4917491749174916,0,0,0.0,0.0,0.0,3.518032786885246,0.0,Sha'Rae Mitchell,1629178
Jusuf Nurkic,S.Twardoski,30,580,30,0,106,2040,3.533333333333333,3.5172413793103448,0.016091954022988464,0,0,0.0,0.0,0.0,3.518032786885246,0.0,Scott Twardoski,202053
Jusuf Nurkic,S.Wall,12,598,12,0,52,2094,4.333333333333333,3.5016722408026757,0.8316610925306573,0,0,0.0,0.0,0.0,3.518032786885246,0.0,Scott Wall,1198
Jusuf Nurkic,S.Wright,35,575,34,1,141,2005,4.0285714285714285,3.4869565217391303,0.5416149068322982,0,0,0.0,0.0,0.0,3.518032786885246,0.0,Sean Wright,2882
Jusuf Nurkic,T.Brothers,34,576,33,1,141,2005,4.147058823529412,3.4809027777777777,0.6661560457516345,0,0,0.0,0.0,0.0,3.518032786885246,0.0,Tony Brothers,1146
Jusuf Nurkic,T.Brown,13,597,13,0,40,2106,3.076923076923077,3.527638190954774,-0.45071511403169673,0,0,0.0,0.0,0.0,3.518032786885246,0.0,Tony Brown,2529
Jusuf Nurkic,T.Ford,25,585,25,0,113,2033,4.52,3.4752136752136753,1.0447863247863243,0,0,0.0,0.0,0.0,3.518032786885246,0.0,Tyler Ford,204059
Jusuf Nurkic,T.Maddox,33,577,32,1,111,2035,3.3636363636363638,3.5268630849220104,-0.16322672128564664,0,0,0.0,0.0,0.0,3.518032786885246,0.0,Tre Maddox,202027
Jusuf Nurkic,T.Mirkovich,1,609,1,0,0,2146,0.0,3.5238095238095237,-3.5238095238095237,0,0,0.0,0.0,0.0,3.518032786885246,0.0,Tyler Mirkovich,1628482
Jusuf Nurkic,T.Washington,26,584,26,0,90,2056,3.4615384615384617,3.5205479452054793,-0.05900948366701764,0,0,0.0,0.0,0.0,3.518032786885246,0.0,Tom Washington,1199
Jusuf Nurkic,V.Palmer,4,606,4,0,8,2138,2.0,3.5280528052805282,-1.5280528052805282,0,0,0.0,0.0,0.0,3.518032786885246,0.0,Violet Palmer,1185
Jusuf Nurkic,V.Voyard-Tadal,2,608,2,0,4,2142,2.0,3.523026315789474,-1.523026315789474,0,0,0.0,0.0,0.0,3.518032786885246,0.0,Vladimir Voyard-Tadal,1626303
Jusuf Nurkic,Z.Zarba,30,580,29,1,95,2051,3.1666666666666665,3.536206896551724,-0.3695402298850574,0,0,0.0,0.0,0.0,3.518032786885246,0.0,Zach Zarba,2534
Hassan Whiteside,A.Moyer-Gleich,6,512,6,0,17,1811,2.8333333333333335,3.537109375,-0.7037760416666665,4,374,0.6666666666666666,0.73046875,-0.06380208333333337,3.528957528957529,0.7297297297297297,Ashley Moyer-Gleich,1628953
Hassan Whiteside,A.Nagy,3,515,3,0,8,1820,2.6666666666666665,3.533980582524272,-0.8673139158576055,2,376,0.6666666666666666,0.7300970873786408,-0.06343042071197413,3.528957528957529,0.7297297297297297,Andy Nagy,1627534
Hassan Whiteside,A.Smith,23,495,23,0,64,1764,2.782608695652174,3.5636363636363635,-0.7810276679841897,20,358,0.8695652173913043,0.7232323232323232,0.1463328941589811,3.528957528957529,0.7297297297297297,Aaron Smith,1626302
Hassan Whiteside,B.Adair,13,505,13,0,28,1800,2.1538461538461537,3.5643564356435644,-1.4105102817974107,12,366,0.9230769230769231,0.7247524752475247,0.1983244478293984,3.528957528957529,0.7297297297297297,Brandon Adair,1627961
Hassan Whiteside,B.Adams,12,506,12,0,41,1787,3.4166666666666665,3.5316205533596836,-0.1149538866930171,11,367,0.9166666666666666,0.7252964426877471,0.19137022397891956,3.528957528957529,0.7297297297297297,Bennie Adams,1363
Hassan Whiteside,B.Barnaky,30,488,30,0,101,1727,3.3666666666666667,3.5389344262295084,-0.17226775956284168,17,361,0.5666666666666667,0.7397540983606558,-0.1730874316939891,3.528957528957529,0.7297297297297297,Brent Barnaky,201638
Hassan Whiteside,B.Burns,1,517,1,0,6,1822,6.0,3.5241779497098644,2.4758220502901356,0,378,0.0,0.7311411992263056,-0.7311411992263056,3.528957528957529,0.7297297297297297,Blanca Burns,1629174
Hassan Whiteside,B.Forte,19,499,19,0,88,1740,4.631578947368421,3.4869739478957915,1.1446049994726297,14,364,0.7368421052631579,0.7294589178356713,0.007383187427486559,3.528957528957529,0.7297297297297297,Brian Forte,101283
Hassan Whiteside,B.Kennedy,19,499,19,0,88,1740,4.631578947368421,3.4869739478957915,1.1446049994726297,14,364,0.7368421052631579,0.7294589178356713,0.007383187427486559,3.528957528957529,0.7297297297297297,Bill Kennedy,1662
Hassan Whiteside,B.Nansel,14,504,14,0,65,1763,4.642857142857143,3.498015873015873,1.1448412698412702,9,369,0.6428571428571429,0.7321428571428571,-0.08928571428571419,3.528957528957529,0.7297297297297297,Brett Nansel,202035
Hassan Whiteside,B.Salvatore,2,516,2,0,12,1816,6.0,3.5193798449612403,2.4806201550387597,2,376,1.0,0.7286821705426356,0.2713178294573644,3.528957528957529,0.7297297297297297,Bennett Salvatore,1192
Hassan Whiteside,B.Schwab,3,515,3,0,2,1826,0.6666666666666666,3.545631067961165,-2.8789644012944984,3,375,1.0,0.7281553398058253,0.27184466019417475,3.528957528957529,0.7297297297297297,Brandon Schwab,1628171
Hassan Whiteside,B.Spooner,5,513,5,0,21,1807,4.2,3.5224171539961016,0.6775828460038986,5,373,1.0,0.7270955165692008,0.2729044834307992,3.528957528957529,0.7297297297297297,Bill Spooner,1194
Hassan Whiteside,B.Taylor,25,493,25,0,93,1735,3.72,3.5192697768762677,0.20073022312373245,21,357,0.84,0.7241379310344828,0.1158620689655172,3.528957528957529,0.7297297297297297,Ben Taylor,202049
Hassan Whiteside,C.Blair,20,498,20,0,76,1752,3.8,3.5180722891566263,0.28192771084337354,16,362,0.8,0.7269076305220884,0.07309236947791165,3.528957528957529,0.7297297297297297,Curtis Blair,200832
Hassan Whiteside,C.Flores,2,516,2,0,7,1821,3.5,3.5290697674418605,-0.029069767441860517,2,376,1.0,0.7286821705426356,0.2713178294573644,3.528957528957529,0.7297297297297297,Che Flores,203054
Hassan Whiteside,C.Kirkland,20,498,20,0,64,1764,3.2,3.5421686746987953,-0.3421686746987951,17,361,0.85,0.7248995983935743,0.12510040160642566,3.528957528957529,0.7297297297297297,Courtney Kirkland,2004
Hassan Whiteside,C.Washington,17,501,17,0,77,1751,4.529411764705882,3.4950099800399204,1.0344017846659619,13,365,0.7647058823529411,0.7285429141716567,0.036162968181284394,3.528957528957529,0.7297297297297297,CJ Washington,202056
Hassan Whiteside,D.Collins,33,485,33,0,105,1723,3.1818181818181817,3.5525773195876287,-0.370759137769447,27,351,0.8181818181818182,0.7237113402061855,0.09447047797563268,3.528957528957529,0.7297297297297297,Derrick Collins,2002
Hassan Whiteside,D.Crawford,7,511,7,0,52,1776,7.428571428571429,3.475538160469667,3.9530332681017617,5,373,0.7142857142857143,0.7299412915851272,-0.015655577299412915,3.528957528957529,0.7297297297297297,Dan Crawford,1152
Hassan Whiteside,D.Guthrie,35,483,34,1,125,1703,3.5714285714285716,3.525879917184265,0.04554865424430643,30,348,0.8571428571428571,0.7204968944099379,0.13664596273291918,3.528957528957529,0.7297297297297297,David Guthrie,2714
Hassan Whiteside,D.Jones,7,511,7,0,18,1810,2.5714285714285716,3.5420743639921723,-0.9706457925636007,4,374,0.5714285714285714,0.7318982387475538,-0.16046966731898238,3.528957528957529,0.7297297297297297,David Jones,1168
Hassan Whiteside,D.Mosher,1,517,1,0,0,1828,0.0,3.5357833655705995,-3.5357833655705995,1,377,1.0,0.7292069632495164,0.2707930367504836,3.528957528957529,0.7297297297297297,Dannica Mosher,1628484
Hassan Whiteside,D.Richardson,22,496,22,0,63,1765,2.8636363636363638,3.558467741935484,-0.6948313782991202,17,361,0.7727272727272727,0.7278225806451613,0.04490469208211145,3.528957528957529,0.7297297297297297,Derek Richardson,1204
Hassan Whiteside,D.Scott,3,515,3,0,0,1828,0.0,3.549514563106796,-3.549514563106796,3,375,1.0,0.7281553398058253,0.27184466019417475,3.528957528957529,0.7297297297297297,Danielle Scott,1628487
Hassan Whiteside,D.Stafford,11,507,11,0,36,1792,3.272727272727273,3.534516765285996,-0.26178949255872297,6,372,0.5454545454545454,0.7337278106508875,-0.18827326519634213,3.528957528957529,0.7297297297297297,Derrick Stafford,1195
Hassan Whiteside,D.Taylor,26,492,26,0,99,1729,3.8076923076923075,3.5142276422764227,0.2934646654158848,19,359,0.7307692307692307,0.7296747967479674,0.001094434021263302,3.528957528957529,0.7297297297297297,Dedric Taylor,203592
Hassan Whiteside,E.Dalen,19,499,18,1,58,1770,3.0526315789473686,3.5470941883767537,-0.49446260942938514,11,367,0.5789473684210527,0.7354709418837675,-0.15652357346271484,3.528957528957529,0.7297297297297297,Eric Dalen,200833
Hassan Whiteside,E.Lewis,24,494,24,0,69,1759,2.875,3.5607287449392713,-0.6857287449392713,19,359,0.7916666666666666,0.7267206477732794,0.06494601889338725,3.528957528957529,0.7297297297297297,Eric Lewis,2715
Hassan Whiteside,E.Malloy,24,494,24,0,76,1752,3.1666666666666665,3.5465587044534415,-0.37989203778677494,17,361,0.7083333333333334,0.7307692307692307,-0.022435897435897356,3.528957528957529,0.7297297297297297,Ed Malloy,2530
Hassan Whiteside,E.Roe,6,512,6,0,23,1805,3.8333333333333335,3.525390625,0.3079427083333335,5,373,0.8333333333333334,0.728515625,0.10481770833333337,3.528957528957529,0.7297297297297297,Eli Roe,2532
Hassan Whiteside,E.Scott,3,515,3,0,15,1813,5.0,3.520388349514563,1.4796116504854369,3,375,1.0,0.7281553398058253,0.27184466019417475,3.528957528957529,0.7297297297297297,Evan Scott,1628172
Hassan Whiteside,G.Petraitis,24,494,24,0,80,1748,3.3333333333333335,3.5384615384615383,-0.20512820512820484,19,359,0.7916666666666666,0.7267206477732794,0.06494601889338725,3.528957528957529,0.7297297297297297,Gediminas Petraitis,204058
Hassan Whiteside,G.Zielinski,10,508,10,0,51,1777,5.1,3.498031496062992,1.6019685039370075,8,370,0.8,0.7283464566929134,0.07165354330708662,3.528957528957529,0.7297297297297297,Gary Zielinski,1664
Hassan Whiteside,H.Workman,17,501,17,0,77,1751,4.529411764705882,3.4950099800399204,1.0344017846659619,12,366,0.7058823529411765,0.7305389221556886,-0.024656569214512092,3.528957528957529,0.7297297297297297,Haywoode Workman,201637
Hassan Whiteside,J.Butler,9,509,9,0,29,1799,3.2222222222222223,3.5343811394891946,-0.3121589172669723,7,371,0.7777777777777778,0.7288801571709234,0.04889762060685443,3.528957528957529,0.7297297297297297,John Butler,1628951
Hassan Whiteside,J.Capers,29,489,28,1,119,1709,4.103448275862069,3.494887525562372,0.6085607502996973,20,358,0.6896551724137931,0.7321063394683026,-0.042451167054509464,3.528957528957529,0.7297297297297297,James Capers,1148
Hassan Whiteside,J.Conley,1,517,1,0,1,1827,1.0,3.5338491295938104,-2.5338491295938104,1,377,1.0,0.7292069632495164,0.2707930367504836,3.528957528957529,0.7297297297297297,John Conley,1627519
Hassan Whiteside,J.Crawford,3,515,3,0,6,1822,2.0,3.537864077669903,-1.5378640776699029,2,376,0.6666666666666666,0.7300970873786408,-0.06343042071197413,3.528957528957529,0.7297297297297297,Joe Crawford,1153
Hassan Whiteside,J.DeRosa,9,509,8,1,26,1802,2.888888888888889,3.5402750491159134,-0.6513861602270246,5,373,0.5555555555555556,0.7328094302554028,-0.1772538746998472,3.528957528957529,0.7297297297297297,JB DeRosa,1155
Hassan Whiteside,J.Goble,34,484,34,0,122,1706,3.588235294117647,3.524793388429752,0.06344190568789498,28,350,0.8235294117647058,0.7231404958677686,0.10038891589693721,3.528957528957529,0.7297297297297297,John Goble,101284
Hassan Whiteside,J.Goldenberg,12,506,12,0,34,1794,2.8333333333333335,3.5454545454545454,-0.7121212121212119,10,368,0.8333333333333334,0.7272727272727273,0.10606060606060608,3.528957528957529,0.7297297297297297,Jason Goldenberg,1626301
Hassan Whiteside,J.Orr,23,495,23,0,94,1734,4.086956521739131,3.503030303030303,0.5839262187088279,20,358,0.8695652173913043,0.7232323232323232,0.1463328941589811,3.528957528957529,0.7297297297297297,J.T. Orr,202037
Hassan Whiteside,J.Phillips,13,505,13,0,45,1783,3.4615384615384617,3.5306930693069307,-0.06915460776846905,11,367,0.8461538461538461,0.7267326732673267,0.11942117288651943,3.528957528957529,0.7297297297297297,Jason Phillips,2001
Hassan Whiteside,J.Ralls,1,517,1,0,2,1826,2.0,3.5319148936170213,-1.5319148936170213,1,377,1.0,0.7292069632495164,0.2707930367504836,3.528957528957529,0.7297297297297297,JD Ralls,1628485
Hassan Whiteside,J.Reneau,1,517,1,0,2,1826,2.0,3.5319148936170213,-1.5319148936170213,1,377,1.0,0.7292069632495164,0.2707930367504836,3.528957528957529,0.7297297297297297,Jenna Reneau,1628168
Hassan Whiteside,J.Schroeder,2,516,2,0,3,1825,1.5,3.5368217054263567,-2.0368217054263567,1,377,0.5,0.7306201550387597,-0.23062015503875966,3.528957528957529,0.7297297297297297,Jenna Schroeder,1628954
Hassan Whiteside,J.Sterling,9,509,9,0,29,1799,3.2222222222222223,3.5343811394891946,-0.3121589172669723,8,370,0.8888888888888888,0.7269155206286837,0.16197336826020514,3.528957528957529,0.7297297297297297,Jonathan Sterling,1627964
Hassan Whiteside,J.Tiven,27,491,27,0,97,1731,3.5925925925925926,3.525458248472505,0.06713434412008734,21,357,0.7777777777777778,0.7270875763747454,0.050690201403032376,3.528957528957529,0.7297297297297297,Josh Tiven,201639
Hassan Whiteside,J.Van Duyne,22,496,22,0,68,1760,3.090909090909091,3.5483870967741935,-0.4574780058651027,16,362,0.7272727272727273,0.7298387096774194,-0.00256598240469208,3.528957528957529,0.7297297297297297,Justin Van Duyne,203593
Hassan Whiteside,J.Williams,27,491,25,2,103,1725,3.814814814814815,3.513238289205703,0.3015765256091121,22,356,0.8148148148148148,0.725050916496945,0.0897638983178698,3.528957528957529,0.7297297297297297,James Williams,202058
Hassan Whiteside,K.Cutler,18,500,18,0,70,1758,3.888888888888889,3.516,0.3728888888888888,12,366,0.6666666666666666,0.732,-0.06533333333333335,3.528957528957529,0.7297297297297297,Kevin Cutler,201246
Hassan Whiteside,K.Fitzgerald,30,488,29,1,109,1719,3.6333333333333333,3.5225409836065573,0.11079234972677598,23,355,0.7666666666666667,0.7274590163934426,0.03920765027322415,3.528957528957529,0.7297297297297297,Kane Fitzgerald,201640
Hassan Whiteside,K.Lane,23,495,23,0,89,1739,3.869565217391304,3.5131313131313133,0.3564339042599909,15,363,0.6521739130434783,0.7333333333333333,-0.08115942028985501,3.528957528957529,0.7297297297297297,Karl Lane,202026
Hassan Whiteside,K.Mauer,24,494,24,0,101,1727,4.208333333333333,3.4959514170040484,0.7123819163292846,19,359,0.7916666666666666,0.7267206477732794,0.06494601889338725,3.528957528957529,0.7297297297297297,Ken Mauer,1174
Hassan Whiteside,K.Scott,23,495,23,0,68,1760,2.9565217391304346,3.5555555555555554,-0.5990338164251208,20,358,0.8695652173913043,0.7232323232323232,0.1463328941589811,3.528957528957529,0.7297297297297297,Kevin Scott,202041
Hassan Whiteside,L.Holtkamp,16,502,16,0,58,1770,3.625,3.5258964143426295,0.09910358565737054,11,367,0.6875,0.7310756972111554,-0.043575697211155395,3.528957528957529,0.7297297297297297,Lauren Holtkamp,203177
Hassan Whiteside,L.Richardson,19,499,19,0,65,1763,3.4210526315789473,3.533066132264529,-0.11201350068558158,15,363,0.7894736842105263,0.7274549098196392,0.0620187743908871,3.528957528957529,0.7297297297297297,Leroy Richardson,1188
Hassan Whiteside,L.Wood,25,493,25,0,94,1734,3.76,3.5172413793103448,0.24275862068965504,16,362,0.64,0.7342799188640974,-0.09427991886409737,3.528957528957529,0.7297297297297297,Leon Wood,1201
Hassan Whiteside,M.Ayotte,17,501,17,0,72,1756,4.235294117647059,3.5049900199600796,0.7303040976869792,14,364,0.8235294117647058,0.7265469061876247,0.0969825055770811,3.528957528957529,0.7297297297297297,Mark Ayotte,2148
Hassan Whiteside,M.Boland,23,495,23,0,75,1753,3.260869565217391,3.5414141414141413,-0.2805445761967502,20,358,0.8695652173913043,0.7232323232323232,0.1463328941589811,3.528957528957529,0.7297297297297297,Matt Boland,2005
Hassan Whiteside,M.Callahan,15,503,15,0,58,1770,3.8666666666666667,3.518886679920477,0.3477799867461897,11,367,0.7333333333333333,0.7296222664015904,0.0037110669317428346,3.528957528957529,0.7297297297297297,Mike Callahan,1147
Hassan Whiteside,M.Dagher,13,505,13,0,59,1769,4.538461538461538,3.502970297029703,1.0354912414318354,10,368,0.7692307692307693,0.7287128712871287,0.04051789794364058,3.528957528957529,0.7297297297297297,Mousa Dagher,1628159
Hassan Whiteside,M.Davis,27,491,26,1,81,1747,3.0,3.558044806517312,-0.5580448065173118,20,358,0.7407407407407407,0.7291242362525459,0.011616504488194845,3.528957528957529,0.7297297297297297,Marc Davis,1830
Hassan Whiteside,M.Ervin,24,494,24,0,98,1730,4.083333333333333,3.5020242914979756,0.5813090418353575,15,363,0.625,0.7348178137651822,-0.10981781376518218,3.528957528957529,0.7297297297297297,Mitchell Ervin,203591
Hassan Whiteside,M.Kallio,1,517,1,0,4,1824,4.0,3.528046421663443,0.47195357833655693,1,377,1.0,0.7292069632495164,0.2707930367504836,3.528957528957529,0.7297297297297297,Matt Kallio,1627526
Hassan Whiteside,M.Kogut,22,496,22,0,83,1745,3.772727272727273,3.5181451612903225,0.2545821114369504,17,361,0.7727272727272727,0.7278225806451613,0.04490469208211145,3.528957528957529,0.7297297297297297,Marat Kogut,201245
Hassan Whiteside,M.Lindsay,23,495,23,0,77,1751,3.347826086956522,3.5373737373737373,-0.18954765041721533,18,360,0.782608695652174,0.7272727272727273,0.055335968379446654,3.528957528957529,0.7297297297297297,Mark Lindsay,200834
Hassan Whiteside,M.McCutchen,15,503,15,0,49,1779,3.2666666666666666,3.536779324055666,-0.27011265738899937,12,366,0.8,0.7276341948310139,0.07236580516898616,3.528957528957529,0.7297297297297297,Monty McCutchen,1176
Hassan Whiteside,M.Myers,6,512,6,0,22,1806,3.6666666666666665,3.52734375,0.13932291666666652,6,372,1.0,0.7265625,0.2734375,3.528957528957529,0.7297297297297297,Matt Myers,202901
Hassan Whiteside,M.Smith,23,495,22,1,79,1749,3.4347826086956523,3.533333333333333,-0.09855072463768089,18,360,0.782608695652174,0.7272727272727273,0.055335968379446654,3.528957528957529,0.7297297297297297,Michael Smith,1193
Hassan Whiteside,N.Buchert,26,492,26,0,106,1722,4.076923076923077,3.5,0.5769230769230766,20,358,0.7692307692307693,0.7276422764227642,0.04158849280800503,3.528957528957529,0.7297297297297297,Nick Buchert,202007
Hassan Whiteside,N.Green,4,514,4,0,14,1814,3.5,3.529182879377432,-0.029182879377431803,3,375,0.75,0.7295719844357976,0.020428015564202373,3.528957528957529,0.7297297297297297,Nate Green,1627524
Hassan Whiteside,N.Sago,8,510,8,0,26,1802,3.25,3.533333333333333,-0.2833333333333332,3,375,0.375,0.7352941176470589,-0.3602941176470589,3.528957528957529,0.7297297297297297,Natalie Sago,1627541
Hassan Whiteside,P.Fraher,25,493,23,2,78,1750,3.12,3.5496957403651117,-0.4296957403651116,16,362,0.64,0.7342799188640974,-0.09427991886409737,3.528957528957529,0.7297297297297297,Pat Fraher,2003
Hassan Whiteside,P.Ransom,5,513,5,0,23,1805,4.6,3.5185185185185186,1.081481481481481,5,373,1.0,0.7270955165692008,0.2729044834307992,3.528957528957529,0.7297297297297297,Phenizee Ransom,1627963
Hassan Whiteside,R.Acosta,16,502,16,0,31,1797,1.9375,3.5796812749003983,-1.6421812749003983,11,367,0.6875,0.7310756972111554,-0.043575697211155395,3.528957528957529,0.7297297297297297,Ray Acosta,1626300
Hassan Whiteside,R.Garretson,12,506,12,0,59,1769,4.916666666666667,3.4960474308300395,1.4206192358366274,11,367,0.9166666666666666,0.7252964426877471,0.19137022397891956,3.528957528957529,0.7297297297297297,Ron Garretson,1164
Hassan Whiteside,R.Hussey,1,517,1,0,2,1826,2.0,3.5319148936170213,-1.5319148936170213,0,378,0.0,0.7311411992263056,-0.7311411992263056,3.528957528957529,0.7297297297297297,Robert Hussey,1628480
Hassan Whiteside,R.Mott,21,497,21,0,103,1725,4.904761904761905,3.4708249496981893,1.4339369550637158,19,359,0.9047619047619048,0.7223340040241448,0.18242790073775994,3.528957528957529,0.7297297297297297,Rodney Mott,1179
Hassan Whiteside,S.Anderson,12,506,12,0,52,1776,4.333333333333333,3.5098814229249014,0.8234519104084317,11,367,0.9166666666666666,0.7252964426877471,0.19137022397891956,3.528957528957529,0.7297297297297297,Steve Anderson,202000
Hassan Whiteside,S.Corbin,19,499,19,0,63,1765,3.3157894736842106,3.5370741482965933,-0.22128467461238266,11,367,0.5789473684210527,0.7354709418837675,-0.15652357346271484,3.528957528957529,0.7297297297297297,Sean Corbin,1151
Hassan Whiteside,S.Foster,28,490,28,0,90,1738,3.2142857142857144,3.546938775510204,-0.33265306122448957,21,357,0.75,0.7285714285714285,0.021428571428571463,3.528957528957529,0.7297297297297297,Scott Foster,1162
Hassan Whiteside,S.Jelks,2,516,2,0,5,1823,2.5,3.5329457364341086,-1.0329457364341086,1,377,0.5,0.7306201550387597,-0.23062015503875966,3.528957528957529,0.7297297297297297,Simone Jelks,1628481
Hassan Whiteside,S.Mehta,1,517,1,0,2,1826,2.0,3.5319148936170213,-1.5319148936170213,1,377,1.0,0.7292069632495164,0.2707930367504836,3.528957528957529,0.7297297297297297,Suyash Mehta,1627529
Hassan Whiteside,S.Twardoski,20,498,19,1,57,1771,2.85,3.5562248995983934,-0.7062248995983933,17,361,0.85,0.7248995983935743,0.12510040160642566,3.528957528957529,0.7297297297297297,Scott Twardoski,202053
Hassan Whiteside,S.Wall,29,489,29,0,105,1723,3.6206896551724137,3.523517382413088,0.09717227275932583,21,357,0.7241379310344828,0.7300613496932515,-0.005923418658768775,3.528957528957529,0.7297297297297297,Scott Wall,1198
Hassan Whiteside,S.Wright,23,495,22,1,83,1745,3.608695652173913,3.525252525252525,0.083443126921388,16,362,0.6956521739130435,0.7313131313131314,-0.0356609574000879,3.528957528957529,0.7297297297297297,Sean Wright,2882
Hassan Whiteside,T.Brothers,20,498,20,0,79,1749,3.95,3.5120481927710845,0.4379518072289157,16,362,0.8,0.7269076305220884,0.07309236947791165,3.528957528957529,0.7297297297297297,Tony Brothers,1146
Hassan Whiteside,T.Brown,17,501,17,0,69,1759,4.0588235294117645,3.510978043912176,0.5478454854995887,16,362,0.9411764705882353,0.7225548902195609,0.2186215803686744,3.528957528957529,0.7297297297297297,Tony Brown,2529
Hassan Whiteside,T.Ford,21,497,20,1,46,1782,2.1904761904761907,3.585513078470825,-1.3950368879946344,14,364,0.6666666666666666,0.7323943661971831,-0.06572769953051649,3.528957528957529,0.7297297297297297,Tyler Ford,204059
Hassan Whiteside,T.Maddox,20,498,19,1,61,1767,3.05,3.5481927710843375,-0.4981927710843377,15,363,0.75,0.7289156626506024,0.02108433734939763,3.528957528957529,0.7297297297297297,Tre Maddox,202027
Hassan Whiteside,T.Washington,22,496,22,0,78,1750,3.5454545454545454,3.528225806451613,0.017228739002932425,15,363,0.6818181818181818,0.7318548387096774,-0.05003665689149561,3.528957528957529,0.7297297297297297,Tom Washington,1199
Hassan Whiteside,V.Palmer,2,516,2,0,0,1828,0.0,3.5426356589147288,-3.5426356589147288,2,376,1.0,0.7286821705426356,0.2713178294573644,3.528957528957529,0.7297297297297297,Violet Palmer,1185
Hassan Whiteside,Z.Zarba,22,496,22,0,59,1769,2.6818181818181817,3.566532258064516,-0.8847140762463344,14,364,0.6363636363636364,0.7338709677419355,-0.09750733137829914,3.528957528957529,0.7297297297297297,Zach Zarba,2534
